entry_id,headword,pdlma,attribution_entry,analysis_codes_raw,verb_class,irregular,sense_id,definition_en,definition_es,semantic_domain,etymology,attribution_sense,habitual,potential,completive,progressive,perfect,future,counterfactual,andative,documented_tam_count,example_count,example_1,example_1_es,example_2,example_2_es
ywa7,rua'  ~ riua',-(y.)wa7,JLC;ND;RGL;RLC;VP,vA~B:t,A~B,NO,392,To carry.,Cargar.,actions,,,r.wa7; ~ r.ywa7,g.wa*7,gu-ywa7; ~ b.ywa7,,,,n.wa*7,,4,5,Ndaani' chál stì' nuánì.,Lo lleva cargado en su rebozo.,Ndaani' dxùmì nuábeni.,Lo trae cargado en una canasta.
a,ra,-a,EJG;RLC;VP,vA:i,A,NO,393,For fruit to ripen.,Madurarse un fruta.,actions,,,r.a,g.a*,bi.ya,ka-y.a,,z.a,,,5,3,Cayá màngu.,Está madurando el mango.,Gàni.,Que se madure.
a7de,ra'de',-a7de,EJG;JLC;ND;VP,vC:t,C,NO,394,To be gifted something.,"Regalarse, obsequiarse.",actions,,,r.a7de,g.a!7de; () ~ g.ade!7 (I),gu.7de,ka-y.a!7de,,z.a7de,,,5,6,Cayá'de'.,Está recibiendo regalos.,Cayá'de'beni.,Lo está recibiendo de regalo.
a7ga,ra'ga',-a7ga,EJG;JLC;ND;VP,vC:i,C,NO,395,To get stuck.,"Atorarse, atascarse.",change of state,,,r.a7ga,g.aga!7 (I),gu.7ga,ka-y.a!7ga,,,ny.a!7ga,,5,6,Gu'ga' gueta yanné'.,Se me atoró la tortilla en el pescuezo.,Gu'ga'ni yannibe.,Se le le atoró en la garganta.
a7gi,ra'gui',-a7gi,EJG;JLC;ND;RGL;VP,vC:i,C,NO,396,"To be cooked, including various cooking techniques such as broiling, browning and frying.","Cocerse, incluyendo varias técnicas de cocción como por ejemplo, asarse, dorarse y freírse.",food,,,r.a7gi,g.agi!7 (I),gu.7gi,ka-y.a!7gi,,z.a7gi,,,5,3,Gaguí'ni.,Que se cueza.,Gu'gui' lu gui.,Asado en la brasa.
a7sa1,ra'sa',-a7sa,EJG;JLC;ND;RGL;RLC;VP,vC:t,C,NO,397,To chew.,"Mascar, masticar.",actions,,,r.a7sa,g.asa!7,gu.7sa,,,,ny.a!7sa,,4,6,Món nábé ra'sa' yaalà'.,Mon mastica mucho chicle.,Ra'sa'beni.,Lo mastica.
a7sa2,ra'sa',-a7sa,EJG;JLC;ND;RLC,vC:i,C,NO,398,"To be stuck, to be jammed, to be wedged in.","Atorarse, encajarse.",states,,,r.a7sa,g.asa!7,gu.7sa,,,,,,3,5,Gu'sa' bòla ladè yaga.,Se atoró la pelota entre las ramas del árbol.,Má gu'sa'be ladè yaga.,Se atoró entre los palos.
a7ta,ra'ta',-a7ta,EJG;JLC;ND;RGL;RLC;VP,vC:i,C,NO,399,To lie down in order to fall asleep.,Acostarse para dormir.,actions,,,r.a7ta,g.ata!7,gu.7ta,ka-y.a!7ta,,z.a7ta,ny.a!7ta,ri! g.ata!7 ~ re! g.ata!7,7,6,Chígatá'be.,Que se vaya a acostar.,Má gu'ta' Mariá.,María ya se acostó (para dormir).
a7taninyu,ra'ta' nìñu,-a7ta ni*nyu,EJG;RLC,vC:i,C,NO,400,To lay down Baby Jesus in a Nativity scene.,Acostar al Niño Jesús en el pesebre de Navidad.,cultural practices,,,r.a7ta ni*nyu,g.ata!7 ni*nyu,gu.7ta ni*nyu,ka-y.a!7ta ni*nyu,,,,,4,2,Má gu'ta' nìñucabe cue' yoo.,Ya acostaron al Niño Jesús en el rinconcito de la casa.,Má' gu'ta' xhnìñucabe cue' yoo.,Ya acostaron al Niño Jesús en el rinconcito de la casa.
a7tabidxichi,ra'ta'bidxichi,-a7ta=bi-dxichi,EJG;ND;RLC,vC:i,C,NO,401,To contribute funds (lit. for money to lie down).,Cooperar con dinero (lit. acostarse el dinero).,actions,,,,g.ata!7=bi-dxichi;  r.a7ta=bi-dxichi;  gu.7ta=bi-dxichi,,ka-y.a!7ta=bi-dxichi,,,,,2,1,Cayá'ta'bidxichi lu mexá'.,Se está poniendo el dinero sobre la mesa (ej. para cooperar para una boda).,,
a7tabweltu,ra'ta'buèltu,-a7ta=bwe*ltu,EJG;ND;RLC,vC:i,C,NO,402,To contribute funds (lit. for money to lie down).,Cooperar con dinero (lit. acostarse el dinero).,actions,vuelto,,r.a7ta=bwe*ltu,g.ata!7=bwe*ltu,gu.7ta=bwe*ltu,ka-y.a!7ta=bwe*ltu,,,,,4,1,Cayá'ta'buèltu lu mexá'.,Se está poniendo el dinero sobre la mesa (ej. para cooperar para una boda).,,
a7tadxi,ra'ta'dxi,-a7ta=dxi,EJG;ND;RLC,vC:i,C,NO,403,For a date to be set (lit. for a day to lie down).,Fijarse la fecha (lit. acostarse el día).,change of state,,,r.a7ta=dxi,g.ata!7=dxi,gu.7ta=dxi,ka-y.a!7ta dxi,,z.a7ta=dxi,,,5,5,Cayá'ta' dxi.,Se está acordando el plazo.,Gu'ta' dxi para chà' dxiiña'.,Se fijo la fecha para ir a trabajar.
a7tadxi-2,ra'ta'dxì,-a7ta=dxi*,EJG;ND;RLC,vC:i,C,NO,404,"To calm down, to quiet down.","Calmarse, tranquilizarse.",change of state,,,r.a7ta=dxi*,g.ata!7=dxi*,gu.7ta=dxi*,,,z.a7ta=dxi*,,,4,4,Cayá'ta'dxì.,Se está calmando.,Má gu'ta'dxìbe.,Ya se tranquilizó.
a7tagudaa,ra'ta'gudaà,-a7ta=gu-daa*,EJG;JLC;ND;RGL;VP,vC:i,C,NO,405,"To duck under, to bend down.",Agacharse.,actions,,,r.a7ta=gu-daa*; ~ r.a7ta=du-gaa*,g.ata!7=gu-daa*,gu.7ta=gu-daa*; ~ gu.7ta=du-gaa*,,,z.a7ta=gu-daa*,,,4,5,Gu'ta'gudaàbe.,Se agachó.,Gu'ta'gudaà Fán.,Se agachó Juan.
a7takwe7,ra'ta'cue',-a7ta=kwe7,EJG;JLC;ND;RGL;RLC,vC:i,C,NO,406,"To lean, to tilt, to cant, to lie sideways or on one side.","Cantearse, inclinarse, ladearse, hacerse o ponerse de lado.",body parts,,,r.a7ta=kwe7,g.ata!'=kwe7,gu.7ta=kwe7,,,z.a7ta=kwe7,ny.a!7ta=kwe7,,5,6,Cádí' gu'ta'cue'dí'ni.,No se ha colocado de lado.,Gu'ta'cue' Fán.,Juan se acostó de lado.
a7tana,ra'ta'na,-a7ta=na,EJG;JLC;ND;RGL;RLC;VP,vC:i,C,NO,407,"To be awake, to pull an all-nighter, to stay alert.","Estar despierto, desvelarse, mantenerse alerta, ponerse vivo.",states,,,r.a7ta=na,g.ata!7=na,gu.7ta=na,,,,,,3,4,Gatá'nà.,Que se ponga vivo.,Gu'ta'na.,¡Ponte viva!
a7tarilu,ra'ta'rilu,-a7ta=ri+ lu,EJG;JLC;RGL;RLC;VC,vC:i,C,NO,408,"To lie belly down, to turn upside down.",Acostarse o echarse boca abajo.,actions,,,r.a7ta=ri+ lu,g.ata!7=ri+ lu,gu.7ta=ri+ lu,,,z.a7ta=ri+ lu,ny.a!7ta=ri+ lu,,5,4,Má gu'ta'rilube guisu.,Ya volteó la olla (i.e. que ya no puede tener hijos por la edad o por ligarse las trompas).,Má gu'ta'rilu guisu.,Ya volteó la olla (ya no puede tener hijos).
a7tasa,ra'ta'sa,-a7ta=sa,EJG;JLC;ND;RGL;RLC,vC:i,C,NO,409,To lie on one's back.,Acostarse boca arriba.,actions,,,r.a7ta=sa,g.ata!7=sa,g.u7ta=sa,,,,,,3,3,Gu'ta'sa Fán.,Juan se acostó boca arriba.,Ra'ta'sa Fàna lu luuna'.,Se acuesta Juana boca arriba en la cama de penca.
a7tata7,ra'ta'ta',-a7ta=ta7,EJG;RLC,vC:i,C,NO,410,To lie down doing nothing.,Estar echado sin hacer nada.,states,,,r.a7ta=ta7,g.ata!7=ta7,gu.7ta=ta7,,,,,,3,1,Ra'ta'ta' nachaaba'deete'.,Se tira (sin hacer nada) de tanto que es flojo.,,
a7tazhya,ra'ta'xià,-a7ta=zhya*,RLC,vC:i,C,NO,411,For residue to settle at the bottom of a container.,Depositarse residuos en el fondo de un recipiente.,motion,,,r.a7ta=zhya*,g.ata!7=zhya*,gu.7ta=zhya*,,,,,,3,1,Gu'ta'xià cuba.,Se asentó el pozol.,,
aana,raana',-aana,EJG;JLC;ND;RLC;VP,vB:t,B,NO,412,"To plow; to clear the vegetation in a plot of land, especially prior to plowing.","Barbechar, limpiar un terreno de siembra.",cultivation,,,r.aana,g.a!7na (I),gu.una,ka-y.a!ana,,z.aana,,,5,6,Cayáana Rìlu layu xtì'.,Rilo está barbechando su terreno.,Naa raaná' layu xtinné'.,Yo barbecho mi terreno.
aande,raande',-aande,VC,vA:i,A,NO,413,"Nixtamalization, the process through which corn kernels are cooked in water and lime prior to grinding into dough for tortilla baking.",Cocerse el maíz para nixtamal.,processes,,,r.aande,gya!ande,,,,,,,2,1,Raande'.,Se cuece (el nixtamal).,,
aani,raani',-aani,EJG;JLC;ND;VC;VP,vB:t,B,NO,414,To load weight on something.,Recargar peso sobre algo.,change of state,,,r.aani,g.a!7ni (I),gu.uni,,,"z.aani; 
  ri-gaani* ~ re-gaani*",,,4,6,Cayaani' ti guie luguia' ti manichuga.,Una roca está aplastando a un insecto.,Cayáani' Tóy neza derèchu.,Toy se está inclinando a la derecha.
aanina7,raani'nà',-aani=na*7,EJG;JLC;ND;RLC;VC;VP,vC:t,C,NO,415,"To press with the hand. By extension, to oppress someone, to go after someone, to be cruel towards someone.","Oprimir con la mano. Por extensión, oprimir a alguien, atosigarlo, ensañarse con alguien.",actions,,,r.aani=na*7,g.a!7ni=na*7,gu.uni=na*7,,,,,,3,4,"Cayaàné' nà'yá' lii, tì quí ruzuuba'lu' diidxa'.","Te estoy castigando, porque eres desobediente.",Guuni'noú' stalè zidi.,Te pasaste de mano con la sal.
abi,rabi,-abi,EJG;JLC;ND;RLC;VP,vCirr:a,C,YES,416,"To say, tell, or communicate to someone.","Decirle, contarle, comunicarle, avisarle, notificarle.",interaction,,,r.abi,g.a*bi,gu.dxi,,,,,,3,5,Biché' zabi naa guirà' ni gá'bu' laa.,Mi hermano me dirá todo lo que tú le digas.,Elèna rabi xheela' má cádi xùdxi.,Elena le dice a su esposo que ya no se emborrache.
abidiidxagidxa,rabi diidxa' guìdxa,-abi # diidxa gi*dxa,JLC,vCirr:t,C,YES,417,"To insult someone, to offend someone.","Insultarle, ofenderle.",communication,,,r.abi # diidxa gi*dxa,g.a*bi # diidxa gi*dxa,gu.dxi # diidxa gi*dxa,,,,,,3,4,"Amá, cayábi Àli naa diidxa' guìdxa.","Mamá, Ali me está diciendo groserías.",Diidxa' guìdxa gudxi Fán naa.,Juan me dijo groserías.
abi-2,rabì,-abi*,EJG;JLC;ND;RGL;RLC;VP,vC:a,C,NO,418,"To swallow, to ingest, to gulp down.","Tragar, engullir, deglutir.",actions,,,r.abi*,g.a*bi* (I),gu.bi*,,,,,,3,6,Guirà' má gubì.,Ya tragaron todo.,"José racala'dxi' guianda, zabì guirà' ni gá'bu' laa.","José quiere curarse, tomará todo lo que le digas."
abiabisi,rabì rabìsì,-abi* -abi* +si*,RGL;RLC,vC:a,C,NO,419,To gulp down without chewing,Tragar sin masticar.,actions,,,r.abi* r.a^bi* +si*,g.a*bi* g.a*bi* +si*,gu.bi* gu^.bi* +si*,,,,,,3,5,Gàbì gàbìsì.,Que se atragante (sin masticar dado que tiene prisa).,Gubì gubì.,Come sin masticar (para que puedas comer aunque tengas prisa).
ache,rache,-ache,EJG;JLC;ND;RGL;RLC;VP,vC:i,C,NO,420,"To burst, to explode, as when mosquitos swarm or an egg shell breaks as a bird hatches. By extension, to exude, to fester, to ejaculate.","Reventarse, explotar, o brotar, como cuando revientan los mosquitos o cuando rompe el cascarón un pajarito. Por extensión, exudar, supurar, eyacular.",change of state,,,r.ache,g.ache!7 (I),gu.che,,,z.ache,ni-ya!che,,5,5,Cayáche ra laga Juán.,Le está saliendo lagaña a Juan.,Guchebe sarampión.,Le dio sarampión; Le brotó el sarampión.
achelu,rache lu,-ache # lu,EJG;ND;RGL;RLC;VC,vC:i,C,NO,421,"For the eye to have discharge. This is considered an ailment associated with heat, that is not contagious, that affects children who have tonsillitis and causes their eyelids to shut closed. It can be treated by rinsing the eye with chamomille tea. It is also considered to resolve as the tonsillitis subsides.","Supurarle el ojo. Se considera que es una enfermedad caliente, no contagiosa, que afecta a los niños cuando tienen anginas y hace que se les peguen los párpados. Para curarlo se lava el ojo con té de manzanilla. También se considera que se resuelve cuando se curan las anginas.",wellness,,,r.ache # lu,g.ache!7 # lu,gu.che # lu,,,z.ache # lu,,,4,4,Cayáche lube.,Le está saliendo lagaña.,Cayáche lu Fán.,A Juan le está saliendo lagañas en los ojos.
achereza,rache rireza,-ache -reza,JLC,vC:i # vB:i,C,NO,422,To split open upon bursting.,Partirse al reventarse.,change of state,,,r.ache ri-reza,g.ache!7 gi-re!za,gu.che gu-reza,,,,,,3,5,Guche gureza layu.,Se partió la tierra (ej. porque no ha llovido).,Guche gureza ñee Mariá.,Se partió el talón del pie de María.
ache-2,rachè,-ache*,EJG;JLC;ND;RLC;VP,vC:i,C,NO,423,"To break, to split. It may be used in relation to wooden objects, ex. a stick, a table, a pencil, or other hard objects such as a computer.","Quebrarse, romperse, partirse, troncharse. Se puede usar en referencia a objetos de madera, ej. un palo, una mesa, un lápiz, o un objeto duro como una computadora.",change of state,,,r.ache*,g.a*che*,gu.che*,,,z.ache*,,,4,4,Guchè guiiba' xtì'ni.,Su parte de metal (de la computadora) se rompió.,Guchè ñee mexá'.,Se rompió la pata de la mesa.
achextiidxa,rachè xtiidxa',-ache* # x.tiidxa,RLC,vC:i,C,NO,424,To acquiesce.,Ceder.,change of state,,,r.ache* # x.tiidxa,g.a*che* # x.tiidxa,gu.che* # x.tiidxa,,,,,,3,4,Guchè xtiidxa' Fán.,Juan se convenció (lit. rompió sus palabras).,Quí rachèdí' xtiidxa'lu'.,No rompes tu palabra (por terco/a).
achelu-2,rachelu,-ache=lu,EJG;JLC;ND;VP,vC:t,C,NO,425,"To desire, to covet, to be after something.","Desear, codiciar, andar tras algo.",emotion,,,r.ache=lu,g.ache!7=lu,gu.che=lu,,,z.ache=lu,,,4,6,Cayáché'luá' layu xtì' Mario.,Yo codicio el terreno de Mario.,Cayácheludu layu xtì' Mario.,Codiciamos el terreno de Mario.
achendu,rachendu,-ache=ndu,EJG;ND;RLC;VC,vC:i,C,NO,426,To sprout.,"Germinar, brotar.",plants,,,r.ache=ndu,g.ache!7=ndu  (I),gu.che=ndu,,,z.ache=ndu,,,4,4,Guchendu xubá' xti' Fán.,Brotó el maíz de Juan.,Nabé rachenduni.,Brota bastante.
achenisarwaa,rachenisa ruaa,-ache=nisa # rwaa,EJG;RLC,vC:i,C,NO,427,For one's mouth to water.,Hacérsele agua la boca.,actions,,,r.ache=nisa # rwaa,g.ache!7=nisa # rwaa,gu.che=nisa # rwaa,,,z.ache=nisa # rwaa,,,4,4,Guche nisa ruaabe.,Se le hizo agua la boca.,"Guchenisa ruaadu, naa nè Réyna.",Se nos hizo agua la boca a mí y a Reyna.
achexki7,rachexqui',-ache=x.ki7,EJG;JLC,vC:i,C,NO,428,"To burst open under pressure, as when fruit is squashed and breaks open.","Tronarse, como la fruta que se aplasta.",plants,,,r.ache=x.ki7,g.ache!7=x.ki7,gu.che=x.ki7,,,z.ache=x.ki7,,,4,1,Guchexqui' bichooxhè'.,Se apachurró (lit. destripó) el tomate.,,
achexki7xkula7,rachexqui' xculà',-ache=x.ki7 x.ku-la*7,RLC,vC:i,C,NO,429,"This is an ailment associated with heat that can happen after experiencing significant anger. The person turns red or purple, then yellow, throws up bitter and yellow vomit, can faint and even die. This requires medical treatment and pharmaceutical medication.","Derramarse la bilis. Esto le ocurre a las personas que se enojan demasiado. La persona se pone colorada o morada, luego amarilla, vomitan amargo y amarillo, se puede desmayar o hasta morirse. Se considera una enfermedad caliente, no contagiosa. Para su cura hay que acudir al doctor y tomar medicamento de farmacia.",wellness,,,r.ache=x.ki7 x.ku-la*7,g.ache!7=x.ki7 x.ku-la*7,gu.che=x.ki7 x.ku-la*7,,,z.ache=x.ki7 x.ku-la*7,,,4,2,Guchexqui' xculà'.,Se le reventó la bilis (de coraje).,Guchexqui' xculà'be.,Se le derramó la bilis.
acheyuuba,racheyuuba',-ache=yuuba,EJG;JLC;VP,vC:i,C,NO,430,For bones to crack or for the body to be achy.,Tronar los huesos o doler el cuerpo.,actions,,,r.ache=yuuba,g.ache!7=yuuba,gu.che=yuuba ,,,,,,3,4,Gucheyuuba' Fán.,Le tronaron los huesos a Juan.,Qué racheyuuba'dí' ruaa Fán.,No le crujen los dientes a Juan.
achezhniidxi,rachexniìdxì',-ache=zh.nii*dxi*,EJG;RGL;RLC,vC:i,C,NO,431,"For lactation to suddenly stop on an infant, as when the mother becomes pregnant. This expression can also be used to refer to the malnourished aspect that the child might develop as a result.","Interrumpírsele la lactación a un infante, como cuando la madre está embarazada. Por lo mismo, este compuesto puede usarse para describir el aspecto de malnutrido que pudiera desarrollar el infante.",wellness,,,r.ache*=zh.nii*dxi*,g.a*che*=zh.nii*dxi*,gu.che*=zh.nii*dxi*,,,z.ache*=zh.nii*dxi*,,,4,2,Guchèxniìdxì' ba'du' huiini'.,Destetaron al nene (dícese de un niño que se ve desnutrido).,Zaà gàchè xniìdxì'.,Que ya lo desteten (al niño).
ade,radè,-ade*,EJG;JLC;ND;RGL;RLC;VP,vC:i,C,NO,432,"To be pierced, to be perforated, to hollow out.","Agujerearse, perforarse, horadarse, ahuecarse.",change of state,,,r.ade*,g.a*de*,gu.de*,,,z.ade*,,,4,4,Gudè diaga.,Se agujeró la oreja.,Radè.,Se le hacen hoyitos.
adexxaga,radè xhaga,-ade* # x.xaga,EJG;JLC;RLC,vC:i,C,NO,433,For a dimple to form in the cheek.,Hacérsele un hoyito en la mejilla.,physical attributes,,,r.ade* # x.xaga,g.a*de* # x.xaga,gu.de* # x.xaga,,,,,,3,6,Gudè guiiru' xhaga.,Tenía hoyitos en los cachetes (pero ya no).,Má quí radè guiiru' xhaga.,Ya no se le hacen hoyitos en las mejillas.
adxe,radxe,-adxe,EJG;JLC;RLC;VP,vC:i,C,NO,434,"To get wet, to get soaked, to get drenched.","Mojarse, empaparse.",change of state,,,r.adxe,g.a*dxe,gu.dxe,,,z.adxe,,,4,5,Má gudxé'.,Ya me mojé.,Má gudxe.,Ya se mojó.
adxena7,radxe nà',-adxe # na*7,EJG;ND;RLC,vC:i,C,NO,435,To be bribed (lit. for the hand to get wet).,Sobornarse (lit. mojarse la mano).,body parts,,,r.adxe na*7,g.adxe!7 na*7,gu.dxe na*7,,,z.adxe na*7,,,4,5,Gudxe nà'be.,Le dieron mordida.,Má gudxe nà'lu'.,Ya te sobornaron.
adxi,radxi,-adxi,EJG;JLC;RGL;RLC;VP,vC:t,C,NO,436,"To nurse, to suckle, to suck.","Mamar, lactar, chupar, succionar.",actions,,,r.adxi ,g.a*dxi (),gu.dxi ,ka-ya!dxi,,z.adxi,,,5,3,Má qué radxi.,Ya no mama.,Radxibe dxiña xtìni.,Chupa la miel (de la caña).
aka,raca,-aka,EJG;JLC;ND;RLC;VP,vC:i,C,NO,437,To become.,Hacerse.,change of state,,,r.aka,g.aka!7,gu.ka,ka-y.a!ka,,z.aka,ny.a!ka,,6,6,"Cayáca nandá'lu', má cuzunisalu'.","Has de tener calor, ya estás sudando.",Cayáca ti saa huiini' ra lidxi Tón.,Se está haciendo una fiestecita en la casa de Ton.
akabatayar,raca batayár,-aka # bata-ya!r,RGL;RLC,vC:i,C,NO,438,To struggle in terms of having to make an effort to overcome a challenge.,Batallar en cuanto a tener que hacer un esfuerzo para vencer un reto.,experience,batallar,,r.aka # bata-ya!r,g.aka!7 # bata-ya!r,gu.ka # bata-ya!r,,,,,,3,2,Qué racadí' batallár.,No hace el esfuerzo.,Raca batayárbe.,Batalla ella.
akabi,raca bi,-aka # bi,JLC,vC:i,C,NO,439,To be windy.,"Hacer aire, hacer viento.",phenomena,,,r.aka # bi,g.aka!7 # bi,gu.ka # bi,,,,,,3,3,Cádí' cayácadí' bi.,No está pegando el aire.,Cayáca bi.,Está pegando el aire.
akabibu,raca bìbu,-aka # bi*bu,RGL;RLC,vC:i vers,C,NO,440,"To be smart about something, to be ready in order to benefit from something, to be careful.","Ponerse vivo, abusado, o listo.",cognition,vivo,,r.aka # bi*bu,g.aka!7 # bi*bu,gu.ka # bi*bu,,,,,,3,2,Guca vìvu.,¡Ponte abusado!,Raca bìbu Juan.,Se pone abusado Juan.
akabigu,raca bigù,-aka # bi-gu*,EJG;RLC;VP,vC:i,C,NO,441,"To crumble, to break into pieces.","Desmoronarse, despedazarse.",change of state,,,r.aka # bi-gu*,g.aka!7 # bi-gu*,gu.ka # bi-gu*,,,,,,3,4,Bigù guca' espèju.,Se hizo pedazos el espejo.,Bigù guca pán.,Se hizo pedazos el pan.
akabupu,raca bupu,-aka # bupu,JLC,vC:i vers,C,NO,442,To become frothy.,Espumarse.,change of state,,,r.aka bupu,g.aka!7 bupu,gu.ka bupu,ka-y.a!ka bupu,,,,,4,5,"Caguiibi'bè lari, cayáca bupu.","Está lavando ropa, se está haciendo espuma.",Cayáca bupu.,Se está haciendo espuma.
akachingiili,raca chinguiìlì',-aka # chi-ngii*li*,RGL,vC:i,C,NO,443,To tickle.,Tener cosquillas.,experience,,,r.aka chi-ngii*li*,g.aka!7 chi-ngii*li*,gu.ka chi-ngii*li*,,,,,,3,4,Ndaani' xiiñé' racachinguiìlì'.,A mi hija le dan cosquillas en la panza.,Qué racadí' nguiìlì' ndaani' xiiñé'.,No tiene cosquillas mi hija en la pancita.
akade,raca de,-aka # de,EJG;JLC;RLC;VP,vC:i vers,C,NO,444,"To be pulverized, to shatter.","Hacerse polvo, hacerse ceniza, despedazarse.",change of state,,,r.aka # de,g.aka!7 # de,gu.ka # de,ka-y.a!ka # de,,,,,4,5,"Biaba guisu xtiné', guca de.",Se calló mi olla y se hizo pedazos (lit. polvo).,Guca debe.,Se despedazo (ej. Sadam Husein).
akadeyu,raca de yu,-aka # de+ yu,RLC,vC:i,C,NO,445,To be made out of clay.,Hacerse de barro.,substances,,,r.aka # de yu,g.aka!7 # de+ yu,gu.ka # de+ yu ,,,,,,3,1,Racani de yu.,Se hace de barro.,,
akage7la,raca gue'la',-aka # ge7la,JLC;RLC,vC:i vers,C,NO,446,"To become water logged, to become flooded.","Anegarse, inundarse.",change of state,,,r.aka # ge7la,g.aka!7 # ge7la,gu.ka # ge7la,,,,,,3,2,Raca gue'la' nisa.,Se hace honda el agua.,Raca nisa gue'la'.,Se hace hondo.
akagi,raca gui,-aka # gi,EJG,vC:i,C,NO,447,To catch fire.,Hacerse lumbre.,change of state,,,,,,ka-y.a!ka gi,,,,,1,2,Guca ndá' guiquè.,Se hizo la quemazón.,Qué ñácadí' guiquè.,No se le prendió fuego.
akaike,raca ique,-aka # ike,RLC,vC:i,C,NO,448,To go crazy.,Volverse loco.,cognition,,,r.aka ike,,,,,,,,1,3,Binnì racaique.,Gente loca.,Qué racadí' iquebe.,No se vuelve loca/o.
akanabyuzhe,raca nabiùxè,-aka # na-byu*zhe*,EJG,vC:i vers,C,NO,449,"To turn out small as in the case of fruit that did not develop to its expected size. To break down into small units, as in the case of money that is made into change.",Hacerse menudito o chiquito como en el caso de fruta que no creció como debería. Hacerse sencillo como en el caso de dinero en monedas.,change of state,,,r.aka # na-b.yu*zhe*,g.aka!7 # na-byu*zhe*,gu.ka # na-byu*zhe*,,,,,,3,2,Biyètecàlá raca nabiùxè.,Un billete para hacer cambio.,Raca billete cà nabiùxè.,Se cambia el billete por sencillo.
akanadipa7,raca nadipá',-aka # na-dipa!7,JLC;ND;RLC,vC:i vers,C,NO,450,"To become strong, to strengthen.",Hacerse fuerte.,change of state,,,r-aka na-dipa!7 ,g.aka!7 na-dipa!7 ,gu.ka na-dipa!7,,,,,,3,2,Nguiiu dipá'.,Hombre fuerte.,Quí ñácadí'be nadipá'.,No se puso fuerte.
akanaduxu7,raca naduxhú',-aka # na-duxu!7,RLC;VP,vC:i vers,C,NO,451,To become aggressive.,Ponerse bravo.,behavior,,,r.aka # na-duxu!7 ,g.aka!7 # na-duxu!7,gu.ka # na-duxu!7,,,,,,3,1,Raca Fán naduxhú'.,Se pone bravo Juan.,,
akanadxaba7,raca nadxabá',-aka # na-dxaba!7,JLC;RLC;VC,vC:i vers,C,NO,452,To become mean.,"Hacerse malo, como una persona que se hace maldosa o malvada.",behavior,,,r.aka # na-dxaba!7 ,g.aka!7 # na-dxaba!7,gu.ka # na-dxaba!7,,,,,,3,3,Qué racadí' Juán nadxabá'.,No se hace malo Juan.,Racabe nadxabá'.,Se hace mala persona.
akanala,raca nalà,-aka # na-la*,JLC;RLC,vC:i vers,C,NO,453,"To become a glutton, to become a big eater.",Hacerse tragón o goloso.,behavior,,,r.aka # na-la*,g.aka!7 # na-la*,gu.ka # na-la*,,,,,,3,2,Nalà raca gunaa nacaxiiñi'.,Las mujeres embarazadas se hacen antojadizas.,Raca gunaa nalà òra naca xiiñi'.,La mujer se hace antojadiza cuando está embarazada.
akananene,raca nanenè,-aka # na-nene*,JLC;RLC,vC:i vers,C,NO,454,To slow down.,Hacerse lento.,change of state,,,r.aka # na-nene* ,g.aka!7 # na-nene*,gu.ka # na-nene*,,,,,,3,2,Racabe nanenè.,Se hace lento.,Raca guiiba' xtì'be nanenè.,Se hizo lenta su computadora.
akanawati,raca nahuatì,-aka # na-wati*,EJG;RLC,vC:i vers,C,NO,455,"To be stunned, to be stupefied.","Atontarse, atarantarse.",cognition,,,r.aka # na-wati* ,g.aka!7 # na-wati*,gu.ka # na-wati*,,,,,,3,2,Gucabè nahuatì bindaabe ni má' naàzè'be.,"Se atarantó, le quitaron lo que tenía.","Guca Gabrièla nahuatì, guxha huèra laabe Ròber.","Se atarantó Gabriela, la gúera le quitó a su Robert."
akaniza,raca niza,-aka # niza,RLC,vC:i vers,C,NO,456,For the corn harvest to be abundant.,Lograrse una buena cosecha de mazorcas de maíz.,cultivation,,,r.aka # niza,g.aka!7 # niza,gu.ka # niza,,,,,,3,3,Guizá' guca niza xtinné'.,Este año se me dio buen maíz.,Qué ñàcadí' niza (gu)izadí'.,Este año no se me dio buen maíz.
akaposa,raca pòsa,-aka # po*sa,,vC:i vers,C,NO,457,"To fill up with water, to become flooded.","Llenarse de agua, encharcarse, inundarse.",change of state,pozo,,r.aka # po*sa ,g.aka!7 # po*sa,gu.ka # po*sa,,,,,,3,1,Ziaba nisaguie zaca ti p̀osa lu pàtiu.,Cuando llueva se va a hacer un charco en el patio.,,
akapura,raca purá,-aka # pu-ra!,EJG;JLC;RGL;VP,vC:i,C,NO,458,"To hurry, to rush.","Apurarse, apresurarse.",actions,apurar,,r.aka # pu-ra!,g.aka!7 # pu-ra!,gu.ka # pu-ra!,,,,,,3,6,Cádi gacá' purádióu'.,No te apures.,Cádi gacá'purádí' Réyna.,Que no se apure Reyna.
akaraya,raca ràya,-aka # ra*ya,JLC;VP,vC:t,C,NO,459,To collect one's wages.,"Cobrar el sueldo, o anteriormente, recibir la raya.",occupations,raya,,r.aka # ra*ya ,g.aka!7 # ra*ya,gu.ka # ra*ya,,,,,,3,1,Guca Fán ràya.,Cobró Juan su sueldo.,,
akatira,raca tirá,-aka # ti-ra!,EJG;ND;RLC,vC:i,C,NO,460,"To make an effort, to try hard.","Afanarse, esforzarse.",actions,,,r.aka ti-ra!,g.aka!7 ti-ra!,gu.ka ti-ra!,,,,,,3,2,Qué racadí' tirá.,No se hace el esfuerzo.,Raca tirá gùnibe dxiiña'.,Se esfuerza para hacer su trabajo (ej. aunque está enfermo).
akatobisi,raca tobisì,-aka # tobi +si*,RLC;VP,vC:i vers,C,NO,461,To come together as one.,"Juntarse, unirse, unificarse.",change of state,,,r.aka # tobi +si* ,g.aka!7 # tobi +si* ,gu.ka # tobi +si*,,,,,,3,3,Racacabe tobisì.,Ellos se juntan.,Raca tobisì Juán nè Mariá.,Se juntan Juan y María.
akawadxi,raca huadxi,-aka # wa-dxi,RGL;RLC,vC:i,C,NO,462,To get late.,"Hacerse tarde, hacerse de noche.",phenomena,,,r.aka # wa-dxi,g.aka!7 # wa-dxi ,gu.ka # wa-dxi,,,,,,3,5,Cayácabe huadxi.,Se le está haciendo tarde.,Cayáca huadxi.,Se está haciendo tarde (y aún no llega).
akaxkaani,raca xcaani',-aka # x.kaani,EJG;JLC;RLC;VP,vC:i,C,NO,463,To be disappointed.,"Desilusionarse, decepcionarse, llevarse un chasco.",emotion,,,r.aka # x.kaani,g.aka!7 # x.kaani,gu.ka # x.kaani,,,,,,3,4,Gucabe xcaani'.,Le dio vergüenza (porque no encontró lo que fue a traer).,Gucaca' xcaani'.,Se quedaron tristes (porque no consiguieron lo que querían).
akaxti7,raca xtì',-aka # x.ti*7,RGL,vC:i,C,NO,464,To become one's own.,"Hacerse de uno, convertirse en propiedad de uno.",experience,,,r.aka # x.ti*7,g.aka!7 # x.ti*7,gu.ka # x.ti*7,,,,,,3,4,Bidaani' cà zacani xtì' lìbia.,El huipil va a hacer de Olivia.,Ñáca pur xtì'be.,Como si fuera de él.
akalanixpido7,raca lani xpido',-aka la-ni x.pi-do7,ND,vC:i,C,NO,465,To be someone's birthday.,Ser cumpleaños de alguien.,cultural practices,,,r.aka la-ni x.pi-do7,g.aka!7 la-ni x.pi-do7,gu.ka la-ni x.pi-do7,,,,,,3,1,Cayáca lanì xpido'.,Se está celebrando su santo/aniversario.,,
akaugar,raca ugár,-aka u-ga!r,RLC,vC:i,C,NO,466,To drown.,Ahogarse.,experience,,,r.aka u-ga!r,g.aka!7 u-ga!r,gu.ka u-ga!r,,,,,,3,0,,,,
akaayar,raca-ayá'r,-aka=a-ya!r,RLC,vC:i,C,NO,467,"To be located, to be at.","Encontrarse, refiriéndose a la ubicación de alguien o de algo.",location,hallar,,r.aka=a-ya!r,g.aka!7=a-ya!r,gu.ka=a-ya!r,,,,,,3,2,Pàraa raca-ayá'rbe.,¿Dónde se haya?,Qué raca-ayárdí' Fán ra liidxi'.,No se encuentra Juan en casa.
akabelle,racabele,-aka=belle,RLC,vC:i vers,C,NO,468,To burn.,"Quemarse, arder.",change of state,,,r.aka=belle,g.aka!7=belle,gu.ka=belle,,,,,,3,3,Cayácabele.,Está ardiendo el fuego.,Cayácabele gui'chi'.,Está ardiendo el papel.
akabenye,racabeñe,-aka=benye,JLC;RLC,vC:i vers,C,NO,469,To get muddy.,"Hacerse lodo, enlodarse.",change of state,,,r.aka=benye,g.aka!7=benye,gu.ka=benye,,,,,,3,2,"Má gucabeñe layu, biaba nisa guie.",Ya se hizo lodo la tierra porque llovió.,Qué ñácabeñedí' xhaba Mariá.,No se enlodó su ropa de María.
akabiidi,racabiidi',-aka=biidi,EJG;JLC;VP,vC:i vers,C,NO,470,To get dirty.,Ensuciarse.,change of state,,,r.aka=biidi,g.aka!7=biidi,gu.ka=biidi,,,z.aka=biidi,,,4,2,Gucabiidi' Fán.,Se ensució Juan.,Qué ñácabiidi'dí' xhaba Mariá.,La ropa de María no se ensució.
akabya7,racabia',-aka=bya7,EJG;VP,vC:t,C,NO,471,To be in a romantic relationship with someone.,"Tener compromiso amoroso con alguien, ser novio de alguien.",states,,,r.aka=bya7,g.aka!7=bya7,gu.ka=bya7,,,,,,3,4,Ba'du'nguiiu'cà ngà racabia' Fàna.,Ese muchacho es el novio de Juana.,Gucabia' Fán Fàna.,Juan y Juana fueron novios.
akachaawi,racachaahui',-aka=chaawi,EJG;JLC;RLC;VP,vC:i vers,C,NO,472,"To get fixed, to get repaired, to get better.","Arreglarse, componerse, repararse.",change of state,,,r.aka=chaawi,g.aka!7=chaawi,gu.ka=chaawi,,,z.aka=chaawi,,,4,4,Cádí' cayácachaahui'dí' guiiba'cà.,No se compone la máquina.,Má gucachaahui'.,Ya lo compusieron.
akachanda,racachandà,-aka=chanda*,EJG;JLC;RGL;RLC;VC,vC:i,C,NO,473,"To get confused, to become confused.","Atontarse, confundirse, ofuscarse.",cognition,,,r.aka=chanda*; ~ r.aka=chandxa*; ~ r.aka=chendxe*,g.aka!7=chanda* (I),gu.ka=chanda*,ka-y.a!ka=chendxe*,,z.aka=chandxa*; ~ z.aka=chendxe*,,,5,4,Gucachandàbe.,Se atontó.,Qué racachandxàdí' Fán.,No se atonta Juan.
akaditi,racaditi,-aka=diti,EJG;JLC;ND;RGL,vC:i,C,NO,474,"To tremble, to shake, to shiver.","Temblar, vibrar, estremecerse, titiritar.",actions,,,r.aka=diti,g.aka!7=diti,gu.ka=diti,ka-y.a!ka=diti,,,,,4,6,Cádi cayácaditidí'be.,No está temblando ella.,Cayácaditi nà'.,Le está temblando la mano.
akadxiinya,racadxiiña',-aka=dxiinya,EJG,vC:i,C,NO,475,"For work to be done. In a locative construction, this compound refers to work related to a celebration.","Hacerse el trabajo. En una construcción locativa (que especifica una ubicación), este compuesto se refiere al trabajo relacionado con una celebración.",cultural practices,,,r.aka=dxiinya,g.aka!7=dxiinya,gu.ka=dxiinya,,,,,,3,4,Cayáca dxiiña'.,Se está trabajando.,Chà' ra racadxiiña'.,Voy a ayudar en los preparativos (se dice cuando va uno a dejar limosna o a ayudar para una boda).
akadxita,racadxita,-aka=dxita,EJG;JLC;ND,vC:i vers,C,NO,476,"To become skinny, to become bony.","Enflacar, ponerse huesudo.",wellness,,,r.aka=dxita,g.aka!7=dxita,gu.ka=dxita,,,,,,3,6,Quí racadxitadí' Fán.,Juan no está flaco.,Racá'dxitá'.,Me puse flaca.
akafew,racaféu,-aka=fe!w,RGL,vC:i vers,C,NO,477,To be nauseous. To spoil.,Tener náuseas. Echarse a perder.,wellness,feo,,,,,,,,,,0,2,Racaféu guendaro.,Se echa a perder la comida.,Racaféu ladxiduá'.,Me da nauseas.
akafewla7dxido7,racaféu la'dxi'do',-aka=fe!w # la7dxi=do7,RLC,vC:i vers,C,NO,478,To be nauseous.,Tener náuseas.,wellness,feo,,,,,,,,,,0,3,Cayácaféu la'dxido'.,Tiene nauseas.,Quí raca féudí' ladxido' Fán.,No le da nauseas a Juan.
akaflijir,racaflijír,-aka=fli-ji!r,RLC,vC:i,C,NO,479,To become desperate or distraught.,"Desesperarse, afligirse.",emotion,,,r.aka=fli-ji!r,(g).aka!7=fli-ji!r,,,,,,,2,1,Cayácaflijír Fán quí gapà dxiiña'.,"Se está desesperando Juan, no tiene trabajo.",,
akaga,racaga,-aka=ga,EJG;RLC,vC:i,C,NO,480,For something to be done in the meantime or temporarily.,Hacerse algo por mientras o de manera temporal.,experience,,,r.aka=ga,(g).aka!7=ga,gu.ka=ga,ka-y.a!ka=ga,,,,,4,3,Gucagabe maestra.,Fue maestra un tiempo.,Racagabe.,Se hace mientras.
akagela,racaguela,-aka=gela,EJG;RLC,vC:i vers,C,NO,481,For the corn harvest to be abundant.,Lograrse una buena cosecha de mazorcas de maíz.,cultivation,,,r.aka=gela,g.aka!7=gela,gu.ka=gela,,,z.aka=gela,,,4,1,(Gu)izá'di' (g)ucaguela xtinné'.,Este año se me dio buen maíz.,,
akajubilar,racajubilár,-aka=jubi-la!r,RGL;RLC,vC:i,C,NO,482,To retire from lifelong work.,Jubilarse.,occupations,jubilar,,r.aka=jubi-la!r,g.aka!7=jubi-la!r,gu.ka=jubi-la!r,,,,,,3,2,Guca jubilárcabe.,Se jubilaron.,Racajubilár binnì òra má bio'xho'.,Se jubila la gente cuando ya son grandes.
akakejar,racaquejár,-aka=ke-ja!r,RGL,vC:i,C,NO,483,To complain.,Quejarse.,actions,quejar,,r.aka=ke-ja!r,g.aka!7=ke-ja!r,gu.ka=ke-ja!r,ka-y.a!ka=ke-ja!r,,,,,4,2,Cayácaquejár.,Se está quejando (ej. por dolor(,Má gucaquejárbe.,Ya se quejó.
akakonfyar,racaconfiár,-aka=ko-nfya!r,RGL;RLC,vC:i,C,NO,484,To trust.,Tener confianza.,states,confiar,,r.aka=ko-nfya!r,g.aka!7=ko-nfya!r,gu.ka=ko-nfya!r,,,,,,3,2,Má racaconfiár.,Ya confía (ej. en alguna persona).,Má racá'co'nfiár de laabe.,Ya tengo confianza con ella.
akakurar,racacurár,-aka=ku-ra!r,JLC;RLC,vC:i,C,NO,485,"To cure, both in terms of food conservation and in terms of healing an illness or taking steps to get over a hangover.","Curar, en relación con la conservación de alimentos y en cuanto a la cura de una enfermedad o de una cruda.",food,curar,,r.aka=ku-ra!r,g.aka!7=ku-ra!r,gu.ka=ku-ra!r,,,,,,3,1,Racacurár màngu.,Se cura el mango.,,
akakwajar,racacuajár,-aka=kwa-ja!r,RGL;RLC,vC:i,C,NO,486,"To curdle, to congeal",Cuajarse.,food,cuajar,,r.aka=kwa-ja!r,g.aka!7=kwa-ja!r (I),gu.ka=kwa-ja!r,,,,,,3,1,Gucacuajár rini.,Se cuajó la sangre.,,
akala7dxi,racala'dxi',-aka=la7dxi,EJG;JLC;ND;VP,vC:t,C,NO,487,To want.,"Querer, desear.",actions,,,r.aka=la7dxi,g.aka!7=la7dxi,gu.ka=la7dxi,,,,,,3,4,Quí racala'dxi'.,No lo quiere.,Racala'dxi' Fán guè' ti bichiiña'bupu.,Juan quiere tomar una cerveza.
akalu,racalu,-aka=lu,EJG;JLC;RLC;VC;VP,vC:i,C,NO,488,"To have an eye infection or conjunctivitis. This is an ailment associated with heat. It tends to strike during the rainy season. Symptoms include initial itchiness followed by sensitivity to light and purple discoloration around the eye. It is treated with eye drops prescribed by a doctor, and with chamomile tee compresses.","Tener conjuntivitis, aflicción caliente que suele ocurrir en época de lluvias. Los síntomas incluyen comezón inicial seguida de sensibilidad a la luz y descoloración morada alrededor del ojo. Se cura con gotas que receta el médico, y con compresas de agua de manzanilla.",wellness,,,r.aka=lu,g.aka!7=lu,gu.ka=lu,ka-y.a!ka=lu,,,,,4,4,Cádí' cayácaludí' Juán.,No tiene conjuntivitis Juan.,Cayácalu.,Tiene conjuntivitis.
akalugu7,racalugú',-aka=lugu!7,JLC;RLC;VC,vC:i,C,NO,489,"To go crazy, to rush excessively, to become agitated.","Alocarse, acelerarse, agitarse.",behavior,loco,,r.aka=lugu!7,g.aka!7=lugu!7,gu.ka=lugu!7,ka-y.a!ka=lugu!7,,,,,4,5,Cádi cayácalugú'dí'be.,No se está desesperando.,Cayácalugú'be.,"Anda como loco (ej. porque tiene prisa, porque está desesperado por escoger lo mejor)."
akamanchar,racamanchár,-aka=ma-ncha!r,RLC;VP,vC:i,C,NO,490,To get stained.,Mancharse.,change of state,manchar,,r.aka=man-cha!r,g.aka!7=man-cha!r,gu.ka=man-cha!r,,,,,,3,1,Racamanchár lari.,Se mancha la ropa.,,
akananda,racananda,-aka=n.anda,EJG;RGL;VP,vC:i vers,C,NO,491,To become cold.,Enfriarse.,change of state,,,r.aka=n.anda,g.aka!7=n.anda,gu.ka=n.anda,ka-y.a!ka=n.anda,,,,,4,4,Cayácanandá'  '.,Tengo frío.,Cayácananda.,Tiene frío.
akana,racana,-aka=na,EJG;JLC;RLC;VP,vC:i vers,C,NO,492,"To become painful, to hurt.","Ponerse adolorido, doler.",wellness,,,r.aka=na,g.aka!7=na,gu.ka=na,,,z.aka=na,,,4,4,Gucana Fán.,Juan se lastimó.,Gucana nà' Ali.,La mano de Ali se lastimó.
akanaga7nda,racanagá'nda',-aka=na-g.a!7nda,RLC,vC:i vers,C,NO,493,To cool down.,Refrescar.,change of state,,,r.aka=na-g.a!7nda ,g.aka!7=na-g.a!7nda,gu.ka=n.a-ga!7nda,,,,,,3,1,Racanagá'nda' huadxi.,Se hace fresca la tarde.,,
akananala7dxi,racananala'dxi',-aka=na-na=la7dxi,JLC;RGL;RLC,vC:t vers,C,NO,494,To hate.,Odiarlo.,emotion,,,r.aka=na-na=la7dxi,g.aka!=na-na=la7dxi,gu.ka=na-na=la7dxi,,,,,,3,1,Racananala'dxi' Juan binnì.,Juan odia a la gente.,,
akanananda,racanananda,-aka=na-nanda,JLC;RLC,vC:i vers,C,NO,495,To become cold.,Enfriarse.,change of state,,,r.aka=na-nanda,g.aka!7=na-nanda,gu.ka=na-nanda,ka-y.a!ka=na-nanda,,,,,4,2,Cayáca (na)nanda.,Tiene frío.,Cayácanananda.,Está haciendo frío.
akananda7,racanandá',-aka=na-nda!7,EJG;JLC;RGL;RLC;VP,vC:i vers,C,NO,496,"To become hot, to feel hot.","Acalorarse, tener calor, hacer calor, calentarse.",change of state,,,r.aka=na-nda!7,g.aka!7=na.nda!7,gu.ka=na-nda!7,,,,,,3,5,Cayácanandá'; Cayáca nandá'.,Hace calor; Está haciendo calor.,Cayáca nandá' Juán.,Juan tiene calor.
akanawiini,racanahuiini',-aka=na-wiini,JLC;RLC,vC:i vers,C,NO,497,"To become small. By extension, to become rejuvenated, to be humiliated.","Empequeñecerse. Por extensión, rejuvenecer, humillarse.",change of state,,,r.aka=na-wiini,g.aka!7=na-wiini,gu.ka=na-wiini,,,,,,3,2,Gucanahuiini' Fán.,Juan se sintió insignificante.,"Gunaa yooxho'cálá raca nahuiini'lá rusuchaahui'be, racube pantalón, ridiee guicha iquebe, racachaahui' bixuga ñeebe.","La vieja esta, se rejuvenece, se arregla, se pone pantalón, se pinta el pelo, se arregla las uñas de los pies."
akane,racanè,-aka=ne*,EJG;JLC;ND;RGL;VP,vC:t,C,NO,498,"To help, to assist, to collaborate with.","Ayudar, auxiliar, apoyar, colaborar, asistir.",actions,,,r.aka=ne*,g.aka!7=ne*,gu.ka=ne*,ka-y.a!ka=ne*,,,,,4,6,Cayácanè Chénte naa.,Chente me está ayudando.,Gucanècabe laabe.,Lo ayudaron.
akapasar1,racapasár,-aka=pa-sa!r,RGL;RLC,vC:i,C,NO,499,To happen.,"Pasar, ocurrir.",experience,pasar,,r.aka=pa-sa!r ,g.aka!7=pa-sa!r,gu.ka=pa-sa!r,,,,,,3,1,Guca pasár laabe.,Le pasó a ella.,,
akapasar2,racapasár,-aka=pa-sa!r,RGL;RLC,vC:i,C,NO,500,"To pass, to go too far.","Pasarse, excederse.",motion,pasar,,r.aka=pa-sa!r ,g.aka!7=pa-sa!r,gu.ka=pa-sa!r,,,,,,3,2,Guca pasárbe de lìstu.,Se pasó de listo.,Qué raca pasárdí'be de lìstu.,No se pasa de lista.
akaprobechar,racaprobechár,-aka=probe-cha!r,RGL;RLC,vC:i,C,NO,501,"To take advantage of, whether positively in terms of deriving a benefit, or negatively in terms of taking advantage of someone or being opportunistic.","Aprovechar, aprovecharse.",actions,aprovechar,,r.aka=probe-cha!r ,g.aka!7=probe-cha!r,gu.ka=probe-cha!r,,,,,,3,3,Guca probechár Fán de guendaro.,Se aprovechó Juan de la comida.,Gucaprobechár Fán guendaró.,Aprovechó Juan la comida.
akaracha7,racarachá',-aka=racha!7,EJG;JLC;RLC,vC:i vers,C,NO,502,To be done shoddily.,Hacerse mal o a medias.,manner,,,r.aka=racha!7,g.aka!7=racha!7,gu.ka=racha!7,,,,,,3,2,Gucarachá' dxiiña'cà.,No se hizo bien el trabajo.,Racaracháni.,Lo hace sin tener cuidado.
akarrayar,racarrayár,-aka=rra-ya!r,RLC,vC:i,C,NO,503,"To get scratched, in reference to a smooth surface.","Rayarse, dicho de alguna superficie lisa.",change of state,,,r.aka=rra-ya!r,g.aka!7=rra-ya!r,gu.ka=rra-ya!r ,,,,,,3,2,Gucarayár luni.,Se rayó.,Quí ñácarayár lènte.,No se rayó el lente.
akarretirar,racarretirár,-aka=rreti-ra!r,RGL;RLC,vC:i,C,NO,504,To retire from lifelong work.,Jubilarse.,occupations,retirar,,r.aka=rreti-ra!r,g.aka!7=rreti-ra!r,gu.ka=rreti-ra!r,,,,,,3,1,Gucaretirárcabe.,Se jubilaron.,,
akasaa,racasaa,-aka=saa,EJG;RLC,vC:i,C,NO,505,For a celebration or party to be held.,Celebrarse una fiesta.,cultural practices,,,r.aka=saa,g.aka!7=saa,gu.ka=saa,ka-y.a!ka=saa,,z.aka=saa,,,5,2,Dós de màyu racasaa guidxi xtì' Pasión Ngòla.,El dos de mayo se hace la fiesta del pueblo de la Santa Cruz.,Raca saa guidxi xtíu'.,Se hace la fiesta de tu pueblo.
akasigura,racasigurá,-aka=sigu-ra!,JLC;RLC,vC:t,C,NO,506,"To secure something, to take advantage of in order to secure something for oneself.","Asegurarse de algo, aprovecharse para asegurar algo para sí mismo.",actions,asegurarse,,r.aka=sigu-ra!,g.aka!7=sigu-ra!,gu.ka=sigu-ra!,,,,,,3,5,Gucasigurábe laa.,Tuvo una ventaja sobre él.,Gucasigurá gubidxa.,Aprovecha que hay sol (ej. para que se seque la ropa).
akatrasar,racatrasár,-aka=tra-sa!r,JLC;ND;RLC,vC:i,C,NO,507,To slow down and/or fall behind.,Hacerse lento y/o atrasarse.,change of state,atrasar,,r.aka=tra-sa!r,g.aka!7=tra-sa!r,gu.ka=tra-sa!r,,,,,,3,2,Racatrasárni.,Se atrasó.,Racatrasár xquiiba'be.,Se hizo lenta su computadora.
akawara,racahuara,-aka=wa-ra,EJG;JLC;RGL;VP,vC:i,C,NO,508,To get sick.,Enfermarse.,wellness,,,r.aka wa-ra,g.aka!7 wa-ra,gu.ka wa-ra,,,z.aka=wa-ra,,,4,5,Gucahuarabe.,Se enfermó.,Gucahuara Fán.,Se enfermó Juan.
akawati,racahuatì,-aka=wati*,ND,vC:i vers,C,NO,509,"To be stunned, to be stupefied.","Atontarse, aturdirse.",cognition,,,r.aka=wati*,g.aka!7=wati*,gu.ka=wati*,,,,,,3,1,Gucahuatì xcuídi quí nutopà gastí'.,Se atontó el niño y no recogió nada (de la piñata).,,
akawii,racahuiì,-aka=wii*,VC,vC:i,C,NO,510,To get sick.,Enfermarse.,wellness,,,r.aka=wii*,g.aka!7=wii*,gu.ka=wii*,,,,ny.a!ka=wii*,,4,1,Qué ñácahuaradí'be.,No se enfermó.,,
akawiiwi,racahuiìhuì',-aka=wii*wi*,EJG;JLC;RLC,vC:i,C,NO,511,"Writhing of worms or bugs. By extension, for the stomach to grumble, for a body part to itch.","Retorcerse, dicho de lombrices o bichos. Por extensión, retorcerse las tripas, tener comezón.",experience,,,r.aka=wii*wi*,g.aka!7=wii*wi*,gu.ka=wii*wi*,ka*-y.a!ka=wii*wi*,,,,,4,6,Cádi cayáca huiìhuì'dí' ndaané'.,No me están tronando las tripas.,Gucahuiìhuì' bizu òra bichia Fán lidxi.,Se alborotaron las abejas cuando destruyó Juan su casa (panal).
akayaxi,racayaxhi,-aka=yaxi,EJG;RGL;VC,vC:i,C,NO,512,This phrasal verb is difficult to describe because it has fallen into disuse. Jiménez Girón (1979) describes that it refers to scraped corn that becomes bitter because it is not cooked in time. In Santa María Xadani it is considered a term that refers to ears of corn that are ready to be made into baked tortillas.,"Este verbo de frase resulta difícil de describir debido a que ha caído en el desuso. Jiménez Girón (1979) indica que se refiere a ""cuando el elote raspado toma un sabor medio amargo por no cocerse a tiempo"". En Santa María Xadani se considera un término que indica que la mazorca está lista para hacerse en totopo.",food,,,r.aka=yaxi,g.aka!7=yaxi,gu.ka=yaxi,,,,,,3,1,Qué ñácayaxhidí' xubá'.,No está amargo el elote.,,
akaza,racaza,-aka=za,EJG;RLC,vC:i vers,C,NO,513,"To be greased up, to be covered in grease.","Engrasarse, cubrirse o embarrarse de grasa.",experience,,,r.aka=za,g.aka!7=za,gu.ka=za,ka-y.a!ka=za,,,,,4,2,Racazani.,Se llena de grasa.,Racaza xhaba mecànicu.,Se llena de grasa la ropa del mecánico.
akazheexe,racaxeexhe',-aka=zheexe,EJG;JLC;ND,vC:i vers,C,NO,514,"To become very excited. By extension, to become sexually aroused.","Ponerse alocado o emocionado. Por extensión, ponerse excitado sexualmente.",experience,,,r.aka=zheexe,g.aka!7=zheexe,gu.ka=zheexe,,,,,,3,3,Guca xeexhe' .,Se puso morado (ej. por tanto llorar).,Gucaxeexhe' Fán luguià' Fàna.,Juan se alborota cuando ve a Juana.
akazhiroo,racaxiroo,-aka=zhi-roo,EJG;JLC;VP,vC:i,C,NO,515,To bulge or become inflamed because of an infection and the presence of pus.,Abultarse o hincharse por infección y presencia de pus.,wellness,,,r.aka=zhi-roo,g.aka!7=zhi-roo,gu.ka=zhi-roo,,,,,,3,3,Gucaxiroo nà' Fán.,El brazo de Juan se infectó.,Gucaxiroo nà' Javier.,Se le infectó la mano a Javier.
akazhiinyi,racaxiiñi',-aka=zhiinyi,RLC,vC:i vers,C,NO,516,To become pregnant.,Embarazarse.,states,,,,,,,,,,,0,5,Cádi huandì'dí' gucaxiiñi'be.,No es verdad que se embarazó (i.e. tuvo un falso embarazo).,Cádi nacaxiiñi'dí' ba'du'dxaapa'.,No está embarazada la muchacha.
akazhoo,racaxoo,-aka=zhoo,EJG;JLC;RGL;RLC,vC:i vers,C,NO,517,To be done hastily.,Hacerse con premura.,experience,,,r.aka=zhoo,,,,,z.aka=zhoo,,,2,2,Fán gucaxoo xquendaró.,Juan se hizo rápido su comida (pero por las prisas no le salió bien).,Gucaxoo xquendaró Fán.,Juan se hizo rápido su comida (pero por las prisas no le salió bien).
akazhu,racaxu,-aka=zhu,EJG;JLC;RLC,vC:i vers,C,NO,518,For there to be an earthquake.,"Temblar, dicho de los terremotos.",phenomena,,,r.aka=zhu,g.aka!7=zhu,gu.ka=zhu,ka-y.a!ka=zhu,,z.aka=zhu,,,5,3,Cayáca xu.,Está temblando.,"Cayácaxu, caniìbì' guidxi layu.","Está temblando, se está moviendo la tierra."
aku,racu,-aku,EJG;JLC;ND;RGL;VP,vC:t,C,NO,519,"To put something on, especially clothes, to wear.","Ponérselo, dicho de la ropa, vestirse.",clothing and adornment,,,r.aku,g.aku!7 (I),gu.ku,ka-y.a!ku,,,,,4,3,Racu.,Se pone (ropa).,Racube lari.,Se pone ropa.
alla,rala,-alla,EJG;JLC;ND;RGL;RLC;VP,vC:i,C,NO,520,For a fruit or for corn to harden prior to ripening.,"Sazonarse, con relación a una fruta o al maíz antes de madurar.",plants,,,r.alla,g.a*lla (I),gu.lla,ka-y.a!lla,,z.alla,ny.a*lla,,6,6,Má cayála biduaa.,Se está poniendo sazón el plátano.,Má cayála ca' guenda xúnu napá' ra lidxé'.,Ya están sazonando las frutas de mamey que tengo en mi casa.
allalu,rala lu,-alla # lu,EJG;RLC;VC,vC:i,C,NO,521,To be shameless.,"Ser un cara dura, ser descarado, ser sinvergüenza.",body parts,,,r.alla lu,g.a*lla lu,gu.lla lu,,,,,,3,4,Cá'ru' gàladí' lu Juan.,No se ha endurecido la cara de Juan.,Gula lu.,Logró no pasar vergüenzas.
allazee,ralazee,-alla=zee,EJG;RGL,vC:i,C,NO,522,For corn to harden prior to ripening,"Sazonarse, con relación al maíz antes de madurar.",cultivation,,,r.alla=zee,g.a*lla=zee,gu.lla=zee,,,,,,3,1,Qué ñàlazeedí' cuaana'naxhi.,No se sazonó la fruta.,,
alle,ralè,-alle*,EJG;JLC;ND;RLC;VP,vC:i,C,NO,523,"To be born, in reference primarily to mammals including humans.","Nacer, dicho principalmente de los mamíferos incluyendo a los humanos.",life stages,,,r.alle*,g.a*lle* (I),gu.lle*,ka-y.a*lle*,,z.alle*,,,5,5,Gulè ba'du' huiini'.,Nació un(a) niño(a).,Gulè bi'cu' huiini'.,Nació el cachorrito.
alleati,ralè rati,-alle* # -ati,EJG;JLC;RLC,vC:i,C,NO,524,To be stillborn.,Nacer muerto.,wellness,,,r.alle* # r.ati,g.a*lle* # g.ati!7,gu.lle* # guti,,,,,,3,5,Gàlè má guti.,Va a nacer ya muerto.,Gulè guti.,Nació muerto.
allesee,ralèsee,-alle*=see,EJG;JLC;ND;RLC;VP,vC:i,C,NO,525,"To be born prematurely, in reference primarily to a stillbirth that is due to premature labor.","Nacer prematuramente, dicho generalmente de cuando se nace muerto por parto prematuro.",states,,,r.alle*=see,g.a*lle*=see,gu.lle*=see,,,,,,3,2,Gulèseebe.,Nació prematuro (y no sobrevivió).,Xiiñé' gulèsee.,Nació prematuro mi hijo.
anda1,randà,-anda*,EJG;JLC;ND;RLC;VP,vC:i,C,NO,526,To hang.,Colgarse.,states,,,r.anda*,g.a*nda* (I),gu.nda*,,,z.anda*,,,4,6,Gàndà ti ladèdoo ndaani'yoo.,Que se cuelgue una redecilla doméstica del techo de la casa.,Gàndú'; Gàndàlu'.,Que cuelgues.
anda2,randà,-anda*,EJG;JLC;ND;RGL;RLC;VP,vC:i,C,NO,527,To be possible.,Ser posible.,experience,,,r.anda*,g.a*nda*,gu.nda*,,,,,,3,6,Bi'ni' bia' gàndà gacá'.,Haz lo que se pueda.,Gundà bi'ni'be.,Pudo hacer.
anda3,randà,-anda*,EJG;JLC;ND;RLC;VP,vC:a,C,NO,528,To catch something that is up in the air.,Atrapar o cachar algo que está en el aire.,actions,,,r.anda*,g.a*nda* (I),gu.nda*,,,z.anda*,,,4,6,Bindaa ti xiìxà' ni gandá'.,Lanza algo que yo atrape.,Gàndú' pelòta; Gàndàlu' pelòta.,Que atrapes la pelota.
andadyaga,randàdiaga,-anda*=dyaga,VC,vC:i,C,NO,529,To hear or find out about something.,Oír o enterarse de algo.,communication,,,r.anda*=dyaga,,gu.nda*=dyaga,,,,,,2,2,Má gundàdiagabe.,Ya se enteró.,Qué ñàndàdiagadí'be.,No se enteró.
annadiinye,rannà diiñe',-anna* # diinye,RLC,vC:t,C,NO,532,To buy on credit.,Pedir fiado.,actions,,,r.anna* # diinye,g.a*nna* # diinye,gu.nna* # diinye,,,,,,3,2,Gunnàbe guendaro diiñe'.,Pidió la comida de fiado.,Rannàbe diiñe'.,Ella/él pide fiado.
annadxiibi,rannà dxiìbì',-anna* # dxii*bi*,EJG;JLC;RLC,vC:t,C,NO,533,To know about fear-induced ailments and how to cure them.,Saberle al espanto y poder curarlo.,actions,,,r.anna* # dxii*bi*,g.a*nna* # dxii*bi*,gu.nna* # dxii*bi*,,,,,,3,3,Cayànnàbe dxiìbì'.,Está curando de espanto.,Cayànnà hermàna huiini' dxiìbì'.,La curandera está santiguando / curando el susto.
anna1,rannà,-anna*,EJG;JLC;ND;RGL;RLC,vC:t,C,NO,530,"To know, to learn, to be informed.","Saber, conocer, aprender, tener información.",actions,,,r.anna*,g.a*nna* (I),gu.nna*,ka-y.a*nna*,,,,,4,6,Cayànnàbe dxiìbì' Lìnda.,Está santiguando ella a Linda.,Gunnà xì ngà cayú'nu'.,Aprende lo que estás haciendo.
anna2,rannà,-anna*,EJG;ND;RLC,vC:t,C,NO,531,"To request, to rent, to borrow including borrowing money.","Solicitar, alquilar, pedir prestado, pedir fiado.",actions,,,r.anna*,g.a*nna*,gu.nna*,ka-y.a*nna*,,z.anna*,,ri!+ ganna*; ~ re!+ ganna*,6,6,Fán gunnàbe xiiñi' Mariá para chí gùni dxiiña' ra lidxibe.,Juan fue a buscar al hijo de María para que vaya a trabajar en su casa.,Lìli guirà' dxi rannà xiiñi' Bètu chè'sì' cubaniidxì' xtì'.,"Todos los días, Lili pide que le presten al hijo de Beto para que le vaya a comprar su queso."
annadyaga,rannàdiaga,-anna*=dyaga,ND;RLC;VC,vC:t,C,NO,534,"To find out, to come to know.","Enterarse, obtener información.",actions,,,r.anna*=dya^ga,g.a*nna*=dya^ga (I),gu.nna*=dya^ga,,,,,,3,1,Rannàdiagabeni.,Se llega a enterar de ello.,,
annaga,rannàga,-anna*=ga,EJG;RLC,vC:t,C,NO,535,"To be aware, to be attentive, to be careful.","Estar al tanto, fijarse, tener cuidado.",speech acts,,,r.anna*=ga,g.a*nna*=ga,gu.nna*=ga,,,,,,3,2,"Gànnàgabe laacà, napàbe xiiñi'be.","Que se fije ella, porque ella también tiene hijos (ej. si una persona habla mal de los hijos de otra persona, ésta da la advertencia que igual un día alguien va a hablar mal de los niños de la primera persona.",Gunnàga xì cayú'nu'.,Fíjate en lo que haces.
annalu,rannàlu,-anna*=lu,EJG;RLC,vC:t,C,NO,536,To spoil someone.,Consentirlo.,body parts,,,r.anna*=lu,g.a*nna*=lu,gu.nna*=lu,,,,,,3,5,Gunnàlu laabe jmá.,¡Consiéntelo más!,Qué rannàludí' Mariá xiiñi'.,María no consiente a su hijo.
annaxii,rannàxhiì,-anna*=xii*,EJG;JLC;ND;VP,vC:t,C,NO,537,"To know how to love, to love, to adore.","Saber querer, querer, amar, adorar.",emotion,,,r.anna*-xii*,g.a*nna* xii*,gu.nna* xii*,,,,,,3,6,Bidunnàxhiì.,Se quizo mucho (alguien o a algo que ya no se tiene).,Binnì rannàxhiì xquenda.,Gente que ama su propio don.
apa,rapa,-apa,EJG;JLC;ND;RLC;VP,vC:t,C,NO,538,"To look after, to watch over, to guard, to protect.","Cuidar, guardar, custodiar, proteger.",actions,,,r.apa,g.apa!7 (I),gu.pa,ka-y.a!pa,,z.apa,,ri!+ g.apa* ~ re!+ g.apa*,6,6,Gapá'cabe laabe.,Que lo cuiden.,"Gudxé'cá' lii, ñàpa chaahui'lu'ni.",Te dije que lo guardaras bien.
apabyaani,rapa biaani',-apa # b.y.aani,EJG;JLC;ND;VC,vC:t,C,NO,539,To have a wake.,"Velar. En San Blas Atempa, esto se refiere a una ceremonia en la que se lleva luz a una boda.",cultural practices,,,r.apa # b.y.aani,g.apa!7 # b.y.aani (I),gu.pa # b.y.aani,,,,,,3,3,Cayápa biaani'.,Están velando.,Cayápa Mariá biaani' xtì' xheela'.,Está velando María a su (difunto) marido.
apapaskwa,rapa pàscua,-apa # pa*skwa,RLC,vC:t,C,NO,540,To celebrate Christmas Eve with a fish meal.,Celebrar comiendo pescado el 24 de diciembre.,cultural practices,,,r.apa # pa*skwa,g.apa!7 # pa*skwa (I),gu.pa # pa*skwa,,,,,,3,1,Cayápaca'be pàscua.,Están celebrando la Navidad (el 24 de diciembre con una cena a base de pescado).,,
apa-2,rapà,-apa*,EJG;JLC;ND;VP,vC:t,C,NO,541,To have.,Tener.,states,,,r.apa*,g.a*pa*,gu.pa*,ka-ya*pa*,,z.apa*,,,5,6,Gupà gunaaquè ba'du'.,Se alivió aquella mujer (lit. esa mujer ya tuvo a su bebé).,Má gupàbe ba'du'.,Ya tuvo el bebé.
apagendabyaani,rapà guendabiaani',-apa* # genda+ b.y.aani,EJG,vC:t,C,NO,542,To have common sense.,Tener juicio o sentido común.,cognition,,,r.apa* # genda+ b.yaani ,g.a*pa* # genda+ b.yaani ,gu.pa* # genda+ b.yaani ,,,,,,3,2,Pèdru quí gapà guendabiaani'.,Pedro no tiene juicio.,Quí gapà Pèdru guendabiaani'.,Pedro no tiene juicio.
apalu,rapàlu,-apa*=lu,EJG;VC,vC:t,C,NO,543,To make a profit.,Obtener ganancia o utilidad.,experience,,,r.apa* lu^,g.a*pa* lu,gu.pa* lu,ka-ya*pa* lu,,,,,4,2,Cádí cayàpà ludí'be gastí'.,No está sacando nada de ganancia (ej. de su nuevo negocio).,Cayàpà lube xiìxà.,Está sacando algo de ganancia.
asi,rasi,-asi,EJG;JLC;ND;RGL;RLC;VP,vC:i,C,NO,544,To sleep.,Dormirse.,states,,,r.asi,g.asi!7,gu.si,ka-y.a!si,,z.asi,,,5,6,Gusé' xa.,Me dormí.,Gusi ba'du' huiini'.,Se durmió el bebé.
asinextobi,rasinè xtóbi,-asi=ne* # x.to!bi,JLC,vC:i,C,NO,545,"To sleep around, to have extramarital sex or sex with multiple partners.",Acostarse con otros en el contexto de tener sexo extramatrimonial o con parejas múltiples.,behavior,,,r.asi=ne* # x.to!bi,g.asi!7=ne* # x.to!bi,gu.si=ne* # x.to!bi,,,,,,3,1,Gusinè xheelá' xtóbi.,Mi marido se acostó con otra.,,
ati,rati,-ati,JLC;ND;RGL;RLC;VP,vC:i,C,NO,546,To die.,"Morir, morirse.",actions,,,r.ati,g.ati!7,gu.ti,,,,,,3,6,Cayáti pur gunaa ni zè'.,Está sufriendo (lit. muriendo) por la mujer que se fue.,Gaté' diamór.,Moriré de amor.
atibani,rati ribanì,-ati # -bani*,EJG;ND,vC:i,C,NO,547,"For something to happen or be done on and off, to ebb and flow (lit. to die and to revive).",Ocurrir de manera intermitente o con fluctuaciones (lit. morir y revivir).,wellness,,,r.ati=ri-bani*,g.ati!7 gi^-ba^ni*,,ka-y.a!ti=ka-ba*ni*,,,,,3,6,Cayáti cabànì.,Desfallece.,Cayáti cabànì biaani'.,Se apaga y se prende la luz.
atibeewu,rati beeù',-ati # beewu*,JLC;RGL;RLC,vC:i,C,NO,548,"End of the lunar cycle, end of the month (lit. for the moon to die).","Final del ciclo lunar, final del mes (lit. morir la luna).",time,,,r.ati # beewu*,g.ati!7 # beewu*7,gu.ti # beewu*,,,,,,3,3,Chígati beeù'.,Se va acabando el mes.,Cuèzànu gatí'sì beeù' para tì gucá'nu bini.,Esperemos que se muera la luna para poder sembrar.
atigiigu,rati guiigu',-ati # giigu,EJG;JLC;ND;VP,vC:i,C,NO,549,To drown in a body of water (lit. to die in a river).,Ahogarse en un cuerpo de agua (lit. morir en río).,experience,,,r.ati # giigu,g.ati!7 # giigu,gu.ti # giigu,ka-y.a!ti # giigu,,z.ati # giigu,,,5,2,Cayátibe guiigu'.,Se está ahogando (ej. en un río).,Zati guiigu'.,Morirá ahogado.
atinisa,ratì nisa,-ati* # nisa,EJG;JLC;ND;RLC;VP,vC:i,C,NO,550,To be thirsty.,Tener sed.,states,,,r.ati* # nisa,g.a*ti* # nisa,g.uti* # nisa,ka-y.ati* # nisa,,,,,4,4,Cayàtìbe nisa.,Tiene sed.,Gutibe nisa.,Tenía sed.
atigubinya,ratìgubiña,-ati*=gu-binya,EJG;VC,vC:i,C,NO,551,To starve.,Morirse de hambre.,experience,,,,,,,,,ny.a*ti*=gu-binya,r.i-gatti*; ~ r.e-g.ati* gu^binya,2,1,Qué ñàtìgubiñadí'be.,No se murió de hambruna.,,
atide,ratide,-ati=de,EJG;JLC;ND;RLC,vC:i,C,NO,552,"To cry to exhaustion, in reference primarily to babies and toddlers.","Llorar a más no poder, dicho de infantes de muy temprana edad.",behavior,,,r.ati=de,g.ati!'=de,g.uti=de,ka-y.a!ti de,,z.ati=de,,,5,4,Cayátide.,Está llorando a más no poder.,"Gabrièla, gucapurá cayátide Olìbia.","Gabriela, apúrate, está llorando mucho Olivia."
atinaadxi,ratinaadxi',-ati=naadxi,EJG;ND,vC:i,C,NO,553,To die of love. The use of this phrasal verb seems to be limited to the area of Juchitán de Zaragoza. Knowledge bearers from La Ventosa and Santa María Xadani do not use it.,"Morir de amor. El uso de este verbo de frase parece limitarse a la zona de Juchitán de Zaragoza, ya que ciertos conocedores de La Ventosa y de Santa María Xadani no lo utilizan.",experience,,,r.ati=naadxi,,,ka-y.a!ti=naadxi,,z.ati=naadxi,ny.a!ti=naadxi,,4,2,Cayáti naadxi'be.,Se está muriendo su amante.,Qué ñáti naadxiidí'be.,No se murió de amor.
atiriluzhe,ratiriluxe,-ati=ri-luzhe,EJG;JLC;ND;RLC,vC:i,C,NO,554,To be overly devoted to someone.,Desvivirse por alguien.,states,,,r.ati=ri-luzhe,g.ati!7=ri-luzhe,gu.ti=bi-luzhe,,,z.ati=gi-lu^zhe,,,4,6,Guti riluxe Fán pur Fàna.,Juan se desvivía por Juana (pero ya no la quiere).,Ratiriluxecabe pur xiiñi'.,Se desviven por su hijo.
atiwaa,ratihuaa,-ati=waa,EJG;RLC,vC:i,C,NO,555,To be infuriated (lit. to die by anger).,Morirse de coraje en el sentido de una situación en que alguien está sumamente enojado.,emotion,,,r.ati=waa,g.ati!=waa,gu.ti=waa,ka-y.a!ti=waa,,z.ati=waa,,,5,1,Zatihuaalu'.,Te vas a morir de coraje.,,
atixxyee,ratixhiee,-ati=x.xyee,EJG;JLC;ND;RGL;RLC;VP,vC:i,C,NO,556,To die of suffocation or asphyxiation.,Morir sofocado o asfixiado.,actions,,,r.ati=x.xyee; ~ r.ati=x.xye7,g.ati!7=x.xyee,gu.ti=x.xyee,,,z.ati x.xye7,,,4,5,Cayátixhie' ba'du' huiini'.,Se está sofocando el niñito.,Cayátixhiee.,Se está asfixiando.
atizheexe,ratixeexhe',-ati=zheexe,EJG;JLC;ND,vC:i,C,NO,557,To be infuriated (lit. to die by intense emotional disturbance).,Morirse de coraje en el sentido de una situación en que alguien está sumamente enojado (lit. morir de alteración emocional).,emotion,,,r.ati=zheexe,g.ati!7=zheexe,gu.ti=zheexe,ka-y.a!ti=zheexe,,z.ati=zheexe,,,5,3,Cayátixeexhe'.,Se está muriendo de coraje.,Gutixeexhe' Fán.,Juan se murió de coraje.
atizhyana,ratixiana,-ati=zhyana,EJG;JLC,vC:i,C,NO,558,To be infuriated (lit. to die by anger).,Morirse de coraje en el sentido de una situación en que alguien está sumamente enojado.,emotion,,,r.ati=zhyana,g.ati!7=zhyana,,k.a-ya!ti=zhyana,,z.ati=zhyana,,,4,4,"Gutixiana, biniti.",Estaba muerto de coraje porque perdió.,Nècàpe' gatíxianalu' naa ziyá'.,Aunque te mueras de coraje voy a ir.
atizi7,ratizì',-ati=zi*7,EJG;JLC;ND;RLC;VP,vC:i,C,NO,559,"To starve, literally or figuratively.","Morirse de hambre, ya sea literalmente o manera figurada.",experience,,,r.ati=zi*7,g.ati!7=zi*7,gu.ti=zi*7,ka-y.a!ti=zi*7,,z.ati=zi*7,,,5,5,Canayatizì'.,Anda muerto de hambre.,Cayátizì'.,Se está muriendo de hambre; Está en la miseria.
awi,rahuì,-awi*,EJG;JLC;ND;RLC;RLL;VC;VP,vC:t,C,NO,560,To wear.,"Portar, ponerse ropa.",clothing and adornment,,,r.awi*,g.a*wi*,gu.wi*,ka-y.a^wi*,,z.awi*,,,5,2,Cayàhuì Fán xcamixá'.,Se está poniendo Juan su camisa.,Rahuìbe bizuudi'.,Se pone su nagua.
awinisa,rahuì nisa,-awi* # nisa,EJG;RLC;VC,vC:t,C,NO,561,To spray water over someone or something.,"Rociar con agua, cubrir de agua.",actions,,,,g.a*wi* # nisa,,,,,,,1,1,Ra rahuì nisa.,Donde sale el agua (ej. un manantial).,,
axa,raxha,-axa,EJG;JLC;ND;RGL;RLC;VP,vC:t,C,NO,562,"To extract, to take out, to pull out. This verb is also used to describe the practice whereby, during the first night of a couple's domestic partnership or marriage, the groom inserts a finger into the bride's vagina to extract the hymen and verify her virginity.","Quitar, sacar, extraer, arrancar, restar. Este verbo también se usa para describir la práctica mediante la cual, durante la primera noche del concubinato o del matrimonio de una pareja, el novio introduce un dedo en la vagina de la novia para extraer el himen y verificar su virginidad.",actions,,,r.axa,g.axa!7,gu.xa,ka-y.a!xa,,z.axa,ny.a!xa,,6,5,Cádi gaxu'dióu'ni naa.,No me lo quites.,Gueèdà' gaxhacabe duubi' ladé'.,Que vengan a quitarme las plumas de mi cuerpo (en referencia al cuento de un animal que tomó plumas de varios animales y luego cada animal le fue a quitar su pluma).
axadela7dxido7,raxha de la'dxi'do',-axa # de+ la7dxi=do7,RLC,vC:t,C,NO,563,To stop caring for someone (lit. to rip someone out of one's heart).,Desentenderse de alguien (lit. arrancarse a alguien del corazón).,change of state,,,r.axa # de+ la7dxi=do7,g.axa!7 # de+ la7dxi=do7,gu.xa # de+ la7dxi=do7,,,,,,3,1,Raxhabe xiiñi'be de la'dxi'do' ni quí gapà la'dxi'do'.,No tiene corazón el que abandona a sus hijos (lit. el que saca a sus hijos del corazón).,,
axadexku,raxha de xcu,-axa # de+ x.ku,JLC,vC:t,C,NO,564,"To uproot, to pull a plant with its roots.",Arrancar desde la raíz.,actions,,,r.axa  # de+ x.ku,g.axa!7 # de+ x.ku,gu.xa  # de+ x.ku,,,,,,3,3,De xcu ca' bizaaquè guxha Fán.,Quitó Juan su frijol desde la raíz.,Guxha Fán de xcu ca bizaaquè.,Quitó Juan su(s plantas de) frijol desde la raíz.
axabelle,raxhabele,-axa=belle,RLC,vC:i,C,NO,565,To generate sparks.,Sacar chispas.,actions,,,r.axa=belle,g.axa!7=belle,gu.xa=belle,,,,,,3,2,Cayáxha belecà bateè.,Está sacando chispas esa lumbre.,Raxhabele tòro huiini'.,Echa chispas el torito.
axaike,raxhaique,-axa=ike,JLC;VC,vC:i,C,NO,566,"To back out, to pull out. To do something without thinking it through.","Rajarse, dejar algo. Hacer algo sin pensarlo bien.",actions,,,r.axa=ike,g.axa!7=ike,gu.xa=ike,,,,,,3,3,Guxhaique Fán.,Se salió (ej. porque no le gusto el trabajo).,Qué raxhaiquedí' ba'du'cà.,No reflexiona ese niño (ej. hace las cosas sin considerar las consecuencias).
axalu,raxhalu,-axa=lu,VC,vC:i,C,NO,567,To do something without thinking it through.,Hacer algo sin pensarlo bien.,actions,,,r.axa=lu,g.axa!7=lu,gu.xa=lu,,,,,,3,1,Quí raxhaludí' ba'du'cà.,"No reflexiona ese niño (ej. es temerario, se va al peligro).",,
axane,raxhanè,-axa=ne*,RGL,vC:t,C,NO,568,To pull out with a tool.,Arrancar con una herramienta.,actions,,,r.axa=ne*,g.axa!7=ne* (I),gu.xa=ne*,,,,,,3,1,Raxhanè Fán martíu klàbu.,Juan arranca el clavo con el martillo.,,
axanyee,raxhañee,-axa=nyee,ND;RLC;VC,vC:i,C,NO,569,"To leave, to uproot oneself, to pull out.","Partir, desarraigarse, rajarse.",actions,,,r.axa nyee,g.axa!7 nyee,gu.xa nyee,,,,,,3,6,Fán qué raxhañeedí' ndaani' xquidxi.,Juan no deja sus raíces en el pueblo.,Guxhañee.,Se rajó. (lit. arrancó el pie).
axaxtuxu,raxhaxtuxhu,-axa=x.tuxu,RLC,vC:i,C,NO,570,"To emerge intensely (lit. to pull out one's sharp edge). Metaphor to describe an energy that is so intense, it becomes bothersome, as when the sun comes out very strong.","Salir bravo (lit. sacar su filo). Metáfora para describir una energía que molesta, como cuando sale el sol muy fuerte.",experience,,,r.axa=x.tuxu,g.axa!7=x.tuxu,gu.xa=x.tuxu,,,,,,3,1,Guxhaxtuxhu gubidxa.,Salió duro (lit. filoso) el sol.,,
aze,raze,-aze,EJG;JLC;ND;RLC;VP,vC:i,C,NO,571,To bathe oneself.,Bañarse.,actions,,,r.aze,g.a*ze,gu.ze,,,z.aze,ny.a!ze,,5,6,Gàzebe nisa bandaga.,Que tome un baño de hojas curativas.,Má raze.,Ya se baña.
azebiga7,raze biga',-aze # bi-ga7,EJG;JLC;RGL;RLC,vC:i,C,NO,572,To drape oneself lavishly in jewelry.,Cubrirse de alhajas.,clothing and adornment,,,r.aze # bi-ga7,g.aze!7 # bi-ga7,gu.ze # bi-ga7,,,z.aze # bi-ga7,,,4,2,Guzebe de biga'.,Trae un collar de oro.,Raze Fàna biga'.,Juana se cuelga muchos collares.
ba7ki,riba'qui',-b.a7ki,EJG;JLC;ND;RLC;VP,vD(p>l):t,D,NO,573,"To put on, to put down, to lay down, to place.","Ponerlo, acostarlo, colocarlo.",actions,,,ri-b.a7ki,kw.aki!7 (I),gu-l.a7ki,ka-b.a!7ki,,,,,4,6,Àle riba'qui' ti gamixá' naquichí'be.,Ale se pone una camisa blanquísima.,Cabá'cu'; Cabá'qui'lu'.,"Estás colocando (ej. ropa sobre ti, un bebé en la cama)."
ba7kitile7,riba'qui' (ti) le',-b.a7ki # (ti+) le7,JLC,vD(p>l):t,D,NO,574,To build a fence.,Cercar.,construction,,,ri-b.a7ki # le7,kw.aki!7 # le7,gu-l.a7ki # (ti+) le7,,,,,,3,1,Gula'qui' Fán le' layu.,Juan cercó el terreno.,,
ba7kidiidxaza,riba'qui' diidxaza,-b.a7ki # diidxa=za,JLC,vD(p>l):t,D,NO,575,"To have a way with words in Didxazá, to write poetry or songs in Didxazá.","Tener un don de palabra en didxazá, componer poesía o canciones en didxazá.",music and dance,,,ri-b.a7ki # diidxa za,kw.aki!7 # diidxa za,gu-la7ki # diidxa za,,,,,,3,2,Cuaquí'be cansión diidxaza.,Que componga una canción en didxazá.,Riba'qui' Ròsa didxazá.,Rosa habla bonito el didxazá.
ba7kidxi,riba'qui' dxi,-b.a7ki # dxi,EJG,vD(p>l):t,D,NO,576,"To set a date, as for an event or commitment.","Poner el día, seleccionar una fecha (ex. para algún evento o compromiso).",actions,,,ri-b.a7ki # dxi,k.w.aki!7 # dxi,gu-l.a7ki # dxi,ka-b.a!7ki dxi,,,,,4,3,Gula'qui' dxi.,Pon el día.,Má gula'qui'cabe dxi.,Ya pusieron el día (de la boda).
ba7kidxita,riba'qui' dxita,-b.a7ki # dxita,JLC,vD(p>l):t,D,NO,577,To lay eggs.,Poner huevos.,actions,,,ri-b.a7ki # dxita,kw.aki!7 # dxita,gu-l.a7ki # dxita,,,,,,3,1,Má (g)ula'qui' bere (dxita).,Ya pusola gallina (huevos).,,
ba7kigi,riba'qui' gui,-b.a7ki # gi,EJG,vD(p>l):t,D,NO,578,To light a fire.,"Prender lumbre, encender fuego.",actions,,,ri-b.a7ki # gi,kw.aki!7 # gi,gu-l.a7ki # gi,,,,,,3,1,Riba'qué' gui lu de xtinné'.,Prendí la lumbre de mi horno.,,
ba7kilari,riba'qui' lari,-b.a7ki # lari,EJG;JLC,vD(p>l):t,D,NO,579,"To put on clothes, to get dressed.","Ponerse ropa, vestirse.",actions,,,ri-b.a7ki # lari,kw.a7ki!7 # lari,gu-l.a7ki # lari,,,,,,3,2,Juan riba'qui' lari féu.,Juan viste ropa fea.,Riba'qui' Mariá lari.,María se pone la ropa.
ba7kimezha7,riba'qui' mexá',-b.a7ki # mezha!7,JLC,vD(p>l):t,D,NO,580,To set the table.,Poner la mesa.,actions,,,ri-b.a7ki # mezha!7,kw.aki!7 # mezha!7,gu-l.a7ki # mezha!7,,,,,,3,1,Riba'qui' Fán mexá' para Pèdru.,Le pone la mesa Juan a Pedro.,,
ba7kixti7,riba'qui' xtì',-b.a7ki # x.ti*7,RLC,vD(p>l):t,D,NO,581,"To pawn one's property in exchange for a loan, to start one's own business (lit. to put down something of one's own).","Empeñar algo propio a cambio de un préstamo de dinero, iniciar un negocio propio (lit. poner algo suyo).",actions,,,ri-b.a7ki # x.ti*7,kw.aki!7 # x.ti*7,gu-l.a7ki # x.ti*7,,,,,,3,4,Cuaquí'be xtì'be.,Que ponga (su propio negocio).,Gula'qui' Mariá tiènda xtì'.,María puso su tienda.
ba7kibya7,riba'qui'bia',-b.a7ki=bya7,JLC;RLC,vD(p>l):t,D,NO,582,To measure.,Medir.,measure and quantity,,,ri-b.a7ki=bya7,kw.aki!7=bya7,gu-l.a7ki=bya7,,,,,,3,2,Gula'qui'bia' Fán layu.,Midió Juan el terreno.,Riba'qui'bia'.,Saca la medida.
ba7kichaawi,riba'qui'chaahui',-b.a7ki=chaawi,JLC;RLC,vD(p>l):t,D,NO,583,To put in order.,Arreglar.,actions,,,ri-b.a7ki=chaawi,kw.aki!7=chaawi,gu-l.a7ki=chaawi,,,,,,3,1,Gula'qui'chaahui' Fán ndaani' yoo.,Juan arregló bien la casa.,,
ba7kigudaa,riba'qui'gudaà,-b.a7ki=gu-daa*,JLC;VC,vD(p>l):t,D,NO,584,To make someone duck under or bend down.,Hacer que se agache.,actions,,,,,gu-l.a7ki=gu-daa*,,,,,,1,1,Gula'qui'gudaàbe laa.,Lo hizo agachar.,,
ba7kiike,riba'qui'ique',-b.a7ki=ike,EJG;RLC,vD(p>l):t,D,NO,585,"To lay the head down to rest on something. By extension, to think about someone or something, to have something in mind.","Recostar o descansar la cabeza sobre algo. Por extensión, pensar en algo o en alguien, tener algo en mente.",body parts,,,ri-b.a7ki ike,kw.aki!7=ike,gu-l.a7ki=ike,,,,,,3,1,Riba'quiique'be ca' xiiñi'be irà' dxi.,Piensa en sus hijos todos los días.,,
ba7kikwe7,riba'qui'cue',-b.a7ki=kwe7,EJG;ND;RLC,vD(p>l):a,D,NO,586,"To lean, to lean down, to lay something sideways or leaning.","Ponerse o ponerlo de lado, inclinarse o inclinarlo.",body parts,,,ri-b.a7ki=kwe7,kw.aki!7=kwe7,gu-l.a7ki=kwe7,,,,,,3,4,Gula'qui'cue' Fán Pèdru.,Juan deladeó a Pedro.,Quí riba'qui'cue'dí'beni.,No lo acuesta de lado.
ba7kila,riba'qui'la,-b.a7ki=la,JLC;RLC,vD(p>l):t,D,NO,587,"To name, to give a name.","Nombrar, ponerle nombre.",actions,,,ri-ba7ki=la,kw.aki!7=la,gu-l.a7ki=la,,,,,,3,3,Gula'qui'be laa la Felipe.,Le puso el nombre de Felipe.,Gula'qui'lacabe' laabe Che Grìngu.,"Le pusieron de apodo ""Che Gringo""."
ba7kilu,riba'qui'lu,-b.a7ki=lu,EJG,vD(p>l):t,D,NO,588,"To look over, as a task.",Echar un ojo por encomienda.,body parts,,,ri-b.a7ki=lu,,,,,,ni-ba!7ki=lu,,2,2,Quí nibá'qui'ludí'be.,No echó el vistazo encomendado.,Quí riba'qui'ludí' Mariá gùni gastí'.,No piensa hacer nada María.
ba7kina,riba'qui'na,-b.a7ki=na,EJG;ND,vD(p>l):t,D,NO,589,"To put someone on notice, to warn.","Ponerle sobre aviso, avisarle, advertirle.",actions,,JLC;RLC,ri-b.a7ki=na,kw.aki!7=na,gu-la7ki=na,ka-b.a!7ki=na,,,,,4,2,Caba'qui'na.,Previene.,Gula'qui'na Fán Pèdru.,Le avisó Juan a Pedro.
ba7kineza,riba'qui'neza,-b.a7ki=neza,JLC;RLC,vD(p>l):t,D,NO,590,To show the way.,"Señalar el camino, encaminarlo.",actions,,,ri-b.a7ki=neza,kw.aki!7=neza,gu-l.a7ki=neza,,,,,,3,2,Gula'qui'neza Fán Pèdru.,Lo fue a encaminar Juan a Pedro.,Riba'qui' neza.,Marca el camino.
ba7kirilu,riba'qui'rilu,-b.a7ki=ri+ lu,EJG;ND;RLC,vD(p>l):t,D,NO,591,"To put something face down, to place upside down, to invert.","Ponerlo boca abajo, invertirlo, voltearlo.",actions,,,ri-b.a7ki=ri+ lu,kw.aki!=ri+ lu,gu-l.a7ki=ri+ lu,,,,,,3,2,Quí riba'qui' ri ludí' Fán guisu huiini'.,Volteó Juan el jarrito boca abajo.,Riba'qui'rilu Fán guisuhuiini'.,Juan voltea el jarrito boca abajo.
ba7kisa,riba'qui'sa,-b.a7ki=sa,EJG;JLC;RLC,vD(p>l):t,D,NO,592,To place something face up or right side up.,Ponerlo boca arriba.,actions,,,ri-b.a7ki=sa,kw.a7ki!7=sa,gu-l.a7ki=sa,,,,,,3,1,Riba'qui'sa Fán guisu huiini'.,Volteó Juan el jarrito boca arriba.,,
ba7kita7,riba'qui'ta',-b.a7ki=ta7,EJG,vD(p>l):t,D,NO,593,To leave something lying around.,Dejar botado o tirado.,actions,,,ri-b.a7ki=ta7,kw.aki!7=ta7,gu-la7ki=ta7,,,,,,3,1,(G)ula'qui'ta' Ròsa xtì' còsa.,Rosa dejó tiradas sus cosas.,,
ba7kixti,riba'qui'xti,-b.a7ki=x.ti,EJG;RLC,vD(p>l):t,D,NO,594,"To set the foundation of something, to found, to establish.","Iniciar, fundar, organizar.",actions,,EJG;RLC,ri-b.a7ki=x.ti,kw.aki!7=x.ti,gu-l.a7ki=x.ti,,,,,,3,1,(G)ula'qui'xti tà Tomás proyètodí'.,Fundó Don Tomás este proyecto.,,
ba7na,riba'na',-b.a7na,EJG;JLC;ND;RGL;VP,vD(p>l):t,D,NO,595,"To steal, to abduct. This verb is used to describe when a young man takes his girlfriend to his house to become established as a couple.","Robar, raptar. También se usa para describir cuando un chico se lleva a su novia a su casa para establecerse como pareja.",actions,,RLC,ri-b.a7na,kw.ana!7 (I),gu-l.a7na,ka-b.a!7na,,za-b.a7na,,,5,3,Gula'na'cabe buèltu.,Se robaron el dinero.,Gula'na' Fán buèltu.,Juan se robó el dinero.
ba7nana7,riba'na'nà',-b.a7na=na*7,EJG;RLC,vD(p>l):i,D,NO,596,To rob by way of not delivering the full amount paid for.,Robar al no entregar la cantidad completa de una mercancía que se pagó.,actions,,,ri-b.a7na=na*7,kw.ana!7=na*7,gu-l.a7na=na*7,,,,,,3,6,Cádí cuaná'nóu'dióu'.,No me des el producto incompleto (lit. no robes con la mano).,Laacabe qué ribaná'nà'dí'cabe.,No les des menos de lo debido (lit. no robes con la mano).
bagu,ribagu,-b.agu,EJG;JLC;VP,vD(p>l):t,D,NO,597,"To glean, especially as it relates to the collection of corn husks left behind after the harvest.","Espigar, pizcar o pepenar, en particular cuando se trata de recolectar la mazorca que se quedó en la milpa después de la cosecha.",cultivation,,EJG,ri-b.agu,kw.a*gu,gu-l.agu,ka-b.a!gu,,,,,4,5,Cuàgunu.,Que tomemos un poquito (lit. un pellizco) de algo.,(G)ulagu Ròsa ra ñaa xtì' bixhoze.,Fue Rosa a pepenar a la milpa de su papá.
bagugiiche,ribagu guiichè',-b.agu # giiche*,EJG,vD(p>l):i,D,NO,598,Jiménez Girón (1979:151) defines this phrasal verb as denting the grinding slab or the grinding stone.,"Jiménez Girón (1979:151) define este verbo de frase como ""picar el metate o la piedra de moler"".",processes,,,ri-b.agu # giiche*,kw.a*gu # giiche*,gu-l.agu # giiche*,,,,,,3,1,Ribagu Juan lu guiichè'.,Juan pica su metate.,,
baguike,ribagu ique,-b.agu # ike,JLC;VP,vD(p>l):i,D,NO,599,To rap someone on the head.,Dar coscorrones.,body parts,,,ri-b.agu ike,kw.a*gu ike,gu-l.agu ike,,,,,,3,2,Cádí' cuàgudiou' iquebe.,No le des de coscorrones.,Gulagu Fán ique Pèdru.,Juan le dio de coscorrones a Pedro.
bee,ribeè,-b.ee*,EJG;JLC;ND;RGL;VP,vD(p>l):t,D,NO,600,"To pull out, to extract, to remove.","Sacarlo, quitarlo, extraerlo.",actions,,,ri-b.ee*,kw.ee* (I),gu-l.ee*,ka-b.ee*,,za-b.ee*,,,5,7,Chíndé' ca' rònda.,Voy a sacar canales de riego para la milpa.,Chíndeé' cadxi rini xtíu'.,Te voy a sacar un poquito de sangre.
beebatee,ribeè bateè,-b.ee* # ba-tee*,JLC,vD(p>l):t,D,NO,601,To be fuming (in anger).,Echar chispas de coraje.,emotion,,,ri-b.ee* # ba-tee*,kw.ee* # ba-tee*,gu-l.ee* # ba-tee*,,,,,,3,1,De ribeè Juán bateè.,Juan chispas saca (de coraje).,,
beeba7du,ribeè ba'du',-b.ee* # ba7du,RLC,vD(p>l):t,D,NO,602,"To perform a c-section to deliver a newborn, to perform an abortion using suction.","Practicar una cesárea para dar a luz a un recién nacido, practicar un aborto mediante succión.",wellness,,,ri-b.ee* # ba7du,kw.ee* # ba7du,gu-l.ee* # ba7du,,,,,,3,2,Guleè doctor ba'du'.,Le sacó el doctor al bebé (por cesarea).,Ni ribeè ba'du'.,Quien realiza un aborto con sonda.
beebelle,ribeè bele,-b.ee* # belle,JLC,vD(p>l):t,D,NO,603,"To emit flames or sparks, to be fuming.","Echar fuego, echar chispas.",actions,,,ri-b.ee* # belle,kw.ee* # belle,gu-l.ee* # belle,,,,,,3,6,Guleè Fán bele.,Anda que saca fuego de coraje.,Quí nibeèdí'ni bele.,No saca chispas.
beebiidi,ribeè biidi',-b.ee* # biidi,JLC,vD(p>l):t,D,NO,604,To remove a stain.,Desmanchar.,actions,,,ri-b.ee* # biidi,kw.ee* # biidi,gu-l.ee* # biidi,,,,,,3,1,Ribeè Fán biidi' lari.,Juan saca la mugre de la ropa.,,
beebiidxi,ribeè biidxi',-b.ee* # biidxi,JLC,vD(p>l):t,D,NO,605,To pit.,Despepitar.,actions,,EJG;JLC;ND;RGL;RLC,ri-b.ee* # biidxi,kw.ee* # biidxi,gu-l.ee* # biidxi,,,,,,3,1,Ribeè Fán biidxi' guitu.,Juan saca las semillas de la calabaza.,,
beediidxa,ribeè diidxa',-b.ee* # diidxa,JLC,vD(p>l):t,D,NO,606,To interrogate.,Interrogar.,actions,,,ri-b.ee* # di^idxa,kw.ee* # di^idxa,gu-l.ee* # di^idxa,,,,,,3,3,(G)uleè diidxa'.,Lo hizo confesar.,Guleè Fán diidxa' Pèdru.,Juan le preguntó cosas a Pedro.
beediidxala7dxi,ribeè diidxa'la'dxi',-b.ee* # diidxa=la7dxi,EJG;VP,vD(p>l):t,D,NO,607,To interrogate insistently.,Interrogar con insistencia.,actions,,,ri-b.ee diidxa=la7dxi,kw.ee* # diidxa=la7dxi,gu-l.ee* # diidxa=la7dxi,,,,,,3,1,Ribeè Ròsa diidxa'la'dxi' Gabrièla.,Le preguntó de todo Rosa a Gabriela.,,
beedoope,ribeè doopè',-b.ee* # doope*,JLC,vD(p>l):t,D,NO,608,To fart.,Echar pedos.,actions,,,ri-b.ee* # doope*,kw.ee* # doope*,gu-l.ee* # doope*,,,,,,3,1,Guleè Fán doopè'.,Juan sacó pedo.,,
beeduubi,ribeè duubi',-b.ee* # duubi,JLC,vD(p>l):t,D,NO,609,To pluck.,Desplumar.,actions,,,ri-b.ee* # du^ubi,kw.ee* # duubi,gu-l.ee* # duubi,,,,,,3,2,Guleè Fán duubi' bere.,Juan desplumó la gallina.,Guleè Fán xtuubi' bere.,Juan desplumó la gallina.
beegana,ribeè gàna,-b.ee* # ga*na,JLC;RLC,vD(p>l):t,D,NO,610,To discourage.,Desanimar.,actions,gana,,,,gu-l.ee* # ga*na,,,,,,1,0,,,,
beegela1,ribeè guela,-b.ee* # gela,EJG;JLC;RGL,vD(p>l):t,D,NO,611,To obtain an abundant corn harvest.,Obtener buena cosecha de la milpa.,cultivation,,EJG;JLC;ND;RGL;RLC,ri-b.ee* # gela,kw.ee* # gela,gu-l.ee* # gela,,,,,,3,1,Guleè Fán guela.,Juan sacó buena cosecha.,,
beegela2,ribeè guela,-b.ee* # gela,EJG;VC,vD(p>l):t,D,NO,612,To prop up fallen corn stalks.,Enderezar las milpas caídas.,actions,,,,,,,,,,,0,1,Qué nibeèdí'be guela.,No enderezó las milpas (que tiro el arado).,,
beegidi,ribeè guidi,-b.ee* # gidi,JLC,vD(p>l):t,D,NO,613,To skin.,Despellejar.,actions,,,ri-b.ee* # gi^di,kw.ee* # gidi,gu-l.ee* # gi^di,,,,,,3,2,Guleè Fán guidi bidxiñà.,Lo quitó el pellejo al venado Juan.,Guleè guidi bidxiñà.,Lo quitó el pellejo al venado.
beegidiladi,ribeè guidi ladi,-b.ee* # gidi ladi,JLC,vD(p>l):t,D,NO,614,"To skin, to peel, to shell.","Descascarar, quitar la cáscara, pelar.",actions,,,ri-b.ee* # gidi ladi,kw.ee* # gidi ladi,gu-l.ee* # gidi ladi,,,,,,3,2,Guleè Fán guidiladi biduaa.,Juan peló el plátano.,Guleè Fán xquidi ladi beenda'.,Juan le quitó el cuero a la víbora.
beegunaa,ribeè gunaa,-b.ee* # gu-naa,EJG,vD(p>l):t,D,NO,615,This phrasal verb is used to describe when a young man takes his girlfriend to his house to become established as a couple.,Este verbo de frase se usa para describir cuando un chico se lleva a su novia a su casa para establecerse como pareja.,life stages,,,ri-b.ee* # gu-naa,kw.ee* # gu-naa,gu-l.ee* gu^-naa,,,,,,3,1,Guleèbe gunaa.,Se llevó a su novia a su casa para vivir juntos.,,
beejneza,ribeè jneza,-b.ee* # j.neza,JLC;RLC,vD(p>l):t,D,NO,616,"To calculate a sum, to find a solution, to find the way (lit. to pull out the way).","Sacar la cuenta, hallar la solución, encontrar la manera (lit. sacar su camino).",actions,,,ri-b.ee* # j.neza,kw.ee* # j.neza,gu-l.ee* # j.neza,,,,,,3,2,Má guleè Gabrièla xnezani.,Ya encontró la manera Gabriela.,"Ribeè ñee, ribeè xneza.","Halla la solución. (lit. saca pie, saca camino)"
beejnezakwenta,ribeè jnezacuènta,-b.ee* # j.neza=kwe*nta,JLC,vD(p>l):t,D,NO,617,To calculate a sum correctly.,Sacar la cuenta correctamente.,actions,cuenta,,,,gu-l.ee* # j.neza kwe*nta,,,,,,1,1,Guleè Mariá jneza cuènta xtì Ròsa.,María sacó la cuenta bien de lo que le debe Rosa.,,
beekruda,ribeè krùda,-b.ee* # kru*da,RLC,vD(p>l):t,D,NO,618,To treat a hangover.,Curarse la cruda.,wellness,,,ri-b.ee* # kru*da,kw.ee* # kru*da,gu-l.ee* # kru*da,,,,,,3,1,Má (g)uleèbe cruda.,Ya se curó la cruda.,,
beelari,ribeè lari,-b.ee* # lari,JLC,vD(p>l):t,D,NO,619,To undress.,Desvestirse.,actions,,JLC;RLC,ri-b.ee* la^ri,kw.ee* # lari,gu-l.ee* la^ri,,,,,,3,4,Guleè Fán lari.,Se desvistió Juan.,Guleè Mariá lari xiiñe'què.,María desvistió a su hija.
beelu,ribeè lu,-b.ee* # lu,EJG;JLC;RLC;VC;VP,vD(p>l):t,D,NO,620,"To show or stick out one's face. By extension, to make a profit by not delivering the full amount paid for.","Asomar la cara. Por extensión, obtener una ganancia sobre todo al no entregar la cantidad completa de una mercancía que se pagó.",actions,,,ri-b.ee* lu,kw.ee* lu,gu-l.ee* lu,,,,,,3,2,Cádi cueèdí' Fán luni.,Que Juan no le quite nada (a algo).,Cádí' cueèù'dióu' luni.,No vendas incompleto.
beeneza,ribeè neza,-b.ee* # neza,JLC;RLC,vD(p>l):t,D,NO,621,"To show the way, to kick out.","Señalar el camino, encaminarlo, correrlo, largarlo.",actions,,,ri-b.ee* # neza,kw.ee* # neza,gu-l.ee* # neza,,,,,,3,5,(G)uleèbe neza.,Lo encaminó.,Guleè Fán neza Pèdru.,Juan encaminó a Pedro.
beerronda,ribeè rònda,-b.ee* # rro*nda,JLC;RGL;RLC,vD(p>l):t,D,NO,622,Laying out an irrigation canal around a crop field.,Trazar un canal de riego alrededor de un campo de cultivo.,cultivation,,,ri.b.ee* rro*nda;  gu-l.ee # rro*nda,,,,,,,,1,1,Ribeè Fán rònda (nite).,Limpia Juan el canalito (de la milpa).,,
beesaka,ribeè saca,-b.ee* # saka,EJG,vD(p>l):t,D,NO,623,To make a profit.,"Sacar ganancia, sacar buena utilidad.",commerce,,,ri-b.ee* # saka,kw.ee* # saka,gu-l.ee* # saka,,,,,,3,1,Má guleèbe sacani.,Le sacó ganancia.,,
beexkaanda,ribeè xcaanda',-b.ee* # x.kaanda,EJG;JLC;VP,vD(p>l):t,D,NO,624,"To keep someone from sleeping, to keep someone up.",No dejarlo dormir.,actions,,EJG;JLC;ND;RGL;RLC,ri-b.ee* # x.kaanda,kw.ee* # x.kaanda,gu-l.ee* # x.kaanda,,,,,,3,3,Gabrièla guleè Ròsa xcaanda'.,Rosa no dejó dormir a Gabriela.,Guleèbe xcaanda' Fán.,Él desveló a Juan.
beexkiichi,ribeè xquiichì',-b.ee* # x.kiichi*,EJG;RGL;RLC,vD(p>l):t,D,NO,625,"To sow discord, to drive a wedge.","Meter cizaña, hacer grilla, sacar el diente.",actions,,,ri-b.ee* # x.kiichi*,kw.ee* # x.kiichi*,gu-l.ee* # x.kiichi*,ka-b.ee* # x.kiichi*,,,,,4,2,Má ribeè Juán xquiichì'.,Juan ya está demostrando quién es él realmente.,Má ribeè xquiichì' Juán.,Ya está enseñando Juan quién es él realmente. (lit. Juan ya está enseñando su espina.)
beexkwi,ribeè xcui,-b.ee* # x.kwi,EJG;VC,vD(p>l):t,D,NO,626,"To skin, to strip. By extension, to clean out.","Pelarlo, despellejarlo. Por extensión, desvalijarlo.",actions,,,ri-b.ee* # x.kwi,kw.ee* # x.kwi,gu-l.ee* # x.kwi,,,,,,3,1,(G)uleèbe xcui biduaa.,Peló el plátano.,,
beexkye,ribeè xquie,-b.ee* # x.kye,EJG;JLC,vD(p>l):t,D,NO,627,"Jiménez Girón (1979:153) offers the following definitions: “castra, capa, poda, (figurative and familiar) separates for himself part of jornal”. Otherwise, the literal meaning is 'to pull out the penis'.","Jiménez Girón (1979:153) ofrece las siguientes definiciones: ""castra, capa, poda, (figurado y familiar) separa para sí parte de jornal"". De otra manera, el significado literal es 'sacar el pene'.",actions,,,ri-b.ee* # x.kye,kw.ee* # x.kye,gu-l.ee* # x.kye,ka-b.ee* # x.kye,,,,,4,0,,,,
beeyabe,ribeè yàbe,-b.ee* # ya*be,JLC;RGL,vD(p>l):t,D,NO,628,To open with a key.,Abrir con una llave.,actions,,,ri-b.ee* # ya*be,kw.ee* # ya*be,gu-l.ee* # ya*be,,,,,,3,2,Guleè Fán llave puertá'cà.,Juan abrió la puerta con la llave.,Guleè Fán yàbe puertá' xtì' còchicà.,Abrió Juan la puerta de este coche con la llave.
beezhyeke,ribeè xieque,-b.ee* # zh.y.eke,EJG,vD(p>l):t,D,NO,629,To turn something.,Girarlo.,actions,,,ri-b.ee* # zh.y.eke,kw.ee* # zh.y.eke,gu-l.ee* # zh.y.eke,,,,,,3,1,(G)uleè xiequebe moneda.,Hizo girar la moneda.,,
beezidi,ribeè zidi,-b.ee* # zidi,EJG,vD(p>l):t,D,NO,630,To extract salt (from a salt mine).,Extraer sal (de una salina).,processes,,,ri-b.ee* # zidi,kw.ee* # zidi,gu-l.ee* # zidi,,,,,,3,1,Ca' de gui'xhi' ró' ribeè zidi.,Los de Monte Grande extraen sal.,,
beendu,ribeè ndu,-b.ee* ndu,,vD(p>l):t,D,NO,631,"To sprout, in reference to corn.","Echar espiga (inflorescencia masculina), en el maíz.",plants,,,ri-b.ee* ndu,kw.ee* ndu,gu-l.ee* ndu,,,,,,3,0,,,,
beezhaike,ribeè(xa)ique,-b.ee*=(zha+) ike,EJG;VC,vD(p>l):t,D,NO,632,"To pull the head out. By extension, to stop thinking or forget about something intentionally.","Sacar la cabeza. Por extensión, dejar de pensar en algo u olvidar de manera intencional.",actions,,,ri-b.ee*=ike; ~ ri-b.ee*=(zha+) ike,kw.ee*=ike; ~ kw.ee*=(zha+) ike,gu-l.ee*=ike; ~ gu-l.ee*=zha+ ike,ka-b.ee*=(zha+) ike; ~ ka-b.ee*=(zha+) ike,,za-b.ee*=ike; ~ za-b.ee*=(zha+) ike,,,5,5,Guleè ngà xaicu' guluu ngà xañeu'.,"Olvidate de eso (ej. un problema) (sacate eso de la cabeza, mételo debajo de tus pies).","Má guleèi'quebe dxiiña'cà, má qué ziedí'be.","Ya sacó de su cabeza ese trabajo, ya no va a ir."
beebyeke,ribeèbieque,-b.ee*=b.y.eke,EJG;JLC;RLC;VP,vD(p>l):t,D,NO,633,"To uncoil, to untie, to untwist, to shake with an oscillating motion.","Desenredar, desatar, desenrollar, destorcer, zarandear, sacudir mediante un movimiento oscilatorio.",actions,,,ri-b.ee*=b.y.eke,kw.ee*=b.y.eke,gu-l.ee*=b.y.eke,,,za-b.ee*=b.y.eke,,,4,4,Guleè bieque.,Desenróllalo.,Guleèbieque Fán doo.,Juan desata la cuerda.
beebiitu,ribeèbiitù',-b.ee*=biitu*,JLC;RGL;RLC,vD(p>l):t,D,NO,634,"To bloom, to sprout.","Florecer, retoñar, sacar hoja tierna.",plants,,,ri-b.ee*=bii^tu*,kw.ee*=bii^tu*,gu-l.ee*=bii^tu*,,,,,,3,1,Ribeè biitù' guie'.,Saca hojita la flor.,,
beebya7,ribeèbia',-b.ee*=bya7,EJG;JLC,vD(p>l):t,D,NO,635,"To slice meat, to cut fabric strips, to part the hair.","Sacar tiras, ej. tiras de tela, tiras de carne, la raya en el cabello.",actions,,RLC,ri-b.ee*=bya^7,kw.ee*=bya^7,gu-l.ee*=bya^7,,,za-b.ee*=bya^7,,,4,6,Gulè'bia' Fán beelà'  .,Juan corta la carne.,Guleèbia' Fán beelà'.,Juan sacó tiras de carne.
beechu,ribeèchù',-b.ee*=chu*,EJG;JLC,vD(p>l):t,D,NO,636,To separate.,"Separarlo, apartarlo.",actions,,,ri-b.ee*=chu*,kw.ee*=chu*,gu-l.ee=chu*,,,,,,3,3,Guleèchù.,Déjalo aparte.,Guleèchùbe de cani jmá sicarù ca para laabe.,Apartó lo mas bonito para él mismo.
beechuuchi,ribeèchuùchì',-b.ee*=chuu*chi*,RGL,vD(p>l):t,D,NO,637,"To cause to slip, slide or skid.",Hacerlo resbalar.,actions,,,ri-b.ee*=chuu*chi*,kw.ee*=chuu*chi*,gu-l.ee*=chuu*chi*,,,,,,3,1,Ribeèchuùchì' Fán Pèdru.,Juan hizo que se resbalara Pedro.,,
beechwi7,ribeèchui',-b.ee*=chwi7,,vD(p>l):t,D,NO,638,To make something slippery.,Hacerlo resbaloso.,actions,,RLC,ri-b.ee*=chwi^7,kw.ee*=chwi^7,gu-l.ee*=chwi^7,,,,,,3,2,Ribeèchui'be ñee Fán.,Hace que se le resbale el pie a Juan.,Ribeèchui' Fán ñee Pèdru.,Juan hace resbalar a Pedro.
beeguuna,ribeèguuna',-b.ee*=guuna,EJG;RGL;VC;VP,vD(p>l):t,D,NO,639,"To discard, to set aside for discarding.","Desecharlo, sacarlo para desechar.",actions,,,ri-b.ee* gu^una,,gu-l.ee* guuna,,,,,,2,1,Qué nibeèguuna'dí'be lari.,No apartó la ropa.,,
beeka,ribeècà',-b.ee*=ka*,EJG,vD(p>l):t,D,NO,640,"To finish, to complete.","Acabar, terminar.",actions,,,ri-b.ee*=ka*,kw.ee*=ka*,gu-l.ee*=ka*,,,,,,3,2,(G)uleècà'beni.,Lo terminó (ella) de hacer todo completito.,(G)uleècà'(cà)ni.,Acábalo de hacer todo completito.
beekwe7,ribeècue',-b.ee*=kwe7,EJG;JLC,vD(p>l):t,D,NO,641,To take off to one side or sideways.,Sacar por un lado.,actions,,EJG;ND;RLC,ri-b.ee*=kwe^7,kw.ee*=kwe7,gu-l.ee*=kwe^7,,,,,,3,3,Guleècue' Fán ca' yùzèquè.,Juan arrimó el ganado.,Guleècue' Fán Pèdru.,Juan sacó a un lado a Pedro.
beela7dxi,ribeèla'dxi',-b.ee*=la7dxi,EJG;RGL;VC,vD(p>l):t,D,NO,642,To stop caring for someone (lit. to take someone out of one's heart).,Desentenderse de alguien (lit. sacar a alguien del corazón).,actions,,,ri-b.ee*=la7dxi,,,,,,,,1,1,Qué nibeèla'dxi'dí'be xheela'be.,No sacó de su corazón a su esposa.,,
beelu-2,ribeèlu',-b.ee*=lu,EJG;JLC;RLC;VC;VP,vD(p>l):i,D,NO,643,"To show or stick out one's face. By extension, to make a profit.","Asomar la cara. Por extensión, obtener una ganancia.",actions,,,ri-b.ee*=lu,kw.ee*=lu,gu-l.ee*=lu,,,,,,3,4,Guleèlu Fán.,Se asomó Juan.,(G)uleèlu Mariá.,María dio la cara.
beena7beenyee,ribeènà' ribeèñee,-b.ee*=na*7 # -b.ee*=nyee,EJG;VC,vD(p>l):i,D,NO,644,Kicking and screaming (lit. beating with the arms and kicking).,Pataleando y dando de manotazos.,actions,,,ri-b.ee* na*' # ri-b.ee* nye^e,kw.ee*=na*' # kw.ee*=nye^e,gu-l.ee* na*' # gu-l.ee* nye^e,,,,,,3,2,"Cabeènà', cabeèñee.",Está pataleando y pegando con las manos.,"Cádí cabeènà'dí', cádí cabeèñeedí' Fán.",No está pataleando ni pegando con las manos.
beendate,ribeèndate,-b.ee*=ndate,EJG;JLC;ND;VC,vD(p>l):t,D,NO,645,"To speak ill of someone, to expose someone.","Hablar mal de alguien, exhibir o delatar a alguien.",actions,,,ri-b.ee*=nda^te,kw.ee*=nda^te,gu-l.ee*=nda^te,ka-b.ee*=nda^te,,,,kana b.ee*=nda^te,5,6,Canabeèndate.,Anda delatando (a otra persona).,Guleendate Fán Pèdru.,Juan delató a Pedro.
beendu-2,ribeèndu',-b.ee*=ndu,EJG;RLC,vD(p>l):t,D,NO,646,"This phrasal verb describes the action of generating the dough from which tortillas will be made. By extension, to achieve a goal.","Este verbo de frase describe la acción de generar la masa con la que se elaborarán tortillas. Por extensión, lograr un objetivo.",processes,,,ri-b.ee*=ndu,kw.ee*=ndu,gu-l.ee*=ndu,ka.bee*=ndu,,,,,4,5,Má cabeèndu' guela.,Ya está sacando espiga la milpa.,Má guleèndu'cabeni.,Ya lograron su objetivo.
beenyee,ribeèñee,-b.ee*=nyee,JLC,vD(p>l):t,D,NO,647,"To solve, to find a solution.","Solucionar, hallar la solución.",actions,,,ri-b.ee*=nyee,kw.ee*=nyee,gu-l.ee*=nyee,,,,,,3,6,Má guleè Gabrièla ñeeni.,Ya encontró la manera Gabriela.,Má guleèñee Gabrièlani.,Gabriela ya encontró la manera.
beerwaadiidxa,ribeèruaa diidxa',-b.ee*=rwaa # diidxa,EJG;VC,vD(p>l):t,D,NO,648,"To confess, to tell the truth.","Confesar, decir la verdad.",actions,,EJG;JLC;ND;RGL;RLC;RLL,ri-b.ee*=rwaa # diidxa,kw.ee*=rwaa # diidxa,gu-l.ee*=rwa^a # diidxa,ka-b.ee*=rwa^a # diidxa,,,,,4,3,Juan guleèruaa diidxa'.,Juan dijo la verdad.,Qué nibeè ruaadí' Juan diidxa'.,Dice la verdad Juan.
beexkiinde,ribeèxquiindè',-b.ee*=x.kiinde*,EJG;VC,vD(p>l):t,D,NO,649,"To make someone lose the desire, will, or commitment.","Quitarle a alguien el deseo, el anhelo, o las ganas, hacerlo desistir.",actions,,,ri-b.ee*=x.kiinde*,,gu-l.ee*=x.kiinde*,,,,,,2,2,Pèdru guleè xquiindè'be Juán.,Pedro le quitó las ganas a Juan.,Pèdru qué nibeè xquiindè'dí'be Juán.,Pedro no le quitó las ganas a Juan.
beeya,ribeèya,-b.ee*=ya,EJG,vD(p>l):t,D,NO,650,To bring out fruit that was placed in a ripening environment.,Sacar una fruta después de ponerla a madurar.,actions,,,ri-b.ee*=ya^,kw.ee*=ya^,gu-l.ee*=ya^,,,,,,3,1,Má (g)uleèya' Fán cuaana'naxhi '.,Ya sacó su fruta que metió a madurar.,,
beeyaande,ribeèyaàndè',-b.ee*=yaa*nde*,EJG;JLC;VP,vD(p>l):t,D,NO,651,To let something drop or fall.,"Dejarlo caer, hacerlo caer.",actions,,,ri-b.ee*=yaa*nde*,kw.ee*=yaa*nde*,gu-l.ee*=yaa*nde*,,,,,,3,2,Guleeyaàndè' gunaaquè cùbaquè.,Tiró la mujer la masa.,Guleèyaàndè' Mariá xiiñi'.,María soltó a su hijo.
beeza,ribeèzà,-b.ee*=za*,EJG,vD(p>l):t,D,NO,652,To take out on a walk or stroll.,Sacar a pasear.,actions,,,ri-b.ee*=za*,kw.ee*=za*,gu-l.ee*=za*,,,,,,3,1,Ribeèzà' Gabrièla bi'cu' xtì'.,Gabriela saca a su perro a pasear.,,
beezha7na,ribeèxa'na',-b.ee*=zha7na,EJG;JLC;RLC;VC,vD(p>l):t,D,NO,653,"Talking nonsense, talking for the sake of talking.","Hablar tonterías, hablar por hablar, decir disparates.",actions,,EJG;RGL,ri-b.ee*=zha7na,kw.ee*=zha7na,gu-l.ee*=zha7na,,,,,,3,3,"Chànsa mbuxhtèra ariá, ribeèxa'na'be diidxa'.","María mentirosa, habla puros disparates.",Qué ribeèxa'na'dí'be diidxa'.,No habla cualquier cosa.
beza,ribezà,-b.eza*,EJG;JLC;VP,vD(p>l):t,D,NO,654,To wait.,Esperarlo.,actions,,,ri-b.eza*,kw.e*za* (I),gu-l.eza*,,,,,,3,6,Cabèzàcabe naa para guixì'.,Me invitan para mañana.,Cabézá' lii ra yoo.,Te espero en mi casa.
bezayuze,ribezà yùzè,-b.eza* # yu*ze*,EJG;JLC;VP,vD(p>l):t,D,NO,655,To fight a bull.,Torear.,actions,,,ri-b.eza* # yu*ze*,kw.e*za* # yu*ze*,gu-l.eza*# yu*ze*,,,,,,3,1,Ribezà Fán yùzè.,Torea Juan. (lit. Juan espera al toro),,
bezadxi,ribezàdxì,-b.eza*=dxi*,EJG;JLC;ND,vD(p>l):i,D,NO,656,"To stop moving, to stay still or motionless.","Detenerse, quedarse quieto o inmóvil.",change of state,,,ri-beza dxi*,kw.e*za*=dxi*,gu-l.eza*=dxi*,,,,,,3,1,Gulezàdxì Fán.,Se detuvo Juan.,,
bezadxibezageela,ribezàdxi ribezàgueela',-b.eza*=dxi= -b.eza*=geela,,vD(p>l):t,D,NO,657,"To wait for a long time but in vain (lit. to wait during the day, to wait during the night).","Esperar por mucho tiempo pero en vano (lit. esperar de día, esperar de noche).",actions,,,ri-b.eza*=dxi ri-b.eza*=geela,kw.e*za* dxi^ kw.e*za* ge^ela,gu-l.eza*=dxi gu-l.eza*=geela,,,,,,3,1,Gulezàdxi gulezagueela' Fán Mariá quí ñeèdà'.,De día y de noche esperó Juan a María pero nunca llegó (ella).,,
bezala7,ribezàla',-b.eza*=la7,EJG,vD(p>l):i,D,NO,658,Jiménez Girón (1979:154) defines this phrasal verb as living without paying rent. Other knowledge bearers use the expression to describe someone who is pretending to wait.,"Jiménez Girón (1979:154) define este verbo de frase como ""vivir sin pagar renta"". Otros conocedores usan la expresión para describir que alguien simula esperar.",states,,EJG;JLC;ND;RGL;RLC,ri-beza=la7 +si*,kw.e*za*=la7 +si*,gu-l.eza=la7 +si*,,,,,,3,2,Cuèzàla'sìbe.,Que le espere así nomás.,Gulezala'sìbe.,Esperó así nomás (sin tener esperanza).
bezanesi,ribezànèsì,-b.eza*=ne* +si*,EJG,vD(p>l):i,D,NO,659,To live in a common-law marriage or domestic partnership.,Vivir en unión libre.,states,,,ri-beza=ne* +si*,kw.e*za*=ne* +si*,gu-l.eza=ne* +si*,,,,,,3,0,,,,
bi,ribi,-b.i,EJG;JLC;ND;VP,vD(p>r):i,D,NO,660,To sit down.,Sentarse.,change of state,,,ri-b.i,kw.i*7,gu-r.i,ka-b.i!,,za-b.i,,,5,4,Má cabiú' lu xtiidxa'lu'.,Ya estás retractando tus palabras.,Ribie' ra cayáca xiixa' ni riuula'dxe'.,Voy a (me siento) donde se hace algo que a mí me gusta.
bidxiichi,ribi dxiichi',-b.i # dxiichi,EJG,vD(p>r):i,D,NO,661,To sit down securely.,"Sentarse bien, sentarse afianzado",change of state,,JLC;RLC,ri-b.i # dxiichi,,gu-r.i # dxiichi,,,,,,2,1,Guri dxiichi'.,Siéntate bien.,,
biikenyee,ribi ique ñee,-b.i # ike nyee,RGL;RLC,vD(p>r):i,D,NO,662,To squat down.,"Acuclillarse, ponerse en cuclillas.",actions,,,ri-b.i # ike nyee;  gu-r.i # ike nyee,kw.i*7 # ike nyee,,,,,,,2,1,Ribi Juán iqueñee.,Se pone de cuclillas Juan.,,
bikwe7,ribi cue',-b.i # kwe7,EJG,vD(p>r):i,D,NO,663,To sit sideways.,Sentarse de lado.,actions,,,ri-b.i # kwe7,kw.i*7 # kwe7,gu-r.i # kwe7,,,,,,3,2,(G)uri cue' Ròsa caadxì'.,Siéntate un rato a lado de Rosa.,Quí nibícue'dí'.,No se sentó de lado.
bi-2,ribì,-b.i*,EJG;JLC;ND;RGL;VP,vD(p>r):t,D,NO,664,"To choose, to select, to elect.","Escoger, seleccionar, elegir.",actions,,RLC,ri-b.i*,kw.i*7 (I),gu-l.i*,ka-b.i*,,,,,4,6,Cabí guidxi xaique gapà guenda ra yoola'hui' xti'.,El pueblo está eligiendo a su presidente municipal.,Cabí ta Ménu xuba' bini.,El señor Meno está sembrando granos de maíz.
bibiichi,ribibiichì',-b.i=biichi*,EJG,vD(p>r):i,D,NO,665,To become infested with lice.,Infestarse de piojos.,wellness,,EJG;JLC;ND;RLC,ri-b.i=biichi*,kw.i*7=biichi*,gu-r.i=biichi*,,,,,,3,1,Guri biichì' ique.,Se llenó su cabeza de piojos.,,
bidxi,ribidxì,-b.i=dxi*,EJG;JLC;ND;RLC;VP,vD(p>r):i,D,NO,666,"To stay still, to calm down.","Estarse quieto, calmarse, apaciguarse, tranquilizarse.",change of state,,,ri-b.i=dxi*,kw.i*7=dxi*; ~ k.w.i! dxi*,gu-r.i=dxi*,,,,,,3,6,Cuiìdxì.,Que llame.,Guridxì Fán.,Juan se quedó quieto.
bigi,ribigui,-b.i=gi,EJG;JLC;ND;RGL;RLC;VP,vD(p>r):i,D,NO,667,"To get late in the morning, referring to a time around 9 or 10am (lit. for fire to sit).","Hacerse tarde, refiriéndose a la media mañana alrededor de las 9 o 10 am (lit. asentarse el fuego).",time,,,ri-bi gi,,,,,,,,1,5,Má huadxaà ndì; Má huadxi ndì'.,Ya se hizo tarde.,Má ribigui.,Ya es tarde.
bigidi,ribiguidi,-b.i=gidi,RGL;RLC,vD(p>r):i,D,NO,668,"To peel, to skin. By extension, to circumcise.","Pelar. Por extensión, circuncidar (remover el prepucio del pene).",actions,,,ri-b.i=gidi,kw.i*7=gidi,gu-r.i=gidi,,,,,,3,3,Má (g)uriguidi biduaa.,Ya se peló el plátano.,Ribi guidi biduaa.,Se pela el plátano.
bindani,ribindàni,-b.i=nda*ni,EJG;JLC;VP,vD(p>r):i,D,NO,669,To pile up.,Amontonarse.,change of state,,,ri-b.i=nda*ni,kw.i*7=nda*ni,gu-r.i=nda*ni,,,za-b.i=nda*ni,,,4,5,Gurindàni binnì.,Se amontona la gente.,(G)urindàni laribi'di' xtinné'.,Se me amontonó mi ropa sucia.
bindi7,ribindì',-b.i=ndi*7,EJG;JLC;RLC;VP,vD(p>r):i,D,NO,670,"To jump, to stand up abruptly.","Brinca, saltar, levantarse súbitamente.",actions,,,ri-b.i=ndi*7,kw.i*7=ndi*7,gu-r.i=ndi*7,,,,,,3,3,De (g)urindì'me òra (g)uxidxi gueere' gui.,Rápido se levanto el animal cuando sonó el cohete.,(G)urindì'.,Saltó (ej. por las cosquillas).
binduni,ribindùni,-b.i=ndu*ni,JLC,vD(p>r):i,D,NO,671,To pile up.,Amontonarse.,change of state,,,ri-b.i=ndu*ni,kw.i*7=ndu*ni,gu-r.i=ndu*ni,,,,,,3,4,(G)urindùni.,Se amontonó.,Gurindùni yuquè.,Se amontonó la tierra.
bine,ribinè,-b.i=ne*,JLC;RLC,vD(p>r):i,D,NO,672,"To sit with someone to keep them company, ex. at a wake.","Sentarse a acompañar a alguien, ej. en un velorio.",actions,,VC,ri-b.i=ne*,kw.i*7=ne*,gu-r.i=ne*,,,,,chi!+ ti=ne*,4,3,Gurinè Fán Pèdru.,Se sentó Juan con Pédro.,Ribinè Fán Pèdru.,Se sienta Juan con Pédro.
bisa,ribisa,-b.i=sa,EJG;RLC,vD(p>r):i,D,NO,673,To go backwards.,Echarse para atrás.,motion,,EJG;JLC;ND;RLC,ri-b.i=sa,kw.i*7=sa,gu-r.i=sa,,,,,,3,1,Zíbisa càrrucà.,Se echa de reversa el carro.,,
bita7,ribita',-b.i=ta7,EJG;ND;RGL;RLC,vD(p>r):i,D,NO,674,To sit down abruptly.,Sentarse bruscamente.,change of state,,,ri-b.i=ta7,kw.i*7=ta7,gu-r.i=ta7,,,,,,3,1,Casì ribita' ba'du' huiini'.,Seguido se caen de sentón los niños.,,
biwati,ribihuatì,-b.i=wati*,EJG;ND;RLC,vD(p>r):i,D,NO,675,To sit down carelessly.,Sentarse despreocupada o descuidadamente.,change of state,,,ri-b.i=wati*,kw.i*7=wati*,gu-r.i=wati*,,,,,,3,1,Ribihuatì Pèdru lu asièntu yachè.,Pedro con confianza se sienta en la silla que ya está rota.,,
bixke7la,ribixque'la',-b.i=x.ke7la,EJG;JAR;JLC;RLC;VC;VP,vD(p>r):i,D,NO,676,For residue to settle at the bottom of a container.,Asentarse residuos en el fondo de un recipiente.,change of state,,,ri-b.i=xke7la,kw.i*7=x.ke7la,gu-r.i=x.ke7la,,,,,,3,3,Gurixque'la' café.,Tiene asiento el café.,Gurixque'la' dxuládiquè.,Se asentó el chocolate.
bizhya,ribixià,-b.i=zhya*,EJG;JLC;ND;VP,vD(p>r):i,D,NO,677,For residue to settle at the bottom of a container.,Asentarse residuos en el fondo de un recipiente.,change of state,,,ri-b.i=zhya*,kw.i*7=zhya*,gu-r.i=zhya*,,,,,,3,3,Gurixià nisa.,Se asentó el agua.,Ribixia yuxi lu nisa.,La arena se sedimenta en el agua.
bizisi,ribizisi,-b.i=zisi,EJG;JLC,vD(p>r):i,D,NO,678,For people to crowd.,"Juntarse o aglomerarse, con relación a gente.",manner,,,ri-b.i=zisi,kw.i*7=zisi,gu-r.i=zisi,,,za-b.i=zisi,,,4,6,(G)urizisi.,Se amotonó.,Ribizisì bi'cu' lu càye.,Se amontonan los perros en la calle.
bidxi-2,ribidxì,-b.idxi*,EJG;JLC;ND;VP,vD(p>l):t,D,NO,679,"To call someone, to summon someone, to invoke someone.","Llamarlo, convocarlo, invocarlo.",actions,,,ri-b.idxi*,kw.i*dxi* (I),gu-l.idxi*,,,,,,3,6,Cabìdxì.,Está llamando.,(G)ulidxìca'be naa ra agènsia.,Me están llamando en la agencia.
bya,ribia,-b.y.a,EJG;JLC;ND;VP,vA:i,A,NO,680,To fall apart.,"Deshacerse, desbaratarse.",change of state,,,ri-b.y.a,gi-b.ya! (),bi-b.y.a,ka-b.y.a!,,,,,4,3,Bia xquendaxheela' Milu.,Se deshizo el matrimonio de Milo.,Cabiá.,Se está desintegrando.
byabiri,ribiabirì,-b.y.a=bi-ri*,EJG;RGL;RLC;VP,vA:i,A,NO,681,"For ants to scatter. By extension, this verb phrase is used to describe the tingling sensation after an extremity of the body becomes numb.","Desperdigarse o desbandarse las hormigas. Por extensión, se usa esta frase verbal para describir la sensación de hormigueo cuando se entume una extremidad del cuerpo.",change of state,,,ri-b.y.a bi-ri*,gi-b.y.a! bi-ri* (),bi-b.y.a bi-ri*,ka-b.y.a! bi-ri*,,,,,4,3,Bibia lidxi birì.,Se desbarató el hormiguero.,Cabiá birì.,Están reventando las hormigas del hormiguero.
baa,ribaà,-baa*,EJG;VC,vA:i,A,NO,682,For something to air dry.,"Orearse, secarse al aire.",change of state,,,ri-baa*,gi-baa*,bi-baa*,,,,,,3,2,Guleza guibaàsìni.,Esperate a que se oree (ej. camarón que no se ha secado).,Ribaà.,Se orea.
baagu,ribaagù',-baagu*,EJG;RLC;VP,vA:i,A,NO,683,To be shot at.,Disparársele.,states,,,ri-baagu*,gi-baa*gu*,bi-baagu*,,,,,,3,1,Bibaagù' Fán.,Le dispararon a Juan.,,
baaza,ribaazà',-baaza*,JLC,vA:i vers,A,NO,684,To become thin or skinny.,"Enflacar, enflaquecer, adelgazar.",change of state,,,ri-baaza*,gi-baa*za*,bi-baaza*,,,,,,3,2,Bibaazà'be.,Enflacó.,Bibaazà'be de endahuara.,Se enflacó por la enfermedad.
baba,ribaba,-baba,EJG;JLC;ND;VP,vA:i,A,NO,685,To itch.,"Dar comezón, picar.",actions,,,ri-baba,gi-ba!ba,bi-baba,ka-ba!ba,,,,,4,3,Bibaba ñeebe.,Le dio comezón su pie.,Cabába.,Está dando comezón.
balli7,ribalí',-balli!7,RGL,vA:i vers,A,NO,686,"For the taste of water to change, either because it becomes salty or because it acquires an unpleasant taste.","Cambiarse el sabor del agua, ya sea porque haga salada o porque adquiera un sabor desagradable.",change of state,,,ri-balli!7,gi-balli!7,bi-balli!7,,,,,,3,4,Bibalí' nisa.,El agua agarró un sabor raro.,Nisa balí'; Nisa nabalí'.,"Tiene sabor feo el agua (a veces salado, a veces feo)."
bana7,ribaná',-bana!7,EJG;JLC;ND;VP,vA:t,A,NO,687,To miss someone or something.,Extrañar.,emotion,,,ri-bana!7,gi-bana!7 (I),bi-bana!7,ka^-bana!7,,za-bana!7,,,5,5,Àrno cabaná' jñaa.,Arno está extrañando (añorando) a su madre.,Bibaná' Àrno Rosa.,Extrañó Arno a Rosa.
bani,ribani,-bani,EJG;ND;RGL;RLC;VP,vA:i,A,NO,688,To wake up.,Despertarse.,change of state,,,ri-bani,gi-ba!ni,bi-bani,ka-ba!ni,,,,,4,5,Cabané' .,Estoy despertando.,Cabáné'.,Estoy despertando.
bani-2,ribanì,-bani*,EJG;RGL;RLC;VP,vA:i,A,NO,689,"To revive, to come back to life.","Revivir, resucitar.",change of state,,,ri-bani*,gi-ba*ni*; ~ gi-ba*ni,bi-bani*,ka-ba*ni*,,,,,4,5,Bibanì señór.,Resucitó el Señor.,Cabané'.,Estoy viviendo.
banila7dxi,ribanìla'dxi',-bani*=la7dxi,EJG;JLC;ND;RGL;RLC,vA:i,A,NO,690,To come back to life.,Revivir.,change of state,,,ri-bani*=la^7dxi,gi-ba!ni*=la^7dxi,bi-bani*=la^7dxi,ka-ba*ni*=la^7dxi; ~ ka-ba^ni^=la!7dxi,,,,,4,2,Bibanìla'dxi' Fán.,Revivió Juan.,Guie' caguundu' ribani pà ca'lu' nisa laa.,"La flor que se está marchitando, revive si le echas agua."
banilu,ribanilu,-bani=lu,EJG;VC,vA:i,A,NO,691,"To revive (ex. plants), to reignite (ex. fire), to flare up (ex. an illness).","Reavivarse, con relación a las plantas, al fuego, o a una enfermedad.",change of state,,,ri-bani=lu,gi-ba*ni=lu,bi-bani=lu,,,,,,3,1,Bibanìlu gui.,Ya prendió otra vez la lumbre.,,
banixkaanda,ribanixcaanda',-bani=x.kaanda,EJG;RLC,vA:i,A,NO,692,To sleepwalk (lit. to wake up during sleep).,Ser sonámbulo (lit. despertarse durante el sueño).,actions,,,ri-bani=x.kaanda; ~ ri-bani=kaanda,gi-ba!ni=x.kaanda; ~ gi-ba!ni=kaanda,bi-bani=x.kaanda; ~ bi-bani=kaanda,,,,,,3,1,Ribanixcaanda'be.,Es sonámbulo. (lit. se levanta durante el sueño),,
banixpi,ribanixpi,-bani=x.pi,EJG,vA:i,A,NO,693,"Jiménez Girón (1979:152) describes this verb phrase as suffering periodically from mental disorders, epileptic seizures or parasitic effects.","Jiménez Girón (1979:152) describe esta frase verbal como ""sufrir periódicamente trastornos mentales, ataques epilépticos o por efectos parasitarios"".",wellness,,,ri-bani=x.pi,gi-ba!ni=x.pi,bi-bani=x.pi,,,,,,3,1,Ribani xpi Mariá.,María a veces está bien y a veces no.,,
banixprama,ribanixpràma,-bani=x.pra*ma,RGL;RLC;VP,vA:i,A,NO,694,To go into heat.,Entrar en celo (lit. despertarse la brama).,change of state,,,ri-bani=x.pra*ma,gi-ba!ni=x.pra*ma,bi-bani=x.pra*ma,ka-ba!ni=x.pra*ma,,,,,4,1,Ribanixpràmame.,Le está despertando la brama (al animal).,,
bapa,ribapa,-bapa,VC,vA:i vers,A,NO,695,"To not acquire too sweet a taste, in reference to food.","No adquirir un sabor muy dulce, dicho de un alimento.",states,,,ri-bapa,gi-ba!pa,bi-bapa,,,,,,3,0,,,,
be7,ribè',-be*7,EJG;ND;VP,vA:i vers,A,NO,696,To become narrow.,"Estrecharse, angostarse.",change of state,,,ri-be*7,gi-be*7,bi-be*7,,,,,,3,6,Bibè' neza.,Se hizo angosto el camino.,Nibè'.,Se hubiera hecho angosto.
bezabezaga,ribezà ribezà ga,-beza*= -beza* ga,EJG;RLC,vD(p>l):t,D,NO,697,To wait patiently but in vain.,Esperar pacientemente pero en vano.,states,,,ri-b.eza* ri-b.eza* ga^,kw.e*za* kw.e*za* ga^,gu-l.eza* gu-l.eza* ga^,,,,,,3,1,Ribezà ribezà ga laabe.,Que espera y espera pero nunca llega lo que espera.,,
bidxu,ribìdxù,-bi*dxu*,RLC,vA:i vers,A,NO,698,To become curly.,Enchinarse.,change of state,,,ri-bi*dxu*,gi-bi*dxu*,bi-bi*dxu*,,,,,,3,4,Bibìdxù (g)ichaique.,Se enchinó su pelo.,Bibìdxù (gu)ichaiquebe.,Se enchinó el pelo.
biru,ribìrù,-bi*ru*,JLC,vA:i vers,A,NO,699,To become small.,Empequeñecerse.,change of state,,,ri-bi*ru*,gi-bi*ru*,bi-bi*ru*,,,,,,3,2,Bibìrù làpi.,Se hizo chiquito el lápiz.,Zaà (gu)ibìrù.,Deja que se haga chiquito.
bi7xi,ribi'xhi',-bi7xi,EJG;JLC;ND;VP,vA:i,A,NO,700,"To turn over, to overturn.","Voltearse, revolcarse.",change of state,,,ri-bi7xi,gi-bi!7xi (),bi-bi7xi,ka-bi!7xi,,,,,4,5,Bibiixhi' guisu.,Se volteó la olla.,Bibi'xhi'  .,Se volteó.
bi7xila7dxi,ribi'xhi'la'dxi',-bi7xi=la7dxi,EJG;JLC;ND;RGL;RLC;VP,vA:i,A,NO,701,"To be disgusted by something, to be nauseated (lit. liver overturns).",Tener o sentir asco (lit. volcarse el hígado).,actions,,,ri-bi7xi=la7dxi,gi^-bi!xi=la7dxi,bi-bixi=la7dxi,ka-bi!7xi=la7dxi,,,,,4,6,Cabíxhila'dxi'.,Le está dando asco.,(Gu)ibí'xhila'dxi'.,Le da asco.
bi7xu,ribi'xhu',-bi7xu,EJG;ND;VP,vA:i,A,NO,702,"For a plant, flower or fruit to atrophy in such a way as to develop a grainy or bumpy texture.","Atrofiarse una planta, flor o fruto desarrollando una apariencia granulosa.",plants,,,ri-bi7xu,gi-bi!7xu,bi-bi7xu,,,,,,3,0,,,,
bidxyaa,ribidxiaa,-bi=dxyaa,EJG;JLC;ND;RGL;VP,vA:i,A,NO,703,"To shout, to scream, to squeak. This also refers to the making of any noise among non-human animals, e.g., howling, neighing, singing among birds.","Gritar, chillar, rechinar. También se refiere al hecho de producir cualquier ruido entre animales no humanos, ej. aullar, relinchar, cantar de un pájaro.",actions,,,ri-bi=dxyaa,gi-bi!=dxyaa,bi-bi=dxyaa,ka-bi!=dxyaa,,,,,4,4,Bibidxiaa mixtú'.,El gato maulló.,Ribidxiaa Fán (Pèdru).,(Le) grita Juan (a Pedro).
bidxi-3,ribidxi,-bidxi,EJG;JLC;RGL;RLC;VP,vA:i vers,A,NO,704,"To dry up. By extension, to become excessively thin.","Secarse. Por extensión, adelgazar o enflacar en exceso.",actions,,,ri-bidxi,gi-bi!dxi (),bi-bidxi,,,,,,3,6,Bibidxi nisa.,"Se secó el agua (ej. el río, la zanja).",Bibidxi nisa.,Se secó el agua.
bii,ribii,-bii,EJG;JLC;ND;VP,vA:i,A,NO,705,"To go home or return to one's place of residence. By extension, this verb can refer to the act of a newly married woman moving to her new home, or to a woman returning to her family following the breakdown of a romantic or marital relationship.","Irse a casa, volver a donde uno vive. Por extensión, este verbo se usa para referirse al hecho de entregar a una mujer recién casada a su nuevo hogar, o al hecho de que una mujer regrese a su propia familia al disolverse su relación de pareja.",travel and transportation,,JLC,ri-bii; ~ ri-bi!7,gi-bi!i; ~ gi-bi!7,bi-bii; bi-bi!7,ka-bi!i; ~ ka-bi!7,,za-bii,,,5,6,"Bedandàbe racà, bíguétá' neza cà zeèdà'.","Vino, y regresó por el mismo camino (en) que vino.",Nagueèndà' bibii Chànu.,Chano se fue rápido a su casa.
biigeta7,ribiigue'tá',-bii=geta!7,EJG;JLC;ND;RGL;RLC;VP,vA:i,A,NO,706,"To return, to come back.","Regresarse, volverse.",change of state,,,ri-bi=geta!7,gi-bi!=geta!7,(bi-)bi=geta!7,,,,,,3,6,(Bi)biguetá' a las cìnco.,Regresa a las cinco.,Biguetá' xquendahuara.,Le volvió la enfermedad.
biibi,ribiibì',-biibi*,EJG;JLC;ND;VP,vA:i,A,NO,707,"Shaking, straining, sifting, sifting, sieving.","Sacudir, colar, cernir, tamizar.",change of state,,JLC;RGL,ri-biibi*,gi-bii*bi* (I),bi-biibi*,ka-bii^bi*,,,,,4,3,Cabiibi'.,Se está tamizando.,Ribiibì' yuxi.,Se cuela la arena.
biidi,ribiidi',-biidi,RGL,vA:i vers,A,NO,708,"To get dirty, to become stained.","Ensuciarse, mancharse.",change of state,,,ri-biidi,gi-bi!idi,bi-biidi,,,,,,3,2,Bibiidi' xhababe.,Se manchó su ropa.,Zaà guibíidi' xhababe.,Deja que manche su ropa.
byaa,ribiaà,-byaa*,EJG;RGL;RLC;VP,vA:i vers,A,NO,709,To be laid open or extended.,"Extenderse, abrirse.",change of state,,,ri-byaa*,gi-byaa*,bi-byaa*,,,,,,3,3,Bibiaà benda.,Se abrió el pescado (para limpiarlo).,Ribiaà fàlda xtì'be.,La falda baila y se extiende (cuando baila la muchacha).
chaande,richaande',-ch.aande,EJG;JLC;ND;RLC,vA:i vers,A,NO,710,"To crack open, as when corn kernels crack open when cooked to make pozol, or when the corner of the mouth cracks due to dryness.","Reventarse, tronarse, como le ocurre al maíz cuando se cuece para hacer pozol, o a la comisura de los labios por resequedad.",change of state,,,ri-ch.aande,gi-ch.a!ande (),bi-ch.aande,,,,,,3,3,Richaande' xubá' para cuba.,Se cuece maíz para pozol.,Ti ñee (na)chaande'.,Una pierna que no sirve.
chaanderwaa,richaande'ruaa,-ch.aande=rwaa,ND,vA:i vers,A,NO,711,For the corner of the mouth to crack open and ooze due to dryness.,Cuartearse y supurar la comisura de los labios por resequedad.,wellness,,,ri-chaande=rwaa,gi-cha!ande=rwaa,bi-chaande=rwaa,,,,,,3,1,Bichaande' ruaabe.,Se le agrietaron los labios.,,
chaaze,richaaze',-ch.aaze,ND,vA:t,A,NO,712,To insert.,"Introducirlo, encajarlo.",actions,,,ri-ch.aaze,gi-ch.a!aze,bi-ch.aaze,,,,,,3,2,Bichaazé'.,Introduje.,Richaazi'sìbe.,Nomás se mete a donde no le llaman.
cheza,richeza,-ch.eza,EJG;JLC;ND;RGL;RLC;VP,vB:caus,B,NO,713,"To cause something to tear, rupture or rip. This lexeme is used in relation to cloth, paper, skin, as well as the soil.","Hacer que se rompa, se raje, se rasgue, se desgarre. Se usa con relación a tejidos como la tela, el papel, la piel, así como la tierra.",actions,,,ri-ch.eza,gi-ch.e!za (),gu-ch.eza,ka-ch.e!za,,,ni-ch.e!za,,5,4,(G)uchezabi xatini ñeebe.,Se le abrieron grietas en los pies.,Richeza bi xa tini ñee Ròsa.,Tiene cuarteaduras en el pie Rosa.
chaaba,richaaba',-chaaba,EJG;JLC;ND,vA:i vers,A,NO,714,To become lazy.,"Haraganear, flojear, hacerse flojo o perezoso.",change of state,,,ri-chaaba,gi-cha!aba,bi-chaaba,ka-chaaba,,,,,4,4,Bichaabá'.,Me dio flojera.,Cacháaba'.,Está haraganeando.
chaacha,richaacha',-chaacha,EJG;JLC;ND;RLC;VP,vA:i vers,A,NO,715,"To come loose, as in the case of a tooth that is about to fall, or a stake on the ground or a nail on the wall that are coming loose.","Aflojarse, soltarse, como un diente que se va a caer, o como un palo en la tierra o un clavo en la pared que se están soltando.",change of state,,,ri-chaacha,gi-cha!acha,bi-chaacha,,,,ni-cha!acha,,4,4,Bichaacha' clavucani.,Se le aflojaron los clavos (y por eso se rompió la silla).,Bichaacha' layabe.,Se le aflojó un diente.
chaani,richaani',-chaani,EJG;JLC,vA:i vers,A,NO,716,For someone's gait to become altered to the point of walking with a limp.,Quedar cojo o renco.,change of state,,EJG;RLC,ri-chaani,gi-cha!ani,bi-chaani,ka-cha!ani,,,,,4,5,Bichaani' xa'na'be.,Se quedó cojita.,Nachaani' riza Ròsa gudxi laacabe.,Diles que Rosa camina de lado.
chacha7,richachá',-chacha!7,JLC;ND,vA:i vers,A,NO,717,To become a flirt.,Hacerse coqueta.,change of state,,,ri-chacha!7,gi-cha!cha7,bi-chacha!7,,,,,,3,5,Bichachá'be.,Se hizo coqueta.,Má richachá'be.,Ya es coqueta/o.
chagana7,richaganà',-chaga=na*7,JLC;ND;RGL;RLC;VP,vA:i,A,NO,718,To marry.,Casarse.,actions,,,ri-chaga=na*7,gi-cha!ga=na*7,bi-chaga=na*7,,,,,,3,6,Bichaganà' civíl.,Se casó por el civil.,Bichaganà' Fán Mariá.,Juan se casó con María.
changa,richangà,-changa*,EJG;JLC,vA:i vers,A,NO,719,To become askew or off-kilter.,Enchuecarse.,change of state,,,ri-changa*,gi-cha*nga* (I),bi-changa*,ka-cha*nga*,,,,,4,4,Bichangà lube.,Tiene el ojo chueco.,Richangàbe.,Cojea (porque lleva cosa pesada).
changalu,richangàlu,-changa*=lu,EJG;RLC,vA:i vers,A,NO,720,"For an eye to be askew or off-kilter, as when a person has strabismus.","Enchuecarse el ojo, como cuando se tiene estrabismo.",actions,,,ri-changa*=lu,gi-cha*nga*=lu,bi-changa*=lu,,,,,,3,1,Bichangà lu Fán.,Se hace bizco Juan.,,
changazha7na,richangàxa'na',-changa*=zha7na,EJG;RLC,vA:i vers,A,NO,721,"To walk with an off-kilter gait, as when carrying a heavy load.","Caminar con el cuerpo chueco o de lado, como cuando se carga algo pesado.",actions,,,ri-changa*=zha!7na,gi-cha*nga*=zha!7na,bi-changa*=zha7na,,,,,,3,1,Richangà xa'na'be.,Cojea (porque lleva cosa pesada y se va de lado).,,
changu,richangù,-changu*,JLC;RLC,vA:i vers,A,NO,722,"To twist. This seems to apply to the extremities of the body, but not to other parts such as eyes or the back.","Torcer. Se utiliza con relación a las extremidades del cuerpo, pero no a otras partes como los ojos o la espalda.",change of state,,,ri-changu*,gi-cha*ngu*,bi-changu*,,,,,,3,1,Nà' changù.,Mano chueca.,,
cheepa,richeepa',-cheepa,JLC;ND,vA:i vers,A,NO,723,To become blind.,Quedar ciego.,change of state,,,ri-cheepa,gi-che^epa,bi-cheepa,,,,,,3,3,Bicheepa'.,Se quedó ciego.,Lucheepa'; Nacheepa' lu.,De vista ciega; Ciego.
cheepalu,richeepa'lu,-cheepa=lu,EJG,vA:i vers,A,NO,724,"To become blind, focusing on the change of state of the eyes.","Quedar ciego, con atención al cambio de estado de los ojos mismos.",wellness,,EJG;RLC,ri-cheepa=lu,gi-che!epa=lu,bi-cheepa=lu,ka-che!epa=lu,,,,,4,1,Bicheepa' lu.,Quedó ciego su ojo.,,
chesa,richesa,-chesa,EJG;JLC;ND;VP,vB:i,B,NO,725,To jump.,"Saltar, brincar.",motion,,,ri-chesa,gi-che!sa (),gu-chesa,ka-che!sa,,,,,4,6,(G)uchesa.,Brinca. (imperativo),(G)uchesabe lu le'.,Brincó la cerca.
chezalayu,richeza layu,-cheza # la=yu,EJG;JLC;ND;VP,vB:caus,B,NO,726,To plow.,"Arar, barbechar.",cultivation,,,ri-cheza # la=yu,gi-che!za # la=yu,gu-cheza # la=yu,,,,,,3,2,Quí cachézadí' layu.,No está barbechando el surco.,Richeza Fán layu.,Juan barbecha el surco.
chezabi,richeza bi,-cheza bi,RGL;RLC,vB:caus,B,NO,727,For the skin of the heel to crack from dryness.,Agrietarse el talón del pie por resequedad.,wellness,,,,,,,,,,,0,2,Cachézabi xatiniñee.,Grietas en los talones.,Guie para xatini ñee.,Piedra poma para los talones de los pies.
chichi,richichì,-chichi*,EJG;JLC;ND;VC;VP,vA:i vers,A,NO,728,"To become scarce, as in the case of water when its source dries out.","Escasear, como el agua en alguna fuente que se seca.",change of state,,RGL;RLC,ri-chichi*,gi-chi*chi*,bi-chichi*,,,,,,3,1,Richichì nisa.,Escasea el agua.,,
chidxi,richidxì,-chidxi*,JLC,vA:i vers,A,NO,729,"To squeak, to creak.",Rechinar.,actions,,,ri-chidxi*,gi-chi*dxi* (),bi-chidxi*,,,,,,3,2,De richidxì.,Rechinando (ej. frenos de carro).,Richidxì laya.,Le rechinan los dientes.
chidxilaya,richidxì laya,-chidxi*=laya,EJG;ND;VP,vA:i,A,NO,730,"For teeth to be set on edge and squeak, as when eating something sour, or when hearing chalk squeak against a blackboard.","Apretarse los dientes hasta rechinar, o sentir dentera, como cuando se come algo agrio o cuando rechina un gis en un pizarrón.",change of state,,,ri-chidxi*=laya,gi^-chi*dxi*=la^ya,bi-chidxi*=la^ya,,,,,,3,4,Bichidxì laya.,Le rechinaron los dientes.,Cachìdxì laya.,Le están rechinando los dientes.
chidxilu,richidxì=lu,-chidxi*=lu,EJG;RLC,vA:i,A,NO,731,"To cringe, as when teeth are set on edge. This is said to describe someone who is shameless.",Encogerse la cara como cuando se siente dentera. La referencia a este gesto se hace para describir a alguien que no tiene vergüenza.,actions,,,ri-chidxi,,,ka-chi!dxi lu,,,,,2,0,,,,
chiirru,richiìrrù',-chii*rru*,JLC;VP,vA:i vers,A,NO,732,"To barely touch, when the intention is to hit. By extension, to lessen.","Lograr apenas rozar cuando la intención es de golpear. Por extensión, menguar.",actions,,JLC;RLC,,gi-chii*rru*;  ri-chii*rru*;  bi-chii*rru*,,,,,,,1,0,,,,
chiitulu,richiìtù' lu,-chii*tu* # lu,RLC,vA:i vers,A,NO,733,For eyes to be small.,Ser chiquitos los ojos.,physical attributes,,EJG,ri-chii*tu* lu,gi-chii*tu* lu,bi-chii*tu* lu,,,,,,3,4,Bichiìtù' lube.,Se le hicieron chiquitos los ojos.,Bichiìtù' lube.,Se le hicieron chiquitos los ojos.
chiita,richiità',-chiita*,JLC;RLC,vA:i vers,A,NO,734,"To buckle, as when something is loaded with more weight than it can hold.","Falsearse, como algo que se dobla al ponerle más peso de lo que puede soportar.",change of state,,,ri-chiita*,gi-chi!ita*,bi-chiita*,,,,,,3,7,Bichiità' ñee Mariá.,Se dobló su pie de María.,Càda (gu)ichésa Fán richiità' ñee.,Cada que brinca Juan se pone renco.
chipa,richipa,-chipa,EJG,vA:i vers,A,NO,735,"To become tarnished or worn out, as in clothes.",Percudirse.,change of state,,,ri-chipa,gi-chi!pa,bi-chipa,,,,,,3,4,Bichipa de lari.,Se percudió la ropa.,Bichipa lari.,Se percudió la ropa.
chipalaga,richipà laga,-chipa* laga,EJG;JLC;ND;RGL;RLC,vA:i vers,A,NO,736,To be ashamed.,Tener vergüenza.,emotion,,JLC;RLC,ri-chipa*=laga,gi-chi!pa*=laga,bi-chipa*=laga,,,,,,3,6,Neegue' nuù Fán ra cà ra nuù Fàna bichipà laga Fán quí niní' nè Fàna.,Ayer estuvo Juan y estuvo Juana pero le dio pena a Juan y ya no habló con Juana.,Ni richipà ra laga.,No tiene vergüenza.
chonga,richonga,-chonga,EJG;ND;VP,vA:i,A,NO,737,"To harden, to stiffen up.","Endurecerse, ponerse tieso.",change of state,,,ri-chonga,gi^-cho!nga,bi-chonga,,,,,,3,3,Bichonga.,Se puso duro.,Má bichonga ca' xqueta Fán.,Se endurecieron los totopos de Juan.
chuga,richuga,-chuga,EJG;RLC,vA:i vers,A,NO,738,"To harden, to stiffen. By extension, to slim down.","Endurecerse o ponerse tieso. Por extensión, enflacar.",change of state,,JLC;ND;RLC,ri-chuga,gi-chu!ga,bi-chuga,ka-chu!ga,,,,,4,4,Má bichuga pán nè quí ñoù'ni.,Se puso tieso el pan y no te lo comiste.,"Pà quí gou' narànjacà lá, zachuga.","Si no te comes la naranja, se seca."
chuku,richucu,-chuku,EJG;JLC;ND;VP,vA:i vers,A,NO,739,"To shorten, to become short.","Acortarse, recortarse, hacerse corto.",change of state,,,ri-chuku,gi^-chu!ku,bi-chuku,,,,,,3,5,Bichucuni ra bia'ri'ni.,Se encogió donde lo lavaron.,"Dxi napa Javier chii iza lá, guzié' ti pantalón xtì'be, yanna má napàbe dòse lá, má bichucu.","Cuando tenía Javiercito diez años le compré su pantalón, y ahora que ya tiene doce ya le queda corto."
chuuchi,richuuchì',-chuuchi*,EJG;JLC;ND,vA:i vers,A,NO,740,To become slippery.,Hacerse o ponerse resbaloso.,change of state,,,ri-chuuchi*,gi-chuu*chi*,bi-chuuchi*,ka-chuu^chi*,,,,,4,3,Bireechuùchì' ñeu'.,Te resbalaste.,Richuùchì' layu òra riaba nisa guie.,Se pone resbaloso el piso cuando llueve.
chuuchu,richuuchu',-chuuchu,EJG;JLC;ND;RLC;VC,vA:i vers,A,NO,741,"To become viscous and/or sticky, as in the case of infected and encrusted eyes.","Ponerse viscoso y/o pegajoso, como cuando se infectan los ojos, supuran y se pegan.",change of state,,,ri-chuuchu,gi-chu!uchu,bi-chuuchu,ka-chu!uchu,,,,,4,6,Bichuuchu' nayá'.,Se me puso pegajosa la mano.,Cachúuchu'.,Se está poniendo viscoso.
chuundu,richuundu',-chuundu,EJG;ND;VP,vA:i vers,A,NO,742,"To become clouded, to fog up, to darken.","Nublarse, empañarse, oscurecerse.",change of state,,RLC,ri-chuundu,gi-chu!undu,bi-chuundu,ka-chu!undu,,,ni-chu!undu,,5,6,Cachúundu.,Se está nublando.,Má bichuundu'.,Ya se nubló.
chuundulu,richuundu'lu,-chuundu=lu,EJG,vA:i vers,A,NO,743,For one's vision to become clouded or blurry.,"Nublarse la vista, o hacerse borrosa.",actions,,,ri-chuundu=lu,gi-chu!undu=lu,bi-chuundu=lu,ka-chu!undu=lu,,,,,4,2,Cachúundu' lube.,Se está nublando su vista.,"Òra cueè' Ròsa lènte lu lá, nachuundu' ruuya'.","Cuando se quita Rosa los lentes, se le pone borrosa la vista."
chuupi,richuupì',-chuupi*,EJG;RGL;RLC,vA:i vers,A,NO,744,"To become viscous and/or sticky, as when holding candy in one's hands.","Ponerse viscoso y/o pegajoso, como cuando tienes dulces in las manos.",change of state,,,ri-chuupi*,gi-chuu*pi*,bi-chuupi*,,,,,,3,2,Bichuupì' nà' òra guinaàzè' dxiña huiini'.,Se pone pegajosa la mano cuando agarras dulces.,"Lu guiidxu', naroondè' nè nachuupì' lu.",Adentro del grano (de la piel) está viscoso y baboso.
chwi7,richui',-chwi7,EJG;RLC,vA:i vers,A,NO,745,To become slippery.,Hacerse o ponerse resbaloso.,change of state,,RLC,ri-chwi7,gi-chwi!7,bi-chwi7,ka-chwi!7,,,,,4,2,"Òra runi trapiárcabe, richui' layu.","Cuando trapean, se pone resbaloso el piso.","Òra runi trapiárrca'be, riaanà' nachui'.","Cuando trapean, se pone resbaloso."
da7na,rida'na',-d.a7na,EJG;JLC;ND;VP,vA:i,A,NO,746,"To be touched, to be palpated.","Tocarse, tentarse, palparse.",change of state,,,ri-d.a7na,gi-da!7na (),bi-d.a7na,,,,,,3,0,,,,
daabi,ridaabi',-d.aabi,EJG;JLC;ND;RGL;RLC;VP,vA:i,A,NO,747,"To be rubbed, to be massaged.","Sobarse, masajearse.",actions,,,ri-d.aabi,gi-d.a!abi; ~ gi-d.a!7bi,bi-d.aabi,,,,,,3,6,Cadáabi'.,Se le está dando masaje.,Má bidaabi' deche Julia.,Ya le sobaron la espalda a Julia.
daagu,ridaagu',-d.aagu,EJG;JLC;RLC;VP,vA:i,A,NO,748,"To close up, to become covered up or obstructed. By extension, to faint, to lose consciousness.","Cerrarse, taparse. Por extensión, privarse, desmayarse, perder el conocimiento.",actions,,EJG;JLC,ri-d.aagu,gi-d.a!agu (),bi-d.aagu,,,za-d.aagu,,,4,6,Bidaagu'.,Se desmayó.,Bidaagu'.,Se cerró (ej. la puerta).
daaguyoo,ridaagu'yoo,-d.aagu=yoo,EJG;RLC,vA:i,A,NO,749,"To hunker down at home as a way to isolate oneself willingly. By extension, to be imprisoned.","Encerrarse en casa por voluntad propia. Por extensión, estar preso.",states,,,ri-d.aagu=yoo,gi-da!agu=yoo,bi-d.aagu=yoo,,,,,,3,1,Bidaagu' yoobe ndaani' yoo xtubìbe.,Se encerró ella solita en su casa.,,
daanye,ridaañè',-d.aanye*,EJG;JLC;ND;VP,vA:i,A,NO,750,"To be dug, to be excavated.","Escarbarse, cavarse.",change of state,,EJG;JLC,ri-d.aanye*,gi-d.aa*nye* (I),bi-d.aanye*,,,,,,3,2,Guidaàñè' layu.,Que escarben la tierra.,Ra bidaañè.,Donde está escarbado (ej. una barranca).
daapa,ridaapà',-d.aapa*,EJG;JLC;ND;VP,vA:i,A,NO,751,"To slap. By association with the hand action, loom weaving or palm weaving.","Dar manazos, abofetear. Por asociación con la acción de la mano, tejer en telar o tejer con palma.",actions,,,ri-d.aapa*,gi-d.aa*pa* (I),bi-d.aapa*,,,,,,3,1,Dxi raca bini ridaapa' guela lu stalè layu.,En la temporada de siembras muchos terrenos se cubren de milpa.,,
daapabinni,ridaapà' binnì,-d.aapa* # binni*,EJG;RLC,vA:i,A,NO,752,To fill up with people.,Llenarse de gente.,change of state,,RLC,ri-d.aapa* # binni*,gi-d.aa*pa* # binni*,bi-d.aapa* # binni*,,,,,,3,3,Ridaapà' binnì ndaani' càrru.,Se llena de gente el carro.,Ridaapà' de binnì ndaani' càrru.,Se llena de gente el carro.
daapazinya,ridaapà' ziña,-d.aapa* # zinya,JLC;ND;RLC,vA:i,A,NO,753,To weave palm leaves to build a thatch roof.,"Tejer palma, ej. para enramadas, para techo de casa.",processes,,,ri-d.aapa* # zinya,gi-d.aa*pa* # zinya,bi-d.aapa* # zinya,,,,,,3,3,Má cadaàpà' ziña ique lidxibe.,Ya están tejiendo la palma en el techo de su casa.,Qué ridaapà'dí' ziña.,No se teje la palma.
daaparwaa,ridaapà'ruaa,-d.aapa*=rwaa,JLC;ND,vA:i,A,NO,754,"To be slapped, to be smacked.","Ser abofeteado, ser cacheteado.",change of state,,,ri-d.aapa*=rwaa,gi-d.aa*pa*=rwaa,bi-d.aapa*=rwaa,,,,,,3,2,Bidaapá' ruaá'.,Me cachetearon.,Bidaapà' ruaa Fán.,Cachetearon a Juan.
daapayu,ridaapà'yu,-d.aapa*=yu,EJG;JLC;ND;RLC,vA:i,A,NO,755,To undergo a spiritual cleansing.,"Santiguarse, curarse de espanto, hacerse una limpia.",spirituality,,EJG;RGL;RLC,ri-d.aapa*=yu,gi-d.aa*pa*=yu,bi-d.aapa*=yu,,,,,,3,2,(Gu)idaàpà'yu.,Que se santigüe.,Zaà (gu)idaàpà'yube.,Que lo santiguen.
dalle,ridalè,-d.alle*,EJG;JLC;ND;RLC;VP,vA:i,A,NO,756,"To reproduce, to multiply, to increase in number or quantity.","Reproducirse, multiplicarse, aumentar en número o cantidad.",change of state,,,ri-d.alle*,gi-d.a*lle* (I),bi-d.alle*,,,,,,3,4,Bidalè binnì.,Se amontonó la gente.,Má chídalènu.,Ya vamos a ser varios.
dapi,ridapì,-d.api*,EJG;JLC;ND;RLC;VP,vA:i,A,NO,757,"To carry or haul, in reference to liquids or grain.","Acarrearse, dicho sobre todo de líquidos o granos.",travel and transportation,,,ri-d.api*,gi-d.a*pi*,bi-d.api*,,,,,,3,5,Rí tapìcabe nisa (g)irà' dxi.,Van a acarrear el agua todos los días.,Ritapì nisa (gu)irà' dxi.,Acarrean el agua todos los días.
deegu,rideegu',-d.eegu,JLC;RGL;RLC,vA:i,A,NO,758,"To be closed up, to become covered up or obstructed. By extension, to faint, to lose consciousness.","Cerrarse, taparse. Por extensión, privarse, desmayarse, perder el conocimiento.",change of state,,,ri-d.eegu,gi-d.e!egu (),bi-d.eegu,,,,,,3,1,Rideegu' xtubì.,Se cierra solo.,,
diiba,ridiiba',-d.iiba,EJG;JLC;ND;VP,vA:i,A,NO,759,"To sew, to stitch, to embroider, to suture.","Coserse, costurarse, bordarse, suturarse.",change of state,,,ri-d.iiba,gi-d.i!iba (),bi-d.iiba,,,,,,3,2,Bidiiba'ni.,Se costuró.,Ni bidiiba'.,Lo que está cosido.
diinye,ridiiñe',-d.iinye,EJG;JLC;ND;VP,vA:i,A,NO,760,"To be lent, to be borrowed.",Prestarse.,change of state,,EJG;RLC,ri-d.iinye,gi-d.i!inye (),bi-d.iinye,,,,,,3,2,Bidiiñe' buèltu.,Se pidió dinero prestado.,Zaà guidíiñeni.,Que lo pida prestado.
diinye-2,ridiiñè',-d.iinye*,EJG;JLC;ND;VP,vA:i,A,NO,761,For someone to be hit.,Pegársele.,change of state,*-inVk,,ri-d.iinye*,gi-d.ii*nye* (I),bi-d.iinye*,,,,,,3,0,,,,
diinyebyaani,ridiiñè' biaani',-d.iinye* # b.y.aani,RLC,vA:i,A,NO,762,For lightning to hit.,Relampaguear (lit. pegar relámpagos).,phenomena,,,ri-d.iinye* # b.y.aani,gi^-di*nye* # b.y.aani; ~ k.i*nye* # b.y.aani,bi-diinye* # b.y.aani; ~ gu-d.inye* # b.y.aani,ka-dii*nye* # b.y.aani,,,,,4,3,Neegue' gudiñè xtalè biaani'.,Ayer cayeron muchos relámpagos.,Zaà cadìñè biaani'.,Deja que esté relampaguendo.
diinyentaa,ridiiñè'ntaa,-d.iinye*=ntaa,JLC;RLC,vA:i,A,NO,763,To come crashing down.,Caer de golpe.,motion,,,ri-d.inye*=nta^a,gi-d.ii*nye*=nta^a,bi-d.iinye*=nta^a,,,,,,3,3,Bidiiñè'ntaa yaga.,Se tumbó el árbol.,Zaà guidiìñè'ntaa yaga.,Que se tumbe el árbol.
diinyeyu,ridiiñè'yu,-d.iinye*=yu,RLC,vA:i,A,NO,764,To reject with disdain.,Rechazar con desprecio.,manner,,EJG;JLC;RLC,ri-diinye* yu,gi-d.ii*nye*=yu,bi-diinye*=yu,,,,,,3,1,Má bidiiñè'yuni.,Ya se rechazó.,,
du7ba,ridu'ba',-d.u7ba,EJG;JLC;ND;VP,vA~B:i,A~B,NO,765,"To be pulled, to be carried in, to be sucked in. By extension, to be smoked, in the sense of a cigar or cigarette being smoked.","Jalarse, acarrearse, chuparse. Por extensión, fumarse.",change of state,,,ri-d.u7ba,gi-d.u!7ba,gu-d.u7ba; ~ bi-d.u7ba,ka-d.u!7ba,,za-d.u7ba,,,5,6,"Dxique ndaani' Guidxiguie', bidu'ba' gueza nucha' guie' xhuuba'.","Hace tiempo, en Juchitán se fumaba tabaco revuelto con guie' xhuuba (B. purpusii, B. huanita)",Má bidu'ba' nisa gacanè nisiaaba'.,Ya se acarreó el agua que servirá para preparar el atole.
du7bayu,ridu'ba'yu,-d.u7ba=yu,EJG;RLC;VP,vA:i,A,NO,766,To be dragged on the floor.,Arrastrarse por el piso.,change of state,,,ri-d.u7ba=yu,gi-d.u!7ba=yu,bi-d.u7ba=yu,,,,,,3,4,Bidu'ba'yu mexá' de ra puerrtá'.,Jalaron la mesa hasta la puerta.,Guidú'ba'yu mexá'.,Que se arrastre la mesa.
duunye,riduuñe',-d.uunye,EJG;JLC;RLC;VP,vA:i,A,NO,767,"To be tied, to be roped, to be lassoed.","Lazarse, ser enlazado, amarrarse, ser amarrado.",manner,,,ri-d.uunye,gi-d.u!unye,bi-d.uunye,,,,,,3,1,Riduuñe' yùzè.,Se laza el toro.,,
duunye-2,riduuñè',-d.uunye*,EJG;JLC;ND;VP,vA:i,A,NO,768,To be scratched.,"Rascarse, rasguñarse.",change of state,,RLC,ri-d.uunye*,gi-d.uu*nye*,bi-d.uunye*,,,,,,3,2,Biduuñè' Mariá.,Se rascó María.,Riduuñè'be.,Es rascada.
dye,ridie,-d.ye,JLC,vA:i,A,NO,769,"To tighten up, to become tight.",Apretarse.,change of state,,,ri-d.ye,gi-d.ye! (),bi-d.ye,,,,,,3,2,Bidie Fàna nuchí'.,Anoche abrazaron a Juana.,Zaà guidié.,Que la abracen.
da,ridà,-da*,EJG;JLC;ND;VP,vA:i,A,NO,770,"Spring up, flow, in reference to a liquid.","Manar, brotar, dicho de un líquido.",change of state,,,ri-da*,gi-da* (I),bi-da*,ka-da*,,,,,4,5,Cadànisa.,Está emanando el agua.,Cadànisa ruaabe.,Se le está haciendo agua la boca.
daa,ridaa,-daa,EJG;JLC;ND;RGL;RLC;VP,vA:i,A,NO,771,"To be filled up, in reference to a liquid in a container. By extension, to fill up with pus, for a wound to become infected.","Llenarse de líquido, ej. un recipiente, una olla. Por extensión, llenarse de pus, infectarse, dicho de una herida.",change of state,,EJG;JLC;RLC,ri-daa,gi-da!a (),bi-daa,ka-da!a,,,,,4,6,Bidaabì' guiichì' .,Se enterró una espina.,Bidaa ra bidaabi' guiichì' ñee Mìngu.,A Mingo se le infectó la parte del pie donde se le clavó una espina.
daabindaanilaya,ridaa bi ndaani' laya,-daa # bi ndaani laya,RLC,vA:i,A,NO,772,For teeth to be set on edge.,Destemplarse los dientes.,change of state,,,,,,,,,,,0,1,Bidaa bi ndaani' laya.,Le entró aire en el diente (se le destempló).,,
daadyaga,ridaa diaga,-daa # dyaga,EJG;RLC;VC,vA:i,A,NO,773,To receive advice (lit. for the ear to be filled up).,Ser aconsejado (lit. llenarse el oído).,communication,,,ri-daa # dyaga,gi-da!a # dyaga,bi-daa # dyaga,,,,,,3,3,Bidaaca' diaga Fán.,Le aconsejaron.,Bidaacàni diaga.,Le aconsejaron.
daanyee,ridaa ñee,-daa # nyee,RLC,vA:i,A,NO,774,"Infection of a toenail from a blow. This condition is associated with heat. To treat it, the foot is soaked in hot water with salt and three or four flowers of the species Nerium oleander.","Infectarse la uña del pie por un golpe. Esta afección se considera caliente. Para aliviarla, se suele remojar el pie en agua caliente con sal y tres o cuatro flores de rosa clavel (Nerium oleander).",wellness,,,,,,,,,,,0,2,Cadáa ñeebe.,Se le está infectando el pie.,Qué nidáadí' ñeebe.,No se le infectó el pie.
daazha7na,ridaa xa'na',-daa # zha7na,EJG;RLC,vA:i,A,NO,775,To receive a threat.,Ser amenazado.,actions,,,ri-daa # zha7na,gi-da!a # zha7na,bi-daa # zha^7na,,,,,,3,0,,,,
daazhii,ridaa xii,-daa # zhii,EJG;VC,vA:i,A,NO,776,To receive advice to the point of saturation (lit. for the nose to be filled up).,Ser aconsejado hasta la saciedad (lit. llenarse la nariz).,change of state,,,ri-d.aa # zhii,,,,,,,,1,1,Qué nidáadí' xii xiiñi'be.,A su hijo no le aconsejaron hasta hartarlo.,,
daabi-2,ridaabì',-daabi*,EJG;JLC;ND;RGL;RLC;VP,vA:i,A,NO,777,"To become lodged or stuck, as in the case of a splinter or a thorn under the skin.","Enterrarse, encajarse, clavarse, sumirse (ej. una espina).",change of state,,,ri-daabi*,gi-daa*bi*,bi-daabi*,,,,,,3,4,Bidaabì' guiichì' ñee.,Se espinó el pie.,Bidaabì' guiichì' ñee Fán.,Se le espinó el pie a Juan.
daadxi,ridaadxi',-daadxi,JLC,vA:i,A,NO,778,"To become flattened, to become dented.","Achatarse, aplastarse, abollarse.",change of state,,,ri-daadxi,gi-da!adxi (),bi-daadxi,,,,,,3,1,Bitaadxi'.,Se aplastó.,,
dachi,ridachì,-dachi*,EJG;JLC;ND;VP,vA:i vers,A,NO,779,To be emptied out.,Vaciarse.,change of state,,EJG;JLC;RGL;RLC,ri-dachi*,gi-da*chi*,bi-dachi*,,,,,,3,4,Má bidachìcabe.,Ya se vació (de gente).,Má nadachì nuaá'.,Ya me alivié. (lit. ya estoy vacía)
dallexpidxichi,ridalèxpidxichi,-dalle*=x-pi-dxichi,JLC;RLC,vA:i,A,NO,780,"For money to become plentiful. By extension, to become rich.","Hacerse abundante el dinero. Por extensión, enriquecerse.",subsistence,,,ri-dalle*=x-pi-dxichi,gi-da*lle*=x-pi-dxichi,bi-dalle*=x-pi-dxichi,,,,,,3,3,Bidalè bidxichi xtì' Fán.,El dinero de Juan se multiplicó.,Bidalé bidxichi xtinné'.,Creció mi dinero.
dapa,ridapa,-dapa,JLC,vA:i vers,A,NO,781,To be in quarters or in a set of four.,Hacerse en cuatro.,states,,,ri-dapa,gi-da!pa,bi-da!pa,,,,,,3,6,Guidapá'.,Los cuatro.,Guidapá'.,Los cuatro.
de,ride,-de,EJG;RLC,vA:i vers,A,NO,782,"To turn into dust or ashes, to be pulverized.","Hacerse polvo o ceniza, pulverizarse.",change of state,,,ri-de,gi-de!,bi-de,ka-de!,,za-de,,,5,2,Má bide suquiì.,Ya se hizo ceniza en el horno.,Zaà guidé suquiì.,Que se haga cenizas (la leña en el interior d)el horno.
deendela7dxi,rideende'la'dxi',-deende=la7dxi,EJG;RGL,vA:i,A,NO,783,To be attentive.,"Ocuparse, preocuparse.",states,,,rideende la7dxi,,bi-deende la7dxi,,,,,,2,1,Quí rideende'la'dxi'dí'be.,"No se preocupa (es irresponsable, dejado, abandonado de sí mismo).",,
di7di,ridi'di',-di7di,EJG;JLC;ND;RGL;VP,vC:i,C,NO,784,"To pass through, to pass by, to overtake.","Rebasar, atravesar, pasar.",actions,,,ri-di7di,t.idi!7,gu-di7di,,,,,,3,6,Gudi'di'be de nuù xpiaani'.,Se pasó de listo.,Gudi'di'be lu.,Le rebasó.
di7dixkaapalu,ridi'di' xcaàpà' lu,-di7di x.kaa*pa* lu,EJG;RLC,vC:i,C,NO,785,For the eyes or vision to become bleary.,Hacerse nublada la vista.,actions,,,ri-di7di x.kaa*pa* lu,t.idi!7 x.kaa*pa* lu,gu-di7di x.kaa*pa* lu,,,,,,3,1,(G)udi'di' xcaàpà' lu Fán (g)udi'di' Fàna lu.,Como tiene cataratas (lit. capa en el ojo) Juan no vio a Juana.,,
di7dibi,ridi'di'bi,-di7di=bi,EJG;VC,vC:i,C,NO,786,"To faint, especially due to hunger.","Desfallecer, sobre todo por hambre.",wellness,,,ri-di7di=bi,,gu-di7di=bi,,,,,,2,2,Qué nidí'di'bidí' laabe.,No desfalleció.,Ridi'di'bi ba'du' huiini'.,Se muere de hambre el niño.
di7didxi,ridi'di'dxi,-di7di=dxi,EJG;RLC,vC:i,C,NO,787,For a due date to pass.,"Pasarse el día, llegar la fecha límite, vencerse el plazo.",time,,,ri-di7di=dxi,t.idi!7=dxi,gu-di7di=dxi,,,,,,3,4,Má (g)udi'di' dxi.,Se le venció el plazo. (lit. ya pasó el día),Má (g)udi'di' dxi xtì'be.,Se le pasó el día.
di7didxi-2,ridi'di'dxì,-di7di=dxi*,EJG;RLC,vC:i,C,NO,788,"To pass by quietly, without causing a stir.","Pasar tranquilamente, sin causar conmoción.",states,,,ri-di7di=dxi*,t.idi!7=dxi*,gu-di7di=dxi*,,,,,,3,2,Gudi'di'dxì.,Pasa tranquilamente (ej. sin causar pleito).,Gudi'di'dxìbe.,Pasó tranquilo (sin causar pleito).
di7dilaaga,ridi'di'laaga',-di7di=laaga,EJG;JLC;RGL;RLC;VP,vC:i,C,NO,789,"To cross, to go across, to lie across.","Atravesarse, cruzarse.",motion,,,ri-di7di=laaga,t.idi!7=laaga; ~ didi!7 laaga,gu-di7di=laaga,,,,,,3,6,Biaba ti yaga didí'laaga' lu carretèra.,Se cayó un palo y atravesó (bloqueó) la carretera.,Cana di'di'laaga'be lu neza.,Anda cruzando la calle.
di7dilu,ridi'di'lu,-di7di=lu,EJG;JLC;ND,vC:t,C,NO,790,To take a quick glance at.,Echarle un vistazo.,perception,-di7di,,ri-di7di=lu,t.idi!7=lu,gu-di7di=lu,,,,,,3,2,Gudi'di'lu Fán ba'du'.,Juan le hizo mal de ojo al niño.,Ridi'di'lu Fán ba'du'.,Juan les hace mal de ojo a los niños.
di7dina7,ridi'di'nà',-di7di=na*7,EJG;ND;RLC,vC:i,C,NO,791,To go overboard on something.,"Pasársele la mano, excederse.",actions,,,ri-di7di=na*7,t.idi!7=na*7,gu-di7di=na*7,,,,,,3,3,(G)udi'di'nà'be.,Se excedió.,(G)udi'di'nà'be de zidi.,Se pasó de sal (en la comida).
di7dindaani,ridi'di'ndaani',-di7di=ndaani,EJG,vC:i,C,NO,792,To have diarrhea.,"Tener diarrea, soltarse el estómago.",wellness,,,ri-di7di=ndaani,t.idi!7=ndaani,gu-di7di=ndaani,,,,,,3,1,Gudi'di' ndaani' ba'du'.,Tuvo diarrea el niño.,,
di7disu,ridi'di'su,-di7di=su,EJG,vC:i,C,NO,793,To go too far.,"Pasarse, excederse.",actions,,,ri-di7di=su,t.idi!7=su,,,,,,,2,2,Qué nidí'di' su (dí')be Juán de naguìdxa.,No se pasó de idiota.,Ridi'di'su Juán de naguìdxa.,Juan se pasó de idiota.
di7dixi,ridi'di'xhi,-di7di=xi,RLC,vC:i,C,NO,794,To neglect one's own care.,Descuidarse.,wellness,,,ri-di7di=xi,t.idi!7=xi,gu-di7di=xi,,,,,,3,1,"Mà' (g)udi'di'xhi Fàna, gupà ti ba'du'.",Se descuida Juana por cuidar al niño.,,
di7diya,ridi'di'ya,-di7di=ya,EJG;RLC,vC:i,C,NO,795,For the optimal time for harvest or ripening of a fruit to pass.,Pasarse el momento de maduración de una fruta o de una cosecha.,cultivation,,,ri-di7di=ya,t.idi!7=ya,gu-di7di=ya,,,,,,3,1,Ridi'di'ya cuaana'naxhi.,Pasa la cosecha de las frutas.,,
di7dizhiinyi,ridi'di'xiiñi',-di7di=zhiinyi,EJG;ND;RLC,vC:i,C,NO,796,"To miscarry, to have an abortion.","Abortar un embarazo, ya sea de manera espontánea o inducida.",actions,,VC,ri-di7di=zhiinyi,t.idi!7=zhiinyi,gu-di7di=zhiinyi,,,,,,3,3,Chítidí'xiiñi'be.,Va a abortar.,Gudi'di'xiiñi'be.,Perdió al bebé.
didi,rididì,-didi*,JLC,vA:i vers,A,NO,797,"To poke out, to stick out.","Salirse, sobresalir, extenderse más allá de un límite o de un contenedor.",change of state,,,,gi-di*di*;  ri-didi*;  bi-didi*,,,,,,,1,2,Didìbe.,Adelantado.,Didì Fán lu Pèdru de iza.,Juan le lleva varios años a Pedro
dinde,ridindè,-dinde*,EJG;JLC;RGL;RLC;VP,vC:i,C,NO,798,"To fight. By extension, eclipse, given that it is defined as a battle between the sun and the moon.","Pelearse. Por extensión, eclipse, puesto que se define como una batalla entre el sol y la luna.",states,,RLC,ri-dinde*,t.i*nde* (I),gu-dinde*,ka-di*nde*,,,,,4,6,Cadìndè beeyù' nè (g)ubidxa.,Están peleando la luna y el sol (i.e. en el contexto de un eclipse).,Cadìndè Fán nè Pèdru.,Juan y Pedro están peleando.
dindebeewunegubidxa,ridindè beeù' nè gubidxa,-dinde* beewu* ne* gu-bidxa,RLC,vC:i,C,NO,799,"This phrasal verb describes an eclipse, defined as a battle between the sun and the moon.","Este verbo de frase describe un eclipse, puesto que se define como una batalla entre el sol y la luna.",phenomena,,,,,,,,,,,0,1,Cadìndè beeù' nè (g)ubidxa.,Se pelean la luna y el sol.,,
dindediidxa,ridindèdiidxa',-dinde*=diidxa,RGL;RLC;VP,vC:i,C,NO,800,To fight verbally.,Pelearse con palabras.,communication,,RGL;RLC,ri-dinde*=di^idxa,ti*nde*=di^idxa,gu-dinde*=di^idxa,ka-di*nde*=di^idxa,,,,,4,2,Cadìndèdiidxa'ca.,Se están peleando de palabras.,Cadìndèdiidxa' Fán nè Pèdru.,Juan y Pedro están discutiendo.
dindegubidxa,ridindègubidxa,-dinde*=gu-bidxa,RLC,vC:i,C,NO,801,To remain asleep even after the sun has risen. Some speakers use this verb phrase to describe someone with a broad forehead.,Quedarse dormido aún después de que el sol haya salido. Algunos también usan este verbo de frase para describir a una persona de frente amplia.,states,,,ri-dinde*=gu-bidxa,t.i*nde*=gu-bidxa,gu-dinde*=gu-bidxa,,,,,,3,3,Biasa ba'du' má (g)udindè (g)ubidxa lucualu'.,"Sigues dormido, niño, aunque el sol ya te da en la frente (ya ha salido).",Gudindè gubidxa ique Fán.,Le agarró el sueño a Juan. (lit. el sol peleó con la cabeza de Juan)
dindene,ridindènè,-dinde*=ne*,EJG;JLC;RGL;RLC;VP,vC:t,C,NO,802,To scold someone.,Regañarlo.,communication,,,ri-dinde*=ne*,t.i*nde*=ne*,gu-dinde*=ne*,,,,,,3,4,Cádi tìndènèdioú' naa.,No me regañes.,Gudindènè Mariá Fán.,María regañó a Juan.
dipa,ridipa,-dipa,JLC;ND;RGL,vA:i,A,NO,803,To be sexually aroused.,Excitarse sexualmente.,change of state,,EJG,ri-dipa,gi^-di!pa,bi-dipa,ka-di!pa,,,,,4,0,,,,
do7,rido',-do7,EJG;JLC;ND;VP,vA:i vers,A,NO,804,To calm down.,"Calmarse, apaciguarse, tranquilizarse.",change of state,,,ri-do7,gi-do!7,bi-do7,ka-do!7,,za-do7,,,5,6,Cadó' ca yùzèduxhú' xti' ta Màrcu.,Se están amansando los toros del señor Marcos.,"Dxi'ba' xiyana Toño, laaca' tuuxa' bichiichi' laa, que zandaa zado'.","Toño tiene mucho coraje, alguien lo enojó, pero pronto recuperará la calma."
do7la7dxi,rido'la'dxi',-do7=la7dxi,EJG;RGL,vA:i vers,A,NO,805,To calm down (lit. for the liver to calm down).,"Calmarse, apaciguarse, tranquilizarse (lit. calmarse el hígado).",change of state,,,ri-do7=la7dxi,gi-do!7=la7dxi,bi-do7=la7dxi,,,,,,3,1,Quí nidóola'dxi'dí'be.,No se apaciguó él.,,
doo,ridoo,-doo,EJG;ND;VP,vA:i,A,NO,806,To be sold.,Venderse.,change of state,,,ri-doo,gi^-do!o,bi-doo,ka-do!o,,za-doo,,,5,5,Bidoo xtalè.,Se vendió mucho.,Cadóo.,Se está vendiendo.
dopa,ridopà,-dopa*,EJG;JLC;ND;RGL;RLC;VP,vA:i,A,NO,807,"To gather onto itself, to retract onto itself, to curl up.","Recogerse, encogerse, enrollarse.",change of state,,RLC,ri-dopa*,gi-do*pa* (I),bi-dopa*,,,,,,3,6,Beeù'dí' ridopà xandié.,Este mes se recoje la sandía.,Má bidopà ñee pantalón.,Ya se recogió el pantalón (de la bastilla).
dopalu,ridopàlu,-dopa*=lu,EJG;JLC;ND;VP,vA:i,A,NO,808,"To gather, to accumulate.","Recogerse, juntarse, acumularse.",actions,,,ri-dopa*=lu,gi-do*pa*=lu,bi-dopa*=lu,,,,,,3,1,Bidopàlu xtalè buèltu.,Se ahorró mucho dinero.,,
dopazisi,ridopàzisi,-dopa*=zisi,EJG;RLC,vA:i,A,NO,809,For people to crowd.,"Juntarse o aglomerarse, con relación a gente.",change of state,,,ri-dopa*=zisi,gi-do*pa*=zisi,bi-dopa*=zisi,,,,,,3,1,Bidopàsisi binnì.,Se amontonó la gente.,,
dubi,ridubi,-dubi,EJG;JLC;ND;VP,vA:i,A,NO,810,"To be submerged, to sink, to be overtaken by water. By extension, to be consumed, to run out.","Sumergirse, hundirse, ser consumido por el agua. Por extensión, gastarse, consumirse, acabarse.",change of state,,EJG;JLC;RLC,ri-dubi,gi-du!bi (),bi-dubi,ka-du!bi,,za-dubi,,,5,4,Cadúbi.,Se está gastando.,Má bidubi.,Ya se gastó (ej. el jabón).
duuba,riduuba',-duuba,EJG;JLC;ND;RGL;VP,vA:i,A,NO,811,"To move over, to move to the side, to move out of the way.","Arrimarse, quitarse, hacerse a un lado.",change of state,,,ri-duuba,gi-du!uba (),bi-duuba,ka-du!uba,,za-duuba,,,5,5,Bètu biduuba' neza ra nuu bi'chi'.,Beto se arrimó por donde estaba su hermano.,Biduubá'.,Me hice a un lado.
duuna,riduunà',-duuna*,EJG;JLC;ND;RGL;RLC,vA:i,A,NO,812,"To be solicited, to be hired, to be rented.","Solicitarse, contratarse, alquilarse.",commerce,,,ri-duuna*,gi-duu*na*,bi-duuna*,kaduu*na*,,,,chi!+ duuna*,5,6,Caduunna' Chéu chetuba' caadxi' yagabidxi.,Están contratando a Cheo para el acarreo de un poco de leña seca.,Caduunna' Cheya ra lidxiguendanazaaca' yenecabe laa neegue'.,La señora Cheya está siendo visitada en el centro de salud donde la trasladaron ayer.
duunadxiibi,riduunà' dxiìbì',-duuna* # dxii*bi*,EJG;RGL;RLC;VP,vA:t,A,NO,813,To request a spiritual cleansing.,"Solicitar para santiguar, curar de espanto o hacer una limpia.",spirituality,,,ri-duuna* # dxii*bi*,gi-duu*na* # dxii*bi*,bi-duuna* # dxii*bi*,ka-duu*na* # dxii*bi*,,,,,4,6,Biduunà' Gabrièla dxiìbì'.,Se le curó de espanto a Gabriela.,Caduùnà' Lìnda dxiìbì'.,Se está santiguando Linda.
duunandanu,riduunà' ndànu,-duuna* nda* +nu*,ND,vA:i,A,NO,814,To meet up. This verb phrase is often used as a farewell expression.,"Encontrarse, verse. Esta frase verbal se utiliza con frecuencia a manera de despedida.",actions,,,,,,,,,,,0,4,Cadú'na'cànu.,Nos estamos viendo.,Caduùnna'nu rari' yannadxi.,Hoy día nos encontramos aquí.
duunaxii,riduunà'xhiì,-duuna*=xii*,EJG;ND;RLC,vA:i,A,NO,815,"To be loved, to be adored, to be appreciated.","Querérsele, amársele, adorársele, estimársele.",states,,,ri-duuna*=xii*,gi-duu*na*=xii*,bi-duuna=xii*,ka-duu*na=xii*,,,,,4,2,Caduùnà'xhiì.,Está queriendo.,Riduunàxhiì Olìbia.,Todos quieren a Olivia.
duxu,riduxhu,-duxu,EJG;JLC;ND;RGL;VP,vA:i,A,NO,816,To become sharp.,Afilarse.,change of state,,RLC,ri-duxu,gi-du!xu (),bi-duxu,,,,,,3,3,Biduxhu (g)udxíu.,Se afiló el cuchillo.,Ti binnì (na)duxhú'.,Una persona brava.
duxu-2,riduxhù,-duxu*,EJG;JLC;ND;RGL;VP,vA:i,A,NO,817,"To bark. By extension, to admonish, to reprimand, to scold.","Ladrar. Por extensión, amonestar, reprender, regañar.",actions,,,ri-duxu*,gi-du*xu* (I),bi-duxu*,,,,,,3,1,Zaà (gu)idùxhù.,Que ladre.,,
dxa,ridxa,-dxa,EJG;JLC;ND;RGL;VP,vA:i,A,NO,818,To be filled up.,Llenarse.,change of state,,RLC,,gi-dxa! (),bi-dxa,,,za-dxa,,,3,7,Bidxa Àli de biichì'.,Se llenó Ali de piojos.,Má bidxa ndaani' Chona.,Ya se llenó el estómago de Chona.
dxabi,ridxa bi,-dxa # bi,EJG;RLC,vA:i,A,NO,819,"To be filled up with air, to become inflated.","Llenarse de aire, inflarse.",change of state,,JLC,ri-dxa # bi,gi-dxa! # bi,bi-dxa # bi,,,za-dxa # bi,,,4,4,"Òra ro bizaa, ridxa bi.","Cuando come frijol, se llena de aire.","Òra ro Mariá bizaa, ridxa bi.","Cuando María come frijol, se llena de aire."
dxabumbu,ridxa bumbù,-dxa # bumbu*,EJG,vA:i,A,NO,820,"To bulge, to become distended.",Abombarse.,change of state,,,ri-dxa # bumbu*,gi-dxa! # bumbu*,bi-dxa # bumbu*,,,,,,3,4,Bumbùticà bidxa Mariá.,María está abombada y llena (de tanto comer o por embarazo).,Dxà' bumbù ladxiduá'.,Mi panza está abombada de tan llena (por comer mucho).
dxagi,ridxa gui,-dxa # gi,EJG;JLC;VP,vA:i,A,NO,821,To swell.,"Hincharse, inflamarse.",actions,,RLC,ri-dxa # gi,gi-dxa! # gi,bi-dxa # gi,,,za-dxa # gi,,,4,3,Bidxabe gui.,Se inflamó.,Bidxàgui intestìnu,Se le inflamó el intestino.
dxandaani,ridxandaani',-dxa=ndaani,EJG;RLC,vA:i,A,NO,822,"To fill up the belly. By extension, to become pregnant.","Llenar la barriga. Por extensión, embarazarse.",actions,,,ri-dxa=ndaani,,,,,,,,1,1,Ridxa ndaani' Mariá.,Se llena el estómago (al comer) de María.,,
dxatipa,ridxatipa,-dxa=tipa,EJG,vA:i,A,NO,823,To become full to the limit or to the point of distension.,"Llenarse hasta el tope, colmarse tanto que se expande.",change of state,,RLC,ri-dxa tipa,,,,,,,,1,1,Bidxa tipa ndaani' Mariá tàntu (g)udo.,Se llenó mucho María de tanto que comió.,,
dxaa,ridxaa,-dxaa,EJG;JLC;ND;VP,vA:i,A,NO,824,"To change, to exchange.","Cambiarse, intercambiarse.",change of state,,,ri-dxaa,gi-dxa!a (),bi-dxaa,,,,,,3,1,Bidxaa binnì runi xhiiña' Betu.,Se cambió el personal que hace el trabajo de Beto.,,
dxaa-2,ridxaà,-dxaa*,EJG;ND;VP,vA:i vers,A,NO,825,"To warm up, to become hot.",Calentarse.,change of state,,,ri-dxaa*,gi-dxaa*,bi-dxaa*,,,za-dxaa*,,,4,2,Bidxaa nisa gaze ri'ni'.,Se entibió el agua con que se bañará al bebé.,Má bidxaàni.,Ya se calentó (algo).
dxaaga,ridxaagà',-dxaaga*,EJG;JLC;ND;VP,vA:t,A,NO,826,"To accompany someone, to join someone, to go with someone. By extension, to go well or look well with certain clothes.","Acompañarse, juntarse con alguien, ir con alguien. Por extensión, verse bien con una ropa.",actions,,,ri-dxaaga*,gi-dxaa*ga* (I),bi-dxaaga*,ka-dxaa^ga*,,,,,4,6,Bidxaagá'ca' (ladè lé').,Se toparon en el callejón.,Bidxaagà' lu Fán Pèdru.,Se encontraron Juan y Pedro (i.e. en el camino).
dxaagabenda,ridxaagà' benda,-dxaaga* # benda,EJG;VC,vA:i,A,NO,827,To get together to fish as a group.,Juntarse para pescar de manera colectiva.,manner,,,,,,ka-dxaa*ga* # benda,,,,,1,1,Qué nidxaàgà'dí' benda.,No se hizo la pesca por cooperación.,,
dxaaganiza,ridxaagà' niza,-dxaaga* # niza,EJG;VC,vA:i,A,NO,828,For a group of people to make a collective and organized purchase of corn.,Comprar la mazorca de manera grupal y organizada.,cultural practices,,,,,,ka-dxaa*ga* # niza,,,,,1,2,Cadxaàgà' niza.,Se están cooperando para comprar una carga de maíz.,Qué nidxaàgà'dí' niza.,No se compró mazorca por cooperación.
dxaagalu,ridxaagà'lu,-dxaaga*=lu,EJG;JLC;ND;RLC;VP,vA:i,A,NO,829,"To meet up, to run into each other.","Encontrarse, cruzarse o toparse con alguien.",actions,,RLC,ri-dxaaga*=lu^,gi-dxaa*ga*=lu^,bi-dxaaga*=lu^,,,,,,3,4,Bidxaagà'lu.,Se encontraron.,Ridxaagà'lucabe.,Se encuentran ellos.
dxaawi,ridxaahui',-dxaawi,EJG;JLC;RGL;VP,vA:i,A,NO,830,To be whipped.,Batirse.,processes,,,ri-dxaawi,gi-dxa!awi (),bi-dxaawi,,,,,,3,1,Ridxaahui' dxuládi.,Se bate el chocolate.,,
dxaba7,ridxabá',-dxaba!7,JLC,vA:i vers,A,NO,831,"To become angry, irritable, aggressive or mean.","Enojarse, ponerse irascible, hacerse agresivo o malo.",change of state,,,ri-dxaba!7,gi-dxaba!7,bi-dxaba!7,,,,,,3,0,,,,
dxaga,ridxaga,-dxaga,EJG;JLC;ND;RLC;VP,vA:i,A,NO,832,"To get tired, to become fatigued.","Cansarse, fatigarse.",change of state,,,ri-dxaga,gi-dxa!ga (),bi-dxaga,ka-dxa!ga,,,,,4,6,Bidxagá'.,Me cansé.,Bidxaga.,Está cansado.
dxagadxe7,ridxagadxe',-dxaga=dxe7,EJG;ND,vA:i,A,NO,833,To become exhausted.,Agotarse.,change of state,,RGL,ri-dxaga=dxe7,gi-dxa!ga=dxe7,bi-dxaga=dxe7,ka-dxa!ga=dxe7,,,,,4,1,Cadxagadxe'.,Se está cansando en demasía.,,
dxagakinde,ridxagaquìndè,-dxaga=ki*nde*,EJG;RGL;RLC,vA:i,A,NO,834,To have the need to fart.,Tener ganas de echar un pedo.,states,,,ri-dxaga=ki*nde*,gi-dxa!ga=ki*nde*,bi-dxaga=ki*nde*,,,,,,3,2,Bidxaga quìndè Fán.,Juan tenía ganas de sacar pedo.,Napà gàna quìndè.,Tengo ganas de sacar pedo.
dxaganesa,ridxaganèsà,-dxaga=ne*sa*,EJG;RLC,vA:i,A,NO,835,To have the need to urinate.,Tener ganas de orinar.,states,,,ri-dxaga=nesa*,gi-dxa*ga*=nesa*,bi-dxaga=nesa*,,,,,,3,3,"Bidxagà nesàbe lá, zèbe.",Quería orinar y se fue.,Bidxaganèsà bi'cu'.,Quería orinar el perro.
dxagaxkaanda,ridxagaxcaanda',-dxaga=x.kaanda,EJG;JLC;RLC;VP,vA:i,A,NO,836,To yawn.,Bostezar.,actions,,,ri-dxaga=x.kaanda,gi-dxa*ga*=x.ka^anda,bi-dxaga=x.kaanda,,,,,,3,2,Bidxagaxcaanda' Fán.,Juan bostezó,Zaà (gu)idxàgàxhcaanda' Fán.,Deja que Juan bostece.
dxagaxuuna,ridxagaxhuùnà',-dxaga=xuu*na*,EJG;ND;RLC,vA:i,A,NO,837,To have the need to poop.,Tener ganas de cagar.,states,,,ri-dxaga=xuu*na*,gi-dxa*ga*=xuu*na*,,,,,,,2,1,Ridxagaxhuùnà' ba'du'.,El niño tiene ganas de cagar.,,
dxagayaa,ridxagayaa,-dxaga=yaa,EJG;JLC;ND;VP,vA:i,A,NO,838,"To be amazed, to marvel, to be surprised.","Asombrarse, maravillarse, sorprenderse.",change of state,,,ri-dxaga yaa,gi-dxa!ga yaa,bi-dxaga yaa,,,,,,3,5,Bidxagayaa Fán.,Se asombró Juan.,Cadxága(yaa)dí'.,Estas cosas que tanto sorprenden.
dxe,ridxe,-dxe,EJG;ND;RGL;RLC;VP,vA:i vers,A,NO,839,"To change, to turn into something else. By extension, to become altered, to go crazy.","Cambiar, convertirse, tornarse (lit. hacerse otro). Por extensión, alterarse, alocarse.",change of state,,,ri-dxe,gi-dxe!,bi-dxe,ka-dxe!,,za-dxe,,,5,2,Bidxe binnìgüe'.,Se alocó el borracho.,Ridxe nguiiu hora re'taata'.,Se pone violento el hombre cuando toma mucho.
dxe7,ridxe',-dxe7,JLC;ND,vA:i vers,A,NO,840,To become wet.,Mojarse.,change of state,,RLC,ri-dxe7,gi-dxe!7,bi-dxe7,,,,,,3,3,Guca dxe' ladi.,Se empapó (el cuerpo),Racà biini' dxe'beni.,Ahí lo mojó.
dxeike,ridxeique,-dxe=ike,EJG;ND;RLC;VP,vA:i vers,A,NO,841,To suffer from a mental health disorder (lit. for the head to empty).,Padecer de algún trastorno de salud mental (lit. vaciarse la cabeza).,actions,,,ri-dxe=ike,gi-dxe!,bi-dxe=ike,ka-dxe!=ike,,za-dxe=ike,,,5,1,Bidxeique Fán.,Se alocó Juan.,,
dxelu,ridxelu,-dxe=lu,EJG;ND;RLC,vA:i vers,A,NO,842,To become lightheaded or disoriented (lit. for the face/eyes to empty).,"Marearse, desorientarse (lit. vaciarse la cara/los ojos).",actions,,RLC,ri-dxe=lu,,bi-dxe=lu,ka-dxe!=lu ,,za-dxe=lu,,,4,2,Bidxelube.,Se perdió.,Cadxélu.,Se está mareando.
dxezha7na,ridxexa'na',-dxe=zha7na,EJG;ND;RLC,vA:i vers,A,NO,843,To behave in an irrational or capricious way (lit. for the buttocks to empty).,"Comportarse de manera irracional, caprichosa, berrinchuda o sin juicio (lit. vaciarse las nalgas).",actions,,,ri-dxe=zha7na,gi-dxe!=zha7na,bi-dxe=zha7na,ka-dxe!=zha7na,,za-dxe=zha7na,,,5,1,Zaà guidxéxa'na'be.,Deja que haga berrinche.,,
dxela,ridxela,-dxela,EJG;RLC;VP,vA~B:t,A~B,NO,844,"To find, to locate.","Encontrar, hallar, localizar, ubicar.",actions,,,ri-dxela,gi-dxe!la,bi-dxela; ~ gu-dxela,,,,,,3,3,Bidxelabe buèltu.,Encontró dinero.,Bidxela buèltu.,Encontró dinero.
dxelasaa,ridxelasaa,-dxela=saa,EJG;RLC;VP,vA:a,A,NO,845,"To meet up with someone, run into someone, or face someone. By extension, to crash into someone, argue with someone, or fight with someone.","Encontrarse con alguien, toparse con alguien, enfrentarse con alguien. Por extensión, chocar, pelear.",actions,,RLC,ri-dxela=saa,gi-dxe!la=saa,bi-dxela=saa,ka-dxe!la saa,,,ni-dxe!la=saa,,5,6,Bidxela saa chupà gàyu.,Se pelearon dos gallos.,Bidxelasaa Fán nè Pèdru.,Juan y Pedro se pelearon.
dxi,ridxi,-dxi,EJG;ND;VC;VP,vA:i,A,NO,846,"To be late, as in the time of day or in regards to a schedule.",Hacerse tarde.,change of state,,,ri-dxi,gi-dxi!,bi-dxi,,,,,,3,1,Zaà gaca huadxi.,Deja que se haga tarde.,,
dxilayu,ridxi layu,-dxi la=yu,RLC;VC,vA:i,A,NO,847,"Dusk. By extension, when someone suffers a tragedy they can use this metaphorical expression to say that it is the end of the world for them.","Atardecer. Por extensión, cuando alguien sufre una tragedia puede usar esta expresión figurada para decir que se le acaba el mundo.",phenomena,,,ri-dxi la=yu,gi-dxi! la=yu,bi-dxi la=yu,,,,,,3,2,Bidxii layu para Mariá.,Se le acabó el mundo a María.,Má cadxí layu.,Ya va atardeciendo.
dxi7ba,ridxi'ba',-dxi7ba,EJG;JLC;ND;RGL;RLC;VP,vA:t,A,NO,848,To throw up.,Vomitar.,wellness,,EJG;JLC;RLC,ri-dxi7ba,gi-dxi!7ba (),bi-dxi7ba,ka-dxi!7ba,,,,,4,4,Bidxi'ba'beni.,Lo vomitó.,Cadxí'ba'be.,Está vomitando.
dxibi,ridxibi,-dxibi,EJG;JLC;ND;RGL;RLC;VP,vA:a,A,NO,849,"To be afraid, to be afraid of something.","Temer, temerle.",states,,,ri-dxibi,gi-dxi^bi (),bi-dxibi,ka-dxi!bi,,,,,4,6,Cádi guidxíbi.,Que no tenga miedo.,Nidxí'bu' pà ñuúyu'.,Te espantarías si lo vieras.
dxiga7,ridxigá',-dxiga!7,RLC,vA:t,A,NO,850,"To drive something in, ex. to hammer a nail in, to dig a knife into something, etc.",Clavarlo.,actions,,,,,,,,,,,0,1,Bidxigá'ca'be ti (g)udxíu ndaani'be.,Le clavaron un cuchillo en la panza.,,
dxii,ridxii,-dxii,EJG;JLC;ND;VP,vA:t,A,NO,851,"To cover, to block.","Tapar, cubrir.",actions,,EJG;JLC;RLC,ri-dxii,gi-dxi!i (),bi-dxii,ka-dxi!i,,za-dxii,,,5,6,Bichiibe neza.,Tapó el camino.,Bichii Fán neza para quí tidí' Pèdru.,Tapó el camino Juan para que no pasara Pedro.
dxiilayu,ridxii layu,-dxii la=yu,EJG;ND;RLC,vA:i,A,NO,852,For dusk or darkness to set in (lit. for Earth to be covered).,"Anochecer, oscurecer (lit. taparse la Tierra).",phenomena,,,ri-dxii la=yu,gi-dxi!i la=yu,bi-dxii la=yu,ka-dxi!i la=yu,,za-dxii la=yu,,,5,2,Bidxii layu.,Anocheció.,Cadxiilayu.,Está amaneciendo.
dxii-2,ridxiì,-dxii*,JLC;ND,vA:t,A,NO,853,To love.,"Querer, amar.",emotion,,,ri-dxii*,gi-dxii* (I),bi-dxii*,,,,,,3,2,Nadxii.,Adora.,Nadxiì Mariá Pèdru.,María quiere a Pedru.
dxiibi,ridxiibi',-dxiibi,EJG;JLC;RLC;VP,vA:i vers,A,NO,854,To become bare and therefore smooth after having lost hair or feathers.,"Alisarse, por haber perdido el pelo o las plumas.",change of state,,JLC;RGL,ri-dxiibi,gi-dxi!ibi,bi-dxiibi,,,,,,3,2,"Bidxiibi' ladi bere, biaba xtuubi'.","Se quedó pelona la gallina, se le cayeron sus plumas.",Zaà (gu)idxíibi ladime.,Que se quede pelón el animal (trasquilado).
dxiichi,ridxiichì',-dxiichi*,EJG;JLC;ND;RGL;RLC;VP,vA:i,A,NO,855,To get angry.,Enojarse.,change of state,,RLC,ri-dxiichi*,gi-dxii*chi* (I),bi-dxiichi*,ka-dxii*chi*,,,,,4,6,Bidxiiché'.,Me enojé.,Bidxiichú'.,Te enojaste.
dxiichila7dxi,ridxiichì'la'dxi',-dxiichi*=la7dxi,EJG;RLC,vA:i,A,NO,856,To become viscerally angry (lit. for the liver to get angry).,Enojarse de manera visceral (lit. enojarse el hígado).,emotion,,,ri-dxiichi*=la7dxi,gi-dxii*chi*=la7dxi,bi-dxiichi*=la7dxi,,,,,,3,4,Bidxiichì'ladxé'.,Me enojé de corazón.,Bidxiichì'ladxiduá'.,Me enojé de corazón.
dxiinyaxpakaanda,ridxiiña' xpacaanda',-dxiinya # x.pa-kaanda,VC,vA:i,A,NO,857,To have a nightmare (lit. to work during one's sleep).,Tener una pesadilla (lit. trabajar en el sueño de uno).,cognition,,,ri-dxiinya # x.pa-kaanda,gi-dxi!inya # x.pa-kaanda,bi-dxiinya # x.pa-kaanda,,,,,,3,1,Qué ridxiiña'dí' xpacaanda' Mariá.,No tuvo pesadillas María.,,
dxiinyala7dxi,ridxiiña'la'dxi',-dxiinya=la7dxi,EJG;JLC;ND;VC;VP,vA~B:i,A~B,NO,858,"To be agitated, to be restless (lit. for the liver to work).","Estar agitado, estar inquieto, no poder dormir (lit. trabajar el hígado).",states,,RLC,ri-dxiinya la7dxi,gi-dxi!inya=la7dxi,bi-dxiinya=la7dxi; ~ gu-dxinya=la7dxi,,,,,,3,3,Quí nidxíiñala'dxi'dí'be.,No tuvo un sueño pesado.,Ridxiñala'dxi' Fán.,Se impacienta Juan.
dxinya,ridxiña,-dxinya,EJG;JLC;ND;RGL;VP,vA:i,A,NO,859,To head towards.,Dirigirse a/hacia.,actions,,,ri-dxinya,gi-dxi!nya,bi-dxinya,,,,,,3,4,Bidxiña gaxha.,Se acercó.,(G)uluuca'be gui'chi' naa idxiñà' ra agènsia.,Me llevaron un aviso para que me presente en la agencia.
dxunu,ridxunu,-dxunu,EJG;JLC;ND;VP,vA:i,A,NO,860,To decrease in quantity.,"Aminorarse, reducirse en cantidad.",measure and quantity,,RLC,ri-dxunu,gi-dxu!nu (),bi-dxunu,,,za-dxunu,,,4,2,Bisia ra cà ti guidxúnu maní' huiini'.,Limpia para que no se hagan animalitos.,Ridxunu buèltu.,Escasea el dinero.
dxuuninisa,ridxuuni' nisa,-dxuuni # nisa,EJG,vA:i,A,NO,863,"To drain, to drip, to filter through, to distill.","Escurrirse, filtrarse, destilarse.",states,,JLC;RLC,ri-dxuuni # nisa,gi-dxu!uni # nisa,bi-dxuuni # nisa,,,,,,3,4,Cadxúuni' nisa tùbu.,Está goteando el agua del tubo.,Cadxúuni' tùbu nisa.,Está goteando el tubo de agua.
dxuuni1,ridxuuni',-dxuuni,EJG;JLC;ND;RGL;RLC;VP,vA:i,A,NO,861,"To drip, to leak.","Gotearse, filtrarse.",states,cf. /tzun/ 'gotear',RLC,ri-dxuuni,gi-dxu!uni (),bi-dxuuni,,,za-dxuuni,,,4,2,Bidxuuni' iqueyoo.,Goteó el techo de la casa.,Cadxúuni' iqueyoo stinné'.,El techo de mi casa está goteando.
dxuuni2,ridxuuni',-dxuuni,EJG;JLC;ND;RGL;RLC;VP,vA:i,A,NO,862,To be fried.,Freírse.,processes,cf. /tzun/ 'gotear',EJG;JLC,ri-dxuuni,gi-dxu!uni (),bi-dxuuni,,,za-dxuuni,,,4,6,Bidxuuni' beela' bidxiña go Lìpe.,Se frió la carne de venado que comerá Lipe.,Ni bidxúuni.,Lo que se frió.
dxuunidxa7cha,ridxuuni'dxa'cha',-dxuuni=dxa7cha,EJG;RLC,vA:i,A,NO,864,To seep through a crack.,Filtrarse a través de una grieta.,manner,,,ri-dxuuni=dxa7cha,gi-dxu!uni=dxa7cha,bi-dxuuni=dxa7cha,,,,,,3,1,"Neegue' biaba nisa guie, bidxuuni' dxa'cha' ique yoo xtinné'.",Ayer llovió y goteo el techo de mi casa.,,
dxwi7,ridxui',-dxwi7,EJG;JLC;ND;RGL;RLC;VP,vA:i,A,NO,865,To be burned.,Quemarse.,actions,,,ri-dxwi7,gi-dxwi!7 (),bi-dxwi7,,,za-dxwi7,,,4,4,Bidxui'.,Se quemó.,Bidxui' ñee.,Se quemó el pie.
dxyee,ridxiee,-dxyee,ND;RLC,vA:i,A,NO,866,"To stir, to mix, to whip, in reference to cooking techniques.","Batir, remover, menear.",processes,,,ri-dxyee,gi-dxye!e,,,,,,,2,3,Bidxiee'.,Batí (ej. los huevos para hacer marquesote).,Ridxiee ze.,El molito se revuelve.
dye-2,ridie,-dye,EJG;JLC;ND;VP,vA~B:i,A~B,NO,867,"To become tight. By extension, to hug each other, to squeeze each other.","Apretarse. Por extensión, abrazarse, estrujarse.",change of state,,EJG;JLC;RLC,ri-dye,gi-dye! (),bi-dye; ~ gu-dye,ka-dye!,,za-dye,,,5,5,Cadié.,Se está apretando.,Nadiè.,Apretado.
dyeni,ridieni,-dye +ni*,ND,vA:i,A,NO,868,To make love (lit. to tighten).,Hacer el amor (lit. se aprieta).,actions,,,,gi-dye!;  ri-dye,bi-dye,,,,,,2,1,Cadiéni.,Están haciendo el amor.,,
dyee,ridiee,-dyee,EJG;JLC;ND;VP,vA:i vers,A,NO,869,"To become painted, colored or dyed.","Pintarse, colorearse, teñirse.",change of state,,,ri-dyee,gi-dye!e (),bi-dyee,ka-dye!e,,za-dyee,,,5,6,Cadiée.,Se está pintando.,Cadieé'.,Me estoy pintando.
e7,re',-e7,EJG;JLC;ND;RGL;RLC;VP,vC:t,C,NO,870,"To drink, to absorb, to ingest.","Beber, tomar, ingerir, absorber.",actions,,EJG;RGL;RLC,r.e7,g.e*7 (I),gw.e7,ka-y.e!7,,z.e7,,,5,8,Cayé' layu xtinné' xtalè gudxa.,Mi terreno está absorbiendo mucha humedad.,Cayéu'; Cayé'lu'.,Estás bebiendo.
e7xo7,re' xho',-e7 # xo7,RLC,vC:t,C,NO,871,To soak up a smell.,"Absorber un olor, impregnarse de un olor.",actions,,,r.e7 # xo7,g.e*7 # xo7 (I),gw.e7 # xo7,,,,,,3,3,Güé' xho'.,Tomaste el olor.,Pà tidú' neza cue' malecón cà lá zeè'lu xho' yuudxu'.,Si caminas por el malecón vas a oler la pestilencia.
e7diti,re'di'ti,-e7=diti,JLC;RLC,vC:t,C,NO,872,To gulp down.,Beber de un solo trago.,actions,,,,g.e*7=diti  r-e7=diti,g-w.e7=diti,,,,,,2,1,Güe'diti Fán nisadxú'ni'.,Tomó Juan el mezcal de un jalón.,,
e7kaadxiga,re'caadxì'ga,-e7=kaadxi*=ga,ND;RGL;RLC,vC:t,C,NO,873,To drink sip by sip.,Beber poco a poco.,actions,,,r.e7=kaadxi*=ga,g.e*7=ka^adxi*=ga (I),gw.e7=kaadxi*=ga,,,,,,3,1,Güe' caadxì'ga nisiaaba'.,Tomó el atole poquito a poco.,,
e7lugu7,re'lugú',-e7=lugu!7,ND;RGL;RLC,vC:t,C,NO,874,To drink or ingest hastily.,Beber o ingerir de prisa.,actions,,,r.e7=lugu!7,g.e*7=lugu!7 (I),gw.e7=lugu!7,,,,,,3,1,"(G)ucabe huadxi lá, güe' lugú'be café.",Se le hizo tarde y tomó de prisa su café.,,
e7ne,rè'nè',-e7=ne*,ND,vC:t,C,NO,875,"To drink or to have breakfast along with some particular food item, or in the company of someone.","Beber o desayunar con algún alimento en particular, o bien, en compañía de alguien.",actions,,,r.e7=ne*,g.e*7=ne* (I),gw.e7=ne*,,,ka-y.e!7=ne*,,,4,2,Cayé'nè'be biduaa chita.,Está desayunando con plátano macho.,Cayé'nè Fán Pèdru.,Están desayunando juntos Juan y Pedro.
e7taata,re'taata',-e7=taata,EJG;RLC,vC:t,C,NO,876,To drink alcohol excessively.,Beber alcohol en exceso.,actions,,RLC,r.e7=taata,g.e*7=taata (I),gw.e7=taata,,,,,,3,2,Bizaná' re'taata'.,Mi hermano toma mucho.,Re'taata' Fán bichiiña' bupu.,Juan toma mucha cerveza.
e7waawa,re'huaahua',-e7=waawa,EJG;RLC,vC:t,C,NO,877,To drink alcohol excessively.,Beber alcohol en exceso.,actions,,,r.e7=waawa,g.e*7=waawa (I),gw.e7=waawa,,,,,,3,3,Bizaná' re'huaahua'.,Mi hermano toma mucho.,Guè'huaahua'cà xtì' binnì.,Tomaron mucho en casa de la gente.
e7zya7,re'zia',-e7=zya7,ND;RGL;RLC,vC:t,C,NO,878,To drink alcohol excessively.,Beber alcohol en exceso.,actions,,,r.e7=zya7,g.e*7=zya^7 (I),gw.e7=zya7,,,,,,3,2,Bizaná' güe' zia'.,Mi hermano tomó mucho.,Bizaná' güe'zia' bichiiña' bupu.,Mi hermano tomó mucho cerveza.
eeda,reedà',-eeda*,EJG;JLC;ND;RGL;RLC;RLL;VP,vA:i,A,NO,879,"To come. By extension, to menstruate, to ejaculate.","Venir. Por extensión, menstruar, eyacular.",motion,,,r.eeda*,g.ee*da* (I),b.eeda*,ka-yee*da*,,z.eeda*; ~ z.ee*da*,,,5,8,Guixì' zeedà' ti biuuza' ra yoo.,Mañana vendrá un huésped a la casa.,Má qué reedà' xquendahuara.,Ya no le viene la regla.
eedananda,reedà' nandà,-eeda* # n.anda*,EJG;RLC,vA:i,A,NO,880,To follow.,Seguir.,motion,,,r.eeda* # n.anda*,g.ee*da* # n.anda*,b.eeda* # n.anda*,,,,,,3,1,Zeedà' nandà ti bi'cu' naa.,Me viene siguiendo un perro.,,
eedaxxye7,reedà' xhie',-eeda* # x.xye7,EJG;ND,vA:i,A,NO,881,To catch one's breath (lit. for breath to come).,Recuperar el aliento (lit. venir la respiración).,actions,,,r.eeda* xye!7,,,,,,,,1,1,Qué ñeedà'dí' xhie'be.,No le regreso el aliento.,,
eedarageela,reedà' ra gueela',-eeda* (ra) geela,VP,vA:i,A,NO,882,For dawn to arrive (lit. to come to the night).,Amanecer (lit. venir a la noche).,phenomena,,,r.eeda* (ra) geela,g.ee*da* (ra) geela (I),b.eeda* (ra) geela,,,z.eeda* (ra) geela,,,4,2,Reedà'gueela' Fán.,Juan viene de noche (porque surgió una urgencia).,Zeedà' ra gueela'; Zeedà' ra gueela'.,Viene amaneciendo. (lit se regresa la noche); Viene amaneciendo. (lit se regresa la noche)
eedasilu,reedà'sìlu,-eeda* +si*=lu,EJG;JLC;RGL;RLC;VP,vA:i,A,NO,883,For something to come to mind. This verb is equivalent in meaning to the verb to remember.,Venirle a la mente. Este verbo tiene un sentido equivalente al de los verbos acordarse y recordar.,cognition,,,r.eeda* +si* lu,g.ee*da* +si* lu (I),b.eeda* +si* lu,,,,,,3,4,Beedà'sìlu Fán Pèdru.,Se acordó Juan de Pedro.,Beedà'sìlu laabeni.,Se acordó el de eso.
eedabii,reedà'bii,-eeda*=bii,ND;RLC,vA:i,A,NO,884,To come back home.,Volver a casa.,motion,,RLC,r.eeda*=bii; ~ r.eeda*=bi!7,g.ee*da*=bii; ~ g.ee*da*=bi!7,b.eeda*=bii; ~ b.eeda*=bi!7,,,,,,3,4,Má zeedá'bié'.,Ya volví a mi casa.,Qué zandaa zeeda'bi' binnìdi'.,No tardarán en volver a casa estas gentes.
eedadxinya,reedà'dxiña,-eeda*=dxinya,RLC,vA:i,A,NO,885,To come near.,"Acercarse, aproximarse.",motion,,,r.eeda*=dxinya,g.ee*da*=dxinya,b.eeda*=dxinya,,,,,,3,1,Zeedà'(gui)dxiñabe laanu.,Viene él acercándose a nosotros.,,
eedala7dxi,reedà'la'dxi',-eeda*=la7dxi,JLC,vA:i,A,NO,886,To remember.,"Recordar, acordarse.",cognition,,EJG;RLC,r.eeda*=la7dxi,,,,,,,,1,2,Quí ñeedà'la'dxi'dí' Fán de Fàna.,No se acuerda Juan de Juana.,Reedà'la'dxi' Fán de Fàna.,Se acuerda Juan de Juana.
eedalu,reedà'lu,-eeda*=lu,EJG;RLC,vA:i,A,NO,887,"For a benefit to reach the person working for it, ex. that which is in the oven baking, or the earnings from a business.","Llegarle a uno un beneficio por el cual está trabajando, ej. lo que se está horneando o la ganancia de un negocio.",experience,,,r.eeda*=lu,g.ee*da*=lu,b.eeda*=lu,,,,,,3,4,Má cayeèdà'lu gueta.,Ya viene la tortilla (i.e. ya va a estar lista la tortilla que se está cociendo en el horno).,Má zeèdà' lu gueta.,Ya va a salir la tortilla (del horno).
eedamalaya,reedà'malàya,-eeda*=mala*ya,JLC;RLC;VP,vA:i,A,NO,888,To regret.,Arrepentirse.,emotion,malaya,,r.eeda*=ma*la!ya,g.ee*da*=ma*la!ya,b.eeda*=ma*la!ya,,,,,,3,1,Zeedà' malàya laabe.,Se va a arrepentir.,,
eedanda,reedà'ndà,-eeda*=nda*,EJG;RLC;VP,vA:i,A,NO,889,To arrive.,"Llegar, arribar.",motion,,EJG;JLC,r.eeda*=nda*,g.ee*da*=nda*,b.eeda*=nda*,,,z.eeda=nda*,,,4,4,Bedandà.,Llegó acá.,Reedàndà.,Llega.
eedane,reedà'nè,-eeda*=ne*,ND;VP,vA:i,A,NO,890,To bring along.,Traer consigo.,travel and transportation,,,r.eeda*=ne*,g.ee*da*=ne*,b.eeda*=ne*,,,,,,3,7,Beedà'nèbe xá guchachi'què.,Trajo aquella iguana.,Beedà'nè Mariá gueta.,María trajo tortilla.
eedanu,reedà'nù,-eeda*=nu*,EJG;ND;VC,vA:i,A,NO,891,To come near.,"Acercarse, aproximarse.",motion,,,r.eeda=nu*,,,,,zeeda*=nu*,ny.ee*da*=nu*,,3,2,Quí ñeèdà'nùdí'be Fàna.,Ella no vino a ver a Juana.,Zeedà'nu.,"Venimos llegando (nosotros, incluyendo al interlocutor)."
eedatidxi,reedà'tìdxì,-eeda*=ti*dxi*,RLC,vA:i,A,NO,892,To come to tell something.,"Venir a decir, venir a avisar.",motion,,,r.eeda*=ti*dxi*,g.ee*da*=ti*dxi*,b.eeda*=ti*dxi*,,,,,,3,3,Beedà'tìdxì Fán Pèdru.,Juan le vino a decir a Pedro.,Beedà'tìdxì Fán Pèdru.,Juan le vino a decir a Pedro.
eedaxpyaani,reedà'xpiaani',-eeda*=x.p.y.aani,EJG;RLC,vA:i,A,NO,893,"To regain consciousness, to come to one's senses (lit. for light to come).","Recuperar el conocimiento, volverle el juicio (lit. volver su luz).",cognition,,RLC,r.eeda*=x.p.y.aani,g.ee*da*=x.p.y.aani,b.eeda*=x.p.y.aani,,,,,,3,1,Beedà' xpiaani' Ròsa.,Le regresó el conocimiento a Rosa.,,
eedaxpeewu,reedà'xpeeù',-eeda*=x.peewu*,EJG,vA:i,A,NO,894,To menstruate (lit. for their lunar cycle to arrive).,Menstruar (lit. llegar su ciclo lunar).,actions,,,r.eeda=x.peewu*,g.ee*da*=x.pe^ewu* [,b.eeda*=x.pe^ewu*,,,,,,3,1,Reedà' xpeeù'be.,Le viene la menstruación.,,
eedaxyuuba,reedà'xhiuuba',-eeda*=x.yuuba,EJG;ND,vA:i,A,NO,895,For pain to come back.,Volver el dolor.,wellness,,,r.eeda*=x.yuuba,g.eeda*=x.yuuba,b.eeda*=x.yu^uba,,,,,,3,1,Má beedà' xiuuba' Fán.,Ya regresó el dolor de Juan.,,
eedaxo7,reedà'xho',-eeda*=xo7,EJG;ND;RLC,vA:i,A,NO,896,For a scent to become perceptible (lit. for a smell to arrive).,Llegar un olor.,perception,,RGL;RLC,r.eeda*=xo7,g.ee*da*=xo7,b.eeda*=xo7,,,,,,3,3,"Má beedà' xho' gueta, candá naxhi.","Ya llegó el olor de la tortilla, huele rico.",Reedà' xho'naxhi.,Llega el olor rico (hasta acá).
eedaza,reedà'zà,-eeda*=za*,EJG;RLC,vA:i,A,NO,897,To come for a stroll.,Venir a pasear.,motion,,,r.eeda=za*,g.ee*da*=za*,b.eeda*=za*,,,,,,3,2,Má beedà'zà Fán.,Ya vino Juan a pasear.,"Quí beedà' zàdí'nu, beedà' guninu dxiiña'.","No vinimos a pasear, vinimos a trabajar."
eedazhoo,reedà'xoo,-eeda*=zhoo,EJG;RLC,vA:i,A,NO,898,To come in a hurry.,Venir con prisa.,motion,,RLC,r.eeda*=zho!o,g.ee*da*=zhoo,b.eeda*=zhoo,,,,,,3,1,"Beedà' xoo Fán, quí niní' nè naa.","Regreso con prisa, ni habló conmigo.",,
ga7na,riga'na',-g.a7na,EJG;JLC;ND;RGL;VP,vD(k>t):t,D,NO,899,"To touch, to feel with the hands, to palpate, to paw, to finger.","Tocar, tentar, palpar, manosear.",actions,,,ri-g.a7na,k.ana!7 (I),gu-d.a7na,ka-g.a!7na,,za-g.a7na,,,5,5,"Cádi canú'lu' gui, pàcaa zadxui'lu'.",No toques la lumbre porque te quemarás.,Cádi canú' ni cádi xtiú'.,No toques lo que no es tuyo.
gaa,rigaa [2],-g.aa,EJG;JLC;ND,vD(k>t):t,D,NO,900,To pour.,"Echar, verter o regar un líquido.",actions,,,ri-g.aa,k.a!7 (I),gu-d.aa,,,,,,3,6,Bèlma rigaa nisa ca' yaga huiini' xhtì' irà' siado'.,Velma echa agua a las plantas todas las mañanas.,Cayábe' lii cá'lu' nisa ndaani' rii.,Te digo que viertas el agua en el cántaro.
gaadyaga,rigaa diaga,-g.aa # dyaga,RLC,vD(k>t):t,D,NO,901,To advise (lit. to pour into the ear).,Dar un consejo (lit. verter dentro del oído).,communication,,,ri-g.aa # dyaga,k.a!7 # dyaga,,,,,,,2,1,Cagáa Gabrièlani diaga Ròsa .,Le está dando consejos Gabriela a Rosa.,,
gaabi,rigaabi',-g.aabi,EJG;JLC;RGL;RLC;VP,vD(k>t):t,D,NO,902,"To rub, to massage.","Sobarlo, masajearlo.",actions,,,ri-g.aabi,k.a!7bi,gu-d.aabi,ka-g.a!abi,,,,,4,6,(G)udaabi' Julia nà'be.,Ya le sobó Julia la mano.,Gudaabi' Jùlia Ròsa.,Julia sobó a Rosa.
gaabina7,rigaabi'nà',-g.aabi=na*7,EJG;VC,vD(k>t):t,D,NO,903,"To rub or to massage with the hand. By extension, to hit with the hand.","Sobarlo o masajearlo con la mano. Por extensión, golpearlo con la mano.",actions,,EJG;JLC;RLC,ri-g.aabi=na*7,,,,,,,,1,1,Qué nigáabinà'dí'be.,No dio masaje.,,
gaanda,rigaanda',-g.aanda,EJG;JLC;RGL;VP,vA:i,A,NO,904,To cool down.,"Enfriarse, refrescarse.",change of state,,,ri-g.aanda,gi-g.a!anda (),bi-g.aanda,,,,,,3,3,Má bigaanda' Fàna.,Ya se refrescó Juana.,Rigaanda' nà'.,Se refresca su mano.
gaanye,rigaañè',-g.aanye*,EJG;JLC;ND;VP,vD(k>t):t,D,NO,905,"To dig, to burrow. By extension, to interrogate.","Escarbarlo, cavarlo. Por extensión, interrogarlo.",actions,,,ri-g.aanye*,k.aa*nye* (I),gu-d.aanye*,,,,,,3,2,Caàñè' Juàn layu.,Que escarbe Juan la tierra.,Rigaañè' Javier para guni bize.,Escarba Javier para su trabajo.
gapa,rigapà,-g.apa*,EJG;JLC;ND;RGL;VP,vD(k>t):t,D,NO,906,"To slap or smack. This refers to various types of hitting actions of the hand as in spanking, flattening and shaping tortilla dough, hitting palm leaves when installing a thatched roof, or to certain actions of the hand when weaving.","Golpear con la mano o dar manotazos. Se refiere a la acción de golpear con la mano, nalguear o cachetear, pero también se refiere a cuando se tortea la masa para formar la tortilla, cuando se golpea la palma al instalar un techo, o a la acción de las manos al realizar ciertos tejidos.",actions,,JLC;RLC,ri-g.apa*,k.a*pa* (I),gu-d.apa*,ka-g.a^pa*,,za-g.apa*,,,5,4,Cagàpà guixhe.,Está tejiendo la hamaca.,(De) rigapà Mariá xa'na'.,Se dio una nalgada María.
gapana7,rigapànà',-g.apa*=na*7,JLC,vD(k>t):i,D,NO,907,To clap.,Aplaudir.,actions,,,ri-g.apa=na*7,k.apa!=na*7,gu-d.apa=na*7,ka-g.a!pa=na*7,,,,,4,3,Rigapanà'be.,Aplaude él.,Rigapànà' Fán.,Juan aplaude.
gapaxxyaa,rigapàxhiaà,-g.apa*=x.xyaa*,JLC,vD(k>t):i,D,NO,908,"To flap the wings, to flutter.","Aletear, revolotear.",motion,,JLC,ri-g.apa*=x.xyaa*,k.a*pa*=x.xyaa*,gu-d.apa*=x.xyaa*,,,,,,3,1,Rigapàxhiaa maní' huiini'.,Aletea el pájaro.,,
gapayu,rigapàyu,-g.apa*=yu,EJG;ND,vD(k>t):t,D,NO,909,To do a cleansing on a person who has suffered a traumatic experience.,"Curar de espanto, hacer una limpia, santiguar.",wellness,,,ri-g.apa*=yu,k.a*pa*=yu,gu-d.apa*=yu,ka-g.a*pa*=yu,,za-g.apa*=yu ,,,5,4,Cagàpàyu.,Está santiguando.,Rigapàyu Julia ba'du'.,Julia le cura el espanto al niño.
gapazha7na,rigapàxa'na',-g.apa*=zha7na,EJG;RLC,vD(k>t):i,D,NO,910,"To spank. By association, to express joy over someone else's misfortune.","Dar una nalgada. Por asociación, alegrarse por la desgracia de otra persona.",actions,,EJG;RGL;RLC,ri-g.apa*=zha^7na,k.a*pa*=zha7na,gu-d.apa*=zha7na,ka-g.a*pa*=zha^7na,,,,,4,1,(De) rigapàxa'na' Mariá bichangà lu Fán.,Se alegra María de que a Juan se le enchuecó el ojo.,,
gapi,rigapì,-g.api*,EJG;JLC;ND;RLC;VP,vD(k>t):t,D,NO,911,"To carry, in reference to liquids or granular substances such as sand or grains.","Acarrear, dicho de líquidos o de sustancias granulares como la arena o los granos.",travel and transportation,,,ri-g.api*,k.a*pi* (I),gu-d.api*,ka-g.a*pi*,,,,+  ri-tapi*; ~   re-tapi*,5,6,Cagàpìcabe nisa.,Están acarreando agua.,Cagápi cuaana'naxhi cayába lu yaga.,Está atrapando las frutas que están cayendo del árbol.
gi7ba,rigui'ba',-g.i7ba,EJG;JLC;RGL;VP,vD(k>ch):i,D,NO,912,"To go on top of something, to climb on something.","Subir, trepar, montar.",change of state,,,ri-g.i7ba,k.iba!7 (I),gu-dx.i7ba,,,,ni-g.i!7ba,,4,6,Gudxi'ba' lu balaaga'.,Subió a la balsa.,Gudxi'ba' lu canuá.,Subió a la canoa.
gi7bamani7,rigui'ba' maní',-g.i7ba # mani!7,JLC;RLC,vD(k>ch):i,D,NO,913,To ride a horse.,Montar a caballo.,actions,,,ri-g.i7ba # mani!7,k.iba!7 # mani!7,gu-dx.i7ba # mani!7,,,,,,3,2,Quí ganná' diá' quibá' maní'.,No sé montar a caballo.,Rigui'ba' Fán maní'.,Juan monta a caballo.
gi7batinanda,rigui'ba' ti nanda,-g.i7ba ti+ n.anda,JLC;RLC,vD(k>ch):i,D,NO,914,"To get the chills, to shudder.",Tener escalofríos.,actions,,,ri-g.i7ba ti+ n.anda,k.iba!7 ti+ n.anda,gu-dx.i7ba ti+ n.anda,,,,,,3,2,(G)udxi'ba' ti nanda naa.,Me dio un escalofrío.,(G)udxi'ba' ti nanda napu' xindxá'.,Te dio frío porque tienes calentura.
gi7babiidxi,rigui'ba'biidxi',-g.i7ba=biidxi,EJG;RLC,vD(k>ch):i,D,NO,915,For seed to be sown.,Sembrarse.,cultivation,,RLC,ri-g.i7ba=biidxi,k.iba!7=biidxi,gu-dx.i7ba=biidxi,,,,,,3,1,Rigui'ba' biidxi' màngu.,La semilla de mango se puede sembrar.,,
gi7balu,rigui'ba'lu,-g.i7ba=lu,RLC,vD(k>ch):i,D,NO,916,"For prices to go up, especially in relation to staples such as beans and sugar.","Subir de precio, sobre todo con relación a productos de primera necesidad como el frijol y el azúcar.",commerce,,,ri-g.i7ba=lu,k.iba!7=lu,gu-dx.i7ba=lu,,,,,,3,1,Gudxi'ba' lu bizaa.,Aumentó (de precio) el frijol.,,
gi7basaka,rigui'ba'saca,-g.i7ba=saka,JLC;RGL;RLC,vD(k>ch):i,D,NO,917,"For prices to go up, especially in relation to goods and services that tend to be costly to begin with.","Subir de precio, sobre todo con relación a productos o servicios que suelen ser costosos.",commerce,,JLC;RGL;RLC,ri-g.i7ba=saka,k.iba!7=saka,gu-dx.i7ba=saka,,,,,,3,4,Gudxi'ba' saca bizaa.,Aumentó de precio el frijol.,Gudxi'ba' saca naga'nda'.,Subió de precio el refresco.
giba,riguibà,-g.iba*,EJG;JLC;RGL;VP,vD(k>t):t,D,NO,918,"To sew, to stitch, to mend, to embroider.","Coser, costurar, remendar, bordar.",actions,,,ri-g.iba*,k.i*ba* (I),gu-d.iba*,,,,,,3,6,Ni riguibà.,Tejedor. (lit. quien costura),Ni riguibà bidaani'.,Tejedor. (lit. quien costura huipiles)
gibi,riguibi,-g.ibi,EJG;JLC;RGL;VP,vD(k>ch):t,D,NO,919,To sift.,"Cernir, tamizar.",actions,,,ri-g.ibi,k.i*bi (I); ~ k.i!bi,gu-dx.ibi,,,,,,3,1,Richibì.,Va a colar / tamizar.,,
gibixxyaa,riguibi xhiaà,-g.ibi # x.xyaa*,EJG;ND;RLC;VP,vD(k>ch):t,D,NO,920,To flap the wings.,Aletear.,motion,,RLC,ri-g.ibi # x.xyaa*,k.i!bi # x.xyaa*,gu-dx.ibi # x.xyaa*,,,,,,3,2,Riguibi maní' huiini' xhiaà.,Aletea el pájaro.,Riguibixhiaà maní' huiini'.,Aletea el pájaro.
gibilaga,riguibilaga,-g.ibi=laga,EJG;RLC,vD(k>ch):i,D,NO,921,To blink.,Parpadear.,actions,,,ri-g.ibi=laga,k.i!bi=laga,gu-dx.ibi=laga,,,,,,3,1,Riguibilaga ba'du' huiini'.,Parpadea el niñito.,,
giche,riguiche,-g.iche,EJG;JLC;RGL;RLC;VP,vD(k>t):t,D,NO,922,"To make something burst or pop. By extension, to cause ejaculation.","Hacerlo reventar, hacerlo tronar. Por extensión, hacerlo eyacular.",actions,,,ri-g.iche,k.iche!7 (I),gu-d.iche,,,,,,3,5,Gudichebe cuète.,Tronó cohetes.,Gudicheme bere huiini'.,Ya reventaron los pollitos.
gicheberewiini,riguiche bere huiini',-g.iche # bere wiini,EJG;RLC,vD(k>t):t,D,NO,923,"To make chicks hatch by way of brooding. By extension, to have an extended conversation.","Hacer eclosionar a los pollitos empollándolos. Por extensión, platicar largo y tendido.",actions,,,ri-g.iche # bere wiini,k.iche!7 # bere wiini,gu-d.iche # bere wiini,,,,,,3,2,Caguíchecabe bere huiini'.,Andan plática y plática.,(G)udiche Mariá bere huiini'.,Se tardó platicando. (lit. María hizo que los pollitos salieran del cascarón.)
gichebizaari7ni,riguiche bizaa ri'ni',-g.iche # bi-zaa ri7ni,EJG;RLC,vD(k>t):t,D,NO,924,To shell beans.,Desvainar los ejotes o el frijol.,processes,,,ri-g.iche # bi-zaa ri7ni,k.iche!7 # bi-zaa ri7ni,gu-d.iche # bi-zaa ri7ni,,,,,,3,1,(G)udiche Ròsa bizaa ri'ni'.,Rosa saca los ejotes (de la vaina).,,
gichebiichi,riguiche biichì',-g.iche # biichi*,EJG,vD(k>t):t,D,NO,925,To produce lice.,Producir piojos.,actions,,,ri-g.iche # biichi*,k.iche!7 # biichi*,gu-d.iche # biichi*,,,,,,3,1,Riguiche champú biichì'.,El champú (ese) produce piojos.,,
gichebiitu,riguiche biitù',-g.iche # biitu*,JLC;VC;VP,vD(k>t):t,D,NO,926,To sprout.,"Brotar, retoñar, sacar botón, dicho de las plantas.",actions,,,ri-g.iche # biitu*,,,,,,,,1,2,Qué niguíchebiitù'dí'ni.,No sacó brote.,Qué niguíchedí'ni biitù'.,No sacó brote.
gichegeebegi,riguiche gueebe' gui,-g.iche # geebe gi,EJG;VC,vD(k>t):t,D,NO,927,To shoot a firearm.,Disparar un arma de fuego.,actions,,,ri-g.iche # geebe gi,,,,,,,,1,0,,,,
gichegeeregi,riguiche gueere'gui,-g.iche # geere=gi,EJG;JLC,vD(k>t):t,D,NO,928,To set off fireworks.,Tronar cohetes.,actions,,RLC,ri-g.iche # geere=gi,k.iche!7 # geere=gi,gu-d.iche # geere=gi,,,,,,3,1,Riguiche Fán gueere'gui .,Juan truena cohetes.,,
gichenisarwaa,riguiche nisa ruaa,-g.iche # nisa rwaa,EJG;RLC,vD(k>t):t,D,NO,929,To make one's mouth water.,Hacerse agua la boca.,actions,,,ri-g.iche # nisa rwaa,k.iche!7 # nisa rwaa,gu-d.iche # nisa rwaa,,,,,,3,1,Gudiche càldu nisa ruaá'.,El caldo hizo que se me hiciera agua la boca.,,
gicherwaa,riguiche ruaa,-g.iche # rwaa,EJG;JLC;RLC,vD(k>t):t,D,NO,930,"To tsk in disapproval, to grumble in protest.","Tronar la boca, rezongar, refunfuñar, repelar.",actions,,EJG;JLC;RGL,ri-g.iche # rwaa,k.iche!7 # rwaa,gu-d.iche # rwaa,,,,,,3,2,Riguiche Fán ruaa.,Juan truena la boca.,Riguicheruaa Fán.,Juan truena la boca.
gichextuxugubidxa,riguiche xtuxhu gubidxa,-g.iche # x.tuxu gu-bidxa,RLC,vD(k>t):t,D,NO,931,For the sun to shine intensely.,Resplandecer el sol intensamente.,phenomena,,,ri-g.iche # x.tuxu,,,,,,,,1,3,Riguichextuxhu gubidxa ruzaaqui'.,La intensidad del sol quema.,Riguiche xtuxhu gubidxa xubá'.,El fuerte sol hace brotar el maíz.
gicheyaalla,riguiche yaalà',-g.iche # yaalla*,EJG;RLC,vD(k>t):t,D,NO,932,To make chewing gum pop.,Tronar chicle.,actions,,,ri-g.iche # yaalla*,k.iche!7 # yaalla*,gu-d.iche # yaalla*,,,,,,3,1,Riguiche Ròsa yaalà'.,Truena Rosa el chicle.,,
gicheyuuba,riguiche yuuba',-g.iche # yuuba,EJG;RLC,vD(k>t):t,D,NO,933,To crack one's bones.,Hacer tronar los huesos del cuerpo.,actions,,,ri-g.iche # yuuba,k.iche!7 # yuuba,gu-d.iche # yuuba,,,,,,3,1,Riguiche Ali yuuba' deche.,Se truena AAli los huesos de la espalda.,,
giche-2,riguichè,-g.iche*,EJG;JLC;ND;VP,vD(k>t):t,D,NO,934,"To crack, in the sense of to break.","Tronar en el sentido de quebrar, partir o tronchar.",actions,,,ri-g.iche*,k.i*che* (I),gu-d.iche*,,,,,,3,2,Gudichè Mariá bicuininà'.,Se rompió María un dedo.,Riguichè ba'du' huiini' yaga.,El niño rompe el palo.
gichebya7,riguichèbia',-g.iche*=bya7,EJG;JLC;VP,vD(k>t):t,D,NO,935,To measure.,Medir.,measure and quantity,,,ri-g.iche=bya7,k.iche!7=bya7,gu-d.iche=bya7,,,,,,3,4,Chi ñà' sìndico para quìchèbia' Fán layu.,Va el síndico para que Juan mida su terreno.,(G)udichebia'.,Midió.
gichekwinina7,riguichecuininà',-g.iche=kwini=na*7,RLC,vD(k>t):i,D,NO,936,To crack one's fingers.,Tronarse los dedos de la mano.,actions,,,ri-g.iche=kwini=na*7,k.iche!7=kwini=na*7,gu-d.iche=kwini=na*7,,,,,,3,2,Riguiche (bi)cuininà' Fán.,Juan se truena los dedos.,Riguiche (cuiini)nà' Fán.,Juan se truena los dedos.
gichekwininyee,riguiche cuiniñee,-g.iche=kwini=nyee,RLC,vD(k>t):i,D,NO,937,To crack one's toes.,Tronarse los dedos del pie.,actions,,RLC,ri-g.iche # bi-kwini=nyee,k.iche!7 # kwini=nyee,gu-d.iche # bi-kwini=nyee,,,,,,3,1,Riguiche (bi)cuiniñee Fán.,Juan se truena los dedos de los pies.,,
gichena7,riguichenà',-g.iche=na*7,EJG,vD(k>t):i,D,NO,938,To snap one's fingers.,Chasquear los dedos.,actions,,,ri-giche=na*7,,,,,,,,1,1,Qué niguíchenà'dí'be.,No se trono los dedos.,,
gichexki7,riguichexqui',-g.iche=x.ki7,EJG;JLC;RGL;RLC,vD(k>t):t,D,NO,939,To squash to the point of bursting the contents out of a soft container such as a fruit.,"Despanzurrarlo, destriparlo.",actions,,RLC,ri-g.iche=x.ki7,k.iche!7 (I),gu-d.iche=x.ki7,,,,,,3,2,Gudichexqui' Fán bichooxhè.,Juan destripó el tomate.,Riguichexqui' Fán bichooxhè'.,Juan machaca el tomate.
gichezhibi,riguichexibi,-g.iche=zhibi,EJG;RLC,vD(k>t):i,D,NO,940,To kneel down.,"Arrodillarse, hincarse.",position,,,ri-g.iche=zhibi,k.iche!7=zhibi,gu-d.iche=zhi^bi,,,,,,3,1,(G)udiche xibi.,Se arrodilló; Arrodíllate.,,
gichezhiinyi,riguichexiiñi',-g.iche=zhiinyi,EJG;JLC;ND;RGL;VP,vD(k>t):i,D,NO,941,"To sprout. By extension, for a skin rash to spread.","Brotar, retoñar, sacar botón, dicho de las plantas. Por extensión, reproducirse una erupción de la piel.",change of state,,RLC,ri-g.iche=zhiinyi,k.iche!7=zhiinyi (I),gu-d.iche=zhiinyi,,,,,,3,6,Gudichexiiñi'.,Sacó retoño.,Má gudiche yaga xtinné'.,Ya sacó retoño mi árbol.
giibi,riguiibi',-g.iibi,EJG;JLC;RGL;RLC;VP,vD(k>t):t,D,NO,942,"To wash. By extension, to clean someone out.","Lavarlo. Por extensión, desvalijarlo.",actions,,,ri-g.iibi,k.i!7bi,gu-d.iibi,,,,,,3,6,Chítiibi'be laabe.,Se va a lavar.,Gudiibi' Juan luni.,Juan la lavó (ej. una herida).
giibizhuba7,riguiibi' xubá',-g.iibi # zhuba!7,JLC;RLC,vD(k>t):t,D,NO,943,To rinse dry corn kernels with water and lime.,Lavar el maíz con agua de cal.,processes,,,ri-g.iibi # zhuba!7,k.i!7bi # zhuba!7,gu-d.iibi # zhuba!7,,,,,,3,2,Má (g)udiibi' Mariá xubá'.,Ya lavó María el maíz.,Má (g)udiibi' xubá'.,Ya lavó el maíz.
giichi,riguiichi',-g.iichi,EJG;JLC;ND;RGL;VP,vA:i,A,NO,944,"To be squeezed, to be tightened, to be compressed.","Apretarse, prensarse.",change of state,,,ri-g.iichi,gi-g.i!ichi (),bi-g.iichi,,,,,,3,3,Biguiichi'.,Lo apretujaron (en el autobús).,Zaà (g)iguíichi.,Deja que lo aprieten.
giide,riguiidè',-g.iide*,EJG;JLC;RGL;VP,vD(k>ch):t,D,NO,945,"To pierce, to bore, to drill.","Agujerear, horadar, perforar, taladrar.",actions,,JLC;RLC,ri-g.iide*,k.ii*de* (I),gu-dx.iide*,,,,,,3,2,Gudxiidè' diaga.,Se hizo los hoyitos de las orejas.,Má gudxiidè' Gabrièla diaga Olìbia.,Ya le hizo Gabriela los hoyitos a las orejas de Olivia.
giidxi,riguiidxì',-g.iidxi*,EJG;JLC;VP,vD(k>t):t,D,NO,946,To hug.,Abrazar.,actions,,,ri-g.iidxi*,k.ii*dxi* (I),gu-d.iidxi*,,,,,,3,2,Gudiidxì'.,Abrázalo.,Gudiidxì' Mariá xiiñi'.,María abrazó a su hijo.
giidxina7,riguiidxì'nà',-g.iidxi*=na*7,JLC;RGL,vD(k>t):i,D,NO,947,To cross one's arms.,Cruzarse de brazos.,actions,,,ri-g.iidxi*=na*7,k.ii*dxi*=na*7,gu-d.iidxi*=na*7,,,,,,3,3,Riguidxì nà' Fán.,Se le pone rígida la mano a Juan.,Riguiidxì'nà'be.,Ella/él cruza los brazos.
giinye,riguiiñe',-g.iinye,EJG;JLC;ND;VP,vD(k>t):t,D,NO,948,"To borrow, especially as referred to money.","Pedir prestado, dicho sobre todo del dinero.",actions,,EJG;RLC,ri-g.iinye,k.i!7nye (I),gu-d.iinye,,,,,,3,6,Gudiiñe'beni laa.,Se lo pidió prestado.,Gudiiñe'; Ti diiñe'.,Pide prestado; Un préstamo.
giize,riguiize',-g.iize,EJG;JLC;RGL;VP,vD(k>t):t,D,NO,949,"To share out, to distribute.",Repartir.,actions,,JLC;RLC,ri-g.iize; ~ ri-giizi,k.i!7ze (I); ~ ki!7zi,gu-d.iize; ~ gu-d.iizi,ka-gi!ize,,,,,4,4,Gudiize' Fán dxiña huiini' lu xcuídi.,Les repartió Juan dulces a los niños.,Quiìzé'.,Voy a repartir.
ginde,riguinde,-g.inde,JLC;RGL;RLC,vD(k>t):i,D,NO,950,To fart.,"Pedorrearse, echar pedos.",actions,,,ri-g.inde,k.i*nde; (I),gu-d.inde,ka-g.i*nde,,,,,4,2,Gudinde fàn.,Juan se echó un pedo.,Quindé'.,Voy a echar un pedo.
ginye,riguiñè,-g.inye*,EJG;JLC;ND;VP,vD(k>t):t,D,NO,951,"To hit, to beat. By extension, to defeat.","Golpearlo. Por extensión, derrotarlo, ganarle.",actions,,,ri-g.inye*,k.i*nye*,gu-d.inye*,,,,,,3,1,Man gudiñe Lyo dxi gudxiteca' ti ngui.,Man le ganó a Lio cuando jugaron una apuesta.,,
ginyezhale7,riguiñè xale',-g.inye* # zha+ le7,JLC,vD(k>t):t,D,NO,952,"To trick, to fool, to deceive (lit. to stick one under the fence).",Engañarlo (lit. meterle una por debajo de la cerca).,actions,,,ri-g.inye* # zha+ le7,k.i*nye* # zha+ le7,gu-d.inye* # zha+ le7,,,,,,3,1,Riguiñè Fán ti xale' Pèdru.,Juan engaña a Pedro.,,
ginyelaga,riguiñèlaga,-g.inye*=laga,EJG;JLC;ND;RLC,vD(k>t):i,D,NO,953,To blink (lit. to strike with the eyelid).,Parpadear (lit. golpear con el párpado).,actions,,RLC,ri-g.inye*=la^ga,,gu-d.inye*=la^ga,,,,,,2,2,Gudiñèlaga Fán.,Juan parpadea.,Riguiñèlaga Fàna runi yu de.,Parpadea Juana por el polvo.
ginyena7,riguiñènà',-g.inye*=na*7,JLC;RGL;VP,vD(k>t):t,D,NO,954,"To knock on the door, to play an instrument by striking strings (lit. to strike with the hand). By extension, to warn.","Tocar la puerta, tocar la guitarra o algún otro instrumento rasgando las cuerdas (lit. golpear con la mano). Por extensión, poner sobre aviso.",actions,,,ri-g.inye*=na*7,k.i*nye*=na*7,gu-d.inye*=na*7,,,,,,3,2,Gudiñènà' Fán (puertá').,Tocó Juan (la puerta).,Riguiñènà'be guitàrra.,Toca él la guitarra.
ginyentaa,riguiñèntaa,-g.inye*=ntaa,JLC;RLC;VP,vD(k>t):t,D,NO,955,To bring down or knock down with a blow.,"Tirarlo de golpe, tumbarlo o azotarlo estrepitosamente.",actions,,RGL,ri-g.inye*=nta^a,k.i*nye*=ntaa,gu-d.inye*=ntaa,,,,,,3,6,Gudiiñè'ntaa Fán yaga.,Juan tumbó el árbol.,(G)udiñèntaabe.,Tumbó (un árbol).
ginyenyee,riguiñèñee,-g.inye*=nyee,RGL;RLC,vD(k>t):t,D,NO,956,To kick as a way to call attention or in a playful or squirming way.,"Pegar con el pie, patear, patalear.",actions,,,ri-g.inye*=nyee,k.i*nye*=nyee,gu-d.inye*=nyee,,,,,,3,2,Caguìñè ñee Fán lu nisa.,Está pataleando con el pie en el agua.,Gudiñèñee Gabrièla Ròsa gúuya zeèdà' Javier.,Gabriela le hace una seña con el pie a Rosa para que vea que llegó Javier.
ginyeyu,riguiñèyu,-g.inye*=yu,EJG;JLC;ND;VP,vD(k>t):t,D,NO,957,"To put down, to treat with disdain (lit. to strike with dirt).","Despreciarlo, menospreciarlo, criticarlo (lit. golpearlo con tierra).",actions,,,ri-g.inye*=yu,k.i*nye*=yu,gu-d.inye*=yu,,,,,,3,2,Riguiñèyu Fán ra lidxi Pèdru.,Juan desprecia a Pedro en su casa.,Riguiñèyu Fán xquendaró Fàna.,Juan desprecia la comida de Juana.
ginyezhiinyi,riguiñèxiiñi',-g.inye*=zhiinyi,EJG;ND;RLC,vD(k>t):t,D,NO,958,To hit someone as if that person were one's own child.,Golpearlo como si fuera su hijo.,actions,,,ri-g.inye*=zhiinyi,k.i*nye*=zhiinyi,gu-d.inye*=zhiinyi,,,,,,3,0,,,,
giru,riguiru,-g.iru,EJG;JLC;ND;RGL;VP,vD(k>ch):t,D,NO,959,"To pinch. To peck, in reference to birds.","Pellizcar. Picotear, dicho de los pájaros.",actions,,,ri-g.iru,k.i*ru (I),gu-dx.iru,,,,,,3,1,Riguiru Mariá Fán.,Pellizca María a Juan.,,
girudyaga,riguiru diaga,-g.iru # dyaga,JLC,vD(k>ch):t,D,NO,960,To pull someone's ears.,Jalar las orejas.,actions,,ND;RLC,ri-g.iru # dyaga,k.i*ru # dyaga,gu-dx.iru # dyaga,,,,,,3,2,(G)udxiru diaga Rèyna.,Jálale la oreja a Reina.,Riguiru Fán diaga Pèdru.,Juan le pellizca la oreja a Pedro.
gite,riguite,-g.ite,EJG;JLC;ND;RGL;RLC;VP,vD(k>ch):t,D,NO,961,To play.,Jugar.,actions,,,ri-g.ite,k.ite!7 (I),gu-dx.ite,,,,,,3,4,De caguìte nisa.,El agua parece que está jugando.,(G)udxitesì Juán naa.,Nomás me engaño Juan.
giteike,riguite ique,-g.ite # ike,EJG;RLC,vD(k>ch):t,D,NO,962,"To mislead, to manipulate.","Engañar, manipular.",actions,,JLC;RLC,ri-g.ite # ike,k.ite!7 # ike,gu-dx.ite # ike,,,,,,3,1,Riguite Fán ique Mariá.,Juan le juega Juan la cabeza a María (engañándola).,,
giteuzulu,riguite (ru)zulu,-g.ite (-u-)zu-lu,EJG,vD(k>ch):t,D,NO,963,To take things as a game.,Tomar las cosas como un juego.,cognition,,,ri-gite ri-zu-lu,,,,,,,,1,1,Riguite ruzulube de qué ñànda ba'du'cà.,No tomó en serio que no mejora el muchacho.,,
gitebweltu,riguite buèltu,-g.ite bwe*ltu,JLC;RGL,vD(k>ch):t,D,NO,964,To waste money.,Malgastar dinero.,actions,vuelto,,ri-g.ite bwe*ltu,k.ite!7 bwe*ltu (I),gu-dx.ite bwe*ltu,,,,,,3,1,Quí quitú' buèltu.,No gastes el dinero.,,
gitekarrera,riguite carrèra,-g.ite karre*ra,RLC,vD(k>ch):t,D,NO,965,"To race, to participate in a race.",Participar en una carrera.,actions,carrera,,,,,,,,,,0,0,,,,
gixe,riguixhe,-g.ixe,EJG;JLC;ND;VP,vD(k>t):t,D,NO,966,"To lay down. By extension, to put down in writing, to compose a musical piece.","Poner, colocar, acostar. Por extensión, poner por escrito, componer una obra musical o literaria.",actions,,,ri-g.ixe,k.ixe!7 (I),gu-d.ixe,,,za-g.ixe,,,4,7,Gudixhe.,Acuéstala/o.,(G)udixhe María xqui'chi'.,María empeñó sus papeles (ej. las escrituras de su casa).
gixedxi,riguixhe dxi,-g.ixe # dxi,EJG,vD(k>t):t,D,NO,967,"To set a date, as for an event or commitment.","Poner el día, seleccionar una fecha (ex. para algún evento o compromiso).",time,,,ri-g.ixe # dxi,k.ixe!7 # dxi,gu-d.ixe # dxi,,,,,,3,1,Riguixhebe dxi gueèdà'be.,Fija el día que va a venir.,,
gixelu,riguixhe lu,-g.ixe # lu,EJG;ND;RGL;RLC,vD(k>t):t,D,NO,968,"To take a look, to glance at, to check out.","Echar un vistazo, echar un ojo, dar una hojeada.",actions,,JLC;RLC,ri-g.ixe lu,,,,,,,,1,0,,,,
gixexti7,riguixhe xtì',-g.ixe # x.ti*7,ND;RLC,vD(k>t):t,D,NO,969,To pawn one's property in exchange for a loan.,Empeñar algo propio a cambio de un préstamo de dinero.,actions,,,ri-g.ixe # x.ti*7,k.ixe!7 # x.ti*7,gu-d.ixe # x.ti*7,,,,,,3,3,Gudixhe Fán xtì'.,Juan empeñó algo suyo.,(G)udixhe María xqui'chi'.,María empeñó sus papeles (ej. las escrituras de su casa).
gixechaawi,riguixhechaahui',-g.ixe=chaawi,EJG;ND;RGL,vD(k>t):t,D,NO,970,"To lay down properly, to fix up, to straighten out. By extension, to put down in writing, to compose a musical piece.","Poner, colocar o acostar correctamente, arreglar. Por extensión, poner por escrito, componer una obra musical o literaria.",actions,,,ri-g.ixe=chaawi,k.ixe!7=chaawi,gu-d.ixe=chaawi,,,,,,3,4,Gudixhe chaahui' Fàna càma nè quí nusaanà' tuàya.,Arregló la cama Juana pero no dejó la toalla.,Gudixhechaahui' mexá'.,Pon la mesa.
gixediinye,riguixhediiñe',-g.ixe=diinye,EJG;VC,vD(k>t):t,D,NO,971,To take a loan based on pawning one's property.,Tomar un préstamo de dinero a cambio de empeñar algo propio.,actions,,EJG;ND;RLC,ri-g.ixe=diinye,,,,,,,,1,1,Qué nitixhèdiiñe'dí'beni.,No fue a empeñarlo.,,
gixedxi-2,riguixhedxì,-g.ixe=dxi*,EJG;RLC,vD(k>t):t,D,NO,972,To calm something down.,Poner en calma.,actions,,,ri-g.ixe=dxi*,k.ixe!7=dxi*,gu-d.ixe=dxi*,,,,,,3,1,Riguixhedxì Mariá (g)endabiaani'.,Se concentra María. (lit. María pone en calma su inteligencia.),,
gixegi,riguixhegui,-g.ixe=gi,EJG;ND,vD(k>t):t,D,NO,973,"To set on fire, to burn.","Echarle lumbre, quemar, incendiar.",actions,,,ri-g.ixe=gi,k.ixe!7=gi,gu-d.ixe=gi,,,,,,3,2,(G)udixhegui ludecà.,Prende la lumbre. (imperativo),Riguixhegui Javier gui.,Prende Javier la lumbre.
gixeike,riguixheique,-g.ixe=ike,EJG;RLC,vD(k>t):t,D,NO,974,"To lay the head down to rest on something. By extension, to think about someone or something, to have something in mind.","Recostar o descansar la cabeza sobre algo. Por extensión, pensar en algo o en alguien, tener en mente.",actions,,,ri-g.ixe=ike,k.ixe!7=ike,gu-d.ixe=ike,,,,,,3,1,Riguixheiquelu' xiiñi'lu'.,Piensas en tu hija/o.,,
gixekwe7,riguixhecue',-g.ixe=kwe7,EJG;ND;RLC,vD(k>t):t,D,NO,975,To lay something sideways or leaning.,"Ponerlo de lado, inclinarlo.",actions,,,ri-g.ixe=kwe7,k.ixe!7=kwe7,gu-d.ixe=kwe7,,,,,,3,1,Gudixhecue' tìnacà.,Pon recargada la tina (para que escurra).,,
gixena,riguixhena,-g.ixe=na,EJG;JLC;ND;RLC;VP,vD(k>t):t,D,NO,976,"To put someone on notice, to warn.","Ponerle sobre aviso, avisarle, advertirle.",actions,,EJG;JLC;RLC,ri-g.ixe=na,k.ixe!7=na,gu-d.ixe=na,,,,,,3,1,Riguixhena Fán Pèdru.,Le avisa Juan a Pedro.,,
gixerilu,riguixherilu,-g.ixe=ri+ lu,EJG;JLC;ND;RGL,vD(k>t):t,D,NO,977,"To lay something face down, to place upside down, to invert.","Acostarlo boca abajo, invertirlo, voltearlo.",actions,,,ri-g.ixe ri+ lu,k.ixe!7 ri+ lu (I),gu-d.ixe ri+ lu,,,,,,3,2,Gudixherilu dxaapa' huiini'.,Acuesta a la niña boca abajo.,Riguixherìlu Fán rii.,Juan pone boca abajo el cántaro.
gixesa,riguixhesa,-g.ixe=sa,EJG;ND,vD(k>t):t,D,NO,978,To lay something face up or right side up.,Acostarlo o ponerlo boca arriba.,actions,,,ri-g.ixe=sa,k.ixe!7=sa,gu-d.ixe=sa,,,,,,3,2,Gudixhesa dxaapa' huiini'.,Acuesta a la niña boca arriba.,Riguixhesa Fán taza.,Juan pone la taza boca arriba.
gixexti,riguixhexti,-g.ixe=x.ti,EJG;RLC,vD(k>t):t,D,NO,979,"To lay the foundation of something, to found, to establish.","Iniciar, fundar, organizar.",actions,,,ri-g.ixe=x.ti,k.ixe!7=x.ti,gu-d.ixe=x.ti,,,za-g.ixe=x.ti,,,4,2,Gudixhexti ta Tomás.,Don Tomás (lo) fundó.,Tà Tomás gudixhe xti dxiiña'.,Don Tomás organizó el trabajo.
gizhe,riguixe,-g.izhe,EJG;JLC;RLC;VP,vD(k>t):t,D,NO,980,To pay.,Pagarlo.,actions,,,ri-g.izhe,k.i*zhe,gu-d.izhe,,,,,,3,5,Caguìxe xtonda.,Está pagando su culpa.,Gudixecàbe naa delantàdu.,Me pagó de antemano.
gizhechaawiga,riguixe chaahui' ga,-g.izhe # chaawi ga,JLC;RLC,vD(k>t):t,D,NO,981,To pay in installments.,Pagar en abonos.,actions,,,ri-gizhe # chaawi ga,k.i*zhe # chaawi ga,gu-d.izhe # chaawi ga,,,,,,3,1,Riguixe Fán chaahui' ga Pèdru.,Le pagó Juan poco a poco a Pedro.,,
gu7ba,rigu'ba',-g.u7ba,EJG;JLC;VP,vD(k>t):t,D,NO,982,"To pull, to attract, to suck in.","Jalar, atraer, chupar.",actions,,,ri-g.u7ba,k.uba!7 (I),gu-d.u7ba,,,za-g.u7ba,,,4,4,Guduuba'cabe binnì.,Acarrearon gente (ej. a la fiesta).,Rigu'ba' Fán gueza.,Juan fuma.
gu7babi,rigu'ba' bi,-g.u7ba # bi,EJG;JLC;RLC;VP,vD(k>t):t,D,NO,983,"To breath, to inhale, to pull in air, to vacuum air out.","Respirar, inhalar, jalar aire, aspirar.",actions,,EJG,ri-g.u7ba # bi,k.uba!7 # bi,gu-d.u7ba # bi,,,za-g.u7ba # bi,,,4,2,Gudu'ba'bi.,Respiró.,Rigu'ba' Fán bi.,Juan respira (lit. jala aire).
gu7bageza,rigu'ba' gueza,-g.u7ba # geza,EJG;RLC,vD(k>t):t,D,NO,984,"To smoke, ex. cigarettes.",Fumar.,actions,,,ri-g.u7ba # geza,k.uba!7 # geza,gu-d.u7ba # geza,,,za-g.u7ba # geza,,,4,2,Cubá' Fán gueza.,Que fume Juan.,Gudu'ba' Fán gueza.,Juan fumó.
gu7bagizhi,rigu'ba' guixi,-g.u7ba # gizhi,EJG;RLC,vD(k>t):t,D,NO,985,"To pull or drag grass. By analogy, this verb is also used to refer to smoking marihuana.","Jalar o acarrear zacate. Por analogía, este verbo también se refiere a la acción de fumar marihuana.",actions,,,ri-g.u7ba # gizhi,k.uba!7 # gizhi,gu-d.u7ba # gizhi,,,,,,3,1,"Gudu'ba' Tòba guixi, biiti'ni laa.",Toba fumaba mota (y eso) lo mató.,,
gu7barwaa,rigu'ba' ruaa,-g.u7ba # rwaa,JLC,vD(k>t):t,D,NO,986,To pull on the horse by the reins.,Jalar al caballo de las riendas.,actions,,EJG;RLC,ri-g.u7ba # rwaa,k.uba!7 # rwaa,gu-d.u7ba # rwaa,,,,,,3,1,Rigu'ba' Fán ruaa maní'.,Le jala Juan la rienda al caballo.,,
gu7bayuze,rigu'ba' yùzè,-g.u7ba # yu*ze*,JLC;RLC,vD(k>t):t,D,NO,987,To urge the cattle on.,Arrear al ganado.,actions,,,ri-g.u7ba,k.uba!7 # yu*ze*,gu-d.u7ba # yu*ze*,,,,,,3,1,Cagú'ba' Fán yùzè.,Juan está arreando ganado.,,
gu7bana7,rigu'ba'nà',-g.u7ba=na*7,EJG;RLC,vD(k>t):t,D,NO,988,"Lit. 'to pull in the hand' to say that financial support is pulled away from someone, or that money is being pulled in to save it.","Lit. 'retirar la mano', a manera de expresar que se retira un apoyo económico o que se retrae un dinero para ahorrarlo.",actions,,,ri-g.u7ba=na*7,k.uba!7=na*7,gu-d.u7ba=na*7,,,za-g.u7ba=na*7,,,4,3,Gudu'ba'nà' bidxiichìcà caadxì'.,Guarda un poquito del dinero (para que no se gaste todo).,Gudu'ba'nà' Fán caadxì' bidxiichì' xtìbe.,Retira Juan un poquito del dinero (para que no se gaste todo).
gu7bandaani,rigu'ba'ndaani',-g.u7ba=ndaani,EJG;JLC;ND;RLC;VC,vD(k>t):t,D,NO,989,To suck one's belly in.,Meter la panza.,actions,,EJG;JLC;ND;RGL;RLC,ri-g.u7ba=ndaani,,,,,,ni-g.u!7ba=ndaani,,2,2,Qué nigú'ba'ndaani'dí' Fán.,No sumió la panza Juan.,Rigu'ba' ndaani' Fán.,Juan sume la panza.
gu7banyee,rigu'ba'ñee,-g.u7ba=nyee,EJG;ND;RLC,vD(k>t):i,D,NO,990,"To step back after making a decision, a promise, or a misstep (lit. to pull one's foot back).","Retroceder después de haber tomado una decisión, haber hecho una promesa, o haber dado un mal paso (lit. retirar el pie).",change of state,,,ri-g.u7ba=nyee,k.uba!7=nyee,gu-d.u7ba=nyee,,,za-g.u7ba=nyee,,,4,2,Má gudu'ba'ñee Gabrièla mà' quí nà' udii telèfono xtì'.,Se echó para atrás Gabriela con su ofrecimiento de prestarme su teléfono.,Zagu'ba'ñee.,Retrocederá.
gu7barwaa-2,rigu'ba'ruaa,-g.u7ba=rwaa,JLC;RLC,vD(k>t):t,D,NO,991,Lit. 'to suck one's mouth in' to say that a person thinks things through before saying them.,Lit. 'jalar la boca (para adentro)' a manera de decir que una persona se piensa las cosas antes de decirlas.,character attributes,,,ri-g.u7ba=rwaa,k.uba!7=rwaa,gu-d.u7ba=rwaa,,,,,,3,3,Rigu'ba' Mariá ruaa para (gu)iní'.,María se piensa las cosas antes de decirlas.,Rigu'ba'ruaa Fán para (gu)iní'.,Juan ya no suelta cualquier palabra.
gu7bayu,rigu'ba'yu,-g.u7ba=yu,JLC;VP,vD(k>t):t,D,NO,992,To drag on the floor.,Jalar por el piso.,actions,,,ri-g.u7ba=yu,k.u!7ba=yu,gu-d.u7ba=yu,ka-g.u!7ba yu,,,,,4,5,Gudu'ba'yu Fán Mariá dxi bixooñe'nèbe laa.,Jaló Juan a María (se la llevó) el día que se huyó con ella.,Gudu'ba'yu Fán mexá' de ra puerrtá'.,Juan jaló la mesa hasta la puerta.
gu7bazhii,rigu'ba'xii,-g.u7ba=zhii,JLC;RLC,vD(k>t):t,D,NO,993,To sniff (lit. to pull in the nose).,"Olfatear, husmear (lit. retraer la nariz).",senses,,,ri-g.u7ba=zhii,k.uba!7=zhii,gu-d.u7ba zhii,ka-g.u!7ba zhii,,,,,4,3,Rigu'ba'xii.,Olfatea.,Rigu'ba'xii Fán.,Juan sorbe la nariz.
guu,riguu,-g.uu,EJG;JLC;ND;RLC;VP,vD(k>l):t,D,NO,994,"To enter, to put (in)side, to insert.","Meter, insertar, introducir, ingresar.",actions,,,ri-g.uu,k.u!7 (I),gu-l.uu,ka-g.u!u,,za-g.uu,,,5,6,(G)uluaá' ti gól.,Metí un gol.,Guluube gueta ndaani' dxumì.,Ella/él mete la tortilla adentro de la canasta.
guubyaani,riguu biaani',-g.uu # b.y.aani,EJG;RLC,vD(k>l):t,D,NO,995,"To illuminate, to install electricity and lighting.","Alumbrar, iluminar, meter alumbrado.",actions,,,ri-g.uu # b.y.aani,k.u!7 # b.y.aani,gu-l.uu # b.y.aani,,,,,,3,3,"Bizaani' ra rì', quí ruuyá' .",Alumbra que no veo.,(G)uluu biaani' rarì' Fán.,Juan alumbró aquí.
guubikwini,riguu bicuini,-g.uu # bi-kwini,RLC,vD(k>l):t,D,NO,996,"This phrasal verb describes the practice whereby, during the first night of a couple's domestic partnership or marriage, the groom inserts a finger into the bride's vagina to extract the hymen and verify her virginity.","Este verbo de frase describe la práctica mediante la cual, durante la primera noche del concubinato o del matrimonio de una pareja, el novio introduce un dedo en la vagina de la novia para extraer el himen y verificar su virginidad.",cultural practices,,,ri-g.uu # bi-kwini,k.u!7 # bi-kwini,gu-l.uu  # bi-kwini,,,,,,3,0,,,,
guubini,riguu bini,-g.uu # bi-ni,EJG;JLC;VP,vD(k>l):t,D,NO,997,To sow corn from seed.,Sembrar maíz.,cultivation,,EJG;RLC,ri-g.uu # bi-ni,k.u!7 # bi-ni,gu-l.uu # bi-ni,ka-g.u!u # bi-ni,,za-g.uu # bi-ni,,,5,4,Cagúu Fán bini.,Juan está sembrando maíz.,Guluu Fán xubá' bini.,Juan sembró maíz.
guudi,riguu dì,-g.uu # di*,EJG;JLC;ND;VP,vD(k>l):t,D,NO,998,"To curse at, to swear at.","Maldecirlo, insultarlo.",actions,,,ri-g.uu # di*,k.u!7 # di*,gu-l.uu # di*,ka-g.u!u # di*,,za-g.uu # di*,,,5,1,Riguu Mariá dì Fán.,María insulta a Juan.,,
guudiidxa,riguu diidxa',-g.uu # diidxa,EJG;JLC,vD(k>l):t,D,NO,999,To marry a couple. Jiménez Girón (1979:166) describes this verb as the action of a civil authority to unite a couple in marriage by way of reading to them the stipulated sermon (lit. to insert word).,"Casarlos. Jiménez Girón (1979:166) define este verbo como ""unir en matrimonio la autoridad civil, leyendo la epístola o amonestando a los contrayentes"" (lit. meter palabra).",cultural practices,,VC,ri-g.uu # diidxa,k.u!7 # diidxa,gu-l.uu # diidxa,,,,,,3,1,Riguu tà cùra xtiidxa' Fán nè Fàna.,El cura los casa a Juan y Juana.,,
guudxiibi,riguu dxiìbì',-g.uu # dxii*bi*,EJG,vD(k>l):t,D,NO,1000,"To incite or produce fear, to scare.","Meter o infundir miedo, asustar, espantar.",actions,,,ri-g.uu # dxii*bi*,k.u!7 # dxii*bi*,gu-l.uu # dxii*bi*,,,,,,3,2,Riguu dxiìbì' binnì.,Le mete miedo a la gente.,Riguu sombreròte dxiìbì' binnì.,Espanta el sombrerote (espíritu del monte) a la gente.
guudxinya,riguu dxiña,-g.uu # dxinya,EJG;ND,vD(k>l):t,D,NO,1001,To sweeten (lit. to introduce sugar).,Endulzar (lit. meter azúcar).,actions,,EJG;JLC;ND;RGL;RLC,ri-g.uu # dxinya,k.u!7 # dxinya,gu-l.uu # dxinya,,,,,,3,2,Guluube dxiña café.,Echó azúcar en el café.,Guluube dxiña yogúr.,Echo ella azúcar en el yoghurt.
guudxinyarwaa,riguu dxiña ruaa,-g.uu # dxinya rwaa,EJG;ND;VC,vD(k>l):t,D,NO,1002,"To praise, to flatter with sweet talk.","Alabar, adular, hablar de manera dulce o mielosa.",actions,,,ri-g.uu # dxinya rwaa,,,,,,,,1,1,Qué nigúudí'be dxiña ruaabe guni' nèbe Fán.,No le habló mieloso él cuando habló con Juan.,,
guufluuchi,riguu fluùchì',-g.uu # fluu*chi*,EJG;JLC;RLC;VP,vD(k>l):t,D,NO,1003,To whistle (lit. to throw a whistling).,"Chiflar, silbar (lit. echar chiflido).",actions,,,ri-g.uu fluu^chi*,k.u!7 # fluu*chi*,gu-l.uu fluu*chi*,,,,,ka-na-g.uu fluu*chi*,4,5,Canaguu fluùchì' Fán.,Anda chiflando Juan.,Guluu Fán fluùchì'.,Juan chifló.
guugendazi7,riguu guendazì',-g.uu # genda+ zi*7,JLC;RLC,vD(k>l):t,D,NO,1004,"To be cursed, to be screwed, said of a person who commits a reprehensible act against someone who will then seek revenge.","Echarse la sal, chingarse, joderse, dicho de cuando una persona comete una infracción contra alguien quien en respuesta buscará vengarse.",actions,,,ri-g.uu # genda+ zi*7,k.u!7 # genda+ zi*7,gu-l.uu # genda+ zi*7,,,,,,3,3,Cagúu xpi'cu' Fán (gue)ndazì'.,El perro ya está salado (porque el perro le mordió la pata a la vaca de Juan y ahora Juan se quiere vengar).,Riguu Fán (gue)nda zì' pèdru.,Juan le hizo algo malo a Pedro (y ahora Pedro está enojado).
guugeta,riguu gueta,-g.uu # geta,JLC,vD(k>l):t,D,NO,1005,To cook tortillas in a clay oven.,Cocer las tortillas en horno de barro.,processes,,,ri-g.uu # geta,k.u!7 # geta,gu-l.uu # geta,,,,,,3,2,Riguu Ròsa gueta ndaani' suquiì.,Echa Rosa tortilla en el horno.,Riguu xheela' Fán gueta.,La esposa de Juan echa tortilla.
guugidi,riguu guidi,-g.uu # gidi,EJG;RLC,vD(k>l):t,D,NO,1006,To hit with a leather strap.,"Golpear con un cuero, dar de cuerazos.",actions,,EJG;JLC,ri-g.uu # gidi,k.u!7 # gidi,gu-l.uu # gidi,,,,,,3,0,,,,
guugizhi,riguu guixi,-g.uu # gizhi,JLC;RLC,vD(k>l):t,D,NO,1007,To scrub.,"Echar zacate ya sea al bañarse, al limpiar o al fregar.",actions,,,ri-g.uu # gizhi,k.u!7 # gizhi,gu-l.uu # gizhi,,,,,,3,2,Cabaná' Rèyna guixi cú' ladi.,Reyna extraña pasarse el zacate cuando se baña.,Riguu Fán guixi ladi.,Juan se echa zacate (cuando se baña).
guuguna,riguu guna,-g.uu # guna,EJG;JLC;RLC,vD(k>l):t,D,NO,1008,"To give a donation (e.g. to the church), to give a contribution towards the costs associated with special occasions, such as weddings, wakes, and community festivities known as 'velas' in Spanish.","Dar limosna (ej. en la iglesia), depositar la cooperación que se acostumbra ofrecer durante las ocasiones especiales como en bodas, velorios y las velas.",actions,,,ri.guu # guna,k.u!7 #  guna,gu-l.uu # guna,ka-g.u!u # guna,,,,,4,1,Riguu Fán guna ra yu'du'.,Juan da limosna en la iglesia.,,
guujacha,riguu jàcha,-g.uu # ja*cha,JLC,vD(k>l):t,D,NO,1009,To cut with an axe.,Hachear.,actions,jacha,,,,,,,,,,0,1,Riguu Fán jàcha yaga.,Juan raja la madera con hacha.,,
guule7,riguu le',-g.uu # le7,EJG;ND;RLC,vD(k>l):t,D,NO,1010,"To fence in, to encircle, to besiege.","Cercar, sitiar, acorralar.",actions,,EJG;JLC;RLC;VP,ri-g.uu # le7,k.u!7 # le7,gu-l.uu # le7,ka-g.u!u # le7,,,,,4,1,(G)uluu Fán le' ra lidxi.,Juan puso una cerca en casa.,,
guulibana,riguu libanà,-g.uu # li-bana*,EJG;JLC;ND;RLC,vD(k>l):t,D,NO,1011,"To recite, to deliver a sermon.","Recitar, dar sermón.",actions,,,ri-g.uu li-bana*,k.u!7 # li-bana*,gu-l.uu # li-bana*,,,,,,3,3,Chí (g)udii libanà Àrno.,Arno va a dar poesía.,Riguu Fán libanà ra yoo laahuì'.,Juan va a dar poesía o discurso en el palacio municipal de Juchitán.
guundaaya,riguu ndaaya',-g.uu # ndaaya,EJG;JLC;RLC;VP,vD(k>l):t,D,NO,1012,To bless.,Bendecir.,spirituality,,JLC;ND;RGL;RLC,ri-g.uu # ndaaya,k.u!7 # ndaaya,gu-l.uu # ndaaya,ka-g.u!u # ndaaya,,,,,4,4,Guluu ndaaya' Mariá xiiñi'.,María le dio su bendición a su hijo.,Guluu pàdre ndaaya' ca xcuídi.,Bendijo el padre a los niños.
guunduyu,riguu ndùyù,-g.uu # ndu*yu*,EJG;RLC,vD(k>l):t,D,NO,1013,To lie in fetal position.,Acostarse en posición fetal.,position,,,ri-g.uu # ndu*yu*,k.u!7 # ndu*yu*,gu-l.uu # ndu*yu*,,,,,,3,0,,,,
guuneza,riguu neza,-g.uu # neza,EJG;RLC,vD(k>l):t,D,NO,1014,"To expel, to throw out, chase away, to fire someone from a job.","Expulsar, echar fuera, correr, despedir a alguien de su trabajo.",actions,,,ri-g.uu # neza,k.u!7 # neza,gu-l.uu # neza,ka-g.u!u # neza,,,,,4,2,"Guluu Fán neza Pèdru, biaanabe sin dxiiña'.","Lo despidieron del trabajo, se quedó sin trabajo.","Guluunezacabe laabe, bianabe sin dxiiña'.","Lo despidieron del trabajo, se quedó sin trabajo."
guuxkwagu,riguu xcuàgù,-g.uu # x.kwa*gu*,EJG,vD(k>l):t,D,NO,1015,To rap someone on the head.,Dar coscorrones.,actions,,,ri-g.uu x.kwa*gu*,k.u!7 # x.kwa*gu*,gu-l.uu # x.kwa*gu*,,,,,,3,2,Guluu Fán xcuàgù ba'du'.,Juan le dio un coscorrón al niño.,Guluu Fán xcuàgù Pèdru.,Le dio de coscorrones Juan a Pedro.
guuxpyaani,riguu xpiaani',-g.uu # x.p.y.aani,EJG;RLC,vD(k>l):t,D,NO,1016,"To act judiciously, decently and/or responsibly.","Actuar con juicio, decencia y/o responsabilidad.",actions,,,ri-g.uu # x.p.y.aani,k.u!7 # x.p.y.aani,gu-l.uu # x.p.y.aani,,,,,,3,1,Riguu Mariá xpiaani' nuù xpiaani' rindisá' xpuèltu.,"María es inteligente, tiene juicio, por eso gana su dinerito.",,
guuxpinni,riguu xpinnì,-g.uu # x.pinni*,EJG;RLC,vD(k>l):t,D,NO,1017,To send representatives to ask a woman's hand in marriage.,Mandar a una comitiva para solicitar la mano de una mujer en matrimonio.,cultural practices,,,ri-g.uu # x.pinni*,k.u!7 # x.pinni*,gu-l.uu # x.pinni*,,,,,,3,1,Guluu Mariá xpinnì beèdà' nabá' Fán.,La vinieron a pedir a María de parte de Juan.,,
guuza,riguu za,-g.uu # za,EJG;RLC,vD(k>l):t,D,NO,1018,"To oil, to lubricate.","Engrasar, lubricar.",actions,,,ri-g.uu # za,k.u!7 # za,gu-l.uu # za,,,,,,3,2,Riguu Fán za bisiklèta xtì'.,Le pone aceite Juan a su bicicleta.,"Za lá, riguu ra puertá' yoo.",La grasa se la pone a la puerta.
guuzhabu,riguu xabú,-g.uu # zha-bu!,JLC,vD(k>l):t,D,NO,1019,To soap up.,Enjabonar.,actions,,,ri-g.uu # zha-bu!,k.u!7 # zha-bu!,gu-l.uu # zha-bu!,,,,,,3,1,Riguu Fán xabú ladi.,Juan se enjabona el cuerpo.,,
guuzhizaa,riguu xizaa,-g.uu # zhi+ zaa,EJG;JLC;RLC;VP,vD(k>l):t,D,NO,1020,"To worry, to cause concern (lit. to introduce a worry).","Preocupar, inquietar (lit. meterle una preocupación).",actions,,,ri-g.uu zhi+ zhi+ zaa,k.u!7 # zhi+ zaa,gu-l.uu # zhi+ zaa,,,,,,3,4,Fán riuu xizaa de Pèdru .,Juan se siente preocupado por Pedro.,Guluulu' xizaa naa.,Me tenías preocupado.
guuzhidxaa,riguu xidxaà,-g.uu # zhi-dxaa*,JLC,vD(k>l):t,D,NO,1021,"To provide heat, to heat up.","Dar calor, calentar.",actions,,,ri-g.uu # zhi-dxaa*,k.u!7 # zhi-dxaa*,gu-l.uu # zhi-dxaa*,,,,,,3,3,Riguu biaani' xidxaà bere huiini'.,La luz da calor a los pollitos.,Riguu xidxaà bere huiini'.,Da calor a los pollitos.
guuzhuubi,riguu xuùbì',-g.uu # zhuu*bi*,JLC;RLC,vD(k>l):t,D,NO,1022,To coat the walls of a construction with plaster or adobe.,"Repellar, ya sea con adobe o con yeso.",construction,,,ri-g.uu zhuu*bi*,k.u!7 # zhuu*bi*,gu-l.uu # zhuu*bi*,,,,,,3,1,Guluu Fán xuùbì' lidxi.,Juan repelló la casa.,,
guuzidi,riguu zidi,-g.uu # zidi,EJG,vD(k>l):t,D,NO,1023,"To salt. By extension, to jinx.","Echar sal. Por extensión, dirigir la mala suerte hacia alguien, de manera comparable a la expresión 'echar la sal' en castellano.",actions,,RLC;RLL,ri-g.uu # zidi,k.u!7 # zidi,gu-l.uu # zidi,,,,,,3,1,Riguuca'be zidi Fán para quí gapà dxiña.,Le impide Juan a Juana que vaya a trabajar.,,
guuchaawiduga,riguu chaahui' (du)(ga),-g.uu chaawi (du)(-ga),EJG;JLC;RLC;VP,vD(k>l):t,D,NO,1024,"To introduce something slowly. By extension, to save up, to put or store away to safeguard.","Meterlo despacio. Por extensión, ahorrar, guardar, almacenar.",actions,,,ri-g.uu chaawi (du)(-ga),k.u!7 chaawi (du)(-ga),gu-l.uu (du)(-ga) chaawi,,,,,,3,5,Riguu chaahui'.,Mete despacio.,Riguu chaahui' duga.,Ella ahorra poco a poco (ej. dinero).
guudejma,riguu de jmá,-g.uu de+ jma!,JLC;RLC,vD(k>l):t,D,NO,1025,To add.,Agregar.,actions,de,,,,,,,,,,0,2,Riguu de jmá.,Le echa más.,Ruguu de jmá.,Le echa más.
guubyeke,riguubieque,-g.uu=b.y.eke,EJG;JLC;RLC;VP,vD(k>l):t,D,NO,1026,"To turn around, to twist, to twist around.","Darle vueltas, torcer, amarrar.",actions,,,ri-g.uu=b.y.eke,k.u!7=b.y.eke,gu-l.uu=b.y.eke,,,,,,3,4,Guluu bieque Fán nà' Pèdru.,Juan le torció el brazo a Pedro.,Riguu bieque Fán nà' Pèdru.,Juan le tuerce el brazo a Pedro.
guubada,riguubàda,-g.uu=ba*da,EJG;ND;VC,vD(k>l):t,D,NO,1027,To suck the belly in.,Meter la panza.,actions,,,ri-g.uu=ba*da ,k.u!7=ba*da ,gu-l.uu=ba*da ,,,,,,3,1,Qué nigúubà'ndaaní'be.,No metió la panza.,,
guubeedxe,riguubeedxe',-g.uu=beedxe,EJG;JLC;ND;RLC;VP,vD(k>l):i,D,NO,1028,"To roar. By extension, to bawl or wail in pain.","Rugir, bramar. Por extensión, quejarse de dolor.",actions,,,ri-g.uu=beedxe,k.u!7=beedxe,gu-l.uu=beedxe,,,za-g.uu=beedxe,,,4,4,Riguubeedxe'be.,Ruge él (de enojo).,Riguubeedxe' beedxe'.,Ruge el tigre.
guubi,riguubi,-g.uu=bi,EJG;JLC;RLC,vD(k>l):t,D,NO,1029,To throw something up in the air.,"Aventar, lanzar o tirar hacia arriba.",actions,,EJG;JLC;ND;RGL;RLC,,k.u!7=bi,gu-l.uu=bi,,,za-g.uu=bi,,,3,2,Cú'bi.,Que lance.,Gulu(u)bi Fán guie.,Aventó Juan la piedra.
guubizaa,riguubizaa,-g.uu=bi-zaa,EJG;RLC,vD(k>l):t,D,NO,1030,To check out someone or something (lit. to put beans in or into).,Echarle el ojo (lit. meterle frijol).,actions,,,ri-g.uu=bi-zaa,k.u!7=bi-zaa,gu-l.uu=bi-zaa,ka-g.u!u=bi-zaa,,,,,4,1,Cagúu Fán bizaa Fàna.,Juan le echó el ojo a Juana.,,
guubya7,riguubia',-g.uu=bya7,EJG;JLC;ND;VP,vD(k>l):t,D,NO,1031,"To measure, to weigh, to gauge. By extension, to calculate the necessary amount.","Tomar la medida, medir, pesar, sopesar. Por extensión, calcular la cantidad necesaria o indispensable.",measure and quantity,,,ri-g.uu=bya7,k.u!7=bya7 ,gu-l.uu=bya7,,,,,,3,6,Guluubia'be ba'du'.,Pesó al niño.,Guluubia'beni.,Lo pesó.
guudeche,riguudeche,-g.uu=deche,JLC,vD(k>l):i,D,NO,1032,To turn one's back.,Dar la espalda.,actions,,,ri-g.uu=deche,k.u!7=deche,gu-l.uu=deche,,,,,,3,0,,,,
guudutu,riguudutu,-g.uu=dutu,EJG;RLC,vD(k>l):t,D,NO,1033,To add or apply the necessary amount.,Meter o aplicar lo suficiente.,actions,,,ri-g.uu=dutu,k.u!7=dutu,gu-l.uu=dutu,,,,,,3,3,Quí riguudutudi' xabú ladi xiiñe'.,No enjabonan bien a mi hijo.,Quí rixubidutudí' xabú ladi xiiñé'.,No se enjabona bien mi hijo.
guuginya,riguuguiña,-g.uu=ginya,RLC,vD(k>l):t,D,NO,1034,"To be a godmother in a ceremony in which a child is anointed with wax and flowers, not for baptism.","Amadrinar en una ceremonia de unción de cera y flores, pero no de bautizo.",social categories,,,ri-g.uu=ginya,k.u!7=ginya,gu-l.uu=ginya,,,,,,3,1,(G)uluu guiña Ròsa Olìbia.,Rosa se hizo madrina de Olivia.,,
guuguna-2,riguuguna,-g.uu=guna,EJG;VC,vD(k>l):t,D,NO,1035,To use or wear for the first time.,Estrenar.,actions,,,ri-g.uu=guna,,,ka-g.u!u=guna,,,,,2,1,Quí nigúugunadí'be xhaba.,No estrenó ropa.,,
guuike,riguuique,-g.uu=ike,VC,vD(k>l):i,D,NO,1036,To insist.,Insistir.,actions,,,ri-g.uu=ike,k.u!7=ike,gu-l.uu=ike,,,,,,3,1,Riguuique Fán.,Juan insiste.,,
guule,riguulè,-g.uu=le*,EJG;ND;VC,vD(k>l):i,D,NO,1037,To produce an echo.,Producir eco.,actions,,,ri-g.uu=le*,,,ka-g.u!u=le*,,,ni-g.u!u=le*,,3,2,Camp̀ana ngà riguulè.,La campana es la que hace eco.,Quí nigúulèdí' Fán.,Juan no produjo eco.
guuliibi,riguuliìbì',-g.uu=lii*bi*,EJG;JLC;ND;RLC;VP,vD(k>l):i,D,NO,1038,To squirm and scream.,Retorcerse y lanzar alaridos.,states,,VC,ri-g.uu=lii*bi*,k.u!7=lii*bi*,gu-l.uu=lii*bi*,,,za-g.uu=lii*bi*,,,4,2,Riguuliìbì' bihui tí liìbì'.,Está protestando el marrano porque está amarrado.,Rigu(u)liìbì' Fán.,Juan gime y se retuerce.
guulu,riguulu,-g.uu=lu,EJG,vD(k>l):i,D,NO,1039,"To take a look, to take a peek.","Asomarse, echar un vistazo.",actions,,,ri-g.uu=lu,k.u!7=lu,gu-l.uu=lu,ka-g.u!u=lu,,,,,4,1,Guluu lu Melìna ndaani' yoo.,Se asomó Melina en la casa.,,
guuna7,riguunà',-g.uu=na*7,EJG;RLC,vD(k>l):t,D,NO,1040,To stick one's hand into something inappropriately.,Meter mano indebidamente.,actions,,JLC;ND;RGL;RLC,ri-g.uu=na*7,k.u!7=na*7,gu-l.uu=na*7,,,,,,3,1,Guluu nà' Fán xpuèltu binnì.,Juan agarra el dinero de la gente.,,
guunebini,riguunè bini,-g.uu=ne* # bi-ni,EJG,vD(k>l):t,D,NO,1041,To sew seed or work the land collaboratively.,Sembrar o trabajar la tierra en colaboración con alguien.,cultivation,,,ri-g.uu=ne* # bi-ni,k.u!7=ne* # bi-ni,gu-l.uu=ne* # bi-ni,,,,,,3,1,Riguunè' Fán Pèdru bini.,Juan siembra las semillas en compañia de Pedro.,,
guunisa,riguunisa,-g.uu=nisa,EJG;JLC;RGL;RLC;VP,vD(k>l):t,D,NO,1042,"To add water, to soak, to set up an irrigation system. By extension, to baptize, to inaugurate.","Meter agua, remojar, meter irrigación. Por extensión, bautizar, inaugurar.",actions,,,ri-g.uu nisa,k.u!7=nisa,gu-l.uu=nisa,ka-g.u!u nisa,,,,,4,3,(G)uluunisa pàdre xiiñi' Fán.,El padre bautizó al niño de Juan.,(G)uyuunisa xiiñi' Fán.,Bautizaron al niño de Juan.
guunyee,riguuñee,-g.uu=nyee,EJG;JLC;ND;VP,vD(k>l):a,D,NO,1043,"To kick, to kick in a squirming way.","Patear, patalear.",actions,,,ri-g.uu=nyee,,gu-l.uu=nyee,,,,,,2,3,Guluuñee Fán ti yaga.,Juan pateó un palo.,Rigu(u)ñee maní' chuga nuù guiása.,"Patalea el bicho, se quiere levantar."
guurruuchi,riguurruùchì',-g.uu=rruu*chi*,EJG;JLC;VC,vD(k>l):t,D,NO,1044,To whistle (lit. to throw a whistling).,"Chiflar, silbar (lit. echar chiflido).",actions,,,ri-g.uu=rruu*chi*,,gu-l.uu=rruu*chi*,,,,,,2,3,Guluu Fán ruùchì'.,Juan chifló.,Quí nigúurrùchìdí' Fán lu gueela'dí'.,No chifló Juan anoche.
guurwaa,riguuruaa,-g.uu=rwaa,EJG;RLC,vD(k>l):i,D,NO,1045,To stick one's nose where it doesn't belong.,Entrometerse.,actions,,,ri-g.uu=rwaa,k.u!7=rwaa,gu-l.uu=rwaa,,,,,,3,1,Riguuruaa Mariá ra cayuì' binnì diidxa'.,María se mete donde está hablando la gente.,,
guutaata,riguutaata',-g.uu=taata,EJG,vD(k>l):t,D,NO,1046,To add or put on too much of something.,Echar demasiado.,actions,,,ri-g.uu=taata,k.u!7=taata,gu-l.uu=taata,,,,,,3,1,Riguutaata' Mariá de lu.,María se echa demasiado polvo en la cara.,,
guuxkachu,riguuxcàchu,-g.uu=x.ka*chu,JLC;VC,vD(k>l):t,D,NO,1047,To gore.,"Dar cornadas, cornear.",actions,,,ri-g.uu=x.ka*chu,k.u!7=x.ka*chu,gu-l.uu=x.ka*chu,,,,,,3,3,(G)uluu xcàchu yùzè Fán.,Corneó el toro a Juan.,Riguuxcàchu.,Cornea (el toro).
guuxkiichi,riguuxquiichì',-g.uu=x.kiichi*,EJG,vD(k>l):i,D,NO,1048,"To sow discord, to drive a wedge.",Meter cizaña.,behavior,,,ri-g.uu=x.kiichi*,k.u!7=x.kiichi*,gu-l.uu=x.kiichi*,ka-g.u!u x.kiichi*,,za-g.uu x.kiichi*,,,5,1,Guluuxquiichì' Abél para iree Dèisi de dxiiña'.,Metió cizaña Abel para que despidieran a Daisy del trabajo.,,
guuxiiwi,riguuxhiihui',-g.uu=xiiwi,EJG;ND;RLC,vD(k>l):t,D,NO,1049,To add or put on too much of something.,Echar demasiado.,actions,,,ri-g.uu=xiiwi,k.u!7=xiiwi,gu-l.uu=xiiwi,,,,,,3,1,Riguuxhiihui' Reyna (gu)endaró.,Reyna echa demasiada comida en su plato.,,
guuya,riguuya,-g.uu=ya,EJG;JLC;RLC,vD(k>l):t,D,NO,1050,To set fruit to ripen.,Ponerla (la fruta) a madurar.,actions,,,ri-g.uu ya,k.u!7 ya,gu-l.uu ya,,,,,,3,3,Guluuya' Mariá màngu yaa xtì'.,María pone a madurar su mango verde.,Riguuyabe biduaa.,Pone a madurar el plátano.
guuzhaike,riguuxaique,-g.uu=zha+ ike,JLC;VP,vD(k>l):t,D,NO,1051,To worry or be concerned about something (lit. to put something at the bottom of one's head).,Preocuparse o inquietarse por algo (lit. meterlo al fondo de la cabeza).,actions,,,ri-g.uu=zha+ ike,k.u!7=zha+ ike,gu-l.uu=zha+ ike,,,,,,3,1,Guluuxaique Fán buèltu.,Se preocupó Juan por el dinero.,,
guunye,riguuñe',-g.uunye,EJG;JLC;ND;VP,vA:i,A,NO,1052,"To be tied, to be roped, to be lassoed.","Lazarse, ser enlazado, amarrarse, ser amarrado.",change of state,,,ri-g.uunye,gi-g.u!unye,bi-g.uunye,,,za-g.uunye,,,4,4,(Gu)igúuñe.,Que lo lazen (al animal).,Riguuñe' yùzè.,Se laza al toro.
guunye-2,riguuñè',-g.uunye*,EJG;JLC;ND;RGL;RLC;VP,vD(k>t):t,D,NO,1053,To scratch.,Rascarlo.,actions,,EJG;RLC,ri-g.uunye*,k.uu*nye* (I),gu-d.uunye*,,,,,,3,6,Cuùñè' Mariá deche xhiiñi'.,Que rasque María la espalda de su hijo.,Cuùñe'nu.,Rasquémonos.
guza,riguza,-g.uza,EJG;JLC;ND;RLC;VP,vD(k>l):t,D,NO,1054,"To break. It can be used in relation to piñatas, bones, tree branches, sticks and wood in general, but not with clay, glass or cloth objects.","Quebrar, tronchar, romper, partir. Se puede usar en relación con piñatas, huesos, ramas de árbol, palos y madera en general, pero no con objetos de barro, vidrio o tela.",actions,,,ri-g.uza,k.u*za (I),gu-l.uza,,,,,,3,3,Cùza.,Que quiebre.,(G)uluza Fán asièntu.,Juan rompió la silla.
gye,riguie,-g.ye,EJG;JLC;RGL;VP,vD(k>t):t,D,NO,1055,To squeeze with the hand.,Apretar con la mano.,actions,,,ri-g.ye,k.ye*7 (I),gu-d.ye,ka-g.ye,,za-g.ye,,,5,3,Caguiébe ndaani'.,Le está apretando la panza (para sacarle lo que se le atoró).,Quiè' Juán laabe tobi.,Que le de Juan un buen apretón con la mano.
gyeyanni,riguie yanni,-g.ye # yanni,RLC,vD(k>t):t,D,NO,1056,To strangle with the hands.,Ahorcar con las manos.,actions,,,,k.ye*7 # yanni; ri-g.ye # yanni,(g)u-d.ye # yanni,,,,,,2,0,,,,
ga,riga,-ga,EJG;JLC;RGL;VP,vA:i,A,NO,1057,"To be cut, to be chopped, to be trimmed. By extension, to be convinced.","Cortarse, mocharse, truncarse. Por extensión, dejarse convencer.",change of state,,,ri-ga,gi-ga! (),bi-ga,ka-ga!,,,,,4,6,Biga (gu)icha ique Fán nè Pèdru.,Se cortaron el pelo Juan y Pedro.,Ni riganè ruaacabe.,Con lo que se rasura uno.
gagichaike,riga (guicha) ique,-ga (gicha) ike,EJG;RLC,vA:i,A,NO,1058,To get a haircut.,Cortarse el pelo.,actions,,,ri-ga,gi-ga! ike,bi-ga,,,,,,3,1,Riga ique Fán.,Juan se rasura la cabeza.,,
ga7,riga',-ga7,JLC;ND;RLC;VP,vA:i vers,A,NO,1059,For a plant to sprout or to turn green again after dormancy.,"Reverdecer, retoñar.",plants,,,ri-ga7,gi-ga!7,bi-ga7,,,,,,3,1,Rigaa yaga.,Se pone verde (crece) el árbol.,,
gaa-2,rigaa [1],-gaa,EJG;JLC;ND;RGL;VP,vA:t vers,A,NO,1060,"To stretch upwards, to grow, to elongate.","Estirarse, alargarse, crecer.",change of state,,RLC,ri-gaa,gi-ga!a (),bi-gaa,ka-ga!a,,za-gaa,,,5,5,Bigaa.,Se estiró.,(Gu)igáa.,Que crezca.
gaa-3,rigaà,-gaa*,EJG;JLC;VP,vA:i,A,NO,1061,"To be grabbed, to be caught, to be captured, to be apprehended.","Ser agarrado, ser atrapado, ser capturado, ser aprehendido.",change of state,,,ri-gaa*,gi-gaa* (I),bi-gaa*,,,,,,3,6,Bigaà Fán.,Agarraron a Juan.,Bigaàme.,Cayó en la trampa (el animal).
gaache,rigaachè',-gaache*,EJG;JLC;RGL;VP,vA:i,A,NO,1062,"To become bruised, as in the case of fruits and vegetables, to be crushed.","Mallugarse, machucarse.",change of state,,,ri-gaache*,gi-gaa*che* (I),bi-gaache*,,,,,,3,2,Guigaàchè'ni.,Se machuca.,Guigaàchè' xubá'.,Que machuque el maíz.
gaachexxita,rigaachè' xhita,-gaache* x.xita,JLC,vA:i,A,NO,1063,Castrate.,"Capar, castrar.",actions,,,ri-gaache* x.xita,gi-gaa*che* x.xita,bi-gaache* x.xita,,,,,,3,3,Bigaachè' xhita bihui.,Se caponeó el marrano.,Bigaachè' xhita yuùzè'.,Se castró al toro.
gaachi,rigaachi',-gaachi,EJG;JLC;ND;VP,vA:i,A,NO,1064,"To be buried. By extension, to be hidden.","Enterrarse, sepultarse. Por extensión, esconderse.",change of state,,,ri-gaachi,gi-ga!achi (),bi-gaachi,,,,,,3,3,Ra chígaachi'.,Donde se va a enterrar.,Rigaachi' gue'tu'.,Se entierra el muerto.
gaba7,rigabá',-gaba!7,EJG;JLC;VP,vA:i vers,A,NO,1065,"To be counted, to be numbered.","Contarse, enumerarse, contabilizarse.",measure and quantity,,RLC,ri-gaba!7,gi-gaba!7 (I),bi-gaba!7,,,,,,3,2,Bigabá' ca' binnì.,Cuentan a las personas.,Rigabá' gui'chi'.,Se cuentan los papelitos.
gaba7ne,rigabá'nè,-gaba!7=ne*,JLC;RLC,vA:i vers,A,NO,1066,To be taken into account.,Tomarse en cuenta.,states,,,ri-gaba!7=ne* la^a,gi-ga!ba!7=ne*,bi-gaba!7=ne*,,,,,,3,3,"Bigabá'nè' Rèyna, nè Pèdru, nè Àrrno, nè Àli.","Tomamos en cuenta a Reyna, a Pedro, a Arnold, a Ali.",Bigabá'nè' Ròsa.,Toma en cuenta a Rosa. (imperativo)
gani,riganì,-gani*,EJG;JLC;RGL;RLC;VP,vA:i,A,NO,1067,"To shut up, to become quiet.","Callarse, silenciarse, guardar silencio.",change of state,,RLC,ri-gani*,gi-ga*ni* (I),bi-gani*,,,,,,3,1,Guigànì.,Que se calle.,,
ganna,riganna,-ganna,JLC,vA:i,A,NO,1068,To become difficult.,"Dificultarse, hacerse difícil.",change of state,,,ri-ganna,gi-ga!nna (),bi-ganna,,,,,,3,2,Neegue' lá biganna dxiiña' xtì'du.,Ayer estuvo difícil nuestro trabajo.,"Zaà (g)igánna, para gànnú'.","Que sea difícil, para que aprendas."
geenda,rigueèndà',-gee*nda*,JLC;RLC,vA:i vers,A,NO,1069,"To quicken, in reference to a person. To become wilder, in reference to a non-human animal.","Hacerse rápido o veloz, dicho de una persona. Hacerse salvaje, dicho de un animal no humano.",change of state,,,ri-gee*nda*,gi-gee*nda*,bi-gee*nda*,,,,,,3,1,Bigueèndà' mixtú'.,Se hizo salvaje el gato.,,
gidxa,riguìdxa,-gi*dxa,EJG;RLC,vA:i vers,A,NO,1070,"To become disabled. This includes a reference to cognitive disability (in which case this lexeme could be offensive). By extension, this lexeme can refer to an inability to be reasonable, including being pretentious.","Quedarse discapacitado. Esto incluye discapacidad cognitiva (en cuyo caso pudiera ser despectivo). Por extensión, este lexema puede referirse a la incapacidad de ejercer bien su juicio, como al hacerse presumido o prepotente.",change of state,,,ri-gi*dxa,gi^-gi*dxa,bi-gi*dxa,,,,,,3,3,Biguìdxa.,Se puso loquito.,Riguìdxacabè raquè.,Allá (en Estados Unidos) se hacen presumidas (las personas).
gidxi,riguidxì,-gidxi*,JLC;ND;RGL,vA:i vers,A,NO,1071,"To harden, to stiffen.","Endurecerse, ponerse duro, entiesarse.",change of state,,,ri-gidxi*,gi-gi*dxi* (I),bi-gidxi*,,,,,,3,2,(Gu)iguìdxì.,Que se comprima.,Riguidxì ndaani' Fàna quí randà rixuuna'.,Se le puso dura su panza a Juana porque no puede hacer popo.
gii,riguiì,-gii*,EJG;VP,vA:i,A,NO,1072,"To toast, to crisp.","Tostarse, dorarse.",processes,,,ri-gii*,gi-gii*,bi-gii*,,,za-gii*,,,4,1,Zaà (gu)iguiì guèta.,Que se tueste la tortilla.,,
giidi,riguiidi',-giidi,EJG;JLC;RGL;VP,vA:i,A,NO,1073,"To stick to, to adhere to, to join.","Pegarse, adherirse, unirse, ligarse.",change of state,,,ri-giidi,gi-gi!idi (I),bi-giidi,,,,,,3,3,Biguiidi'.,Se pegó.,Biguiidi' ca xquetá'.,Se pegaron mis tortillas.
gixeta7,riguixheta',-gixe=ta7,EJG;ND;RLC,vD(k>t):t,D,NO,1074,To leave something lying around.,Dejar botado o tirado.,actions,,,ri-g.ixe=ta7,k.ixe!7=ta7,gu-d.ixe=ta7,,,,,,3,1,Riguixheta' Fán buèltu.,Juan deja su dinero donde quiera.,,
gola,rigòla,-go*la,EJG;JLC;ND,vA:i vers,A,NO,1075,"To age, to become old.",Envejecer.,change of state,,,ri-go*la,gi-go*la (I),bi-go*la,,,,,,3,1,Guigòla.,Que envejezca.,,
guchi,riguchi,-guchi,EJG;JLC;RLC;VP,vA:i vers,A,NO,1076,To turn yellow.,Ponerse amarillo.,wellness,,EJG;JLC;ND;RLC,ri-guchi,gi-gu!chi,bi-guchi,ka-gu!chi,,,,,4,1,Naguchi nuùbè.,Está amarillo (de enfermedad).,,
guude,riguudè',-guude*,EJG;JLC;ND;RLC;VP,vA:i,A,NO,1077,"To bend, to fold, to buckle due to lack of strength.","Doblarse, flexionarse, vencerse por falta de fuerza.",change of state,,,ri-guude*,gi-guu*de* (I),bi-guude*,ka-guu*de*,,za-guude*,,,5,1,Biguudè.,Agáchate.,,
guudxi,riguudxì',-guudxi*,ND;RGL;VP,vA:i vers,A,NO,1078,To soften (i.e. to become soft).,Ablandarse.,change of state,,,ri-guudxi*,gi-guu*dxi*,bi-guudxi*,,,,,,3,1,"Òra carée guetacà, nachongani ra má' napàni ràtu de nuùni lá, riguudxì'ni.","Cuando sale la tortilla, está dura. Cuando ya tiene un rato de estar ahí, ya se ablanda.",,
guundu,riguundu',-guundu,EJG;JLC;ND;RLC;VP,vA:i,A,NO,1079,To wither.,Marchitarse.,plants,,,ri-guundu,gu-gu!undu (),bi-guundu,,,,,,3,3,Biguundu' guie'.,Se marchitó la flor.,Nabé naguundu' cayuuya' lii.,Te estoy viendo muy desganado.
gwi,rigüi,-gwi,JLC;RLC,vA:i vers,A,NO,1080,"To ripen, ex. a fruit so that it may be eaten.","Madurarse, ej. una fruta para que se pueda comer.",change of state,,,ri-gwi,gi-gwi! (),bi-gwi,,,,,,3,2,Bisaanà' (gu)igüíni.,Déja que se madure en el árbol (ej. una fruta).,Má güi lase.,Ya maduró.
i7,rì',-i*7,EJG;VC,vC:i,C,NO,1081,<Translation pending.>,"Amontonarse, aglomerarse.",change of state,,,r.i*7,kw.i*7,gu-r.i*7,,,,,,3,1,Zaà cuì'sìsì binnì.,Deja que se amontone la gente.,,
kiinye,riquiiñe',-k.iinye,EJG;JLC;ND;RGL;VP,vA:a,A,NO,1082,"To be used, to be in use, to be useful. To use.","Ocuparse, usarse, servir. Ocuparlo, usarlo.",actions,,,ri-k.iinye,gi-k.i!inye (),bi-k.iinye,ka-k.i!inye,,,,,4,6,"Ngàni riquiiñe'be, para rinesanèsìbe ngà.",Eso lo ocupa nomás para orinarse.,Quí (gu)quíiñe' guiiba'dí'.,Esta herramienta no sirve.
ka-2,rica,-ka,EJG;JLC;ND;VP,vBirr:i,B,YES,1083,"To stick, to adhere, to be affixed to a surface. By analogy, this can be used to describe that a plant is thriving, and that something is written down.","Pegarse, adherirse, fijarse en alguna superficie. Por analogía, se usa para decir que una planta es fructífera, y también que algo se escribe o se plasma gráficamente sobre una superficie.",change of state,,,ri-ka,gi-ka!,gu-kwa,ka-ka!,,za-ka,,,5,6,Derú' cacádoo ba'du' ndaani' jñaà.,Apenas se está amarrando en el vientre / adentro de la madre.,"Guendananna qué ricadi' sica guendahuara, riziidi' miati'ni.","El saber no se contagia como la enfermedad, se aprende."
kabe,rica be,-ka # be,EJG;JLC;RLC;VC,vBirr:i,B,YES,1084,To become moldy.,Enmohecerse.,change of state,,,ri-ka=be,gi-ka!=be,gu-kwa=be,,,za-ka=be,,,4,3,"Cacá te, cacá banduì'.","Se le está haciendo moho, se está haciendo baboso.",Gucua be xhaba Fán nadxe' nuù.,Se enmoheció la ropa de Juan por estar mojada.
kabi,rica  bi,-ka # bi,EJG;JLC;RGL;RLC;VP,vBirr:i,B,YES,1085,To become cracked.,"Cuartearse, rajarse, agrietarse.",change of state,,,ri-ka # bi,gi-ka! # bi,gu-kwa # bi,,,za-ka # bi,,,4,2,Gucuabi guidxilayu.,Se cuarteó la tierra.,(G)ucuanibi.,Se rajó (la taza).
kabixiidi,rica bixhiidi',-ka # bi-xiidi,EJG;ND;RGL,vBirr:i,B,YES,1086,"To become coiled, to become entangled.","Enredarse, enmarañarse.",change of state,,RLC,ri-ka # bi-xiidi,gi-ka! # bi-xiidi (),gu-kwa # bi-xiidi,,,,,,3,3,Gucua bixhiidi' ique Gàbi uyébe atrá de camionèta.,Se le enredó el pelo a Gaby por que se fue atrás en la camioneta.,Gucua (gu)icha ique Gàbi bixhiidi'.,Se le enredó el pelo a Gaby.
kabi7xu,rica bi'xhu',-ka # bi7xu,EJG;RLC,vBirr:i,B,YES,1087,"For a plant, flower or fruit to atrophy in such a way as to present a grainy or bumpy texture.","Atrofiarse una planta, flor o fruto desarrollando una apariencia granulosa.",plants,,,ri-ka # bi7xu,gi-ka! # bi7xu,gu-kwa # bi7xu,,,,,,3,1,(G)ucua bi'xhu' xandié.,Se le hicieron granos a la sandía.,,
kala7dxido7,rica la'dxi'do',-ka # la7dxi=do7,EJG;JLC;VP,vBirr:i,B,YES,1088,For one to develop indigestion or a stomach upset from eating too much.,Empacharse.,wellness,,EJG;JLC;ND;RGL;VC,ri-ka # la7dxi=do7,gi-ka! # la7dxi=do7,gu-kwa # la7dxi=do7,,,,,,3,6,Gucuala'dxido' Fán.,Se empachó Juan.,Gucua nànchi ladxido' Fán.,Se empachó Juan con nanchi.
kalugiiba,rica lu guiiba',-ka # lu giiba,JLC;RLC,vBirr:i,B,YES,1089,To announce on the loudspeaker.,Anunciar por altavoz.,communication,,,ri-ka lu giiba,gi-ka! # lu giiba,gu-kwa # lu giiba,,,,,,3,2,Rica lu guiiba' de què nuù jùnta.,Anuncian en el altavoz que hay junta.,Ricani lu guiiba'.,Lo anuncian en el altavoz.
kanezaike,rica neza ique,-ka # neza ike,RLC,vBirr:i,B,YES,1090,This verb phrase describes the feeling of the contents of the stomach fluids rushing up.,Esta frase verbal describe la sensación de que el contenido del estómago se sube repentinamente.,wellness,,,ri-ka # neza ike,gi-ka! # neza ike,gu-kwa# neza ike,,,,,,3,2,Gucua(ni) neza ique.,Se le subió por la cabeza (algo que había tragado).,Rica (gu)endaró nezaique (Fán).,Se le sube la comida (a Juan).
kapuntal,rica puntál,-ka # pu-nta!l,RGL;RLC,vBirr:i,B,YES,1091,To set up a support post to hang things from.,Instalar una horqueta para colgar algo.,construction,puntal,,ri-ka punta!l,gi-ka! punta!l,,,,,,,2,2,Cacá puntal.,Se está instalando un puntal.,Cucáa Fàna puntál lari.,Juana pone el puntal para (el mecato donde se cuelga) la ropa.
karidxi,rica ridxi,-ka # r.idxi,JLC;RLC,vBirr:i,B,YES,1092,"To be announced, to be called.","Anunciarse, llamársele.",communication,,,ri-ka # r.idxi,gi-ka! # r.idxi,gu-kwa # r.idxi,,,,,,3,5,Biná' cacálu' ridxi.,Oí que te estaban llamando.,"Rica ba'du'cà ridxi, qué riene.","Se le llama la atención al niño, no entiende."
kaxtwi,rica xtui,-ka # x.twi,RLC,vBirr:i,B,YES,1093,"This expression describes mastitis. It is considered an ailment associated with heat that is not contagious. It occurs when a woman who has recently given birth is denied something, is scolded or is shunned. When this happens, the flow of milk is interrupted, the breast becomes hardened and painful, and the woman can develop a fever. It is considered preferable to consult with a healer who can massage the woman, put her affected breast in a particular type of gourd, and speak to her so that she can process her feelings. This is done three days in a row. It is considered that even when the ailment resolves, it is possible that the milk flow will not come back and even for a future child, the milk might become salty. If only one breast is used for nursing, then the breasts may become uneven. It is also possible to see a medical doctor to extract the milk with a breast pump and bandage the breast.","Se usa esta expresión para describir la mastitis como vergüenza de mujer recién parida. Se describe como un padecimiento que se considera caliente y no contagioso y que ocurre cuando a la mujer recién parida se le niega algo, se le regaña o se le desprecia. Cuando ocurre, se interrumpe el flujo de la leche, la teta se endurece y duele mucho, y puede dar fiebre. Para su cura, se considera que lo mejor es ir con una curandera que soba a la mujer, le ponga la teta en una jícara de pichancha, y le hable para sacar la vergüenza. Esto se hace tres días seguidos. Aunque se resuelva, se considera que la leche podría no volver a fluir e incluso con un futuro parto la leche podría quedar salada. Entonces solo se mama de una teta y las tetas pueden quedar disparejas. También se considera que se puede ir al médico para sacar la leche podrida con un sacaleche y vendar la teta.",wellness,,,ri-ka # x.twi,gi-ka! # x.twi,gu-kwa # x.twi,,,,,,3,1,Gucábe xtui.,Le dio vergüenza (de mujer recién parida).,,
kayuubayaa,rica yuuba' yaa,-ka # yuuba yaa,RLC,vBirr:i,B,YES,1094,To cramp up.,Acalambrarse.,wellness,,,ri-ka # yuuba yaa,gi-ka! # yuuba yaa,gu-kwa # yuuba yaa,,,,,,3,1,Ricabe yuuba' yaa.,Tiene calambres.,,
kabelu,ricabe lu,-ka be # lu,RLC,vBirr:i,B,YES,1095,To develop eye cataracts.,Desarrollar cataratas en los ojos.,wellness,,,,gi-ka! be # lu,gu-kwa be # lu,,,,,,2,2,(G)ucua be lu Fán.,Juan tiene cataratas en los ojos.,(G)ucua be ndaani' lu Fán.,Juan tiene cataratas en el ojo.
karayu,rica ràyu,-ka ra*yu,JLC,vBirr:i,B,YES,1096,For lightning to strike.,Relampaguear.,phenomena,rayo,,ri-ka rra*yu,gi-ka! rra*yu,gu-kwa rra*yu,,,,,,3,1,Cacá ràyu.,Está relampagueando.,,
kazhibeewu,rica xì beeù',-ka zhi* beewu*,EJG;RLC,vBirr:i,B,YES,1097,"To celebrate at the start of the month with fireworks at church. In particular, this refers to the months of June in honor of Saint John, of July in honor of Santiago, and of August in honor of the Assumption of Mary.","Celebrar el inicio del mes lanzando cohetes en la iglesia. Esto se dice sobre todo de los meses de junio en honor a San Juan, de julio en honor a Santiago, y de agosto para celebrar la Asunción de la Virgen María.",cultural practices,,,ri-ka zhi* beewu*,gi-ka! zhi* beewu*,gu-kwa zhi* beewu*,ka-ka! zhi* beewu*,,,,,4,1,"Ca xaique saa cà, mà' cacá xì beeù' runi cabe saa.",Los mayordomos ya saben qué mes hacen las fiestas.,,
kazhuba7,rica xubá',-ka zhuba!7,JLC,vBirr:i,B,YES,1098,"For corn kernels to be overcooked, which gives the corn a burnt taste and smell and makes it stick to the pot.",Cocerse demasiado el maíz lo cual le da un olor y sabor a quemado y hace que se pegue a la olla.,food,,EJG;RLC,ri-ka zhuba!7,gi-ka! zhuba!7,gu-kwa zhuba!7,,,,,,3,3,Gucua xubá'dí'.,Se quemó este maíz.,Gucua xubá' xa'na' guisu.,Se pegó el maíz en la olla.
kabyeke,ricabieque,-ka=b.y.eke,EJG;JLC;VP,vBirr:i,B,YES,1099,"To turn, to twist.","Voltearse, torcerse.",actions,,,ri-ka=b.y.eke,gi-ka!=b.y.eke,gu-kwa=b.y.eke,,,,,,3,6,Bicabieque Pèdru nà' Fán.,Pedro le torció la mano a Juan.,(G)ucua bieque ba'du' ri'ni'.,Se dio la vuelta el bebé.
kabakaanda,ricabacaanda',-ka=ba-kaanda,JLC,vBirr:i,B,YES,1100,To fall asleep.,Agarrarle el sueño.,actions,,,,gi-ka!=ba-kaanda,gu-kwa=ba-kaanda,,,,,,2,3,Gucuabacaanda' laa.,Le agarró el sueño.,Ricabacaanda' mòso.,Le da sueño al mozo.
kagi,ricagui,-ka=gi,EJG;JLC;RGL;RLC;VP,vBirr:i,B,YES,1101,"To be lit on fire, to burn.","Quemarse, arder, encenderse (una flama).",change of state,,EJG;RLC,ri-ka gi,gi-ka! gi,gu-kwa gi,,,,,,3,5,Cacágui.,Se está incendiando.,Cacáguibe de xindxá'.,Está ardiendo de calentura.
kagye7,ricaguie',-ka=gye7,EJG;VP,vBirr:i,B,YES,1102,To bloom.,Florecer.,plants,,,ri-ka=gye7,gi-ka!=gye7,gu-kwa=gye7,,,,,,3,4,Cà guie' lu yaga.,Floreció el árbol.,(Gu)irà' iza ricà guie' lu yaga.,Cada año florea el árbol.
kaike,ricaique,-ka=ike,EJG;JLC,vBirr:i,B,YES,1103,For a thought or concept to be etched on one's mind.,Pegarse o grabarse algo en la cabeza.,cognition,,,ri-ka=ike,gi-ka!=ike,gu-kwa=ike,,,,,,3,4,Rica ique cuaná'.,Piensa en robar.,Ricaique Pèdru Fàna.,Pedro piensa en Juana.
kalu,ricalu,-ka=lu,EJG;JLC;VP,vBirr:i,B,YES,1104,"To expect something from someone, or to depend on someone.",Poner expectativas en alguien o depender de alguien.,states,,,ri-ka=lu,gi-ka!=lu,gu-kwa=lu,,,za-ka=lu,,,4,2,Gucualu Fán Pèdru ñùni xhiiña'.,Quiere Juan que Pedro le haga su trabajo.,Ricalu Fán gùni Pèdru xhiiña'.,Desea Juan que Pedro haga su trabajo (de Juan).
kana7,ricanà',-ka=na*7,EJG;JLC;RLC;VC;VP,vBirr:i,B,YES,1105,"To be set aside. By extension, to be shunned, to be rejected.","Ser apartado a un lado. Por extensión, ser rechazado.",states,,,ri-ka=na*7,gi-ka!=na*7,gu-kwa=na*7,,,za-ka=na*7,,,4,2,Qué nicánà'dí'ni.,No lo apartó ella.,Ricanà' ba'du' nè Fán.,Desprecian al ninó que trae Juan.
kanu,ricanù,-ka=nu*,EJG;JLC,vBirr:t,B,YES,1106,"To cling to another, ex. a person or an animal clinging to another.","Juntarse o pegarse a otro, ej. una persona a otra o un animal a otro.",actions,,,ri-ka=nu*,gi-ka!=nu*,gu-kwa=nu*,,,,,,3,3,Gucuanù Fán Fàna.,Juan se halló con Juana.,Nabé ricanu xcuidicà lii.,Con mucha frecuencia ese niño está cerca de ti.
kayu,ricayu,-ka=yu,JLC;RLC,vBirr:i,B,YES,1107,To form mounds of soil at the foot of corn plants as a means to provide them with support,Crear montículos de tierra al pie de las plantas de maíz para darles sostén,cultivation,,,ri-ka=yu,gi-ka!=yu,gu-kwa=yu,,,,,,3,2,Ricayu ñee guelacà.,Calza la milpa.,Ricayuni.,Le echa tierra a la milpa (para que esté bien derecha).
kaa,ricaà,-kaa*,EJG;JLC;ND;RGL;RLC;VP,vBirr:t,B,YES,1108,"To grab, to take, to get, to obtain, to receive, to contract (ex. an illness).","Agarrar, coger, tomar, obtener, recibir, contraer (ej. una enfermedad).",actions,,,ri-kaa*,gi-kaa*,gu-kwaa*,ka-kaa*,,za-kaa*,,re+ kaa*,6,6,Chícaá' ca' xtinné'.,Voy a traer mis cosas.,Gucuaà Àli ni jmá sicarù.,Ali buscó lo mejor.
kaanaaze,ricaà rinaaze',-kaa* # -n.aaze,EJG;VC,"vBirr, lf",B,YES,1109,To support.,"Sostener, mantener.",actions,,,ri-kaa* ri-n.aaze,,,ka-kaa* ka-n.aa*ze*,,,,,2,0,,,,
kaadyuzhi,ricaà Dyú'xi,-kaa* # Dyu!zhi,JLC;RLC,vBirr:t,B,YES,1110,To receive or be given a greeting.,Recibir saludos.,actions,Dios,,,,,,,,,,0,4,(G)ucuaà' Diúxi xtì'.,Recibí sus saludos.,Gucuaà Fán diúxi.,Juan recibe el saludo.
kaabi,ricaà bi,-kaa* # bi,EJG;JLC;RGL;RLC;VP,vBirr:t,B,YES,1111,"To breathe, to inhale.","Respirar, tomar aire, inhalar.",actions,,,ri-kaa* # bi,gi-kaa* # bi,gu-kwaa* # bi,ka-kaa* # bi,,za-kaa* # bi,,,5,3,Gucuaà Fán bi.,Juan respira.,Quí cacaà Fán bi.,Juan está respirando (lit. agarrando aire).
kaajnizhe,ricaà xnìxè,-kaa* # j.ni*zhe*,JLC;RLC,vBirr:t,B,YES,1112,To taste food as it is being prepared to check that it has the intended flavor.,Probar la comida que se está preparando para ver si tiene buen sabor.,actions,,,ri-kaa* j.ni*zhe*,gi-kaa*  # j.ni*zhe*,gu-kwaa* # j.ni*zhe*,,,,,,3,1,Gucuaà Fán xnìxè guenda ro.,Probo Juan la comida.,,
kaanezaike,ricaà neza ique,-kaa* # neza ike,VC,vBirr,B,YES,1113,This verb phrase describes the feeling of stomach fluids rushing up into the head. This is considered to be a life threatening ailment.,Esta frase verbal describe la sensación de los líquidos del estómago subiéndose repentinamente a la cabeza. Este padecimiento se considera que puede causar la muerte.,wellness,,,ri-kaa*,gi-kaa*,gu-kwaa*,ka-kaa*,,za-kaa*,,re+ kaa*,6,1,Qué nicaàdí' nezaiquebe.,No se le subió (la saliva) a la cabeza.,,
kaasaa,ricaà saa,-kaa* # saa,EJG;JLC;RLC;VP,vBirr,B,YES,1114,"To engage in a reciprocal relationship. This includes the relationship between a child, their parent(s) and godparent(s); between a couple and their marriage sponsors; social gatherings and festivities; as well as fights.","Entrar en relación recíproca. Esto incluye las relaciones de padrinazgo, las reuniones sociales y las fiestas, así como las peleas.",actions,,,ri-ka* # saa; ~ ri-kaa* # saa,gi-kaa* # saa,gu-kwaa* # saa,,,za-kaa* # saa,,,4,4,Ricaà saa.,Se hacen compadres.,Ricaàsaaca'.,Se pelean.
kaaxtiidxa,ricaà xtiidxa',-kaa* # x.tiidxa,EJG,vBirr:t,B,YES,1115,To take in someone's words in the sense of acquiescing or letting oneself be convinced.,Aceptar las palabras de alguien a manera de acceder o dejarse convencer.,actions,,,ri-kaa* # x.tiidxa,gi-kaa* # x.tiidxa,gu-kwaa* # x.tiidxa,,,,,,3,1,(G)ucuaa Lèti xtiidxa' Pedru.,Hizo caso Leti a las palabras de Pedro (que la estaba convenciendo).,,
kaaxxeela,ricaà xheela',-kaa* # x.xeela,EJG;RLC,vBirr:t,B,YES,1116,To seek out a partner or spouse when attempting to reconcile after a quarrel.,Ir a traer a la pareja a manera de reconciliación después de una riña.,actions,,,,gi-kaa* # x.xeela,gu-kwaa* # x.xeela,,,,,,2,1,"Ucuaà saa nèbe xheela'be, yanna mà' uye xheela'be yé caà laabe.","El esposo y la esposa se pelearon, y ahora ya fue el esposo a traerla.",,
kaazhibeewu,ricaà xi beeù',-kaa* zhi beewu*,ND;VC,"vBirr, lf",B,YES,1117,"To celebrate at the start of the month with fireworks at church. In particular, this refers to the months of June in honor of Saint John, of July in honor of Santiago, and of August in honor of the Assumption of Mary.","Celebrar el inicio del mes lanzando cohetes en la iglesia. Esto se dice sobre todo de los meses de junio en honor a San Juan, de julio en honor a Santiago, y de agosto para celebrar la Asunción de la Virgen María.",cultural practices,,,,,,,,,,,0,0,,,,
kaala7dxi,ricaàla'dxi',-kaa*=la7dxi,EJG;JLC;ND;RLC;VP,vBirr:i,B,YES,1118,To sigh or to inhale somewhat uncontrollably as a result of having cried too much.,"Suspirar, inhalar un tanto de manera incontrolada después de llorar mucho.",actions,,EJG;RLC,ri-kaa*=la7dxi,gi-kaa*=la7dxi,gu-kwaa*=la7dxi,ka-kaa*=la7dxi,,,,,4,5,Gucuaàla'dxi' Fán.,Suspiró Juan.,Quí ricaàla'dxi'.,No suspira.
kaala7dxido7,ricaàla'dxi'do',-kaa*=la7dxi=do7,RLC,vBirr:t,B,YES,1119,To have indigestion or a stomach upset from eating too much.,Empacharse.,wellness,,,,,,,,,,,0,1,(G)ucua la'dxi'do'be niidxì' xtì' xñaabe.,Se empachó con la leche de la mamá.,,
kaaxku,ricaàxcu,-kaa*=x.ku,JLC;RLC,vBirr:i,B,YES,1120,To take root.,"Echar raíces, arraigarse.",cultivation,,,ri-kaa*=x.ku,gi-kaa*=x.ku,gu-kwaa*=x.ku,,,,,,3,4,Gucuaàxcu Fán.,Se acostumbró Juan.,Gucuaàxcuni.,"Sacó raíz (la planta, donde la pusieron)."
kaayu,ricaàyu,-kaa*=yu,EJG;JLC;RLC;VP,vBirr,B,YES,1121,To try hard.,Hacer la lucha.,actions,,,ri-kaa*=yu,gi-kaa*=yu,gu-kwaa*=yu,,,za-kaa*=yu,,,4,5,(G)ucuaàyunèbe jñaabe.,Trató de convencer a su mamá (pero no pudo).,Ricaàyú Fán de ca xhiùzè ni biniti.,Juan hace la lucha (por encontrar) sus reses que se perdieron.
kabi-2,ricabì,-kabi*,EJG;ND;RGL;RLC;VP,vA:t,A,NO,1122,To answer.,"Contestar, responder.",communication,,,ri-kabi*,gi-ka*bi*,bi-kabi*,,,za-kabi*,,,4,2,Cucábiruaa.,Contestó feo.,"(G)unié'niá' Javier, quí ricabì.",Le hablé a Javier pero no contestó.
kabirwaa,ricabìruaa,-kabi*=rwaa,EJG;RLC,vA:t,A,NO,1123,"To answer back, to respond in a rude or insolent manner.","Contestar feo, contestar groseramente.",communication,,,ri-kabi*=rwaa,gi-ka*bi*=rwaa,bi-kabi*=rwaa,ka-ka!bi*=rwaa,,,,,4,1,"Bicabì ruaabe jñaabe, bidii cabe ti bata ra xa'na'be.",Contestó feo el niño y le dieron una nalgada.,,
kawi,ricahuì,-kawi*,EJG;JLC;ND;VP,vA:i vers,A,NO,1124,"To get dark, to darken.","Ponerse oscuro, oscurecer.",phenomena,,EJG;JLC;RLC,ri-kawi*,gi-ka*wi* (I),bi-kawi*,,,,,,3,3,Bicahuì.,Se oscureció.,(Gu)eelacahuì.,Una noche oscura.
kawidyaga,ricahuì diaga,-kawi* dyaga,EJG,vA:i vers,A,NO,1125,To become somewhat hard of hearing (lit. for the ear to darken).,Ponerse un poco sordo (lit. oscurecerse el oído).,wellness,,,ri-kawi* dyaga,gi-ka*wi* dyaga,bi-kawi* dyaga,,,,,,3,1,Bicahuì diagá' Fán.,No oye bien Juan.,,
kichi,riquichi,-kichi,EJG;JLC;VP,vA:i,A,NO,1126,"To whiten, to become white.","Blanquearse, emblanquecerse, hacerse blanco.",change of state,,,ri-kichi,gi-ki!chi,bi-kichi,,,,,,3,1,"Pà cú' Fàna klòro lari lá, zaquichi be.","Si le pone Juana cloro a la ropa, se va a poner bien blanca.",,
kiite,riquiitè',-kiite*,EJG,vA:i,A,NO,1127,"To be happy, to rejoice.","Alegrarse, regocijarse.",emotion,,,ri-kiite*,gi-kii*te*,bi-kiite*,,,,,,3,0,,,,
kiitela7dxi,riquiitè'la'dxi',-kiite*=la7dxi,EJG;JLC;VP,vA:i,A,NO,1128,"To be happy, to rejoice.","Alegrarse, regocijarse.",emotion,,EJG;RLC,ri-kiite*=la7dxi,gi-kii*te*=la7dxi,bi-kiite*=la7dxi,ka-kii*te*=la7dxi,,,,,4,4,Biquiitè'la'dxi' Fán.,Le gustó a Juan.,Caquiìté' ladxé'.,Me regocijo.
kooko,ricooco,-kooko,JLC,vA:i vers,A,NO,1129,For a hen to become broody.,Ponerse culeca la gallina.,animals,,,ri-kooko,gi-ko!oko,bi-kooko,,,,,,3,0,,,,
kuuxu,ricuuxhu',-kuuxu,EJG;JLC;ND;VP,vA:i vers,A,NO,1130,"To wrinkle up, to contract.","Arrugarse, contraerse.",change of state,,,ri-kuuxu; ~ ri-kuuxu*,gi-ku!uxu; ~ gi-ku!uxu* (I),bi-kuuxu; ~ bi-kuuxu*,,,,,,3,1,Bicuuxhu'.,Se arrugó (ej.: la piel).,,
kwaatadyaga,ricuaata' diaga,-kwaata # dyaga,EJG;JLC;ND;RLC;VP,vA:i vers,A,NO,1131,To become deaf.,Ensordecerse.,change of state,,,ri-kwaata # dyaga,gi-kwa!ata # dyaga,bi-kwaata # dyaga,,,,,,3,5,Cádi cacuáatadí' diaga Fán.,No se está quedando sordo Juan.,Diagacuaata'.,Sordo.
kwanda,ricuandà,-kwanda*,EJG;RGL;VP,vA:i vers,A,NO,1132,"To become bent, to lose its original shape.","Enchuecarse, perder su forma original.",change of state,,EJG;VC,ri-kwanda*,gi-kwa*nda*,bi-kwanda*,,,,,,3,1,Pà bisaànú'ni gaxha de gui zacuandàni.,Si dejas el plato (de plástico) en la lumbre se enchueca.,,
kwexke,ricuexhquè,-kwexke*,EJG;JLC,vA:i vers,A,NO,1133,"To waste away to the point of bending out of shape, whether as a result of heat exposure or physical strain.","Desgastarse al grado de enchuecarse, ya sea por calor o por desgaste físico.",change of state,,,ri-kwexke*,gi-kwe*xke*,bi-kwexke*,,,,,,3,1,Bicuexquè bi'cu' nagola.,La perra quedó chueca de flaca (ej. por amamantar a sus cachorros).,,
laa,rilaà,-l.aa*,EJG;JLC;ND;RLC;VP,vB:i,B,NO,1134,"For something to break, crack, split, sectioned, divide, referring to objects that are hard.","Romperse, quebrarse, partirse, cuartearse, seccionarse, dividirse, dicho de objetos duros.",change of state,,EJG;JLC,ri-l.aa*,gi-l.aa* (I),gu-l.aa*,ka-l.aa*,,za-l.aa*,,,5,6,Calaà guisu ra caxídxi mediuxiga.,Se están rompiendo las ollas donde tocan el Mediuxiga (i.e. en la boda).,Calaà guitu gó yùzè.,Se está partiendo la calabaza para que coma el ganado.
laawa,rilaahuà',-l.aawa*,EJG;RGL;VP,vA:i,A,NO,1135,"To become flooded, to become waterlogged.","Inundarse, anegarse.",change of state,,,ri-laawa*,gi-laa*wa*,bi-laawa*,,,,,,3,1,Bilaahuà' lidxé'.,Se inundó mi casa.,,
ladi7,riladí',-l.adi!7,EJG;JLC;VP,vA~B:i,A~B,NO,1136,To become detached.,"Despegarse, desprenderse.",change of state,,ND;VC,ri-l.adi!7,gi!-l.a!di!7 (I),gu-l.adi!7 ~ bi-l.adi!7,,,,,,3,1,Biladí'.,Se despegó.,,
lase,rilase,-l.ase,EJG;JLC;RLC;VP,vA:i,A,NO,1137,"To slim down, to become thin.",Adelgazarse.,change of state,,,ri-l.ase,gi-l.a!se,bi-l.ase,,,,,,3,1,Biaanà' nalasé' gupà xiiñi'.,Se quedó flaca después de que nació su hija.,,
lasela7dxi,rilase la'dxi',-l.ase # la7dxi,EJG;JLC;VC;VP,vA:i,A,NO,1138,"To feel compassion for, to feel pity.","Compadecer, tener compasión, sentir lástima.",emotion,,EJG;JLC;RGL;RLC,ri-l.ase # la7dxi,,,,,,,,1,2,Quí rilasedí' la'dxi' Ròsa Fán.,Rosa no le tiene lástima a Juan.,Quí rilasela'dxi'dí' Ròsa Fán.,No le tiene lástima Rosa a Juan.
liibi,riliibì',-l.iibi*,EJG;JLC;ND;RGL;RLC;VP,vA:i,A,NO,1139,"To tie oneself, to become entangled. By extension, to become engaged to fulfill an obligation.","Amarrarse, atarse, enredarse. Por extensión, comprometerse.",change of state,,,ri-liibi*,gi-lii*bi* (I),bi-liibi*,,,za-liibi*,,,4,5,Caliìbì'(be).,(Se) está comprometiendo.,Caliibi' bixhoze Xunaxi ti chesi' xhcuiidibo'co'be.,Se está amarrando (comprometiendo) el papá de Zhunaxhi para que él compre los zapatos de los niños.
luunye,riluuñè',-l.uunye*,EJG;ND,vA:i,A,NO,1140,"To be tied, to be roped, to be lassoed.","Lazarse, ser enlazado, amarrarse, ser amarrado.",change of state,,,ri-luunye*,gi-luu*nye*,gu-luunye*,,,,,,3,1,Iluùñè' doo para gúni nè cabe luuna'.,Hay que amarrar para que hagan cama de penca.,,
luuza,riluuzà',-l.uuza*,EJG;JLC;ND;RLC;VP,vA:i,A,NO,1141,"To break. It can be used in relation to piñatas, bones, tree branches, sticks and wood in general, but not with clay, glass or cloth objects.","Quebrarse, troncharse, romperse, partirse. Se puede usar en relación con piñatas, huesos, ramas de árbol, palos y madera en general, pero no con objetos de barro, vidrio o tela.",change of state,,,ri-l.uuza*,gi-l.uu*za* (I),bi-l.uuza*,,,za-l.uuza*,,,4,5,Biluuzà'.,Se partió.,Biluuzà' dxitanà'.,Se rompió el brazo.
la,rila,-la,EJG;JLC;ND;VP,vA:i,A,NO,1142,To save oneself.,"Salvarse, librarse.",actions,,,ri-la,gi-la!,bi-la,ka-la!,,za-la,,,5,6,Bilabe.,Se salvó.,Bilalu'.,Te salvaste.
la-2,rilà,-la*,EJG;JLC;ND;VP,vB:t vers,B,NO,1143,To throw oneself towards someone or something.,"Aventarse, lanzarse, tirarse.",actions,,,ri-la*,gi-la*,gu-la*,ka-la*,,za-la*,,,5,5,Bi'cu'cà rila luguia' binnì.,Ese perro se lanza sobre la gente.,Xudxicà calá binnì.,Ese borracho está atropellando a la gente.
labi,rilàbi,-la* bi,EJG;RLC,vB:i vers,B,NO,1144,"To pick up air, to be affected by an air current that is considered spiritually negative.","Agarrar aire, agarrar un mal aire.",spirituality,,,ri-la* bi,gi-la* bi,gu-la* bi,ka-la* bi,,,,,4,4,Calà bi xtì' ventilador.,Está soplando el ventilador.,"(G)ulà mál bi bidxaà, bixubi ruaa Fán.",Pegó el aire del nahual y se enchuecó su boca de Juan.
lagu,rilà gu,-la* gu,,vB:t vers,B,NO,1145,To freeload.,Gorronear.,actions,,,,,,,,,,,0,0,,,,
lasaa,rilàsaa,-la*=saa,EJG;RLC,vB:t,B,NO,1146,"To bump against each other, for people to throw themselves against each other in a playful manner.",Aventarse los unos contra los otros a manera de juego.,actions,,,ri-la*=saa,gi-la*=saa,gu-la*=saa,,,,,,3,2,Rilàsaaca laaca.,"Se están empujando entre ellos (de juego, no de pelea).",Rilàsaa Fán nè Pèdru.,Se empujan Juan y Pedro.
lazhoo,rilàxoo,-la*=zhoo,EJG;JLC;RGL;RLC,vB:t,B,NO,1147,To rape.,Violar.,actions,,EJG;JLC;ND;RLC,ri-la*=zho^o,gi-la!=zho^o,gu-la*=zho^o,,,,,,3,0,,,,
la7sa,rila'sa',-la7sa,EJG;RLC,vA:i vers,A,NO,1148,To become flexible but tough.,"Hacerse flexible pero duro, ponerse correoso.",change of state,,,ri-la7sa,gi-la!7sa,bi-la7sa,,,,,,3,2,(Gu)ilá'sa'.,Que sea flexible (i.e. fácil de doblar).,Òra má bianda gueta dxaà rila'sa'.,"Cuando la tortilla suave se enfría, se hace chiclosa."
laa-2,rilaa,-laa,EJG;ND;RLC;VP,vA:i,A,NO,1149,"To become untied, to become loose.","Desatarse, desamarrarse, soltarse.",change of state,,EJG;JLC;RLC,ri-laa,gi-la!a,bi-laa,ka-la!a,,za-laa,,,5,5,Bilaa.,Se soltó.,Calaa ca' yùzè liibi' ndaani' xle' Àle.,Se está soltando al ganado que estaba atado en el corral de Ale.
laagendaxxeela,rilaà guendaxheela',-laa* # genda+ x.xeela,EJG,vB:i,B,NO,1150,For a marriage to break up.,Romperse un matrimonio.,change of state,,,ri-l.aa* genda+ x.xeela,gi-l.aa* genda+ x.xeela,gu-laa* ge^nda+ x.xeela,,,,,,3,3,Gulaà guendaxheela' Mariá nè José.,Se deshizo el matrimonio de María y José.,Gulaà xquendaxheela' Fán.,Se deshizo el matrimonio de Juan.
laaneza,rilaà neza,-laa* # neza,EJG,vB:i,B,NO,1151,For a road to split.,Bifurcarse el camino.,change of state,,,ri-laa* ne^za,,,,,,,,1,3,Quí rilaàdí' neza.,No se bifurca el camino.,Ra rilaà neza.,Donde se bifurca el camino.
laanezaike,rilaà neza ique,-laa* # neza ike,EJG;RLC,vB:i,B,NO,1152,For one's hair to be parted.,"Partirse el cabello, hacerse la raya del cabello.",actions,,,ri-laa* # neza ike,gi-l.aa* # neza ike,gu-l.aa* # neza ike,,,,,,3,1,Quí hualaàdí' neza ique.,No se ha hecho la raya del cabello.,,
laarwaa,rilaà ruaa,-laa* # rwaa,JLC;RLC,vB:i,B,NO,1153,For an edge to be dented or chipped.,Achatarse o mellarse una orilla.,change of state,,,ri-l.aa* # rwaa,gi-l.aa* # rwaa,gu-laa* # rwaa,,,,,,3,2,Quí nilaàdí' ruaa gudxíu.,No se rompió el cuchillo.,Rilaàruaa gudxíuquè.,Se dobló el cuchillo.
laayanni,rilaà yanni,-laa* # yanni,JLC;RLC,vB:i,B,NO,1154,For one's voice to become hoarse.,Ponerse ronco.,wellness,,EJG;JLC;RLC,ri-laa* # yanni,gi-laa* # yanni,gu-laa* # yanni,,,,,,3,2,"(G)ucahuara Fán, gupà idxaga, ulaà yanni.","Se enfermó Juan, tuvo gripa y se quedó ronco.",Quí nilaàdí' yanni Fán.,No se puso ronco Juan.
laasaa,rilaàsaa,-laa*=saa,RLC;VP,vB:i,B,NO,1155,"To separate, to split apart, referring to people who were initially together and then separated for whatever reason.","Separarse, apartarse, dicho de personas que inicialmente estaban juntas y después se separaron por cualquier razón.",change of state,,,ri-l.aa*=saa,gi-l.aa*=saa,gu-l.aa*=saa,,,,,,3,3,Guilaàsaaca.,Que se separen.,Quí nilaàsaadí'ca'.,No se separaron.
laaxkesa,rilaàxquesa,-laa*=x.kesa,RGL,vB:i,B,NO,1156,For a pregnant person's water (amniotic sac) to break prior to birth.,Romperse la fuente (saco amniótico) antes del parto.,wellness,,,ri-laa*=x.ke^sa,gi-laa*=x.ke^sa (I),gu-laa*=x.ke^sa,,,,,,3,1,Gulaà xque'sabe.,Se le rompió la fuente (a la persona embarazada).,,
laadxi,rilaadxi',-laadxi,JLC,vB:i,B,NO,1157,To become stuck.,Encajarse.,change of state,,,ri-laadxi,gi-la!adxi,gu-laadxi,,,,,,3,1,Bilaadxi' buèltu cue' ndaanu'.,Métete el dinero en la cintura.,,
ladxi,riladxì,-ladxi*,EJG;JLC;ND;RLC;VP,vB:t,B,NO,1158,"To chase away, to put away.","Ahuyentar, corretear, correr, retirar.",actions,,,ri-ladxi*,gi-la*dxi*,gu-ladxi*,ka-la*dxi*,,,,,4,6,(Gu)ilàdxì buèltu cue' ndaanu'.,Mete el dinero en la cintura.,(Gu)ilàdxì guie' icu'.,Que te pongas una flor en el cabello.
laga,rilaga,-laga,EJG;VP,vA:i,A,NO,1159,To broaden.,Ensancharse.,change of state,,,ri-laga,gi-la!ga,bi-laga,,,,,,3,2,Bilagani jmá.,Se hizo más ancho.,Bilaga xpidané'.,Se hizo más ancho mi huipil.
late,rilate,-late,EJG;JLC;ND;RLC;VC;VP,vA~B:i,A~B,NO,1160,For something to be emptied out of a container.,"Vaciarse, descargarse.",change of state,,,ri-late,gi-la!te,gu-late; ~ bi-late,,,,,,3,2,Reedà late.,Llega a tirarse (algo).,Zaà guiláte yuxi.,Deja que se vacíe la arena.
loka,rilòca,-lo*ka,RGL;RLC,vA:i vers,A,NO,1161,"To go or become crazy, specifically in reference to a woman.","Ponerse loca, dicho específicamente de una mujer.",behavior,loca,,,gi-lo*ka;  ri-lo*ka;  bi-lo*ka,,,,,,,1,1,Bilòca Mariá.,Se puso loca María.,,
loko,rilòco,-lo*ko,RLC,vA:i vers,A,NO,1162,"To go or become crazy, specifically in reference to a man.","Ponerse loco, dicho específicamente de un hombre.",behavior,loco,,,gi-lo*ko;  ri-lo*ko;  bi-lo*ko,,,,,,,1,1,Bilòco Fán.,Se puso loco Juan.,,
lollo,rilolò,-lollo*,VC,vA:i vers,A,NO,1163,To become fat (lit. to become round).,Engordar (lit. hacerse redondo).,change of state,,EJG;JLC;ND;RGL;RLC,ri-lollo*; ~ ri-llollo,gi*-lollo*; ~ gi-llo!llo,bi-lollo*; ~ bi-llollo,,,,,,3,0,,,,
lote,rilotè,-lote*,RLC,vA:i,A,NO,1164,"To become heavy or feel heavy, specifically in reference to how the tongue feels when swollen or due to oral anesthesia.","Hacerse o sentirse pesada, específicamente refiriéndose a la lengua cuando se hincha o por anestesia oral.",change of state,,EJG;RGL,ri-lote*,gi-lo*te* (I),bi-lote*,,,,,,3,3,Bilotè ludxìbe.,Se le puso pesada la lengua.,"Biquiichi' maní' xúbi laabe lá, bilotè ludxìbe.",El escorpión lo picó y (por eso) se le puso pesada su lengua.
lugu7,rilugú',-lugu!7,EJG,vA:i vers,A,NO,1165,"To go crazy, to become anxious, to become agitated.","Enloquecer, acelerarse, agitarse, alborotarse.",change of state,loco,,,gi-lu!gu!7;  ri-lugu!7,bi-lugu!7;  za-lugu!7,,,,,,2,2,Bilugú'nèbeni.,Se aloco con eso.,Zaà guilúgú'.,Deja que se aloque.
luuba,riluuba',-luuba,EJG;JLC;ND;RGL;RLC;VP,vA:i,A,NO,1166,"To be swept. By extension, to be cleaned out.","Barrerse. Por extensión, desvalijarse.",change of state,,,ri-luuba,gi-lu!uba (I),bi-luuba,,,za-luuba,,,4,5,Biluuba' ndaani' yoo.,Se barrió adentro de la casa.,Calúuba'.,Se está barriendo.
luzhe,riluxe,-luzhe,EJG;ND;RGL;RLC;VP,vA:i,A,NO,1167,"For something to end, conclude, or expire. By extension, to ejaculate.","Terminarse, acabarse, finalizarse. Por extensión, eyacular.",change of state,,,ri-luzhe,gi-lu!zhe,bi-luzhe,ka-lu!zhe,,za-luzhe,,,5,3,Zaluxe.,Concluirá.,Ziluxe dxiiña' bizulu neegue'.,Ya se va terminando el trabajo que se inició ayer.
lwi7,rilui',-lwi7,EJG;JLC;ND;RLC,vA:i,A,NO,1168,"To show, to seem, to resemble.","Mostrarse, parecerse, asemejarse.",perception,,,ri-lwi7,gi-lwi!7 (),bi-lwi7,,,,,,3,2,Bilui'.,Enséñale.,Rilui'ni nisiaaba' peru niidxì'ni.,Parece atol pero es leche.
lwi7la7dxi,rilui'la'dxi',-lwi7=la7dxi,RLC,vA:t,A,NO,1169,To desire a person.,Desear a una persona.,states,,,ri-lwi7=la7dxi,gi-lwi!7=la7dxi,bi-lwi7=la7dxi,ka-lwi!7=la7dxi,,,,,4,3,Bilui'la'dxi' Fán Fàna.,Juan deseó a Juana.,Quí rilui'la'dxi'dí'be laa.,Ella no quiere con él.
lya,rilia,-lya,EJG;ND,vA:t,A,NO,1170,"To roll, in reference to cigarettes.","Liar, dicho de los cigarros.",actions,liar,,ri-lya,gi-lya!,bi-lya,ka-lya!,,,,,4,1,Má bilia Fán ti gueza.,Ya lió Juan un cigarro.,,
ma7,rimá',-ma!7,VC,vA:i vers,A,NO,1171,To become wild.,Hacerse salvaje.,change of state,,,ri-ma!7,gi-ma!7,bi-ma!7,,,,,,3,1,Guyèsìbe danì bimá'be.,Se fue al cerro y se hizo salvaje.,,
mbiixku,rimbiìxhcù',-mbii*xku*,EJG;ND;VC,vA:i,A,NO,1172,"To become stunted, as in the case of a fruit that was developing well and suddenly becomes stunted and does not ripen.","Atrofiarse, como en el caso de una fruta que se estaba desarrollando bien y de pronto se estropea.",change of state,,,ri-mbii*xku*,gi-mbii*xku*,bi-mbii*xku*,,,,,,3,0,,,,
mboota,rimboòtà',-mboo*ta*,EJG;RLC,vA:i vers,A,NO,1173,To increase in size and/or volume.,Aumentar de tamaño y/o volumen.,change of state,,,ri-mboo*ta*,gi*-mboo*ta*,,,,,,,2,2,Bimboòtà' Ròsa.,Se puso gorda Rosa.,Zaà (g)imboòtà'.,Deja que se ponga gorda/o.
mboolo,rimboolo',-mboolo,EJG;JLC;ND;VP,vA:i vers,A,NO,1174,"To thicken, in the sense of increasing in size.",Hacerse grueso.,change of state,,,ri-mboolo,gi-mbo!olo,bi-mboolo,,,,,,3,1,Bimboolo' Fán.,Juan engordó.,,
miizi,rimiìzì',-mii*zi*,JLC;ND;VP,vA:i vers,A,NO,1175,To become small.,Hacerse pequeño.,change of state,,,ri-mii*zi*,gi-mii*zi*,bi-mii*zi*,,,,,,3,1,Ta miìzì'.,Una (persona) pequeñisima.,,
mudu,rimùdu,-mu*du,EJG,vA:i vers,A,NO,1176,To become mute or silent.,Enmudecerse.,change of state,mudo,RLC,,g i-mu*du;  ri-mu*du;  bi-mu*du,,,,,,,1,2,Bimùdube.,Se quedó mudo.,(Gu)imùdube.,Que se quede mudo.
muku,rimùcu,-mu*ku,VP,vA:i vers,A,NO,1177,"To become dirty, to dirty oneself.",Ensuciarse.,change of state,,RLC,ri-mu*ku,gi-mu*ku,bi-mu*ku,,,,,,3,3,Bimùcube.,Se ensució ella/él.,Rimùcu Àrno.,Se ensucia Arno.
naaze,rinaaze',-n.aaze,RGL;RLC;VC;VP,vB:t,B,NO,1178,To catch or seize something that is in motion.,Detener o atrapar algo que está en movimiento.,actions,,JLC,ri-naaze,gi-na!aze,gu-naaze,,,,,,3,5,Rinaaze' bendabuaa nè chín.,Agarra camarón con el chinchorro.,Rinaaze' bendabuaa nè chín.,Pesca camarón con el chinchorro.
niibi,riniibì',-n.iibi*,EJG;JLC;ND;RGL;VP,vA:i,A,NO,1179,"To move, to stir, to sway.","Moverse, menearse, mecerse.",states,,,ri-n.iibi*,gi-n.ii*bi* (I),bi-n.iibi*,,,,,,3,2,Caniìbì',Se está moviendo.,Riniibì'be.,Se mueve.
na,rina,-na,EJG;JLC;ND;VP,vB:i,B,NO,1180,"To accept, to agree, to consent.","Aceptar, acceder, dar su consentimiento.",actions,,RLC,ri-na,gi-na* (I),gu-na,,,za-na,,,4,6,Cana Petu che' guuze' guchaachi'ca' dxi nabaana'.,Peto está aceptando ir a cazar iguanas durante los días de semana santa.,Guna nè gunnà nè gunaa.,Aceptó y (así que) ponte listo con la mujer. (trabalenguas)
na-2,rinà,-na*,EJG;JLC;ND;RLC;VC;VP,vA~B:i,A~B,NO,1181,To see.,Ver.,actions,,,ri-na*,gi-na* (I),gu-na*; ~ bi-na*,ka-na*,,,,,4,3,Juan rina lu guelacahui.,Juan ve en la oscuridad.,"Ni bidaapa' lu neegue', má cana yannadxi.","El que fue golpeado en el ojo ayer, hoy ya anda (ya puede ver)."
nadxi7chi,rinàdxi'chi',-na*=dxi7chi,EJG;RLC,vA~B:i,A~B,NO,1182,To see clearly.,Ver claramente.,actions,,,ri-na*=dxi7chi,gi-na*=dxi7chi,,ka-na*=dxi7chi,,,,,3,1,Canàdxi'chi'cabe nè bireebe.,Están viendo (ej. que está lloviendo feo) y salen de todas maneras.,,
nadxindxi,rinàdxindxì,-na*=dxindxi*,EJG,vA~B:i,A~B,NO,1183,To see clearly.,Ver claramente.,actions,,,ri-na*=dxindxi*,gi-na*=dxindxi*,,ka-na*=dxindxi*,,,,,3,1,"Canà dxindxìbe quí zandà tidí'be lu carretèra cà, nè gudi'di'be, bilani lá càrru laabe.","Está viendo bien que no puede cruzar la carretera y cruzó, y por poco le da un carro.",,
naa,rinaà,-naa*,EJG;JLC;ND;VP,vA~B:i vers,A~B,NO,1184,"To be weighed, to become heavy.","Pesarse, hacerse pesado.",measure and quantity,,RLC,ri-naa*,gi-naa*,gu-naa*; ~ bi-naa*,ka-naa*,,za-naa*,,,5,6,Binaà.,Pesó (ej. un bebé al nacer).,Binaàbe tapa kilu.,Pesó cuatro kilos.
naala7dxi,rinaàla'dxi',-naa*=la7dxi,EJG,vA~B:i,A~B,NO,1185,"To convalesce, to recover.","Convalecer, reponerse.",wellness,,,ri-naa*=la7dxi,gi-naa*=la7dxi,gu-naa*=la7dxi; ~ bi-naa*=la7dxi,ka-naa* la^7dxi,,,ni-naa*=la7dxi,,5,2,Canaàla'dxi'.,Se está recuperando.,Quí ninaàla'dxi'dí'be.,No se recuperó él.
naadi,rinaadi',-naadi,JLC;RLC;VC,vA:i vers,A,NO,1186,"To become haphazardly accumulated, matted or thick, for instance, due the accumulation of residue.","Apelmazarse o hacerse grueso, por ejemplo, por tener residuos.",manner,,,,gi-na!adi,,,,,,,1,2,Binaadi' (gu)ichaique.,Se le pegosteó el cabello.,Rinaadi' (gu)icha ique òra gàze nè xabú.,Se hace grueso (y feo) el cabello por usar jabón.
naande,rinaande',-naande,JLC,vA:i vers,A,NO,1187,"To thicken, in the sense of gaining weight.","Hacerse grueso, en el sentido de engordar.",change of state,,,ri-naande,gi-na!ande (),bi-naande,,,,,,3,3,Binaande'be xcaadxi'.,Engordó otro poco.,"Canapapa bialàzì, gunaaze'be laa.","La mosca andaba volando, él la atrapó."
naazebenda,rinaaze' benda,-naaze # benda,JLC;VP,vB:t,B,NO,1188,To fish.,Pescar.,actions,,,,gi-na!aze # benda;  ri-naaze # benda,gu-naaze # benda,,,,,,2,2,(G)unaaze' Fán benda.,Juan pescó pescado.,Zínaaze' benda.,Fue a pescar.
naazena7,rinaaze' nà',-naaze # na*7,RLC,vB:t,B,NO,1189,To take someone by the hand.,Llevar de la mano.,actions,,,ri-naaze # na*7,gi-na!aze # na*7,gu-naaze # na*7,,,,,zi!-naaze # na*7,4,2,Rinaaze'be nà' xiiñi'be.,Lleva a su niño de la mano.,Zínaaze' nà'.,Anda con las manos agarradas.
naaze-2,rinaazè',-naaze*,EJG;JLC;RGL;RLC;VP,vB:t,B,NO,1190,To grab or hold something that is not in movement.,Detener o sostener algo que no está en movimiento.,actions,,RLC,ri-naaze*,gi-naa*ze*; ~ gi-na!aze*,gu-naaze*,,,,,,3,6,Ni rinaazè'ni.,Lo que lo agarra.,Ra (gu)inaazè'cabeni.,Donde lo agarren.
naazeba7du,rinaazè' ba'du',-naaze* # ba7du,EJG;JLC,vB:t,B,NO,1191,To deliver a baby.,Atender un parto.,wellness,,,ri-naaze* # ba7du,,,,,,,re-naaze* # ba7du,2,2,Na Julia rinaazè' ba'du'.,Doña Julia asiste los partos.,Rinaazè'be ba'du'.,Asiste los partos.
naba7,rinabá',-naba!7,EJG;JLC;ND;VP,vB:t,B,NO,1192,"To request, to ask for.","Pedirlo, solicitarlo, preguntarlo.",actions,,,ri-naba!7,gi-naba!7 (I),gu-naba!7,,,,,,3,6,Canabá' Diuxi cú' ndaaya' lii.,Estoy pidiendo a Dios que te bendiga.,Cananabá'be ique palàsiu.,Anda pidiendo ayuda con los que están en el palacio (municipal).
naba7gyuba,rinabá' guiúba,-naba!7 # g.yu!ba,JLC;RLC,vB:t,B,NO,1193,To rush someone.,Apurar a alguien.,actions,,,ri-naba!7 # g.yu!ba,gi-naba!7 # g.yu!ba,gu-naba!7  # g.yu!ba,,,,,,3,2,Guinabá' Fán Pèdru guiúba.,Que le exija Juan a Pedro que se apure.,Rinabá' Fán guiúba Pèdru.,Juan le exige a Pedro que se apure.
naba7ludyuzhi,rinabá' ludiúxi,-naba!7 # lu=dyu!zhi,EJG;JLC;RLC,vB:t,B,NO,1194,To beg to God.,"Rogar, pedir a Dios.",actions,Dios,,ri-naba!7 lu dyu!zhi,,,,,,,,1,2,Rinabá' Fán lu Diúxi gusiguendanè Fàna laa.,Juan pide a Dios que lo acepte Juana.,Rinabá' Mariá lu diúxi uchá xquiebe de yuxi.,Le pide a Dios que le llene el pito de él de arena.
naba7diidxa,rinabá'diidxa',-naba!7=diidxa,EJG;JLC;VP,vB:t,B,NO,1195,To ask a question.,Preguntar.,actions,,,ri-naba!7=diidxa,gi-na!ba!7=diidxa (I),gu-naba!7=diidxa,,,,,,3,4,Gunabá'diidxa'(be laa).,Preguntó (ella por él).,Rinabá'diidxa'beni.,Lo pregunta él.
nana,rinanà,-nana*,EJG;JLC;ND;VP,vA:i vers,A,NO,1196,"To thicken, in the sense of becoming dense.","Espesarse, hacerse denso.",change of state,,,ri-nana*,gi-na*na*,bi-nana*,,,,,,3,1,Ninana.,Se espesaría.,,
ndaa,rindaà,-nd.aa*,EJG;JLC;ND;RGL;RLC;VP,vB:caus,B,NO,1197,"To make something break, crack, split, section, divide, referring to objects that are hard.","Hacer que se rompa, se quiebre, se parta, se cuartee, se seccione, se divida, dicho de objetos duros.",actions,,JLC,ri-nd.aa*,gi-nd.aa* (I),gu-nd.aa*,,,za-nd.aa*,ni-nd.aa*,,5,6,Fán gundaà lu mexá'.,Juan rompió la mesa.,Gundaàbe neza iquebe.,Se hizo la raya en el cabello.
ndadi7,rindadí',-nd.adi!7,EJG;JLC;ND;VP,vB:caus,B,NO,1198,To make something become detached.,Hacer que algo se despegue o se desprenda.,actions,,,ri-nd.adi!7,gi-nd.adi!7 (I),gu-nd.adi!7,,,,,,3,3,"Chiyu gundadi' ti ndaa lari, gui'di' ra gulaa ique.","Chiyo desprendió un pedazo de tela, lo puso en donde se partió su cabeza.",Gundadí'be cierre.,Quitó el cierre.
ndase,rindase,-nd.ase,EJG,vA:i vers,A,NO,1199,"To become reduced, to diminish, to decrease.","Hacerse menudo, hacerse menos, menguar.",change of state,,,ri-nd.ase,gi-nd.a*se,bi-nd.ase,,,,,,3,2,(Gu)indàse.,Que se haga menos.,Má bindase nisa.,Ya se secó el agua (del río).
ndete7,rindeté',-nd.ete!7,EJG;JLC;ND;RGL;RLC;VP,vB:t,B,NO,1200,"To lower, whether physically bringing something down from a higher location, or metaphorically as in the case of prices that are lowered.","Bajar, ya sea físicamente de algún punto alto a uno más bajo, o figuradamente como en el caso de precios que se bajan.",actions,,,ri-nd.ete!7,gi-nd.ete!7,gu-nd.ete!7,,,,,,3,6,(G)undeté'be lu bele.,Le bajó al fuego (lumbre).,(G)undeté'be lu bolùme.,Le bajó al volumen.
ndete7lulari,rindeté' lu lari,-nd.ete!7 # lu lari,RLC,vB:t,B,NO,1201,To discolor a piece of clothing.,Despintar o descolorar una prenda de ropa.,actions,,,ri-nd.ete!7,gi-nd.ete!7,gu-nd.ete!7,,,,,,3,1,Gundeté' gubidxa lu lari.,El sol hizo descolorear la tela.,,
nda7,rindá',-nda!7,EJG;JLC;ND;RLC;VP,vA:i vers,A,NO,1202,"To get hot, to heat up.",Calentarse.,actions,,,ri-nda!7,gi-nda!7 (),bi-nda!7,,,za-nda!7,,,4,4,Nandá' nuù gubidxa.,Está caliente el sol.,"Raca nandá'cabe, òra cú'cabe xtalè lari.",Les da calor por ponerse demasiada ropa.
nda7-2,rindà',-nda*7,EJG;VP,vA:i vers,A,NO,1203,To become bitter.,Amargarse.,change of state,,,ri-nda*7,gi-nda*7,bi-nda*7,,,,,,3,1,Bindà'.,Se hizo amargo.,,
nda7-3,rinda',-nda7,EJG;JLC;ND;VP,vA~B:i,A~B,NO,1204,"To smell, to give off a smell.","Oler, emanar olor.",actions,,,ri-nda7,gi-nda!7 (),bi-nda7; ~ gu-nda7,ka-nda!7,,za-nda7,,,5,5,Candá'naxhi yucue'la'. Má chíguiába nisa guie.,Huele rico la tierra (pura de color cafe). Ya va a llover.,Quí rinda'dí' be'te'.,No apesta a zorrillo.
nda7yuudxu,rinda' yuudxu',-nda7 # y.uudxu,EJG;JLC;RGL;RLC;VP,vA~B:i,A~B,NO,1205,"To smell rotten, to smell bad.","Oler a podrido, oler feo.",states,,RLC,ri-nda7 # y.uudxu,gi-nda!7 # y.uudxu,bi-nda7 # y.uudxu; ~ gu-nda7 # y.uudxu,,,za-nda7 # y.uudxu,,,4,4,Rinda' bi'cu'yuudxu'.,Huele feo el perro.,Rinda'yuudxu' bi'cu' xtì' Fán.,Huele feo el perro de Juan.
nda7ziizi,rinda' ziìzì',-nda7 # zii*zi*,EJG;JLC;RLC;VP,vA~B:i,A~B,NO,1206,"To smell rancid, to smell like vulture (or rather carrion). It can also describe that something smells of cheap perfume.","Oler a rancio, oler a zopilote. También puede referirse a que algo huele a perfume de mala calidad.",states,,RLC,ri-nda7 # zii*zi*,gi-nda!7 # zii*zi*,bi-nda7 # zii*zi*; ~ gu-nda7 # zii*zi*,,,za-nda7 # zii^zi*,,,4,4,Quí rinda'dí' ziìzì'.,No huele a perfume.,Quí rinda'ziìzì'dí'.,No huele a perfume.
nda7gixu7,rinda' guixhú',-nda7 (g)i-xu!7,EJG;JLC;VP,vA~B:i,A~B,NO,1207,"To give off the smell of something burning, especially hair or animal horn.","Oler a quemado, sobre todo a cabello o cuerno quemado.",states,,,ri-nda7 (g)i-xu!7,,,,,,,,1,0,,,,
nda7naadi,rinda' naadi',-nda7 naadi,EJG,vA~B:i,A~B,NO,1208,Jiménez Girón (1979:169) defines this verb as to smell of sweat or grime.,"Jiménez Girón (1979:169) define este verbo como ""oler a sudor o a mugre"".",states,,,ri-nda7 naadi,,,,,,,,1,0,,,,
nda7gichi7,rinda'(gu)ichí',-nda7=(g)ichi!7,EJG;VC,vA~B:i,A~B,NO,1209,"To give off a sour smell, as something that is fermenting.","Oler acedo, como algo que se está fermentando.",states,,,,,,,,,,,0,2,Candá' (gu)ichí' ndaani' yoo.,Huele acedo en la casa.,Rinda'(gu)ichí'.,Huele acedo.
nda7duxu7,rinda'duxhú',-nda7=duxu!7,JLC;RLC,vA~B:i,A~B,NO,1210,To have a strong smell.,Oler fuerte.,states,,,ri-nda7=duxu!7,gi-nda!7 =duxu!7,gu-nda7 =duxu!7; ~ bi-nda7 =duxu!7,,,,,,3,4,Candá' duxhú'ni cuàju.,Huele fuerte a cuajo.,Quí rinda'dí' duxhú' guiiña'cà.,No huele fuerte el chile.
nda7dxa,rinda'dxà,-nda7=dxa*,EJG;ND;RGL;RLC;VC,vA~B:i,A~B,NO,1211,To smell like a goat or like a sweaty armpit.,Oler a chivo o a sobaco.,states,,RLC,ri-nda7=dxa*,,,,,,,,1,3,Cádi canda'dxà'dí' rarí'.,No huele a sobaco aquí.,Rinda' dxà.,Huele a sobaco.
nda7dxaba7,rinda'dxabá',-nda7=dxaba!7,EJG;JLC;RLC;VP,vA~B:i,A~B,NO,1212,To give off an offensive smell.,Oler mal.,states,,EJG;RLC,ri-nda7=dxaba!7,gi-nda!7 =dxaba!7,bi-nda7=dxaba!7; ~ gu-nda7=dxaba!7,,,,,,3,6,Candá'dxabá'.,Apesta.,Candá'dxabá' gue'tu'.,"Huele feo, como a muerto."
nda7dxigaa,rinda'dxigaa,-nda7=dxi-gaa,EJG;ND;VC,vA~B:i,A~B,NO,1213,To give off an acrid or sour smell.,Oler acedo o agrio.,states,,,,,,,,,,,0,2,Candá'dxigaa ladilu'.,Tu piel huele a agrio.,Rinda'dxigaa ndaani' yoodí'.,Huele acedo en esta casa.
nda7lanna7,rinda'lanná',-nda7=lanna!7,EJG;JLC;RGL;RLC;VP,vA~B:i,A~B,NO,1214,To give off the smell of raw egg or blood.,"Oler a choquilla, a sangre, a huevo.",states,,JLC,ri-nda7=lanna!7,gi-nda!7 =lanna!7,bi-nda7 =lanna!7; ~ gu-nda7 =lanna!7,,,za-nda7=lanna!7,,,4,2,Quí rinda'lanná'dí'.,No apesta a choquilla.,Rinda' lanná' beelà'.,Apesta a sangre (de carne).
nda7naxi,rinda'naxhi,-nda7=naxi,EJG;JLC;ND;RGL;RLC;VP,vA~B:i,A~B,NO,1215,To give off a pleasant smell.,"Oler rico, oler bonito.",states,,,ri-nda7=naxi,gi-nda!7=naxi,bi-nda7=naxi; ~ gu-nda7=naxi,,,za-nda7=naxi,,,4,6,Canda'naxhi gu'xhu'.,Huele rico el humo (ej. el incienso de la iglesia).,Candá'naxhi yucue'la'. Má chíguiába nisa guie.,Huele rico la tierra (pura de color cafe). Ya va a llover.
nda7ya7ki,rinda'yaqui',-nda7=y.a7ki,EJG;JLC;RLC;VP,vA~B:i,A~B,NO,1216,To smell of something burning or burned.,Oler a quemado.,states,,,ri-nda7=y.a7ki,gi-nda!7=y.a7ki (),bi-nda7=y.a7ki; ~ gu-nda7=y.a7ki,ka-nda!7-y.a7ki,,,,,4,2,Candá'ya'qui' bizaa.,Huele a frijoles quemados.,Rinda'ya'qui' lari.,La ropa huele a quemado.
nda7yu7,rinda'yù',-nda7=yu*7,JLC;RLC;VP,vA~B:i,A~B,NO,1217,To smell of urine.,Oler a orina.,states,,RLC,ri-nda7=yu*7,gi-nda!7=yu*7,bi-nda7=yu*7; ~ gu-nda7=yu*7,ka-nda!7=yu*7,,,,,4,3,Candá' yù'; Candá' yù'.,Huele a meados; Huele a meados.,Quí rinda'yù'dí' laridí'.,No huele a orín la ropa.
ndaa-2,rindaa,-ndaa,EJG;JLC;ND;RGL;RLC;VP,vA:i,A,NO,1218,To take long to do something or to arrive.,"Tardarse, dilatar, demorar.",states,,,ri-ndaa,gi-nda!a (),bi-ndaa,,,za-ndaa,,,4,6,Má quí candáadí' gueèdà'.,Ya no tarda en venir.,Qué zandaa.,No va a tardar.
ndaalayu,rindaà layu,-ndaa* # la=yu,JLC;RLC,vB:caus,B,NO,1219,"To plow, especially when it is done with machinery.","Arar, barbechar, especialmente cuando se hace con maquinaria.",cultivation,,JLC,ri-ndaa* # la=yu,gi-nd.aa* # la=yu,gu-nd.aa* # la=yu,,,,,,3,1,Guluube màquina lu layu xtìbe para indaà ti ucaabe bini.,Metió máquina en su terreno para poder sembrar.,,
ndaane,rindaà nè,-ndaa* # ne*,RGL,vB:caus,B,NO,1220,"To make something break, crack, split, section, or divide, with the use of a tool.","Hacer que algo se rompa, se quiebre, se parta, se cuartee, se seccione, o se divida, por medio del uso de una herramienta.",actions,,,ri-ndaa* # ne*,gi-ndaa* # ne* (I),gu-ndaa* # ne*,,,,,,3,3,Candaà nè ique machète.,Está escarbando con la punta del machete.,(Gu)indaàbe nè martíu.,Que lo rompa con el martillo.
ndaachezala7dxido7,rindaà richeza la'dxi'do',-ndaa* -cheza # la7dxi=do7,EJG;JLC;RLC,vB:caus,B,NO,1221,"To make someone's heart break, to make someone feel pity.",Hacer que se le rompa el corazón o le dé lástima.,emotion,,EJG;RLC,ri-ndaa* ri^-cheza # la7dxi=do7,gi-nd.aa* gi-che!za # la7dxi=do7,gu-nd.aa* gu-cheza # la7dxi=do7,,,,,,3,1,Rindaà richeza Fàna ladxido' Fán.,Juana le causa lástima a Juan.,,
ndaaike,rindaàique,-ndaa*=ike,EJG,vB:caus,B,NO,1222,For obsessive thinking to make someone's head break (metaphorically speaking).,Hacer que se le quiebre la cabeza (de manera figurada) de tanto pensar en algo.,actions,,RLC,ri-ndaa*=ike,gi-nd.aa*=ike,gu-nd.aa*=ike,,,,,,3,1,(G)undaài'que Ròsa xì mòdo (g)usenda buèltu.,Eso de cómo mandar el dinero le rompió la cabeza a Rosa.,,
ndaaikene,rindaàiquenè,-ndaa*=ike=ne*,JLC;RLC;VP,vB:caus,B,NO,1223,For something one is thinking to break one's head (metaphorically speaking).,Romperle la cabeza a uno algo en lo que se está pensando.,actions,,,ri-ndaa*=ike=ne*,gi-nd.aa*=ike=ne*,gu-nd.aa*=ike=ne*,,,,,,3,3,Candaà iqueneú'ni.,Te lo piensas demasiado.,(G)undaài'quenè ngà racà.,Se está quebrando la cabeza con eso.
ndaasaa,rindaà saa,-ndaa*=saa,EJG;RLC;VP,vB:caus,B,NO,1224,"To separate, to split apart.",Hacer que se separaren o se aparten.,actions,,,ri-ndaa* saa,gi-nd.aa* saa,gu-nd.aa* saa,,,,,,3,1,Rindaa saa.,Se apartan / separan.,,
ndaabi,rindaabi',-ndaabi,EJG;JLC;RGL;RLC;VP,vA:i,A,NO,1225,"To boil. By extension, this verb can also refer to actions that generate noise such as thunder or the purr of a motor vehicle.","Hervir. Por extensión, este verbo puede referirse también a acciones que generan ruido, ej. retumbar del trueno, ronronear de un carro.",processes,,JLC;RLC,ri-ndaabi,gi-nda!abi (),bi-ndaabi,ka-nda!abi,,,,,4,6,Bindaabi'.,Hirvió.,Candáabidutu.,Está hirviendo bastante.
ndaabigiba7,rindaabi' guiba',-ndaabi # gi-ba7,JLC,vA:i,A,NO,1226,To thunder.,Tronar o retumbar el cielo.,phenomena,,,ri-ndaabi # gi-ba7,gi-nda!abi # gi-ba7,bi-ndaabi # gi-ba7,,,,,,3,2,Candáabi' guiba'.,Está tronando el cielo.,Quí nindáabidí' guiba'.,No tronó el cielo.
ndaabibichiinyarwaa,rindaabi' bichiiña' ruaa,-ndaabi bi-chiinya rwaa,EJG;ND;RLC,vA:i,A,NO,1227,For the mouth to foam.,Echar espuma por la boca.,states,,,ri-ndaabi bi-chiinya rwaa,gi-nda!abi bi-chiinya rwaa,bi-ndaabi bi-chiinya rwaa,,,,,,3,3,Bindaabi' bichiiña' ruaabe.,Echó espuma por la boca.,Quí rindaabi' bichiiña'(dí') ruaabe.,No echó espuma por la boca.
ndaabipechu,rindaabi' pèchu,-ndaabi pe*chu,RLC,vA:i,A,NO,1228,To wheeze when breathing due to asthma or some other respiratory disease. This ailment is associated with heat.,Resollar al respirar debido al asma o a otra enfermedad respiratoria. Este malestar se considera caliente.,wellness,pecho,EJG;RLC,,,,,,,,,0,1,Rindaabi' pèchu xtìbe.,Le suena el pecho (ej. por asma).,,
ndaabiike,rindaabiique',-ndaabi=ike,EJG;JLC;RLC,vA:i,A,NO,1229,To snore.,Roncar.,actions,,,ri-ndaabi=ike,gi-nda!abi=ike,bi-ndaabi=ike,ka-nda!abi ike; RLC04],,,,,4,3,Rindaabiique'be.,Ronca él.,Rindaabi' ique Fán.,Juan ronca.
ndaana,rindaanà',-ndaana*,JLC;RGL;RLC;VP,vA:i,A,NO,1230,To be hungry.,Tener hambre.,states,,JLC;RLC,ri-ndaana*,gi-ndaa*na*,bi-ndaana*,ka-ndaa*na*,,,,,4,5,Candaàná'.,Tengo hambre.,Cándáaná'.,Tengo hambre.
ndadi7buton,rindadí' butón,-ndadi!7 # bu-to!n,RGL,vB:caus,B,NO,1231,To unbutton.,Desabotonar,actions,botón,,,,,,,,,,0,1,Gundadí'be butón.,Se desabotonó el botón.,,
ndadi7la7dxido7,rindadí' la'dxido',-ndadi!7 # la7dxi=do7,EJG;RLC,vB:caus,B,NO,1232,To cure of indigestion.,Hacer que se desempache.,wellness,,EJG;ND;RLC,ri-ndadi!7 # la7dxi=do7,gi-nda!di!7 # la7dxi=do7,gu-ndadi!7  # la7dxi=do7,,,,,,3,1,Gundadí' sál de ùba guirà'ni cà la'dxi'do'be bidxí'ba'be cani.,Tomó sal de uvas y se desempachó y vomitó (todo lo que había comido).,,
ndadi7niza,rindadí' niza,-ndadi!7 # niza,EJG;JLC;VP,vB:caus,B,NO,1233,To harvest corn.,Pizcar o cosechar maíz.,cultivation,,,ri-ndadi!7 # niza,gi-ndadi!7 # niza,gu-ndadi!7 # niza,,,,,,3,1,Rindadí' Fán niza.,Juan va a pizcar.,,
ndani,rindani,-ndani,EJG;JLC;RGL;VP,vB:i,B,NO,1234,"To be born, to sprout, to send out shoots, in reference primarily to plants.","Nacer, germinar, brotar, retoñar, dicho principalmente de las plantas.",plants,,EJG;JLC;RLC,ri-ndani,gi-nda!ni (),gu-ndani,,,,,,3,3,Rindani gui'xhi'.,Le crece monte.,Zandani.,Va a brotar.
ndanigi7dxu,rindani gui'dxu',-ndani # gi7dxu,EJG,vB:i,B,NO,1235,"For a lesion, a lump or a tumor to emerge.","Brotar un grano, una bola, o un tumor.",wellness,,EJG;RLC,ri-ndani gi7dxu,,,,,,,,1,1,Quí rindanidí' gui'dxu' laabe.,No le brotó el grano.,,
ndaninisa,rindani nisa,-ndani # nisa,EJG,vB:i,B,NO,1236,"For water to spring up, for water to flow.","Brotar agua, manar agua.",change of state,,,ri-ndani # nisa,gi-nda!ni # nisa,gu-ndani # nisa,,,,,,3,2,Quí rindanidí' nisa.,No brota el agua.,Ra rindani nisa.,Manantial.
ndanixti,rindani xti,-ndani x.ti,RLC,vB:i,B,NO,1237,"For a person to emerge and take the place of another, ex. a squatter that has taken over a property, a person who has taken over someone else's job.","Surgir una persona que se afianza en la posición de otro, ej. paracaidista que invade permanentemente una propiedad, persona que usurpa el puesto de trabajo de otro.",change of state,,EJG;RLC,ri-ndani x.ti,gi-nda!ni x.ti,gu-ndani x.ti,,,,,,3,1,Gundani xtibe racà.,Fue y se instaló ahí (ej. usurpó el puesto de alguien más y ahí se quedó).,,
ndani-2,rindanì,-ndani*,EJG;JLC;VP,vB:t,B,NO,1238,To carry something.,Cargarlo.,actions,,JLC;ND;RGL,ri-ndani*,gi-nda*ni* (I),gu-ndani*,,,,,,3,1,Ndànibeni.,Lo trae cargado.,,
ndanigubidxa,rindanigubidxa,-ndani=gu-bidxa,JLC;RLC,vB:i,B,NO,1239,For the day to break (lit. for the sun to emerge).,Amanecer (lit. nacer el sol).,phenomena,,,ri-ndani=gu-bidxa,gi-nda!ni=gu-bidxa,gu-ndani=gu-bidxa,,,,,,3,1,Rindani gubidxa a la siète.,Amanece a las siete.,,
ndanilaya,rindanilaya,-ndani=laya,RGL;RLC,vB:i,B,NO,1240,For a child's teeth to come in.,"Salir los dientes, con relación a los niños pequeños.",change of state,,,ri-ndani=laya,gi-nda!ni=laya,gu-ndani=laya,,,,,,3,1,Gundani layabe.,Le salieron los dientes.,,
ndaniti,rindaniti,-ndani=ti,EJG;ND;VC,vB:i,B,NO,1241,"To appear, to emerge, to begin to manifest.","Aparecer, emerger, empezar a manifestarse.",actions,,,ri-ndani=ti,gi-nda!ni=ti,gu-ndani=ti,,,,,,3,2,Má candánitini.,Está dando señales de aparecer.,Qué nindánitidí'ni.,No está dando señales de aparecer.
ndapi7,rindapí',-ndapi!7,JLC;RLC,vB:t,B,NO,1242,"To pull, to extract.","Jalar, extraer.",actions,,,ri-ndapi!7,gi-ndapi!7,gu-ndapi!7,,,,,,3,2,Gundapí'be yaga.,Acarreó leña.,Rindapí'be nisa.,Jala ella/él el agua (ej. con una cubeta).
ndapi7zhii,rindapí'xii,-ndapi!7=zhii,JLC;RLC,vB:t,B,NO,1243,"To smell, to sniff (lit. to pull with the nose).","Oler, olfatear, husmear (lit. jalar con la nariz).",actions,,,ri-ndapi!7=zhii,gi-nda!pi!7=zhii,gu-ndapi!7=zhii,,,,ni-ndapi!7=zhii,,4,4,Gundapíxiibeni mà' zè'be.,Ya olió (que están regalando cosas) y ya va para allá.,Gundapí'xiimeni.,Lo olió el animal.
ndi7,rindì',-ndi*7,JLC;ND,vA:i vers,A,NO,1244,To become straight.,"Enderezarse, hacerse derecho.",change of state,,,ri-ndi*7,gi-ndi*7,bi-ndi*7,,,,,,3,6,Dxàndì'.,Verdadero.,Huandì'.,Es verdad.
ndii,rindiì,-ndii*,EJG;JLC;ND;RLC;VP,vB:t,B,NO,1245,To lick something.,Lamerlo.,actions,,,ri-ndii*,gi-ndii* (I),gu-ndii*,,,,,,3,1,Gundii bi'cu'.,Trae mala suerte. (lit. lamió el perro),,
ndiilu,rindiì lu,-ndii* # lu,EJG;RLC,vB:t,B,NO,1246,To spoil a child (lit. to lick the face).,"Consentir, dicho de los hijos (lit. lamerle la cara).",actions,,RLC,ri-ndii* # lu # zhiinyi,gi!-ndii* # lu # zhiinyi,,,,,,,2,4,"Òra guùyá' xiiñé' lá, za ndieé' lu.","Cuando vea a mi hija, la voy a consentir mucho.",Rindiìbe lu.,Lo consiente mucho (el papá al niño).
ndiirwaa,rindiìruaa,-ndii*=rwaa,ND;RGL;RLC,vB:i,B,NO,1247,To smack (lit. lick) one's lips out of hunger or a craving.,Lamerse los labios de antojo.,actions,,,ri-ndii*=rwa^a,gi-ndii*=rwa^a (I),gu-ndii*=rwa^a,,,,,,3,1,Rindiìruaabe.,Se lame los labios (de antojo).,,
ndisa7,rindisá',-ndisa!7,EJG;JLC;VP,vB:t,B,NO,1248,To raise something.,"Levantarlo, alzarlo.",actions,,,ri-ndisa!7,gi-ndisa!7 (I),gu-ndisa!7,ka-ndisa!7,,,,,4,5,Chíndisá'.,Voy a levantar (mis cosas).,Gundisá'.,Levántalo.
ndisa7binni,rindisá' binnì,-ndisa!7 # binni*,EJG;RLC,vB:t,B,NO,1249,"To pick people up, as in the case of public transportation buses. By extension, to recruit.","Levantar gente, como en el caso de un autobús de pasajeros. Por extensión, reclutar.",actions,,EJG;JLC,ri-ndisa*7 # binni*,gi-ndisa!7 # binni*,gu-ndisa!7 # binni*,,,,,,3,1,"Rindisá' Bèni binnì, gueèdà' nè, gueèdà' guni dxiiña'.","Beni recoge a la gente, se los trae, los trae para trabajar.",,
ndisa7tuju,rindisá' tùju,-ndisa!7 # tu*ju,JLC,vB:t,B,NO,1250,To pick up a scent.,Captar un olor para rastrearlo.,actions,tufo,,,,,,,,,,0,1,Rindisá' bi'cu' tùju bidxiñà.,Agarro el perro el rastro del venado.,,
ndisa7zha7na,rindisá' xa'na',-ndisa!7 # zha7na,EJG;RLC,vB:t,B,NO,1251,"To buck, in reference to horses (lit. to raise the buttocks).","Encabritarse, dicho de un caballo (lit. levantar la nalga).",actions,,,ri-ndisa!7 # zha7na,gi-ndisa!7 # zha7na,gu-ndisa!7 # zha7na,ka-ndisa!7 # zha7na,,,,,4,3,"Rindisá'me xa'na'me, òra ruuya'me bi'cu'.",Se encabrita el caballo cuando ve a un perro.,"Rindisá' xa'na' maní', òra ruuya' bi'cu'.",Se encabrita el caballo cuando ve un perro.
ndisa7ike,rindisá'ique,-ndisa!7=ike,EJG;JLC;RLC,vB:i,B,NO,1252,"To start up a business. Jiménez Girón (1979: 170) also describes the action of plow oxen raising their heads, which prevents the plow from penetrating properly.","Hacer arrancar un negocio. Jiménez Girón (1979: 170) también describe la acción de los bueyes de arado de levantar la cabeza, lo que impide que el arado penetre adecuadamente.",actions,,EJG;JLC;RLC,ri-ndisa!7=ike,gu-ndisa!7=ike,,,,,,,2,5,Candísá'ique Fán nè guendarutoo (cuana naxhi).,Está prosperando Juan con la venta (de frutas).,Má candisá'ique Fán.,Ya está haciendo negocio Juan.
ndisa7ne,rindisá'nè',-ndisa!7=ne*,RGL;RLC,vB:t,B,NO,1253,To lift something with the help of a lever or some other tool.,Levantar algo con la ayuda de una palanca u otra herramienta.,actions,,EJG;JLC,ri-ndisa!7=ne*,gi-ndisa!7=ne* (I),gu-ndisa!7=ne*,,,,,,3,2,Rindisá' Fán xqui bi'cu' nè pàla.,Juan recoge la caca de perro con la pala.,Rindisá'nè'beni.,Lo levanta con (eso).
ndisa7xti,rindisá'xti',-ndisa!7=x.ti,RLC,vB:t,B,NO,1254,To start something up.,"Empezarlo, iniciarlo.",actions,,,ri-ndisa!7=x.ti,gi-ndisa!7=x.ti,gu-ndisa!7=x.ti,,,,,,3,4,Chíndísá'xti Daniel ti dxiiña'.,Que inicie Daniel un proyecto.,Gundisá'xti Fán guendaridindè.,Juan empezó una pelea.
ne7,rine',-ne7,EJG;JLC;ND;VP,vA:i,A,NO,1255,To be smeared.,"Embarrarse, embadurnarse, untarse.",change of state,,,ri-ne7,gi-ne!7 (),bi-ne7,ka-ne!7,,za-ne7,,,5,3,Biné'ni.,Lo embarré.,Ti gui'chi' nè'.,Un papel manchado.
nene,rinenè,-nene*,JLC;ND,vA:i,A,NO,1256,"To become slow, to slow down.",Hacerse lento.,change of state,,,ri-nene*,gi-ne*ne*,bi-nene*,,,,,,3,1,Binenè càrru.,Se puso lento el carro.,,
nesa,rinesa,-nesa,EJG;JLC;VP,vB:i,B,NO,1257,"To urinate, to pee.","Orinar, mear, hacer pipí.",actions,,,ri-nesa,gi-ne!sa (),gu-nesa,,,,,,3,6,Cadxáganesá'.,Tengo ganas de orinar.,Chínésá'.,Voy a ir a mear.
ngola,ringola,-ngola,EJG;RLC;VP,vA:i vers,A,NO,1258,"To become big, to increase in size either due to growth or due to weight gain.","Hacerse grande, agrandarse, aumentar de tamaño por crecimiento o por subir de peso.",change of state,,,ri-ngola,gi-ngo!la,bi-ngola,,,,,,3,2,(Gu)ingóla.,Que se haga grande (de tamaño).,Má cangóla Gàbi.,Gaby ya está engordando.
ngweza,ringüèzà,-ngwe*za*,JLC;RLC,vA:i vers,A,NO,1259,"For eyes to open large and wide, or for eyes to appear so because of dark circles under them.",Hacerse grandes los ojos ya sea porque se abren mucho o por tener ojeras.,change of state,,,ri-ngwe*za*,gi-ngwe*za*,bi-ngwe*za*,,,,,,3,4,Bingüèzà lu ra guyébe.,A donde fue se le hicieron ojeras.,"Òra ria'pi'cabe, ringüèzà.","Cuando hacen el amor, se le hacen ojeras."
ni7di,riní'di',-ni!7di,EJG,vA:i vers,A,NO,1260,To get easily angry or become irritable.,"Ponerse quisquilloso, enojón, irascible, o delicado.",character attributes,,,ri-ni!7di,gi-ni!7di,bi-ni!7di,,,,,,3,2,Biní'di' ba'du' huiini'.,Se puso fastidioso el niño.,(Gu)iní'di'.,Que se ponga de pesado.
ni7-2,rini',-ni7,EJG;JLC;ND;RGL;VP,vB:a,B,NO,1261,"To say, to name, to articulate, to declare, to recite.","Hablar, decir, nombrar, pronunciar, declarar, declamar.",communication,,,ri-ni7,gi-ni!7 (),gu-ni7,ka-ni!7,,za-ni7,,,5,6,Galán rini' Ròsa didxazá.,Rosa habla muy bonito el didxazá.,Naduxhú' rini'.,Habla fuerte (como si estuviera enojada/o).
ni7binni,rini' binnì,-ni7 # binni*,EJG;JLC;RLC;VP,vB:t,B,NO,1262,To speak of others.,Hablar de la gente.,actions,,,"ri-ni7 # binni* [JLC, EJG]",gi-ni!7 # binni*,gu-ni7 # binni*,,,,,,3,1,Rini' Fán binnì.,Juan habla de la gente.,,
ni7diidxa,rini' diidxa',-ni7 # diidxa,EJG;RLC,vB:t,B,NO,1263,"To chat, to talk, to discuss.","Platicar, conversar, charlar.",actions,,,ri-ni7 # diidxa,gi-ni!7 # diidxa,gu-ni7 # diidxa,ka-ni!7 # diidxa,,,,,4,1,Caní'be diidxa'.,Está platicando; Ya está hablando.,,
ni7dxandi7,rini' dxandì',-ni7 # dxa-ndi*7,JLC,vB:t,B,NO,1264,To tell the truth.,Decir la verdad.,actions,,,ri-ni7 # dxa-ndi*7,gi-ni!7 # dxa-ndi*7,gu-ni7 # dxa-ndi*7,,,,,,3,2,Dxandì' rini' Fán.,Habla la verdad Juan.,Rini' Fán dxandì'.,Juan dice la verdad.
ni7dxisiga,rini' dxisì ga,-ni7 # dxi +si* ga,JLC,vB:t,B,NO,1265,"To whisper, to speak softly.","Susurrar, murmurar, cuchichear, hablar bajito.",actions,,,ri-ni7 # dxi +si* ga,gi-ni!7 # dxi +si* ga,gu-ni7 # dxi +si* ga,,,,,,3,1,Guni' Mariá dxisì ga lu diaga Fán.,Le habló bajito María a Juan.,,
ni7dxidxiga,rini' dxidxì ga,-ni7 # dxidxi* ga,EJG;JLC;VP,vB:t,B,NO,1266,"To whisper, to speak softly.","Susurrar, murmurar, cuchichear, hablar bajito.",actions,,,ri-ni7 # dxidxi* ga,,,,,,,,1,3,Qué rini'dí' dxidxì gabe.,No habla quedito Juan.,Rini'dxidxìga.,Juan habla bajito.
ni7radyaga,rini' ra diaga,-ni7 # ra+ dyaga,JLC,vB:t,B,NO,1267,"To whisper, to speak in someone's ear.","Cuchichear, hablarle al oído.",actions,,,,gi-ni!7 # ra+ dyaga,gu-ni7 # dyaga,,,,,,2,2,Guni'be ra diaga.,Le dijo algo en el oído.,Guni' Fán ra diaga Mariá.,Juan le dijo algo en el oído a María.
ni7xtiidxa,rini' xtiidxa',-ni7 # x.tiidxa,EJG;RLC,vB:t,B,NO,1268,To speak one's own language (lit. to speak one's own words).,Hablar en su propia lengua (lit. decir sus propias palabras).,actions,,RLC,ri-ni7 # x.tiidxa,gi-ni!7 # x.tiidxa,gu-ni7 # x.tiidxa,ka-ni!7 # x.tiidxa ,,,,,4,2,Caní' Fán nè Fàna xtiidxa'ca.,Están hablando en su idioma.,Guni'ca' xtiidxa'ca'.,Hablaron en su idioma.
ni7zhadyaga,rini' xadiaga,-ni7 # zha+ dyaga,RLC,vB:i,B,NO,1269,"To whisper, to speak in someone's ear.","Cuchichear, hablarle al oído.",manner,,,ri-ni7 # zha+ dyaga,gi-ni^7 # zha+ dyaga (),gu-ni7 # zha+ dyaga,,,,,,3,1,Rini'be xadiaga.,Habla ella al oído.,,
ni7si,rini'sì',-ni7 +si*,EJG;RLC,vB:i,B,NO,1270,"To talk for the sake of talking, baselessly.","Hablar por hablar, sin fundamento.",manner,,RLC,ri-ni7 +si*,gi-ni!7 +si*,gu-ni7 +si*,,,,,,3,1,Rini'sì Mariá de Fán.,María habló de Juan así nomás.,,
ni7dxi7nya,rini'dxí'ña',-ni7=dxi!7nya,JLC;ND;RLC;VP,vB:t,B,NO,1271,To speak with the intention of annoying or harassing.,Hablar con intención de molestar.,actions,,,ri-ni7=dxi!7nya,gi-ni!7=dxi!7nya,gu-ni7=dxi!7nya,,,,,,3,2,Guni'dxí'ña' Fán Fàna.,Juan habló mal de Juana a propósito.,Rini'dxí'ña'pe'beni.,Lo habla a propósito.
ni7dxichi,rini'dxichi,-ni7=dxichi,EJG;JLC,vB:i,B,NO,1272,To speak clearly.,Hablar claro.,actions,,JLC;RLC,ri-ni7=dxichi,,,ka-ni!7=dxi7chi,,,,,2,1,Rini'dxichi Fán.,Juan habla bien claro.,,
ni7dxiinya,rini'dxiiña',-ni7=dxiinya,EJG;VC;VP,vB:i,B,NO,1273,To be delirious.,Delirar.,wellness,,,ri-ni7=dxiinya,,gu-ni7=dxiinya,ka-ni!7=dxiinya,,,,,3,1,Qué niní'dxiiña'dí'be.,No deliró Juan.,,
ni7dxindxi,rini'dxindxì,-ni7=dxindxi*,EJG;RLC,vB:t,B,NO,1274,To speak or say something clearly.,Hablar o decir algo claramente.,actions,,,ri-ni7=dxindxi*,gi-ni!7=dxindxi*,gu-ni7=dxindxi*,ka-ni!7=dxindxi*,,,,,4,1,Guni' dxindxìbeni racà.,Habló claramente.,,
ni7ike,rini'ique,-ni7=ike,EJG;JLC;VP,vB:i,B,NO,1275,"To think, to wonder, to imagine.","Pensar, reflexionar, imaginar.",actions,,,ri-ni7=ike,gi-ni!7=ike,gu-ni7=ike,,,,,,3,4,Caní'icu'.,Andas pensando en algo. (lit. tu cabeza está hablando),"Ni guni' ladxiduá'yá', ni guni' ique dxiquè.","Lo que dictó mi corazón, lo que primero me vino a la mente (lo que primero dijo mi cabeza)."
ni7lote,rini'lotè,-ni7=lote*,EJG;VC,vB:i,B,NO,1276,"To talk with a heavy tongue, describing the speech of a person who articulates words differently from most people.","Hablar con la lengua pesada, en referencia a una persona que articula sus palabras de manera distinta a la de la mayoría de la gente.",manner,,,ri-ni7=lote*,gi-ni!7=lote*,gu-ni7=lote*,,,,,,3,1,Qué rini'lotèdí'be.,No habla con pesadez.,,
ni7naxi,rini'naxhi,-ni7=naxi,VC,vB:i,B,NO,1277,To speak in a melodious way.,Hablar de manera mielosa.,manner,,JLC;RLC,ri-ni7=naxi,gi-ni!7=naxi,gu-ni7=naxi,,,,,,3,2,Rini'be nanaxhi.,Habla de manera mielosa.,Rini'naxhibe.,Habla de manera mielosa.
ni7ndazha,rini'ndaxa,-ni7=nda=zha,RLC,vB:i,B,NO,1278,To speak but not be listened to.,Hablar sin que se le haga caso a uno.,manner,,JLC;RLC,ri-ni7=nda=zha,gi-ni!7=nda=zha,gu-ni7=nda=zha,,,,,,3,3,(G)uni'ndaxa.,Habla aunque sea en vano.,(G)uni'nda xa amá.,"Habla, mamá, no me importa."
ni7ne,rininè',-ni7=ne*,JLC,vB:i,B,NO,1279,To talk to one another.,Hablar uno con otro.,communication,,,ri-ni7=ne*,gi-ni!7=ne*,gu-ni7=ne*,,,,,,3,2,Rini' Fán nè Fàna.,Juan habla con Juana.,Rini'nè' Fán Fàna.,Juan habla con Juana.
ni7paapa,rini'paapa',-ni7=paapa,EJG;RLC,vB:i,B,NO,1280,"To stutter, to stammer.",Tartamudear.,manner,,RLC,ri-ni7=paapa,gi-ni!7=paapa,gu-ni7=paapa,,,,,,3,1,Rini'paapa' Fán.,Tartamudea Juan.,,
ni7waawa,rini'huaahua',-ni7=waawa,RLC,vB:i,B,NO,1281,To speak incoherently.,Hablar sin coherencia.,manner,,,ri-ni7=waawa,gi-ni!7=waawa,gu-ni7=waawa,,,,,,3,1,"Òra re'taata' Fán, rini' huaahua'be.","Cuando toma mucho Juan, habla aguado.",,
ni7wiini,rini'huiini',-ni7=wiini,RGL;RLC,vB:i,B,NO,1282,"To speak softly, to be soft spoken.","Hablar bajito, ser calladito.",manner,,JLC,ri-ni7=wiini,gi-ni!7=wiini,gu-ni7=wiini,,,,,,3,1,Rini' huiini' xaique.,Habla despacito el jefe (i.e. es elocuente o sabe declamar libanà).,,
ni7xkaanda,rini'xcaanda',-ni7=x.kaanda,EJG;JLC;RGL;RLC;VP,vB:i,B,NO,1283,To dream.,Soñar.,cognition,,JLC;RLC,ri-ni7=x.kaanda,gi-ni!7=x.kaanda,gu-ni7=x.kaanda,,,,,,3,2,Caní'xcaandu'.,Estás soñando.,Guni'xcaanda' Fán Fàna.,Juan soñó con Juana.
ni7xtiidxa-2,rini'xtiidxa',-ni7=x.tiidxa,EJG;RLC,vB:i,B,NO,1284,To discuss in order to coordinate or to reach an agreement.,Ponerse de acuerdo.,communication,,,ri-ni7=x.tiidxa,gi-ni!7=x.tiidxa,gu-ni7=x.tiidxa,,,,,,3,2,Caní'xtiidxa'ca'.,Se están poniendo de acuerdo.,Caní'xtiidxa' Fán nè Fàna.,Se están poniendo de acuerdo Juan y Juana.
ni7xaatane,rini'xhaata'nè,-ni7=xaata=ne*,EJG;ND;RLC,vB:i,B,NO,1285,To give someone an earful.,"Regañar, sermonear.",communication,,JLC,ri-ni7=xaata=ne*,gi-ni!7=xaata=ne*,gu-ni7=xaata=ne*,,,,,,3,1,Guni'xhaata'nè Fán xiiñi'.,Regañó Juan a su hijo.,,
ni7xiiwi,rini'xhiihui',-ni7=xiiwi,EJG;JLC;ND;RLC,vB:i,B,NO,1286,"To speak too much. By extension, to speak carelessly, to speak without thinking.","Hablar demasiado. Por extensión, hablar a tontas, hablar sin pensar.",manner,,JLC;RGL,ri-ni7=xiiwi,gi-ni!7=xiiwi,gu-ni7=xiiwi,,,,,,3,1,Rini'xhiihui' Fán.,Juan habla de más.,,
niibidxacha,riniibì'dxacha,-niibi*=dxacha,EJG;RLC,vA:i,A,NO,1287,To shake violently.,Agitarse bruscamente.,states,,,ri-niibi*=dxacha,gi-nii*bi*=dxacha,bi-niibi*=dxacha,,,,,,3,1,Riniibì' dxacha mexá' dí' òra cayáca xu.,Se mueve fuerte la mesa cuando hay temblor.,,
niipi,riniipì',-niipi*,JLC,vA:i,A,NO,1288,"To smell, for a smell to be perceived.","Olerse, percibirse un olor.",perception,,,ri-niipi*,gi-nii*pi* (I),bi-niipi*,,,,,,3,1,Biniipì'ni pà galán ru' nuùni.,La olió (la comida) para ver si estaba buena.,,
niisi,riniisì',-niisi*,EJG;JLC;RLC;VP,vA:i,A,NO,1289,"To grow up, to grow old, to age.","Crecer, hacerse mayor, envejecer.",change of state,,JLC,ri-niisi*,gi-nii*si* (I),bi-niisi*,,wa-niisi*,,,,4,4,Biniisé'.,Crecí.,Biniisú'.,Crecíste.
nisa,rinisa,-nisa,RLC,vA:i vers,A,NO,1290,"To turn into water, to become watery, to melt.","Hacerse agua, derretirse.",change of state,,JLC;RLC,ri-nisa,gi-ni!sa,bi-nisa,,,,,,3,2,(Gu)inísa.,Que se haga agua; Que se aguade.,Má binisani.,Ya se derritió (lit. hizo agua).
niti,riniti,-niti,EJG;JLC;ND;RGL;RLC;VP,vA:i,A,NO,1291,To be lost.,"Perderse, extraviarse.",states,,,ri-niti,gi-ni!ti (),bi-niti,ka-ni!ti,,,,ri-niti* ~ re-niti*,5,3,Chí(gui)nitilu guidxilayu.,"Va a desaparecer el mundo entero (ej. por ciclón, diluvio o temblor).",Chínitilu.,Va a desaparecer.
nitigendabyaani,riniti (gu)endabiaani',-niti (g)enda+ b.y.aani,RLC,vA:i,A,NO,1292,To lose mental acuity due to illnesses such as the various types of dementia (lit. for light to be lost).,Perder capacidades cognitivas por enfermedades como los distintos tipos de demencia (lit. perderse la luz).,wellness,,RLC,,,,,,,,,0,1,Biniti (gu)endabiaani'.,Perdió la agudeza mental.,,
nitilu,rinitilu,-niti=lu,EJG;JLC;ND;RLC;VP,vA:i,A,NO,1293,"To disappear, to vanish.",Desaparecer.,actions,,,ri-niti=lu,gi-ni!ti=lu,bi-niti=lu,,,,,,3,3,Binitilube.,Desapareció él/ella.,Binitilu Daniel.,Desapareció Daniel.
nu-2,rinù,-nu*,EJG;JLC;ND;RGL;RLC;VC;VP,vA:t,A,NO,1294,"To approach. By extension, to accompany, to join, to collaborate with.","Acercarse, aproximarse. Por extensión, acompañar, convivir, colaborar.",actions,,RLC,ri-nu*,gi-nu*,bi-nu*,,,,,ri-nu*; ~ re-nu*; ~ chi!-nu*,4,5,Binùbe lii.,Se acercó a ti.,Cananù.,Anda acercándose.
nupi,rinupì,-nupi*,EJG;RLC,vA:i vers,A,NO,1295,"To get sticky, the way fingers get sticky after eating a juicy fruit.","Hacerse pegajoso, como ocurre con las manos después de comer una fruta jugosa.",change of state,,,ri-nupi*,gi-nu*pi*,bi-nupi*,,,,,,3,4,Binupì ná'yá' òra gudahuá' màngu.,Se me pegostearon las manos cuando comí mango.,Má binupì noú'.,Se pegosteó tu mano.
nyanya,riñaña,-nyanya,EJG;VC,vA:i vers,A,NO,1296,"To develop a bad or an unhealthy habit, to become addicted to a vice.","Agarrar una mala maña o una mala costumbre, enviciarse.",change of state,,,ri-nyanya,gi-nya!nya,bi-nyanya,,,za-nyanya,,,4,1,Zapà màña.,Va a agarrar mala maña.,,
o,ro,-o,EJG;JLC;ND;RGL;RLC;VP,vD(0>t):a,D,NO,1297,"To eat. By extension: to burn, to itch; have to deal with anger or disappointment; to have sex.","Comer. Por extensión: arder, picar, dar comezón; tener que aguantar un coraje o una frustración; tener sexo.",actions,,JLC,r.o,g.o!,gu-d.o,ka-y.o!,,z.o,,,5,7,Cayólo'; Cayóu'.,Estás comiendo.,Cayó xpinnì Tínni ra caguítecabe tala'chi'; tala'dxi'.,La gente de Tín se están llevando una frustración en el juego de pelota de esponja (porque están perdiendo).
oba7dxi,ro bá'dxi',-o # ba!7dxi,JLC;RLC,vD(0>t):t,D,NO,1298,"To take a hard knock on the head with the knuckles, to be greatly disappointed.","Llevarse un coscorrón, llevarse un fiasco.",actions,,,,,,,,,,,0,2,Gudo gàbi bá'dxi' quí nucháaca'be xhaba.,"Se llevó una decepción Gaby, no le cambiaron su vestido.",Ro Fán bá'dxi'.,Juan se llevó un chasco.
obizhidu7,ro bixidú',-o # bi-zhidu!7,EJG;JLC;VP,vD(0>t):t,D,NO,1299,To kiss.,Besarse.,actions,,EJG;RLC,r.o bi-zhidu!7,,,,,,,,1,2,Ro Fán bixidú' nanìxè.,Juan besa rico.,Ro Fán bixidú' nè Fàna.,Juan se besa con Juana.
onana,ro nana,-o # na-na,JLC;RLC,vD(0>t):t,D,NO,1300,"To be disappointed, to be tricked.","Llevarse un fiasco o decepción, caer en una trampa.",experience,,,,,,,,,,,0,3,Gudo Daisy nana quí guìnnìnu.,Daisy se llevo una decepción por que no estabamos (cuando vino a vernos).,Ro Fán nana.,Juan se lleva un maltrato.
oyu,ro yu,-o # yu,ND;RLC,vD(0>t):t,D,NO,1301,Chilblain.,Sabañón.,wellness,,EJG;JLC;RLC,,,,,,,,,0,1,Cayó yu.,Está comiendo tierra.,,
odi,rodì,-o=di*,EJG;JLC,vD(0>t):t,D,NO,1302,"To be jealous, to be angry.",Darle envidia o coraje.,states,,,r.o=di*,,gu-d.o di*,,,z.o di*,,,3,4,Gudodì naa.,Me dio coraje.,Rodì Fán quí guìnnì Tomás.,Le da coraje a Juan porque no está Tomás.
ola7na,rola'na',-o=la7na,EJG;FSL;JLC;RLC;VC;VP,vD(0>t):t,D,NO,1303,"Referring to dogs, to bite without prior warning in the form of a growl or a bark.","Dicho de los perros, morder sin antes prevenir con un gruñido o ladrido.",actions,,RLC,r.o=la7na,,gu-do=la7na,,,,,,2,2,Gudola'na' bi'cu'.,Mordió el perro a Juan sin antes ladrarle.,Rola'na'me.,Perro que muerde pero no ladra.
olaya,rolaya,-o=laya,RGL,vD(0>t):t,D,NO,1304,To grind one's teeth.,Apretar o rechinar los dientes.,actions,,,r.o=laya,g.o!=laya,gu-d.o=laya,,,,,,3,3,"Òra nisiaasi' Gàbi lá, ro laya.","Cuando duerme Gaby, rechina los dientes.",Quí rolayadí'be.,No rechina los dientes.
orwaa,roruaa,-o=rwaa,EJG;JLC;RLC,vD(0>t):t,D,NO,1305,"To nibble, to mash one's gums.","Mordisquear, tallarse las encías.",actions,,RLC,r.o=rwaa,,gu-d.o=rwaa,,,,,,2,1,Gudoruaa Fán gueta.,Juan mordisqueó la tortilla.,,
otaata,rotaata',-o=taata,EJG,vD(0>t):t,D,NO,1306,To eat excessively.,Comer demasiado.,actions,,,r.o taata,,,,,z.o taata,,,2,1,Rotaata' Tòto.,Come mucho Toto.,,
oxti,roxtì,-o=x.ti*,JLC,vD(0>t):t,D,NO,1307,"To be jealous, to be angry.",Darle envidia o coraje.,actions,,RLC,,,gu-do=x.ti*,,,,,,1,1,Gudoxtì Fán naa.,Me carcomió el coraje de Juan.,,
oxi,roxhì,-o=xi*,EJG;JLC;ND;VP,vD(0>t):t,D,NO,1308,To have dinner.,Cenar.,actions,,EJG;JLC,r.o xi*,,gu-d.o xi*,,,,,,2,6,Cayóxhi.,Está cenando.,Gudii Fàna guendaroxhì Fán.,Juana le dio la cena a Juan.
oyaa,royaa,-o=yaa,EJG;JLC;ND;RLC;VP,vD(0>t):t,D,NO,1309,"To bite. By extension, to cast the evil eye on someone.","Morder. Por extensión, hacerle mal de ojo a alguien.",actions,,,r.o=yaa,g.o!=yaa,gu-d.o=yaa,ka-y.o! yaa,,,,,4,6,"Cádi chí nètu xiiñi'tu ra cà lá, porrque zoyaa cabe laa.",No lleven a sus hijos porque les van a hacer ojo.,Gudoyaa bi'cu' mixtú'.,Mordió el perro al gato.
paampa,ripaàmpà',-paa*mpa*,JLC,vA:i vers,A,NO,1310,"To become smooth, to become flat, to be cleared out or stripped to be made smooth or flat.","Alisarse, nivelarse, limpiarse de manera que quede liso.",change of state,,,ri-paa*mpa*,gi-paa*mpa*,bi-paa*mpa*,,,,,,3,4,La'chi' paàmpà'.,Terreno abierto.,Mexá' pàmpà.,Mesa lisita.
paaparwaa,ripaapa'ruaa,-paapa=rwaa,EJG;JLC;ND;VP,vA:i,A,NO,1311,To stutter.,Tartamudear.,actions,,,ri-paapa rwaa,gi^-pa!apa rwaa (),bi-paapa rwaa,,,,,,3,2,Ripaapa' ruaa Fán.,Juan tartamudea.,Ti ruaa (na)paapa'.,Una boca que tartamudea (lit. revolotea)
paaxu,ripaaxhù',-paaxu*,EJG;JLC;ND;RGL;VP,vA:i vers,A,NO,1312,"To become crushed, to be deformed under weight.","Aplastarse, abollarse, deformarse.",change of state,,VC,ri-paaxu*,gi-paa*xu*,bi-paaxu*,,,,,,3,0,,,,
pandu,ripandu,-pandu,EJG;JLC;ND;VP,vA:i vers,A,NO,1313,"To become bent, to buckle, to warp.","Doblarse, enchuecarse, abollarse.",change of state,pando,EJG;JLC;ND;RGL;RLC,ri-pandu,gi-pa!ndu,bi-pandu,,,,,,3,1,Bipandu nà' Fán.,Se enchuecó la mano de Juan.,,
papa,ripapa,-papa,EJG;JLC;ND;RGL;VP,vA:i,A,NO,1314,"To fly, to become airborne.","Volar, elevarse en el aire.",actions,,EJG,ri-papa,gi-pa!pa (),bi-papa,,,,,,3,6,Abión ripapa lu bi.,El avión vuela en el aire.,Ripapa lu nisa; Ripapa ndaani' nisa.,Vuela en el agua (el pez).
papala7dxido7,ripapala'dxido',-papa=la7dxi=do7,RGL;RLC,vA:i,A,NO,1315,For the heart to beat fast.,Latir rápido el corazón.,actions,,,,,,,,,,,0,2,Capápala'dxido'.,Le está palpitando el corazón (ej. por susto).,Capápa ladxido' Rosa.,Le está palpitando el corazón.
peepe,ripeepe',-peepe,EJG;ND,vA:i,A,NO,1316,"To soften, to become flaccid.","Reblandecerse, aguadarse.",change of state,,,ri-peepe,gi-pe!epe,bi-peepe,,,,,,3,3,Bipeepe' gueta.,Se aguadó la tortilla.,Ripeepe' gueta ndaani' lari.,Se aguada la tortilla en la servilleta.
piizi,ripiìzì',-pii*zi*,EJG;ND,vA:i,A,NO,1317,"To become smaller, to reduce in size.","Empequeñecerse, reducirse de tamaño.",change of state,,,ri-pii*zi*,gi-pii*zii*,bi-pii*zi*,,,,,,3,2,Bipiìziì Fán dxi biete.,Se hizo chiquito Juan cuando bajó de peso.,Zaà (gu)ipiìziì.,Que se haga chiquito.
piipi,ripiipì',-piipi*,EJG;JLC;ND;VC,vA:i,A,NO,1318,"To get the heebie-jeebies, to feel the physical manifestations of fear.","Sentir ñáñaras, sentir las manifestaciones físicas del miedo.",emotion,,EJG;JLC;RLC,ri-piipi*,gi-pii*pi*,bi-piipi*,,,,,,3,1,Ripiipì'.,Siente los párpados pesados (por el alcohol).,,
piipigiiru,ripiipì'guiiru',-piipi*=giiru,EJG;JLC;RLC,vA:i,A,NO,1319,To feel the physical manifestations of fear even in the anus due to the intensity of the fear.,Sentir las manifestaciones físicas del miedo hasta en el culo debido a la intensidad del miedo.,experience,,,ri-piipi* giiru,,,,,,,,1,1,Ripiipì'xquiiru' Fán òra gú'ya' Pèdru.,Le da miedo a Juan cuando ve a Pedro.,,
piipilu,ripiipì'lu,-piipi*=lu,EJG;JLC;ND;VC,vA:i,A,NO,1320,For drunkedness to be evident in the face.,Hacerse evidente en la cara la intoxicación por alcohol.,change of state,,,ri-piipi* lu!,,bi-piipi* lu!,,,,,,2,2,Má capiìpì' lu Fán ti cayé' nisa dxú'ni'.,Ya lo siente Juan porque está tomando licor.,Ripiipì' lu Fán tí güe' nisadxú'ni'.,Le da vergüenza a Juan porque tomó alcohol.
piipiralaga,ripiipì'ralaga,-piipi*=ra=laga,RLC;VC,vA:i,A,NO,1321,To feel the physical manifestations of shame in the eyes (i.e. to look down in shame).,Sentir en los párpados las manifestaciones físicas de la vergüenza (i.e. bajar la vista por vergüenza).,actions,,JLC;RLC,ri-piipi* ra^+ laga,,,,,,,,1,3,"Nín ripiipì' ra laga ngà, zubàracà.","No tiene vergüenza, está sentado (tomando enfrente de todos).",Ripiipì' ra laga.,Le pesan los párpados.
piiru,ripiiru',-piiru,EJG,vA:i,A,NO,1322,To shave oneself.,"Rasurarse, raparse.",change of state,,RLC,ri-piiru,gi-pi!iru,bi-piiru,ka-pi!iru,,,,,4,2,Bipiiru'.,Se rapó.,(Gu)ipíiru'.,Que se rasure.
poota,ripoòtà',-poo*ta*,RLC,vA:i,A,NO,1323,"To become big, in the sense of gaining weight.","Hacerse grande, en el sentido de engordar.",change of state,,,ri-poo*ta*,gi*-poo*ta*,bi-poo*ta*,,,,,,3,1,Bipoòtà'be.,Se engordó.,,
priiga,ripriiga',-priiga,EJG;ND,vA:i,A,NO,1324,To become nervous or fearful.,Ponerse nervioso o temeroso.,change of state,,,ri-priiga,,bi-priiga,ka-pri!iga,,,,,3,1,Capríigabe guiúube gundaabe ríi.,"Le da miedo entrar, quebró el cántaro. (expresión familiar)",,
ree,riree,-r.ee,EJG;JLC;ND;RGL;VP,vA:i,A,NO,1325,"To leave, to get out, to appear, to escape, to extricate oneself.","Salirse, sacarse, quitarse, aparecer, escaparse o zafarse de algo.",motion,,,ri-r.ee,gi-r.e!e (),bi-r.ee,ka-r.e!e,wa-r.ee7 ~ wa-r.e*7,za-r.ee,,,6,6,"Biree rari', má xadxi caziñelu'.","Quítate de aquí, hace rato que estás molestando.",Má nuùbe jneza para (gu)iréebe.,Ya está para salir (el bebé).
reegana,riree gàna,-r.ee # ga*na,JLC;RLC,vA:i,A,NO,1326,For interest or desire to leave the person.,Quitársele las ganas.,emotion,gana,EJG;VC,,,bi-r.ee # ga*na,,,,,,1,3,Biree Fàna gàna.,Se le quitaron las ganas a Juana.,Má bireebe gàna.,Ya se le quitaron las ganas.
reejneza,riree jneza,-r.ee # j.neza,EJG;RLC,vA:i,A,NO,1327,To come out well.,Resultar bien.,change of state,,RLC,,,bi-r.ee # j.neza,,,za-r.ee zh.neza,,,2,2,Biree Javier xneza ra scuèla.,Salió bien Javier en la escuela.,Quí nirée neza.,No salió bien.
reelu,riree lu,-r.ee # lu,JLC,vA:i,A,NO,1328,To appear in front of one's eyes.,Aparecer ante uno.,perception,,,,,bi-r.ee # lu,,,,,,1,1,Bireebe luá'.,Apareció frente a mí / ante mis ojos.,,
reemedida,riree medìda,-r.ee # medi*da,RGL,vA:t,A,NO,1329,"To take a measurement, to measure.","Sacar medida, medir.",actions,medida,,,,,,,,,,0,1,Bireebe medìda.,Tomó la medida.,,
reeka,rireecà',-r.ee +ka*,RLC;VC,vA:i,A,NO,1330,"To come out of an arduous task such as giving birth, raise children until they become financially independent, to dock a vessel, or from a situation of uncertainty.","Salir de una situación que representó mucho esfuerzo como por ejemplo parir, criar hijos hasta que logran su independencia económica, atracar una barca, terminar una tarea ardua, o pasar de lo incierto a lo seguro.",experience,,JLC;RGL,ri-r.ee +ka*;  bi-r.ee +ka*,gi-r.e!e +ka*,,,,,,,2,0,,,,
reeguuna,riree guuna',-r.ee g.uuna,VC;VP,vA:i,A,NO,1331,"To be discarded, to be set aside for discarding.","Desecharse, separarse para desechar.",change of state,,,,,,,,,,,0,0,,,,
reeguniti,riree guniti,-r.ee gu-niti,EJG,vA:i,A,NO,1332,To end up losing because of a bad business deal.,Salir perdiendo por haber hecho un mal negocio.,commerce,,,,,bi-r.ee gu-niti,,,za-r.ee gu-niti,,,2,1,Biree gunitinèbe.,Salió él perdiendo (en el negocio).,,
reeguzaabi,riree guzaabi',-r.ee gu-zaabi,EJG;JLC,vA:i,A,NO,1333,To end up in debt.,Salir endeudándose.,subsistence,,VC,,,bi-r.ee gu-zaabi,,,za-r.ee gu-zaabi,,,2,2,Biree guzaabi'be binnì.,Quedó debiendo a la gente.,Biree gu'zaabi' Fán.,Juan salió debiendo.
reeguudxizhii,riree guudxì' xii,-r.ee guudxi* zhii,RGL,vA:i,A,NO,1334,To have a runny nose.,Moquear.,wellness,,RLC,ri-r.ee guudxi*=zhii,gi-r.e!e guudxi*=zhii,bi-r.ee guudxi*=zhii,,,,,,3,2,Òra napà binnì idxaga lá riree guudxì' xii.,"Cuando tiene la gente gripa, les sale moco.",Riree guudxì' xii Fán.,Le sale moco a Juan.
reenisabakaandarwaa,riree nisabacaanda' ruaa,-r.ee nisa=ba-kaanda rwaa,RGL;RLC,vA:i,A,NO,1335,To drool while sleeping.,Babear al dormir.,states,,,ri-r.ee # nisa=ba-kaanda rwaa,gi-r.e!e # nisa=ba-kaanda rwaa,bi-r.ee # nisa=ba-kaanda rwaa,,,,,,3,2,Riree nisa bacaanda' ruaa Gabriela.,Gabriela babea dormida.,Riree ruaa Gabrièla nisa bacaanda'.,Babea dormida Gabriela.
reebyeke,rireebieque,-r.ee=b.y.eke,EJG;JLC;VP,vA:i,A,NO,1336,To become untangled.,Desenredarse.,change of state,,,,,bi-r.ee=b.y.eke,,,,,,1,4,Bireebieque doo.,Se desenredó el mecate.,Quí niréebiequedí' guicha ique.,No se desenredó el cabello.
reebya7,rireebia',-r.ee=bya7,EJG;RLC,vA:i,A,NO,1337,"For meat to be sliced, for fabric to be cut in strips, for hair to be parted.","Salir en tiras, ej. tiras de tela, tiras de carne, la raya en el cabello.",food,,RLC,ri-r.ee=bya7,,,ka-r.e!e=bya7,,za-r.ee=bya7,,,3,1,Quí niréebia'dí'.,No se sacó la medida.,,
reechu,rireechù,-r.ee=chu*,EJG;JLC;VP,vA:i,A,NO,1338,To become separated.,"Separarse, apartarse.",change of state,,,ri-r.ee chu*,,bi-r.ee chu*,,,za-r.ee chu*,,,3,3,Bireechù' Fán nè Pèdru.,Juan y Pedro se separaron.,Má rireechù Fán.,Siempre se aparta Juan.
reechuuchi,rireechuùchì',-r.ee=chuu*chi*,EJG;JLC;VP,vA:i,A,NO,1339,To become slippery.,Hacerse resbaloso.,change of state,,EJG;JLC;RLC,ri-r.ee chuu*chi*,,bi-r.ee=chuu*chi*,za-r.ee chuu*chi*,,,,,3,2,Bireechuùchì' ñee bidxiñà.,Se resbaló el venado.,Chupà tìru bireechuùchì' ñeé'.,Dos veces se resbaló mi pie.
reechwi7,rireechui',-r.ee=chwi7,EJG;JLC;VP,vA:i,A,NO,1340,To become slippery.,Hacerse resbaloso.,change of state,,,ri-r.ee=chwi7,,bi-r.ee=chwi7,,,za-r.ee=chwi7,,,3,3,Bireechui' nayá'.,Se me resbaló la mano.,Bireechui' ñee Fán.,Se resbaló su pie de Juan.
reechwi7zha7na,rireechui' xa'na',-r.ee=chwi7 zha7na,RLC,vA:i,A,NO,1341,To fall on one's butt after stepping on something slippery.,Caer de sentón al pisar algo que se hizo resbaloso.,experience,,,,,bi-r.ee=chwi7=zha7na,,,,,,1,1,Neegue' bireechui' xaná'.,Ayer me di un sentón.,,
reedaabi,rireedaàbì',-r.ee=daa*bi*,EJG;JLC;ND,vA:i,A,NO,1342,To end up in a jam as a result of a bad business deal that generated losses and/or debt.,Acabar en un atorón por haber hecho un mal negocio que causó pérdidas y/o deudas.,experience,,RLC,,,bi-r.ee=daa*bi*,,,za-r.ee=daa*bi*,,,2,3,Biree daàbì'be nè ca' ni rutoobe.,Salió perdiendo con los que vende ella.,Bireedaàbì' Fán nè guendarutoo xtì'.,Salió debiendo Juan con su venta.
reegite,rireeguite,-r.ee=g.ite,EJG;ND,vA:i,A,NO,1343,For a horse to come out bucking.,Salir con cabriolas el caballo.,animals,,,,,bi-r.ee gite,ka-r.e!e gite,,za-r.ee gite,,,3,2,Bireeguite maní'.,Se encabritó el caballo.,Zareeguite.,Se encabritará.
reegi,rireegui,-r.ee=gi,RLC,vA:i,A,NO,1344,"For the fireworks bull to come out. This is a bamboo frame roughly shaped as a bull, and which is outfitted with fireworks. A man carries the frame on his shoulders and runs around among attendees to a festivity, playfully chasing after them.",Salir el torito de los fuegos artificiales que se acostumbran en las fiestas.,cultural practices,,,ri-ree=gi,,,,,,,,1,1,Òra cayáca saa riree gui.,Cuando hay fiesta sacan el torito y lo queman.,,
reegidiladi,rireegui'di (ladi),-r.ee=gidi (ladi),JLC;RLC,vA:i,A,NO,1345,"For skin to peel off, to be skinned.",Despellejarse.,change of state,,,ri-r.ee=gidi (ladi),,bi-r.ee gidi=gidi (ladi),,,,,,2,3,Biree guidi beenda'.,Cambió de piel la serpiente.,Biree guidi nà' Fán lu gui.,Se le peló la mano a Juan en la lumbre (porque se quemó).
reejneza-2,rireejneza,-r.ee=j.neza,RLC,vA:i,A,NO,1346,For a path to clear.,Abrirse el camino.,change of state,,RLC,,,bi-r.ee j.neza,,,,,,1,1,Biree xneza nisa.,Sacó el camino para que pase el agua.,,
reekwe7,rireecue',-r.ee=kwe7,JLC,vA:i,A,NO,1347,To move to the side.,Hacerse a un lado.,actions,,,ri-r.ee kwe7,,bi-r.ee kwe7,,,,,,2,1,Bireecue' Fán.,Juan se apartó (dejó donde estaba y se fue).,,
reemudu,rireemudù,-r.ee=mudu*,JLC;VP,vA:i,A,NO,1348,For a bud to sprout.,Salir botón en una planta.,cultivation,,,ri-r.ee mudu*,,,,,,,,1,2,Lu màyu riree mudùcà xtì'ni.,En mayo salen sus flores.,Zabee yagacà mudù.,El árbol va a sacar flor.
reenaa,rireenaa,-r.ee=naa,EJG;VC,vA:i,A,NO,1349,This verbal collocation is used in the completive aspect as an imperative expression to make someone leave.,"Esta colocación se usa en el aspecto completivo a manera de orden para correr a alguien, ej. ¡sácate de aquí!",speech acts,,,,,bi-ree naa,,,,,,1,1,Biree la' xa ba'du'.,"Sácate de aquí, niño.",,
reenanda,rireenà'ndà,-r.ee=nanda*,EJG;JLC;RGL;VP,vA:t,A,NO,1350,"To go after, to chase.","Salir a seguirle, perseguirle, corretearle, correrle.",actions,,RLC,ri-r.e(e) na*nda*,gi-r.e!e=na*nda*,bi-r.ee=n.a*nda*,ka-r.e!e na*nda*,,za-r.ee na*nda*,,,5,2,Bireenàndà bixhoze Fàna Fán.,El papá de Juana corrió a Juan.,Rireenàndà Fán Pèdru.,Juan persigue a Pedro.
reendu,rireendu,-r.ee=ndu,EJG;JLC;VC,vA:i,A,NO,1351,"This phrasal verb describes how the dough from which tortillas will be made is kneaded. By extension, for a goal to be achieved.","Este verbo de frase describe la acción de generarse la masa con la que se elaborarán tortillas. Por extensión, lograrse un objetivo.",processes,,,ri-r.ee=ndu,gi-re!e=ndu,bi-r.ee=ndu,,,za-r.ee=ndu,,,4,3,Bireendu Fán.,Juan se graduó.,(Gu)iréendu Olìbia ti (gu)ichaga nà'.,Que termine la carrera Olivia antes de casarse.
reene,rireenè,-r.ee=ne*,EJG,vA:i,A,NO,1352,To escape with someone.,Escaparse o fugarse con alguien.,experience,,EJG;VC,ri-r.ee=ne*,,bi-r.ee=ne*,,,,,,2,0,,,,
reenyee,rireeñee,-r.ee=nyee,EJG;ND;RLC,vA:i,A,NO,1353,"To elucidate, to clarify.","Esclarecer, poner en claro.",actions,,,,,bi-r.ee nyee,,,za-r.ee nyee,,,2,3,Mà' biree ñeeni pà làdu zeèdà' ndà gu'ti' xtì'be.,Ya investigaron lo del muerto.,Má bireeñee pà làdu zeèdà'.,Ya sacaron cuenta de dónde viene (en el caso de investigar la relación entre una familia y un pariente perdido).
reeri7ka7,rireerì'cá',-r.ee=ri*7 +ka!7,EJG;RLC,vA:i,A,NO,1354,To bolt or flee hurriedly as a result of being startled or tricked.,Salir disparado por llevarse un susto o un chasco.,manner,,,,,,,,,,,0,2,De bireericá'be.,Se llevó un chasco.,Quí nirée ricá'dí'be.,No salió disparada por el susto.
reerronda,rireerrònda,-r.ee=rro*nda,JLC,vA:i,A,NO,1355,For an irrigation canal to be dug around a crop field.,Trazarse un canal de riego alrededor de un campo de cultivo.,cultivation,ronda,,,,,,,,,,0,1,Ririreerò'nda nite.,Hacen surcos en (el campo de) caña.,,
reexki7,rireexqui',-r.ee=x.ki7,EJG,vA:i,A,NO,1356,To be disemboweled.,Destriparse.,change of state,,,ri-r.ee=x.ki7,,,,,za-r.ee x.ki7,,,2,1,Rireexqui' benda.,Se destripa el pescado.,,
reexkwi,rireexcui,-r.ee=x.kwi,EJG;JLC;RGL;RLC,vA:i,A,NO,1357,"To be skinned, to be stripped, to molt.","Pelarse, despellejarse, descortezarse, mudar (dicho de los animales que cambian de plumaje o de pelaje).",change of state,,RLC,ri-r.ee=x.kwi,gi-r.e!e=x.kwi (),bi-r.ee=x.kwi,ka-re!e=x.kwi,,za-r.ee x.kwi,,,5,2,Bireexcui ladi bi'cu'.,Se le peló la piel al perro.,Caréexcui ladi Fán.,Se le está cayendo la piel a Juan (por enfermedad).
reeyabe,rireeyàbe,-r.ee=ya*be,JLC,vA:i,A,NO,1358,To open with a key.,Abrirse con llave.,manner,llave,,,,,,,,,,0,1,Riree yàbe puertá'.,Se abre la puerta con llave.,,
reeyaande,rireeyaàndè',-r.ee=yaa*nde*,EJG;JLC;VP,vA:i,A,NO,1359,"To become detached, loose or unsecured to the point of falling.",Zafarse o soltarse al punto de caerse.,change of state,,RLC,ri-r.ee yaa*nde*,,bi-r.ee=yaa*nde*,,,,,,2,5,Bireeyaàndè' Fán.,Juan se cayó (de algún lugar).,Bireeyaàndè Fán lu yaga.,Juan se cayó del árbol.
reeyati,rireeyati,-r.ee=yati,EJG,vA:i,A,NO,1360,"For the limbs to tire out, and more generally, to weaken.","Cansarse las extremidades del cuerpo, debilitarse.",change of state,,RLC,ri-r.ee yati,,,ka-r.e!e yati,,,,,2,1,Caréeyati xa'nu' tàntu zubú'.,Se está cansando tu nalga de tanto sentarte.,,
reeza,rireezà,-r.ee=za*,EJG,vA:i,A,NO,1361,To go on a stroll.,Pasear.,states,,,ri-r.ee za*,,bi-r.ee za*,,,,,,2,1,Bireezà Rèyna nuchí'.,Reina salió a pasear anoche.,,
reezhyeke,rireexieque,-r.ee=zh.y.eke,EJG;JLC;VP,vA:i,A,NO,1362,"To spin, to turn.","Girar, dar vueltas.",states,,,ri-r.ee zh.y.eke,,,,,,,,1,1,Rireexieque lari ndaani' guiiba' riguiibi' lari.,Se sarandea la ropa adentro de la máquina lavadora.,,
reezhya,rireexià,-r.ee=zhya*,RGL;RLC,vA:i,A,NO,1363,"To graduate, to finish a schooling cycle (lit. for dregs to be removed).","Titularse, terminar un ciclo educativo (lit. salirse los residuos).",life stages,,EJG;JLC,ri-r.ee=zhya*,gi-r.e!e=zhya* (),bi-r.ee=zhya*,,,,,,3,2,Bireexiàbe.,Sacó su título.,Saa ra bireexià.,Fiesta de término de estudios.
ra,rira,-ra,EJG;JLC;ND;RGL;VP,vA:i,A,NO,1364,"To run out, to be consumed.","Acabarse, agotarse, consumirse.",change of state,,,ri-ra,gi-ra! (),bi-ra,ka-ra!,,za-ra,,,5,4,Bira gueela' nuù nada'gu'.,Amaneció nublado.,Bira ni nè.,Se acabó todo lo que traía.
rageela,rira gueela',-ra # geela,JLC;RLC,vA:i,A,NO,1365,For the day to break (lit. for the night to end).,Amanecer (lit. acabarse la noche).,change of state,,,,,bi-ra # geela,,,,,,1,2,Bira gueela'.,Ya amaneció. (lit. terminó la noche),Birayá' gueela'.,Amanecí.
raru7,rirarú',-ra +ru!7,EJG;VC,vA:i,A,NO,1366,"This verb phrase has a meaning similar to that of adverbs such as ""completely"" and ""comprehensively"".","Esta frase verbal tiene un significado comparable al del adverbio ""completamente"" y ""exhaustivamente"", o las frases adverbiales ""del todo"" y ""hasta acabar"".",manner,,EJG;JLC;RLC,ri-ra +ru!7,,bi-ra +ru!7,,,,,,2,2,Birarú' guendaró runibe.,Hace todo tipo de comida.,Birarú' ni runibe ra rí'.,Acabó por completo con lo que hizo aquí.
raa,riraà,-raa*,EJG;JLC;ND;RGL;RLC;VP,vA:i vers,A,NO,1367,"To become scraped. By extension, to be cleaned by way of friction.","Rasparse, pelarse. Por extensión, limpiarse a base de fricción.",actions,,EJG;JLC;RLC,ri-raa*,gi-raa* (I),bi-raa*,ka-raa*,,za-raa*,,,5,6,Biraà.,Raspado.,Biraà lu.,Se le raspó la cara.
raabenda,riraà benda,-raa* # benda,EJG,vA:t vers,A,NO,1368,To skin fish.,Descamar el pescado.,processes,,,,,bi-raa* be^nda,,,za-raa* be!nda,,,2,1,Biraàbe benda.,Descama el pescado.,,
raayaga,riraà yaga,-raa* # yaga,EJG,vA:t vers,A,NO,1369,To carve wood.,Labrar madera.,actions,,RLC,,,bi-raa* # ya^ga,,,za-raa* ya^ga,,,2,1,Biraàbe yaga.,Labró la madera.,,
raaya,riraaya',-raaya,EJG;RLC,vA:i vers,A,NO,1370,"To become rough, scratchy, or coarse.","Ponerse áspero, rasposo, o rugoso.",change of state,,,ri-raaya,gi-ra!aya,bi-raaya,,,,,,3,3,Biraaya' ladi.,Se puso su piel áspera.,(Gu)irà' iza riraaya' ladé'.,Cada año se me pone la piel áspera.
racha,riracha,-racha,EJG;RLC;VP,vA:i vers,A,NO,1371,To become entangled.,Enmarañarse.,change of state,,EJG;RLC,ri-racha,gi-ra!cha,bi-racha,,,,,,3,4,Biracha.,Se deshilachó.,Má biracha lu laridí'.,Ya se deshilachó este trapo.
rachagichaike,riracha guicha ique,-racha # gicha ike,EJG,vA:i vers,A,NO,1372,For hair to become disheveled.,Despeinarse.,actions,,EJG;JLC;ND,ri-racha # gicha ike,gi-ra!cha # gicha ike,bi-racha # gicha ike,,,,,,3,2,Quí niráchadí' guicha iquebe.,No se despeina ella.,Riracha iquebe.,Se le despeina el cabello.
reeche,rireechè',-reeche*,EJG;JLC;ND;VP,vA:i,A,NO,1373,"To be spread out, to be spilled, to be broadcasted, to be disseminated.","Esparcirse, regarse, diseminarse, difundirse.",change of state,,,ri-reeche*,gi-ree*che* (I),bi-reeche*,,,za-reeche*,ni-ree*che*,,5,3,"Bidxiichì', bireechè' bìli xtì'.",Hizo coraje y se le derramó la bilis.,Rireechè'.,Se disemina.
reechekwaananaxi,rireechè' cuaana'naxhi,-reeche* # kwaana=naxi,EJG;RLC,vA:i,A,NO,1374,"During the velas celebration, a floats parade takes place. Those on the floats traditionally throw fruit as gifts for spectators. This verb refers to this action. Nowadays, fruit has been largely replaced by gifts of everyday use such as soap, utensils, etc.",Este verbo describe la actividad cultural conocida como la regada de frutas durante las velas.,cultural practices,,,,,bi-reeche* # kwaana=naxi,,,,ni-ree*che* # kwaana=naxi,,2,2,Bireechè' cuaana'naxhi.,Se regó la fruta.,Quí nireèchè'dí' cuaana'naxhi.,No repartieron fruta.
reechena7,rireechè'nà',-reeche*=na*7,EJG,vA:t,A,NO,1375,To distribute among everyone without exception.,Repartir entre todos sin excepción.,actions,,,,,,,,za-reeche* na*7,,,1,1,Bicheechè'nà'lu' xquetalu'.,Les repartiste tu tortilla a todos.,,
reechendase,rireechè'ndase,-reeche*=nd.ase,EJG;JLC;ND;RLC;VP,vA:i,A,NO,1376,"To be spread out, to be spilled, to be broadcasted, to be disseminated. This verb alludes to the fact that what was dispersed ended up in small and scattered parts.","Esparcirse, regarse, diseminarse, difundirse. Con este verbo se hace alusión al hecho de que lo que se regó acabó en partes pequeñas y dispersas.",manner,,,ri-reeche* nd.ase,,bi-reeche* nd.ase,,,za-reeche* nd.ase,,,3,4,Bireechè'ndase xhaba Fán.,Se regó su ropa de Juan.,Rireechè'ndase xhaba Fán.,Se riega su ropa de Juan.
reela,rireelà',-reela*,ND;VC,vA:i vers,A,NO,1377,"To become sunken and/or leathery, as in the case of stunted fruits (ex. cucurbits such as melon, watermelon, pumpkin, cucumber) when cut too early or too late.","Enjutarse, como cuando una fruta (ej. las cucurbitáceas como el melón, sandía, calabaza, pepino) pierde sustancia y sabor porque se ha cortado antes de tiempo o demasiado tarde.",change of state,,,ri-reela*,gi-ree*la*,bi-reela*,,,,,,3,1,Zareelà'.,Se quedará sin sabor (la fruta).,,
renda,rirendà,-renda*,EJG;JLC;RGL;VP,vA:i,A,NO,1378,"To become tangled in, to become wrapped in.","Enredarse, envolverse (ej. con una sábana).",change of state,,,ri-renda*,gi-re!nda*; ~ gi-re*nda*; (I),bi-renda*,ka-re*nda*,,,,kana r.enda*,5,4,Birendàbe lari.,Se envolvió en un trapo.,Ñee narèndà.,Los pies deformados.
rendanyee,rirendàñee,-renda*=nyee,JLC,vA:i,A,NO,1379,To trip over one's own feet.,Tropezarse porque se enredan los pies.,actions,,,ri-renda* nye^e,,bi-renda* nye^e,,,,,,2,1,Birendàñee Fán.,Se tropezó Juan.,,
reza,rireza,-reza,EJG;JLC;RGL;RLC;VP,vB:i,B,NO,1380,"To tear, to rupture, to rip. This lexeme is used in relation to cloth, paper, skin, as well as the soil.","Romperse, rajarse, rasgarse, desgarrarse. Se usa con relación a tejidos como la tela, el papel, la piel, así como la tierra.",change of state,,,ri-reza,gi-re!za,gu-reza,,,,,,3,2,Chíreza.,Se va a reventar.,G(u)reza ti ndaà ra nacàbe gunaa.,Se desgarra la mujer durante el parto.
riga,ririga,-riga,RLC,vA:i vers,A,NO,1381,To become hollow or empty.,"Hacerse hueco, vaciarse.",change of state,,,ri-riga,gi-ri!ga,bi-riga,,,,,,3,2,Biriga nde ñuyé estáusunìdu.,"Más bien la desfloraron en Estados Unidos (se lo dijeron a una muchacha que se hacía que por irse a Estados Unidos ya no sabe hablar didxazá y no supo decir cómo se llaman las hormigas, 'biri' en didxazá).",(Gu)iríga.,Que sea haga hueco.
riki7,ririquí',-riki!7,JLC;RLC,vA:i,A,NO,1382,To get or turn upside down.,Ponerse de cabeza.,change of state,,,ri-riki!7,gi-riki!7,bi-riki!7,,,,,,3,0,,,,
rini,ririni,-rini,RLC,vA:i vers,A,NO,1383,To turn as red as blood.,Ponerse rojo como la sangre.,change of state,,,ri-rini,gi-ri!ni,bi-rini,,,,,,3,1,Birini guca naxiñà'.,Se hizo rojo como sangre.,,
ripi,riripi,-ripi,EJG;ND,vA:i vers,A,NO,1384,To shorten.,Acortarse.,change of state,,,ri-ripi,gi-ri!pi,bi-ripi,,,za-ripi,,,4,2,(Gu)irípi.,Que se haga corto.,Zaripi.,Se encogerá.
rolla,rirolà,-rolla*,JLC,vA:i vers,A,NO,1385,"To become swollen in a round, bulging shape.",Hincharse en forma de bola.,change of state,,,ri-rolla*,gi-ro*lla*,bi-rolla*,,,,,,3,3,Birolà ra laga tàntu bi'na'.,Se le hincharon los ojos de tanto llorar.,(Gu)iròlà.,Deja que se hinche.
ronda7,rirondá',-ronda!7,JLC,vA:i vers,A,NO,1386,"In a pair, for one of the items to be left odd, as in the case of a pair of socks where one is lost and the other remains.","Hacerse non o impar, como en el caso de un par de calcetines donde se pierde uno y queda el otro non.",change of state,,,ri-ronda!7,gi!-ro!nda!7 ~ ga-ronda!7,bi-ronda!7,,,,,,3,0,,,,
roo,riroo,-roo,EJG;JLC;ND;VP,vA:i vers,A,NO,1387,To become fat.,Engordarse.,change of state,,,ri-roo,gi-ro!o,bi-roo,ka-ro!o,,,,,4,4,Biroobe.,Engordó.,Birootò.,Engordaron ustedes (excluyendo a quien habla).
rooba,rirooba',-rooba,EJG;JLC;ND;RGL;VP,vA:i,A,NO,1388,"To grow, to increase in size.","Agrandarse, crecer de tamaño.",change of state,,,ri-rooba,gi^-ro!oba,bi-rooba,,,,,,3,2,Xirooba'.,Extenso.,Zarooba'.,Se hará grande.
roote,rirootè',-roote*,EJG;JLC;ND,vA:i vers,A,NO,1389,To become penniless.,Quedar sin dinero.,change of state,,,ri-roote*,gi-roo*te*,bi-roote*,,,,,,3,2,Birootè'.,Se quedó sin diner (ex. al jugar a la chalupa).,(Gu)iroòtè'.,Que se le acabe todo el dinero.
ropa,riropa,-ropa,EJG;ND,vA:i,A,NO,1390,To become two.,Duplicarse.,numerals,,,,,,,,za-ropa,,,1,6,Guiropá' .,Los dos.,Ra biropa.,Donde se hizo doble.
ruba,rirubà,-ruba*,EJG;JLC;ND;RLC,vA:i,A,NO,1391,"To be spread out, said of corn kernels when they are spread on a griddle for roasting.","Esparcirse, dicho de los granos de maíz cuando se esparcen sobre un comal para tostar.",processes,,RGL,ri-ruba*,gi-ru*ba*,bi-ruba*,,,za-ruba*,ni-ru*ba*,,5,6,Guidxiguie' riruba nisa ndaani'yoo.,En Juchitán se rocía agua en el interior de las casas.,Quí nirùbà xubá'dí'.,No se esparció el maíz.
rubanisa,rirubà nisa,-ruba* # nisa,EJG;JLC;RLC,vA:i,A,NO,1392,For a liquid to be sprinkled on something. This verb phrase is used to refer to the act of sprinkling holy water on an infant who dies prior to being baptized.,Rociarse. Esta frase verbal se utiliza para describir la acción de rociar agua bendita sobre los infantes que mueren antes de ser bautizados.,change of state,,,ri-ruba* # nisa,gi-ru*ba* # nisa (I),bi-ruba* # nisa,,,,,,3,2,Quí nirùbà nisadí'.,No se roció el agua.,Rirubà nisa primèru.,Primero se echa agua (antes de barrer para que no se levante el polvo).
ruche,riruche,-ruche,EJG;RLC;VP,vA:i,A,NO,1393,To fall.,Caerse.,change of state,,EJG;JLC;ND;RGL;RLC,ri-ruche,gi-ru!che,bi-ruche,,,,,,3,2,Biruche.,Se cayó.,(Gu)irúche.,Que se caiga.
ruku,rirucu,-ruku,EJG;JLC,vA:i vers,A,NO,1394,"To cut back, to shorten, to truncate, to amputate.","Acortarse, recortarse, truncarse, amputarse.",change of state,,,ri-ruku,gi-ru!ku,bi-ruku (vrs),,,za-ruku,,,4,2,"Bibiixhi' nèbe, birucu nà'be.",Se volteó (con el tractor) y se quedó manco.,(Gu)irúcu.,Que se haga corto.
rungu,rirungù,-rungu*,EJG;JLC,vA:i vers,A,NO,1395,"To break off, to split off, to be shortened.","Troncharse, mocharse, acortarse.",change of state,,,ri-rungu*,gi-ru*ngu* (I),bi-rungu*,,,,,,3,3,Má birungù yaga.,Ya troncharon el palo/árbol.,Ñeerungù.,Pierna amputada.
ruugu,riruugu',-ruugu,EJG;RLC;VP,vA:i,A,NO,1396,"To shorten, to be cut.","Cortarse, acortarse, recortarse.",change of state,,,ri-ruugu,gi-ru!ugu,bi-ruugu,,,,,,3,6,Chonnà byàje biruugu'be.,Se cortó tres veces.,(Gu)irúugu' ñee pur nahuatì.,"Que se corte el pie, por tonto."
ruuzhe,riruuxè',-ruuzhe*,EJG;JLC;ND;VP,vA:i,A,NO,1397,"To break into pieces, to crumble, to fall apart.","Despedazarse, desmoronarse, desbaratarse.",change of state,,,ri-ruuzhe*,gi-ruu*zhe* (I),bi-ruuzhe*,,,,,,3,4,Biruuxè'.,Se despedazó.,Biruuxè pán.,Se desmorona el pan.
ruuzhedu,riruuxè'du,-ruuzhe*=du,EJG;RLC,vA:i,A,NO,1398,"To break into pieces, to crumble, to fall apart, in all cases producing very small pieces or particles.","Despedazarse, desmoronarse, desbaratarse, en todo caso muy finamente.",change of state,,,ri-ruuzhe*=du,,,,,,ni-ruu*zhe*=du,,2,2,Má biruuxè'du gueta.,Ya se desboronó la tortilla.,Quí niruùxè'dudí' gueta.,No se desboronó el pan.
ruxi,riruxhì,-ruxi*,EJG;JLC;ND;VP,vA:i vers,A,NO,1399,"To be peeled, to be stripped.","Pelarse, mondarse.",change of state,,,ri-ruxi*,gi-ru*xi* (I),bi-ruxi*,,,,,,3,2,Biruxhì xibi.,Se raspó la rodilla.,Lari para quí (gu)irúxhì deché'.,Tela para que no se me pele la espalda (i.e. espaldar).
sa7bi,risa'bi',-sa7bi,VC,vA,A,NO,1400,To throw.,Tirar.,actions,,,ri-sa7bi,gi-sa!7bi,bi-sa7bi,,,,,,3,0,,,,
saka,risaca,-saka,EJG;RLC;VP,vA:i vers,A,NO,1401,"To cost, to be of a certain value.","Valorarse, valer, costar.",commerce,,RLC,ri-saka,gi-sa!ka,bi-saka,"ka-sa!ka; 
[1s] bi-sak+a!7 naa",,,,,4,6,Bisaca laabe operasiòn xtì'be.,Le costó mucho su operación.,Bisaca xtalè buèltu.,Costó mucho dinero.
sakazha,risacaxa,-saka +zha,EJG;RLC;VC,vA:i vers,A,NO,1402,"To make oneself be valued. By extension, to be swimming in money.","Darse a valer, hacerse valorar. Por extensión, hincharse de dinero.",change of state,,JLC,,,bi-saka +zha,,,,,,1,1,"Bisacaxa, naa má chaá'!","Allá tus prioridades, ¡yo ya me voy! (dicho por Juana porque lleva rato esperando a María que está vendiendo bien y no quiere irse para no perder venta).",,
sisi,risisi,-sisi,EJG;JLC;VP,vA:i vers,A,NO,1403,To become light (i.e. not heavy).,"Hacerse liviano, ligero.",change of state,,,ri-sisi,gi-si!si,bi-sisi,,,,,,3,1,(Gu)isísi.,Tantito.,,
soo,risoo,-soo,EJG;JLC;ND;RGL;VP,vA:i vers,A,NO,1404,"To become tall, to grow upwards.","Hacerse alto, crecer de altura.",change of state,,,ri-soo,gi-so!o,bi-soo,,,,,,3,1,Casóo.,Está creciendo.,,
taaba,ritaaba',-taaba,EJG;JLC;ND;VP,vA:i vers,A,NO,1405,"To become flattened, to become dented.","Achatarse, aplastarse, abollarse.",change of state,,,ri-taaba,gi-ta!aba,bi-taaba,,,,,,3,2,(Gu)itáaba.,Que se abolle.,Ti cóco (na)taaba'.,Un coco aplastado.
taadxi,ritaadxi',-taadxi,ND;RGL;RLC,vA:i,A,NO,1406,"To become flattened, to become dented.","Achatarse, aplastarse, abollarse.",change of state,,,ri-taadxi,gi-ta!adxi,bi-taadxi,,,,,,3,2,Bitaadxi'.,Se aplastó.,Bitaadxi'ni.,Se aplastó.
taala,ritaalà',-taala*,EJG;ND,vA:i,A,NO,1407,To stagger or to stumble because of insufficient strength to walk.,Tambalearse o tropezarse por no tener suficiente fuerza para caminar.,states,,,ri-taala*,gi-taa*la*,bi-taala*,,,,,,3,1,Bitaalà' ñee.,Se le venció su pie.,,
taata,ritaata',-taata,EJG;JLC;ND;RLC;VP,vA:i vers,A,NO,1408,"To come loose, to become misaligned or off kilter.","Aflojarse, desajustarse.",change of state,,RLC,ri-taata,gi-ta!ata (),bi-taata,,,,,,3,1,"Má guxana lá, má nataata' ndaani'.","Ya se alivió, y ahora tiene la panza floja.",,
te,rite,-te,EJG;VP,vA:i vers,A,NO,1409,"To fade, to become discolored, to become whitish in color.","Despintarse, desteñirse, hacerse blancuzco.",change of state,,,ri-te,gi-te!,bi-te,ka-te!,,za-te,,,5,1,Rite lari.,Se descolora la ropa.,,
teede,riteedè',-teede*,EJG;ND;RGL,vA:i,A,NO,1410,"To become scrawny to the point of being wrinkled, in relation to human and non-human animals as well as fruits.","Enjutarse, con relación a animales humanos y no humanos, y a frutas.",change of state,,EJG;JLC;RLC,ri-teede*,gi-tee*de*,bi-teede*,ka-tee*de*,,za-teede*,,,5,2,Ruaa teedè'.,De boca arrugada.,Zateede'.,Se enjutará.
tende,ritendè,-tende*,EJG;ND;RLC,vA:i vers,A,NO,1411,To become unsteady when standing or walking.,Tambalearse al estar de pie o caminar.,change of state,,,ri-tende*,gi-te*nde*,bi-tende*,,,,,,3,1,Ñeetendè.,Pie débil.,,
tiiba,ritiiba',-tiiba,RGL,vA:i vers,A,NO,1412,For a wound to heal and scar over.,Curarse una herida dejando una cicatriz.,wellness,,EJG;JLC;RLC,ri-tiiba,gi-ti!iba,bi-tiiba,,,,,,3,0,,,,
tipi,ritipi,-tipi,EJG;ND;VP,vA:i vers,A,NO,1413,To shorten.,"Recortarse, acortarse.",change of state,,,ri-tipi,gi-ti!pi,bi-tipi,,,,,,3,3,Bi'cu' tipi.,Perro con cola recortada.,Bitipi xhaba(be).,Se hizo cortita su ropa.
titi,rititì,-titi*,EJG;ND;RLC,vA:i,A,NO,1414,To lose weight to the point of becoming shaky.,"Adelgazarse y, por lo tanto, debilitarse al punto de hacerse tembloroso.",change of state,,JLC;RLC,ri-titi*,gi-ti*ti*,bi-titi*,,,,,,3,2,Bititì Fàna.,Quedó flaquita Juana.,"(G)ucahuara Fàna, natitì biaanà'.",Se enfermó Juana y se quedó flaquita.
toope,ritoopè',-toope*,EJG;VP,vA:i,A,NO,1415,"To go grey, in reference to hair.","Encanecer, con relación al cabello que se ha hecho blanco.",change of state,,,ri-toope*,gi-too*pe*,bi-toope*,,,,,,3,2,Má catoòpè'.,Ya me estoy poniendo canosa.,Zaà (gu)itoòpè'.,Deja que se ponga canosa/o.
tubi,ritubì,-tubi*,EJG;JLC;ND;RGL;VP,vA:i,A,NO,1416,"To turn, to spin, to roll.","Rodar, girar, revolcarse.",states,,RLC,ri-tubi*,gi-tu*bi* (I),bi-tubi*,ka-tu^bi*,,,,,4,3,Catùbì.,Se está revolcando.,Catùbì ti binnì.,Una persona se está revolcando.
twilu,rituilu,-twi=lu,EJG;JLC;ND;RGL;VP,vA:i,A,NO,1417,"To be ashamed, to feel ashamed, to be embarrassed.","Avergonzarse, tener o sentir pena o vergüenza.",emotion,,,ri-twi=lu,gi-twi!=lu,bi-twi=lu,,,,,,3,3,Ni quí rituilu.,El que no le da vergüenza.,Qué rituilu.,Sin vergüenza.
uchaaze,ruchaaze',-u-ch.aaze,EJG;JLC;ND;RGL;RLC;VP,vA:caus,A,NO,1418,"To cause something to be inserted, introduced, or submerged. This lexeme can have sexual connotations.","Hacerlo que se meta, se introduzca, se encaje, o se sumerja. Este lexema se puede usar con connotaciones sexuales.",actions,,EJG;RLC,r.u-ch.aaze; ~ r.u-ch.aazi,g.u-ch.a!aze ~ g.u-ch.a!azi,bi-ch.aaze; ~ bi-ch.aazi,k.u-ch.a!azi,,z.u-ch.aazi,n.u-ch.a!aze,,6,4,Bichaazi'beni.,Lo hundió.,Bichaazi' pàla layu.,Encajó la pala.
uchyacha,ruchiacha,-u-ch.y.acha,EJG;JLC;ND;RGL;RLC;VP,vA:caus,A,NO,1419,"To cause to lose consistency, spread out, or disperse, as when insects are agitated and swarm.","Hacer que pierda consistencia, se riegue, o se disgregue, como cuando uno alborota insectos y se hace un hervidero.",actions,,EJG;ND;RGL,r.u-chyacha; ~ r.u-chya7cha,g.u-chya!cha,bi-chyacha,,,,,,3,4,Bichiacha bi guichaiqué'.,El aire alborotó mi cabello.,Ruchiachame guixi.,El animal regó la basura.
ucha,rucha,-u-cha,EJG;JLC;ND;RGL;RLC;VP,vA:caus,A,NO,1420,"To fill, to stuff.","Llenar, rellenar, colmar, henchir.",actions,,EJG;RLC,r.u-cha,g.u-cha! (),bi-cha,k.u-cha!,,,n.u-cha!,,5,6,Bichabe laa.,Él la embarazó.,Bichabe tànque de nisa.,Llenó ella el tanque de agua.
uchabi,rucha bi,-u-cha # bi,EJG;JLC;ND;RLC;VP,vA:caus,A,NO,1421,"To fill up with air. By extension, to insist, to persist, to persevere.","Llenar de aire. Por extensión, insistir, persistir, empeñarse, perseverar.",actions,,,r.u-cha bi,,bi-cha bi,k.u-cha! bi,,,,,3,4,Cuchábe bi ruaa.,Le está dando aire (de boca a boca).,Rucha bi yanni.,Infla la papada (de orgullo).
uchagi,rucha gui,-u-cha # gi,EJG;JLC;VP,vA:caus,A,NO,1422,To cause someone or something to become inflamed.,Hacer que se inflame o se hinche.,actions,,,r.u-cha gi,,,,,,,,1,3,Rucha Fán gui nà' Pèdru .,Juan le hincha las manos a Pedro.,Rucha guiichi bidú' gui (nà') Fán.,La hoja de la ortiga trepadora (Tragia volubilis) hace que se hinche la mano de Juan.
uchagye,rucha guie,-u-cha # gye,JLC,vA:caus,A,NO,1423,To stone.,Apedrear.,actions,,,r.u-cha gye,,,,,,,,1,1,Rucha Fán guie Pèdru.,Juan le echa piedras a Pedro.,,
uchanamboolo,rucha namboolo',-u-cha # na-mboolo,EJG,vA:caus,A,NO,1424,"To praise, laud.","Elogiar, alabar, loar, ensalzar, engrandecer.",actions,,EJG;JLC;RLC,,,,k.u-cha! # na-mboolo,,,,,1,1,Cuchábe nda namboolo' xtì'be.,Se está elogiando a sí mismo.,,
uchanaro7,rucha naró',-u-cha # na-ro!7,EJG,vA:caus,A,NO,1425,"To praise, laud.","Elogiar, alabar, loar, ensalzar, engrandecer.",actions,,,,,,k.u-cha! # na-ro!7,,,,,1,1,Cuchá Fán naró' xtì' Pèdru.,Está elogiando Juan a Pedro.,,
uchandaani,rucha ndaani',-u-cha # ndaani,ND;RGL;RLC,vA:caus,A,NO,1426,"To fill up the belly. By extension, to make the most of, to take advantage of.","Llenar la panza. Por extensión, aprovechar.",actions,,,r.u-cha # ndaani,g.u-cha! # ndaani (),bi-cha # ndaani,,,,,,3,5,Bicha Fán ndaani' tàntu gudo.,Juan llenó su panza con tanto que comió.,Bicha ndaanu' laga biaba.,Aprovéchate ahora que cayó (algo bueno).
ucharwaa,rucha ruaa,-u-cha # rwaa,EJG;RLC,vA:caus,A,NO,1427,"To fill up the mouth. By extension, to bite.","Llenar la boca. Por extensión, morder.",actions,,,r.u-cha rwaa,,bi-cha rwaa,,,,n.u-cha! # rwaa,,3,4,Bicha ruaabe.,Se llenó la boca.,Bicharuaa bi'cu'cà ñeé'.,Me mordió ese perro en la pierna.
uchabumbu,ruchabumbù,-u-cha=bumbu*,EJG;RLC,vA:caus,A,NO,1428,Fill the cheeks with air to bulge them.,Llenar los cachetes de aire para abombarlos.,actions,,EJG;JLC;ND,r.u-cha=bumbu*,,,,,,n.u-cha!=bumbu*,,2,2,Quí nuchábumbùdí'beni.,No se llenó de aire.,Rucha bumbù ruaa ba'du'.,El niño llena de aire los cachetes.
uchana7,ruchanà',-u-cha=na*7,EJG;JLC;RGL;VP,vA:caus,A,NO,1429,To grasp with the hand sharply or by handfuls.,Agarrar con la mano bruscamente o a puñados.,actions,,,r.u-cha na*7,g.u-cha! na*7 (),bi-cha na*7,ku-cha! na*7,,,,,4,1,Bichanà' ti pùñu.,Agarró un puñado.,,
uchaxinni,ruchaxhìnnì,-u-cha=xi*nni*,EJG;JLC;ND;RGL;RLC;VP,vA:caus,A,NO,1430,To spit on (lit. to fill/cover in saliva).,Escupir encima (lit. llenar de saliva).,actions,,,r.u-cha=xi*nni*,g.u-cha!=xi*nni* (),bi-cha=xi*nni*,k.u-cha! xi^nni*,,,,,4,5,Bichaxhìnnì.,Escupe. (imperativo),Bichaxhìnnìbe.,Escupió.
uchaa,ruchaa,-u-chaa,EJG;JLC;ND;VP,vA:caus,A,NO,1431,"To make something change, to change something.","Hacer que se cambie, hacerlo cambiar, cambiarlo.",actions,,EJG;JLC;RGL,r.u-chaa,g.u-cha!a (),bi-chaa,k.u-cha!a,,,,,4,7,Bichaá'.,Lo hice cambiar.,Bichaa' lari nacua'.,Me cambié la ropa que traía puesta.
uchaaduubi,ruchaa duubi',-u-chaa # duubi,JLC,vA:caus,A,NO,1432,"To molt, in relation to feathers.",Mudar las plumas.,actions,,,,,bi-chaa duubi,ku-cha!a duubi,,,,,2,3,Bichaa xtuubi' loro.,Cambió de plumas el loro.,Bichaaxtuubi' nguènguè.,Cambia de plumas el lorito.
uchaalugar,ruchaa lugár,-u-chaa # lu-ga!r,JLC;ND,vA:caus,A,NO,1433,"To move, in relation to changing dwellings.","Mudarse de casa, cambiar de casa.",motion,lugar,,,,,,,,,,0,2,Má bichaabe de lugárr.,Ya se cambió de casa.,Ruchaame lugar.,Cambia (el animal) de lugar.
uchaaxxaba,ruchaa xhaba,-u-chaa # x.xaba,JLC;RLC,vA:caus,A,NO,1434,"To change clothes, to molt.","Mudar, dicho de algún recubrimiento, ej. ropa, piel, plumas.",actions,,EJG;JLC;ND;RGL;RLC,r.u-chaa # x.xaba,g.u-cha!a # x.xaba,bi-chaa # x.xaba,,,,,,3,4,Bichaa beenda' xhabaladi.,Cambió de piel la serpiente.,Bichaa(me) xhaba ladi(me).,Cambió de piel (el animal).
uchaa1,ruchaà,-u-chaa*,EJG;JLC;ND;RGL;VP,vA:caus,A,NO,1435,To make clean by removing something smeared.,Hacer que se limpie quitando algo embarrado.,actions,,,r.u-chaa*,g.u-chaa* (I),bi-chaa*,k.u-chaa*,,,,,4,5,Bichaá' cue'yoo.,Limpié la pared de la casa.,Bichaa Menu lu xiiñi'.,Meno limpió el rostro de su hijo.
uchaa2,ruchaà,-u-chaa*,EJG;JLC;ND;RGL;VP,vA:caus,A,NO,1436,"To make something hot, to heat up.","Hacer que se caliente, calentar.",actions,,,r.u-chaa*,g.u-chaa* (I),bi-chaa*,k.u-chaa*,,,,,4,6,Bichaàbeni.,Lo calentó.,Bichaàbe nisa.,El entibió el agua.
uchaacha,ruchaacha',-u-chaacha,EJG;JLC;ND;RLC,vA:caus,A,NO,1437,"To cause something to come loose, to loosen up.","Hacer que se afloje o se suelte, aflojarlo.",actions,,,r.u-chaacha,g.u-cha!acha,bi-chaacha,k.u-cha!acha,,,,,4,4,Bichaacha' torníu,Afloja el tornillo.,Gucháachabe torniú.,Que afloje el tornillo.
uchaaga1,ruchaagà',-u-chaaga*,EJG;JLC;ND;VP,vA:caus,A,NO,1438,To join in collective efforts to cover an expense or some other need.,Cooperar a manera de contribuir para cubrir gastos o alguna otra necesidad.,actions,,,r.u-chaaga*,g.u-chaa*ga* (I),bi-chaaga*,k.u-chaa^ga*,,z.u-chaaga*,,,5,6,Bichaagà' Bèlma nè Sìbia para zè' para xiiñi' Bèlma.,Juntaron dinero Velma y Sivia para mandar al hijo de Velma.,Chúchaagà'.,Está juntando dinero.
uchaaga2,ruchaagà',-u-chaaga*,EJG;JLC;ND;VP,vA:caus,A,NO,1439,Admonish.,Amonestar.,actions,,RGL,r.u-chaaga*,g.u-chaa*ga* (I),bi-chaaga*,k.u-chaa^ga*,,z.u-chaaga*,,,5,0,,,,
uchaagabya7,ruchaagà'bia',-u-chaaga*=bya7,EJG;RLC,vA:caus,A,NO,1440,"To compare sizes, to check one thing against another.","Comparar tamaños o tallas, cotejar.",actions,,,r.u-chaaga*=bya7,g.u-chaa*ga*=bya7,bi-chaaga*=bya7,,,,,,3,2,Quí nuchaàgà'bia'dí'beni laabe.,No vió si le quedaba la ropa.,Ruchaagà'bia'be laabe lari.,Se mide la ropa (para ver si le queda).
uchaagalu,ruchaagà'lu,-u-chaaga*=lu,EJG;JLC;ND;RLC;VP,vA:caus,A,NO,1441,"To meet face to face, to go meet someone, to welcome someone, to cause an encounter.","Encontrarse de frente, ir a encontrar a alguien, darle la bienvenida a alguien, causar un encuentro.",actions,,RLC,r.u-chaaga* lu; ~ r.u-chaga* lu,g.u-chaa*ga* lu,bi-chaaga* lu,,,,,,3,4,Bichaagà' lu; Bichaagà'cabe.,Se comparó con otro; Se están comparando.,Bichaagà'lu Fán Pèdru.,Esperó Juan a Pedro.
uchaagana7,ruchaagà'nà'',-u-chaaga*=na*7,EJG;RLC,vA:caus,A,NO,1442,"To make hands come together. By extension, Jiménez Girón (1979:183) also defines this verb as meaning to marry.","Hacer que se unan las manos. Por extensión, Jiménez Girón (1979:183) también define este verbo como ""contrae matrimonio"".",actions,,,r.u-chaaga* na*7,,,k.u-chaa*ga* na*7,,,,,2,0,,,,
uchaagani7di,ruchaagà'ní'di',-u-chaaga*=ni!7di,EJG,vA:caus,A,NO,1443,Jiménez Girón (1979) defines this lexeme as meaning to deliver a sermon to a couple prior to marriage. Other knowledge bearers define it as meaning to start a fight.,"Jiménez Girón (1979) define este lexema como ""amonestar a la pareja de enamorados"". Otros conocedores lo definen como buscar pleito.",cultural practices,,,r.u-chaaga*=ni!7di,,bi-chaaga*=ni!7di,,,,,,2,4,Bichaagà'ní'di'.,Le buscó pleito.,Mà' quí ruchaagà' ní'di'dí'be binnì.,Ya no busca pleito con la gente.
uchaagarwaa,ruchaagà'ruaa,-u-chaaga*=rwaa,EJG;ND;RLC;VP,vA:caus,A,NO,1444,"To criticize someone, to speak ill of someone, to gossip about someone.","Criticar a alguien, hablar mal de alguien, chismosear sobre alguien.",actions,,,r.u-chaaga*=rwaa,gu-chaa*ga*=rwaa,bi-chaaga*=rwaa,,,,n.u-chaa*ga*=rwaa,,4,3,Quí nuchaàgà'ruaadí' Jòse nè Juàna.,No está hablando José de Juana.,Ruchaagà'ruaa Fán nè Pèdru.,Juan está hablando de Pedro.
uchaagazha7na,ruchaagà'xa'na',-u-chaaga*=zha7na,EJG;JLC;RLC,vA:caus,A,NO,1445,Jiménez Girón (1979:183) defines this lexeme as meaning to get together with someone who one just met (and does not know well). Other knowledge bearers define it as meaning to be in bad company.,"Jiménez Girón (1979:183) define este lexema como ""juntarse con alguien que apenas conoció"". Otros conocedores lo definen como estar en mala compañía.",actions,,EJG,r.u-chaaga*=zha7na,g.u-chaa*=zha7na,bi-chaaga*=zha7na,,,,,,3,4,Bichaagà' xa'na' Fàna Pèdru.,Se juntaron Juana y Pedro.,Guchaàgà'xa'na' Fàna Pèdru.,Que se junten Juana y Pedru.
uchaawi,ruchaahui',-u-chaawi,EJG;JLC;ND;RGL;RLC;VP,vA:caus,A,NO,1446,"To be whipped. By extension, to have sex, to make love.","Batirlo. Por extensión, tener sexo, hacer el amor.",actions,,,r.u-chaawi,g.u-cha!awi,bi-chaawi,k.u-cha!awi,,,,,4,6,Bichaahui'be dxita.,Batió huevo.,Bichaahui'be dxita para marquesòte.,Batió el huevo para hacer marquesote.
uche,ruche',-u-che,ND;VP,vA:caus,A,NO,1447,"To alter, to upset, to confuse, to stun.","Alterarlo, trastornarlo, aturdirlo, atarantarlo.",actions,,,r.u-che,,,,,,,,1,0,,,,
uchelu,ruche lu,-u-che # lu,EJG;ND;VP,vA:caus,A,NO,1448,"To make someone dizzy or disoriented. By extension, to fool, to mislead.","Hacer que se maree o que se desoriente. Por extensión, engañarlo.",actions,,,r.u-che lu,g.u-che! # lu,bi-che # lu^,,,,,,3,4,Bichebe lu binnì nè ti ndaa bidxichi ni bidíibe laaca.,Engañó a la gente con un poco de dinero que les dio.,Guchebe luca'.,Que los engañe.
ucheike,ruche ique',-u-che ike,EJG;VP,vA:caus,A,NO,1449,"To cause a mental disorder, to make someone lose their mind, ex. in reference to what alcohol or drug abuse can do to someone.","Causarle algún trastorno mental o hacer que se aloque, ej. dicho del abuso del alcohol o las drogas.",actions,,,r.u-che ike,,,,,,,,1,0,,,,
uchee,ruchee,-u-chee,EJG;JLC;ND;VP,vA:caus,A,NO,1450,"To err, to make a mistake.","Equivocarse, fallar, errar, cometer un error.",actions,,,r.u-chee7; ~ r.u-chee,g.u-che!e (),bi-chee7; ~ bi-chee,k.u-che!e,,z.u-chee,,,5,6,Bichee.,Se equivocó.,Bicheebe.,Falló.
ucheeche,rucheechè',-u-cheeche*,EJG;JLC;ND;RGL;RLC;VP,vA:caus,A,NO,1451,"To scatter, to disperse, to distribute, to spread around.","Regarlo, esparcirlo, dispersarlo, distribuirlo.",actions,,,r.u-cheeche*,g.u-chee*che* (I),bi-cheeche*,k.u-chee*che*,,z.u-cheeche*,,,5,6,Bicheechè'.,Ya regó.,Cuchéeche'.,Está esparciendo.
ucheechena7,rucheechè'nà',-u-cheeche*=na*7,EJG;RLC,vA:caus,A,NO,1452,To make something disperse in all directions or among everyone without exception.,Hacer que algo se distribuya en todas direcciones o entre todos sin excepción.,actions,,RGL;RLC,r.u-cheeche*=na*7,g.u-chee*che*=na*7,bi-cheeche*=na*7,,,,,,3,2,Quí nucheèchè'nà'dí' xpuèltube.,No repartió su dinero.,Rucheechè'nà' xpuèltu.,Regala su dinero (para ayudar a la gente).
ucheechendase,rucheechè'ndase,-u-cheeche*=nd.ase,EJG;JLC;ND;RLC;VP,vA:caus,A,NO,1453,"To make something spread out, be broadcasted, or be disseminated extensively.","Hacer que se esparza, se riege, se disemine, o se difunda ampliamente.",actions,,,r.u-cheeche*=nd.ase,g.u-chee*che*=nd.ase,bi-cheeche*=nd.ase,,,,,,3,2,Quí nucheèchè'ndasedí'be.,No regó sus cosas por ahí.,Rucheechè'ndase Olivia ca tràste huiini' xtì'.,Riega por todos lados sus juguetitos Olivia.
ucheela,rucheela',-u-cheela,EJG;ND;VP,vA:caus,A,NO,1454,"To make someone get married, to marry a couple by officiating their wedding.","Hacerlos que se casen, casarlos, unirlos en matrimonio, oficiar un matrimonio.",cultural practices,,,r.u-cheela,gu-che!ela,bi-cheela,k.u-che!ela,,z.u-cheela,,,5,2,Bicheela' bixhoze Fán laa Fàna.,A Juan lo casó su papá con Juana,Cuchéelabe Javier.,Está casando (alguien) a Javier.
ucheelasaa,rucheela' saa',-u-cheela saa,EJG;RLC,vA:caus,A,NO,1455,To make objects and/or people collide.,Hacer que choquen.,actions,,,r.u-cheela saa,gu-che!ela saa,bi-cheela saa,,,,,,3,1,Zucheelá' saa guie dí' lu cue' yoo.,Voy a aventar esta piedra contra la pared.,,
ucheelani7di,rucheela'ní'di',-u-cheela=ni!7di,EJG;ND;RLC;VP,vA:caus,A,NO,1456,"To cause a clash between personalities, moods or sensitivities, and thus, to generate a conflict between people.","Causar un choque entre personalidades, humores o sensibilidades, y por lo tanto generar un conflicto entre personas.",actions,,,r.u-cheela=ni!7di,gu-che!la=ni!7di,bi-chela=ni!7di,,,zu-cheela=ni7di,n.u-che!la=ni!7di,,5,4,Bichelaní'di' Fán ca xcuidi.,Hizo pelear Juan a los niños.,(G)uchélaní'di' Fán.,Juan va a causar discordia.
ucheepa,rucheepa',-u-cheepa,EJG,vA:caus,A,NO,1457,"To cause someone to be blinded, to blind.","Hacer que quede ciego, cegarlo.",actions,,RGL;RLC,r.u-cheepa,g.u-che!epa,bi-cheepa,k.u-che!epa,,z.u-cheepa,,,5,1,Bicheepa' Fán lu Pèdru.,Juan hizo que quedara ciego Pedro.,,
uchenda,ruchendà,-u-chenda*,EJG;JLC;ND;RGL;RLC;VP,vA:caus,A,NO,1458,"To make someone or something get entangled, wrapped up, or twisted around.",Hacer que se enrede o se envuelva.,actions,,EJG;RGL;RLC,r.u-chenda*,g.u-che*nda* (I),"bi-chenda*; 
-u-chenda*",,,,,,3,4,Bichendàbe guidi.,Pegó un cinturonazo.,Bichendàbe sinturón lii.,Te pegó con el cinturón.
uchendanyee,ruchendà ñee,-u-chenda* # nyee,EJG;JLC;RGL;VP,vA:caus,A,NO,1459,"For someone to trip because their feet got entangled. By extension, to make out.","Hacerlo tropezar al enredarse los pies. Por extensión, cachondear.",actions,,,r.u-chenda* # nye!e; ~ r.u-chenda* # nye^e,g.u-che*nda* # nye^e (I),bi-chenda* # nye^e,,,,,,3,3,Bichendàñee Pèdru Fán; Bichendàñee Pèdru ñee Fán.,Hizo Pedro que se tropezara Juan con su pie para que se tropezara Juan.,Rucheendà' ñee Fán nè Fàna.,Juan y Juana fueron a cachondear.
uchendadoo,ruchendà doo,-u-chenda* doo,EJG,vA:caus,A,NO,1460,"To make threads tangle. Jiménez Girón (1979: 184) specifies that this phrasal verb can be used to refer to the act of competing with kites by tangling them up, with each team running to save theirs. He also states that it can also refer to throwing a fishing net over people watching floats during the festivities known in Spanish as 'velas', especially the one in honor of fishermen.","Hacer que se enreden los hilos. Jiménez Girón (1979:184) especifica que este verbo de frase se puede usar para referirse a la práctica de ""competir con los papalotes enredándolos y corriendo cada grupo por salvar el suyo"", y de lanzar ""la atarraya sobre la gente que se acerca al paso de los carros alegóricos"" durante una vela, sobre todo la vela de los pescadores.",actions,,,r.u-chenda* do!o,,,,,,,,1,1,Cuchèndàca'be doo xtì' ni ripapa lu bi.,Enredan sus hilos.,,
uchibi,ruchibi,-u-chibi,EJG;JLC;ND;RGL;RLC;VP,vA:caus,A,NO,1461,"To cause fear, to scare, to frighten.","Causar miedo, asustar, espantar, atemorizar.",actions,,EJG;JLC,r.u-chibi,g.u-chi!bi (),bi-chibi,k.u-chi!bi,,z.u-chibi,,,5,5,Cuchíbi.,Está asustando.,Ruchibicabe.,(Ahí) asustan.
uchidxi,ruchidxì,-u-chidxi*,EJG;RLC,vA:caus,A,NO,1462,To cause to squeak or creak.,Hacer que algo rechine.,actions,,EJG;RLC,r.u-chidxi,g.u-chi*dxi*,,,,,,,2,3,Bichidxì màngu laya binnì.,El mango hace rechinar los dientes de la gente.,(G)uchìdxì màngu laya binnì.,El mango hizo rechinar los dientes de la gente.
uchidxilaya,ruchidxì laya,-u-chidxi* # laya,EJG;JLC;ND;VP,vA:caus,A,NO,1463,"To set the teeth on edge and squeak, as when eating something sour, or when hearing chalk squeak against a blackboard.","Hacer rechinar los dientes, causar dentera, como lo haría algo agrio que se come o el rechinido de un gis en un pizarrón.",actions,,,r.u-ch.idxi # laya,g.u-ch.i!dxi # laya,bi-ch.idxi # laya,,,,,,3,2,Bichidxì laya Fán (g)udoo màngu yaa.,Se le destemplaron los dientes a Juan por comer mango verde.,Bichidxì màngu yaa laya Fán.,Se le destemplaron los dientes a Juan por el mango verde.
uchii,ruchii,-u-chii,EJG;JLC;ND;RGL;VP,vA:caus,A,NO,1464,To make something be covered or blocked.,"Hacer que se tape o se cubra, taparlo, cubrirlo.",actions,,RGL;RLC,r.u-chii,g.u-chi!i (),bi-chii,k.u-chi!i,,z.u-chii!; ~ z.u-chii,,,5,6,Bichiee'.,Tapé; Rellené.,Bichiibe.,Tapó.
uchiichi,ruchiichì',-u-chiichi*,EJG;JLC;ND;RLC;VP,vA:caus,A,NO,1465,"To make someone angry, to anger.","Causarle enojo, enojarlo.",actions,,RLC,r.u-chiichi*,g.u-chii*chi* (I),bi-chiichi*,k.u-chii^chi*,,z.u-chiichi*,,,5,5,Bichiichì'be naa.,Me hizo enojar.,Bichiichì' Fán Pèdru.,Juan hizo enojar a Pedro.
uchiinya,ruchiiña',-u-chiinya,EJG;JLC;ND;RLC;VP,vA:caus,A,NO,1466,"To beat. By extension, to nag, to bother, to annoy.","Hacerlo espumar. Por extensión, molestarlo, fastidiarlo, agitarlo.",actions,,RGL;RLC,r.u-chiinya,r.u-chiinya,bi-chiinya,ku-chiinya; ~ ku*-chi^inya,,z.u-chiinya,,,5,6,"Bichiiña' caadxi' cherica', bisaana' la' naa stube' rari'.","Molesta un poco por allá, por favor, déjame solo aquí.",Chúchiiñu' binnì.,Vas a molestar a la gente.
uchiinyala7dxi,ruchiiña' la'dxi',-u-chiinya la7dxi,RLC,vA:caus,A,NO,1467,"To cause agitation or worry. By extension, to have a feeling that something bad will happen.","Causar agitación o inquietud. Por extensión, presentir algo malo.",actions,,RLC,r.u-chinya la7dxi,g.u-chi!nya la7dxi,bi-chinya la7dxi ,,,,,,3,3,Bichiñala'dxi'be.,Presintió algo.,Cuchíiña'la'dxé'.,Estoy presintiendo algo.
uchiita,ruchiità',-u-chiita*,EJG,vA:caus,A,NO,1468,To make something limp or hobble.,"Hacerlo falsear, renquear, o cojear.",actions,,,,g.u-chii*ta*,bi-chiita*,k.u-chii*ta*; ~ k.u-chi!ita,,,,,3,3,Bichiita' ñee.,Lo dejó cojo del pie.,Bisuchiita' pòlio ñeebe .,Lo dejó cojo la polio.
uchinya,ruchiña,-u-chinya,EJG;ND;RLC;VP,vA:caus,A,NO,1469,"To make someone come closer or approach. By extension, to call someone before an authority.","Hacerlo acercarse, acercarlo. Por extensión, hacer que una persona se presente ante la autoridad.",actions,,,r.u-chinya,g.u-chi!nya,bi-chinnya,ku-chi!nya,,z.u-chinnya,,,5,6,Bichiñani.,Acércalo.,Guchíña.,Que lo acerque.
uchonga,ruchonga,-u-chonga,EJG,vA:caus,A,NO,1470,To make something harden or stiffen up.,Hacerlo endurecer o ponerse tieso.,actions,,,ru-chonga,,,k.u-cho!nga,,z.u-chonga,,,3,0,,,,
uchuche,ruchuche,-u-chuche,EJG;ND;RLC;VP,vA:caus,A,NO,1471,"To cause to fall, to dump on the ground.","Hacer caer, tirar, azotar.",actions,,,r.u-chuche,g.u-chu!che,bi-chuche,,,,,,3,3,Bichuchebecani layu.,Ella/él los tiró al suelo.,Ruchuchebecani layu.,Los tira al suelo.
uchuku,ruchucu,-u-chuku,EJG,vA:caus,A,NO,1472,To cause to shorten.,Hacer que se acorte o se recorte.,actions,,,r.u-chuku,,bi-chuku,k.u-chu!ku,,z.u-chuku,,,4,0,,,,
uchungu,ruchungù,-u-chungu*,JLC,vA:caus,A,NO,1473,"To cause to break off, split off, or be shortened.","Hacer que se tronche, se moche, o se acorte.",actions,,JLC,r.u-chungu*,g.u-chu*ngu*,bi-chungu*,,,,,,3,0,,,,
uchunyi,ruchuñi,-u-chunyi,EJG;ND,vA:caus,A,NO,1474,"To produce unrefined sugar molded into cones known in Spanish as 'piloncillo', 'panela', or 'melcocha'.","Elaborar azúcar sin refinar moldeada en forma de cono, conocida en castellano como piloncillo, panela o melcocha.",processes,,,,,,k.u-chu!nyi,,,,,1,1,Cuchuñi.,Está elaborando panela / melcocha.,,
uchuuchu,ruchuuchu',-u-chuuchu,EJG;JLC,vA:caus,A,NO,1475,"To cause to become viscous and/or sticky, as in the case of infected and encrusted eyes.","Hacer que se ponga viscoso y/o pegajoso, como cuando se infectan los ojos, supuran y se pegan.",actions,,,r.u-chuuchu,,,,,,,,1,0,,,,
uchuugu,ruchuugu',-u-chuugu,EJG;ND;RGL;RLC;VP,vA:caus,A,NO,1476,To cause to shorten or be cut.,"Hacer que se corte, se acorte, o se recorte.",actions,,,r.u-chuugu,gu-chu!ugu,bi-chuugu,k.u-chu!ugu,,z.u-chuugu,,,5,5,Bichuugu' nè biquiidi'.,Cortó y pegó.,"Ca' guie'cà lá, má bichuugu'becani.","Las flores esas, ya las cortó."
uchuundulu,ruchuundu' lu,-u-chuundu # lu,EJG;RGL,vA:caus,A,NO,1477,"To hurt the eyesight, to cloud the vision, to blind (temporarily, ex. by bright light).","Lastimar la vista, nublar la vista, deslumbrar.",actions,,EJG;JLC;ND,r.u-chuundu,g.u-chu!undu,bi-chuundu,k.u-chu!undu,,,,,4,1,Ruchuundu' gubidxa lu.,Le lastima su ojo el sol.,,
uchuuni,ruchuuni',-u-chuuni,EJG;JLC;ND;RGL;RLC;VP,vA:caus,A,NO,1478,To make something fry.,Hacerlo freír.,processes,,,r.u-chuuni,g.u-chu!uni (),bi-chuuni,k.u-chu!uni,,z.u-chuuni,,,5,2,Bichuuni'beni.,Lo frió.,Cuchúuni'.,Está friendo.
uchuuninisa,ruchuuni' nisa,-u-chuuni nisa,EJG,vA:caus,A,NO,1479,Jiménez Girón (1979:185) defines this lexeme as a metaphoric way of describing draining water or some other liquid.,"Jiménez Girón (1979:185) define este lexema como una manera figurada de decir ""hacer escurrir el agua / algún líquido"".",actions,,,r.u-chuuni nisa,,,k.u-chu!uni nisa,,z.u-chuuni nisa,,,3,0,,,,
uchuunibidxi,ruchuuni'bidxi,-u-chuuni=bidxi,EJG;JLC,vA:caus,A,NO,1480,To make something fry. Jiménez Girón (1979:185) specifies that this refers to frying in lard.,"Hacerlo freír. Jiménez Girón (1979:185) especifica que se refiere a ""dorar en manteca"".",processes,,,r.u-chuuni bidxi,g.u-chu!uni bidxi,bi-chuuni bidxi,,,,n.u-chu!uni bidxi,,4,3,Quí nuchúunibidxidí' Fàna beelà'.,No frió Juana la carne.,Ruchuuni'bidxi Fàna beelà'.,Juana frie carne.
uchuupi,ruchuupì',-u-chuupi*,EJG,vA:caus,A,NO,1481,"To cause to become viscous and/or sticky, as when holding candy in one's hands.","Hacer que se ponga viscoso y/o pegajoso, como cuando tienes dulces in las manos.",actions,,EJG;RLC,r.u-chuupi*,gi-chuu*pi*,bi-chuupi*,k.u-chu!upi; ~ k.u-chuu*pi*,,z.u-chuupi; ~ z.u-chuupi*,,,5,1,Ruchuupì' dxiña huiini' nà' xcuidi.,La paleta le pone pegajosa la mano al niño.,,
uchuurrya,ruchuurrià,-u-chuurrya*,EJG,vA:caus,A,NO,1482,Jiménez Girón (1979) defines this lexeme as the action of continuously expelling fecal matter caused by diarrhea.,"Jiménez Girón (1979) define este lexema como la acción de ""expulsar de continuo las materias fecales causadas por diarrea"".",wellness,,,,,,ku-chuu*rrya*,,,,,1,0,,,,
uchuxi,ruchuxhì,-u-chuxi*,EJG;JLC;ND;RGL;RLC;VP,vA:caus,A,NO,1483,"To cause to be peeled, to peel, to strip.","Hacerlo que se pele o se monde, pelarlo, mondarlo.",actions,,,r.u-chuxi*,g.u-chu*xi* (I),bi-chuxi*,k.u-chu*xi*,,z.u-chuxi*,,,5,5,Bichuxhì Fán niza.,Juan abre la mazorca para sacar el maíz.,Cuchúxhi.,Está deshojando.
uchuxiniza,ruchuxhì niza,-u-chuxi* # niza,RLC,vA:caus,A,NO,1484,To peel off the corn husks.,Deshojar maíz.,cultivation,,,r.u-chuxi* niza,g.u-chu*xi* niza,bi-chuxi* niza,,,,,,3,4,Bichuxhì niza.,Deshoja el maíz.,(G)uchùxhì Ròsa niza.,Que Rosa deshoje la mazorca.
uchuxixkwi,ruchuxhìxcui,-u-chuxi*=x.kwi,EJG;RLC,vA:caus,A,NO,1485,"To make someone take off their clothes, to undress. By extension, to clean out. This verb is also used to describe the process by which boys remove themselves skin off the penis, possibly the foreskin.","Hacer que se quite la ropa, desnudarlo. Por extensión, desvalijarlo. Este verbo también se utiliza para describir el proceso mediante el cual los niños se eliminan ellos mismos la piel del pene, posiblemente el prepucio.",actions,,EJG;VC,r.u-chuxi* x.kwi,g.u-chu*xi* x.kwi,bi-chuxi* x.kwi,,,,,,3,0,,,,
uchwi,ruchui,-u-chwi,EJG,vA:caus,A,NO,1486,Jiménez Girón (1979) defines this lexeme as to make something drain.,"Jiménez Girón (1979) define este lexema como ""hacer que se escurra"".",actions,,EJG;JLC;ND;RGL;RLC,,,,k.u-chwi!,,,,,1,0,,,,
uchya,ruchia,-u-chya,EJG;JLC;ND;RGL;RLC;VP,vA:caus,A,NO,1487,"To undo, to disassemble, to break down, to destroy. This includes separating people who are fistfighting. Jiménez Girón (1979:184) also explains that this verb is used to refer to the meticulous and customary documentation done by the godmothers of a bride at the request of her family, to attest to the bride's virginity at the moment of being taken by her groom. He, in turn, commits to legally marrying the bride, or to indemnify her if he fails to do so.","Deshacer, desbaratar, destruir. Esto incluye el separar a personas que están peleando a golpes. Jiménez Girón (1979:184) también indica que este verbo se usa para referirse al ""registro minucioso y acostumbrado que a nombre de familiares se manda hacer por las madrinas y acompañantes en la persona de la ahijada raptada, con fines persuasivos de que era doncella hasta el momento de ser llevada por su novio, quien, cumpliendo con su promesa, se unirá legalmente en matrimonio con ella o la indemnizará en caso contrario"".",actions,,RGL;RLC,r.u-chya,gu-chya!,bi-chya,,,,,,3,3,Cuchiá.,Está desbaratando.,Cuchia Toño mexá' yooxho' xhti'.,Toño está desbaratando su mesa vieja.
uchyaa,ruchiaà,-u-chyaa*,EJG;RGL;RLC;VP,vA:caus,A,NO,1488,To cause to extend or stretch out.,Hacer que se extienda.,actions,,,r.u-chyaa*,g.u-chyaa*,bi-chyaa*,,,,,,3,1,Guchiaàme xhiaàme.,Que (el animal) extienda las alas.,,
uchyaalu,ruchiaà lu,-u-chyaa* # lu,EJG;JLC,vA:caus,A,NO,1489,To break someone's face (lit. to make the face extend).,Romperle la cara a alguien (lit. hacer que se extienda la cara).,actions,,JLC,r.u-chyaa* # lu!; ~ r.u-chyaa* # lu,g.u-chyaa* # lu,bi-chyaa* # lu,,,,,,3,0,,,,
uchyaalaya,ruchiaàlaya,-u-chyaa*=laya,RGL;RLC,vA:caus,A,NO,1490,To smile (lit. to make the teeth extend).,Sonreír (lit. hacer que se extiendan los dientes),actions,,,r.u-chya*=la^ya,g.u-chya*=la^ya,bi-chya*=la^ya,,,,,,3,1,Ruchiàlayabe.,Pela los dientes.,,
uchyaana7,ruchiaànà',-u-chyaa*=na*7,RGL;RLC,vA:caus,A,NO,1491,"To branch out, to put out branches (lit. to make arms extend).",Sacar ramas (lit. hacer que se extiendan los brazos).,actions,,,ru-chyaa*=na*7,g.u-chyaa*=na*7,bi-chyaa*=na*7,,,,nu-chyaa*=na*7,,4,3,Bichiaanà'.,Extendió sus ramas (el árbol).,Nuchiaànà'.,Estuviera extendido.
udye,rudie,-u-d.ye,RLC,vA:caus,A,NO,1492,To cause to tighten up.,"Hacer que se apriete, apretarlo.",actions,,,r.u-d.ye,g.u-dye!,bi-d.ye,,,,,,3,1,Rudie doo yannime.,Aprieta el mecate su pescuezo (del animal).,,
ude,rudè,-u-de*,JLC;RLC,vA:caus,A,NO,1493,To cause to cluck.,Hacer cacarear.,actions,,,r.u-de*,gu-de* (),bi-de*,,,,,,3,2,Cudème huaxhinni.,La noche hace cacarear a la gallina (porque le produce miedo).,Cudème huaxhinni.,(El animal) grita en la noche (porque algo lo espantó).
udii,rudii,-u-dii,EJG;JLC;ND;RGL;VP,vA:caus,A,NO,1494,"To give, to hand over, to deliver, to provide.","Dar, entregar, proporcionar, proveer, otorgar.",actions,,EJG;JLC;ND;RLC,r.u-dii,gu-di!i (),bi-dii,k.u-di!i,,z.u-dii,n.u-di!i,,6,6,"Bidiica'beni naa, para (g)udi'éni lii.",Me lo dieron para que te lo diera.,"Bidii lu doo ca ba'du' cá, yanna má quí ruuna'dí'cabe lii.",Les sueltan la cuerda a los niños y ahora ya no obedecen.
udiitimanu,rudii (ti) mànu,-u-dii # (ti+) ma*nu,JLC;RLC,vA:caus,A,NO,1495,"To lend a hand, to help.","Dar la mano, ayudar.",actions,mano,,r.u-dii (ti+) ma*nu,gu-di!i (ti+) ma*nu,bi-dii (ti+) ma*nu,,,,,,3,2,Bidii Fán mànu Pèdru.,Juan le dio una mano a Pedro.,"Cayùnibe inbitárca xamìgube, ca xumbàlebe, para udíitu ti mànu laabe, chí gúni colárbe lidxibe.","Le extiende una invitación a sus amigos, a sus compadres, para que le echen la mano porque va a colar su casa."
udiibyeke,rudii bieque,-u-dii # b.y.eke,JLC,vA:caus,A,NO,1496,"To turn, to spin.","Dar vueltas, girar.",actions,,,r.u-dii # b.y.eke,g.u-di!i # b.y.eke,bi-dii # b.y.eke,,,,n.u-di!i # b.y.eke,,4,2,Quí nudíidí' bieque yànta.,No dio vuelta la llanta.,Rudii bieque yànta.,Da vueltas la llanta.
udiibi,rudii bi,-u-dii # bi,EJG;RLC,vA:caus,A,NO,1497,To faint.,Desmayarse.,wellness,,JLC;RGL;RLC,r.u-dii # bi,g.u-di!i # bi,bi-dii # bi,k.u-di!i # bi,,z.u-dii # bi,n.u-di!i # bi,,6,5,Bidii bi Fán.,Juan se desmayó (ej. porque no comió).,Bidii bi Fán quí ro.,Juan se desmayó porque no comió.
udiibizhidu7,rudii bixidú',-u-dii # bi-zhidu!7,JLC;RLC,vA:caus,A,NO,1498,To kiss.,Besar.,actions,beso,,r.u-dii # bi-zhidu!7,gu-di!i # bi-zhidu!7,bi-dii # bi-zhidu!7,,,,n.u-di!i # bi-zhidu!7,,4,3,Quí nudíidí' Fán bixidú' Fàna.,No le dio Juan un beso a Juana.,Rudii Fán bixidú' Fàna.,Juan le da un beso a Juana.
udiidiidxa,rudii diidxa',-u-dii # diidxa,EJG,vA:caus,A,NO,1499,"To tell, to communicate, to inform (lit. to give word).","Decirle, comunicarle, informarle, avisarle, manifestarle (lit. darle palabra).",communication,,,r.u-dii # diidxa,g.u-di!i # diidxa,bi-dii # diidxa,k.u-di!i # diidxa,,z.u-dii # diidxa,n.u-di!i # diidxa,,6,2,Melìna bidii diidxa' dotór huara Ròsa.,Melina le avisó al doctor que Rosa está enferma.,Melìna quí nudíidí' diidxa' dotórr huara Ròsa.,Melina no le avisó al doctor que Rosa está enferma.
udiidoo,rudii doo,-u-dii # doo,EJG;JLC;VP,vA:caus,A,NO,1500,"To let loose (lit. to give rope). By extension, to spoil, to be overly permissive.","Darle cuerda, darle rienda suelta. Por extensión, consentir.",actions,,EJG,r.u-dii doo,gu-di!i doo,bi-dii doo,k.u-di!i doo,,z.u-dii doo,,,5,4,Bidiidoo Fán xiiñi'.,Le deja Juan hacer de todo al niño.,Bidii doo laabe jmá.,Dale más cuerda.
udiidxi,rudii dxi,-u-dii # dxi,EJG,vA:caus,A,NO,1501,To set a deadline (lit. to give the day).,Establecer una fecha límite (lit. dar día).,actions,,,r.u-dii dxi,gu-di!i dxi,bi.dii dxi,,,,,,3,1,Bidiibe dxi laa pà dxi zanda quìxe buèltu.,Le dio chance para cuando pueda pagar el dinero.,,
udiidxiinya,rudii dxiiña',-u-dii # dxiinya,EJG;JLC;ND;RLC,vA:caus,A,NO,1502,"To give work, meaning to employ someone and to make someone struggle.","Dar trabajo en el sentido de emplear a alguien, y de causar dificultad.",actions,,JLC;RGL;RLC,r.u-dii dxiinya,gu-di!i dxiinya,bi.dii dxiinya,,,z.u-dii dxiinya,,,4,3,Bidii xiiñu' dxiiña' lii.,Te dio batalla tu hija.,Rudii dxiiña' Gabrièla para guidxéla diidxa'.,Le cuesta trabajo a Gabriela encontrar la palabra.
udiigo,rudii gó,-u-dii # g.o!,RLC,vA:caus,A,NO,1503,To feed (lit. to give food).,Alimentar (lit. dar de comer).,actions,,,r.u-dii g.o!,gu-di!i g.o!,bi-dii g.o!,,,,,,3,1,"Bidiini góbe jmá, ti gapàbe bi iní'be lii.",Dale de comer más para que tenga fuerza para hablar de ti (cuando alguien a quien has ayudado empieza a hablar mal de ti).,,
udiijneza,rudii jneza,-u-dii # j.neza,JLC;RLC,vA:caus,A,NO,1504,To deliver correctly or in its entirety.,Entregar correctamente o completamente.,actions,,EJG;JLC;ND;RGL;RLC,r.u-dii j.neza,gu-di!i j.neza,bi-dii j.neza,,,,,,3,2,Bidii Fán buèltuquè xneza pèdru.,Juan entregó completo el dinero a Pedro.,Bidii neza xtì' Fán.,"Dale su camino de Juan (ej. si el terreno o la casa de alguien está metido, que le dejen un callejoncito para que pueda llegar a su casa)."
udiikwenta,rudii cuènta,-u-dii # kwe*nta,JLC;RGL;RLC,vA:caus,A,NO,1505,To realize.,Darse cuenta.,actions,cuenta,,r.u-dii kwe*nta,gu-di!i kwe*nta,bi-dii kwe*nta,ku.di!i kwe*nta,,,,,4,1,Má cudíibe cuènta.,Ya se está dando cuenta/está madurando.,,
udiilugar,rudii lugár,-u-dii # lu-ga!r,JLC;RLC,vA:caus,A,NO,1506,"To let through, to let in, to admit (lit. to give place).","Dar paso, dejar entrar, admitir (lit. darle lugar).",actions,lugar,EJG;JLC;ND,r.u-dii lu-ga!r,gu-di!i lu-ga!r,,,,,,,2,1,Bidii Fán lugár Pedru.,Juan le da su lugar a Pedro; Dejó Juan el camino libre para Pedro.,,
udiindaga,rudii ndaga,-u-dii # ndaga,JLC,vA:caus,A,NO,1507,"To pass in front, to cut someone off, to go over someone or something.","Pasar enfrente, pasar por encima, atravesarse.",motion,,,r.u-dii ndaga,gu-di!i ndaga,bi-dii ndaga,,,,,,3,4,Bidiibe ndaga.,Dio un paso.,Bidii Fán ndaga.,Le pasó Juan encima.
udiirreenke,rudii reènquè',-u-dii # rree*nke*,,vA:caus,A,NO,1508,To make something turn.,Darle vueltas (lit. hacerlo dar vueltas).,actions,,,r.u-dii rree*nke*,gu-di!i rree*nke* (),bi-dii rree*nke*,k.u-di!i +be* rree*nke*,,,,,4,3,Cudíibe reènquè' sebòya.,Está dando vueltas como la cebolla.,Rudiibe riènquè'ni.,Lo hace dar vueltas.
udiixkizhe,rudii xquìxe,-u-dii # x.ki*zhe,JLC,vA:caus,A,NO,1509,"To give thanks, to thank.","Dar las gracias, agradecer.",actions,,RLC,r.u-dii x.ki*zhe,gu-di!i x.ki*zhe,bi-dii x.ki*zhe,,,,,,3,5,Bidiibe xquìxe Fán.,Le da ella/él las gracias a Juan.,Bidii xquìxe Fán Pèdru.,Juan le da las gracias a Pedro.
udiixtipa,rudii xtipa,-u-dii # x.tipa,JLC;RLC,vA:caus,A,NO,1510,To strengthen (lit. to give strength).,"Dar fuerzas, fortalecer.",actions,,RLC,r.u-dii x.tipa,gu-di!i x.tipa,bi-dii x.tipa,,,,,,3,1,Rudii guendarocà xtipa Fán.,La comida le da fuerzas a Juan.,,
udiizhyana,rudii xiana,-u-dii # zh.yana,EJG,vA:caus,A,NO,1511,To anger or annoy someone.,"Hacer enojar, causar disgusto o muina.",actions,,,ru-dii zh.yana,gu-di!i zh.yana,bi-dii zh.yana,k.u-di!i zhyana,,z.u-dii zh.yana,,,5,1,Rudii Fán xiana jñaà.,Juan le hace pasar coraje a su mamá.,,
udiigelakawi,rudii (gue)la cahuì,-u-dii (ge)la kawi*,RGL;RLC,vA:caus,A,NO,1512,"To faint, to feel faint (lit. make someone get darkness).","Desmayarse, marearse (lit. darle la oscuridad).",wellness,,,r.u-dii gela kawi*,gu-di!i gela kawi*,bi-dii gela kawi*,k.u-di!i=gela kawi*,,,,,4,3,Má cudíi (gu)elacahuì laabe.,Ya le está dando mareo.,Quí nudíidí' (gue)lacahuì Mariá.,No se desmayó María.
udiilisaa,rudii lisaa,-u-dii li-saa,EJG;JLC;RGL,vA:caus,A,NO,1513,To cooperate in raising funds towards a family or community expense.,Cooperar para algún gasto familiar o comunitario.,cultural practices,,EJG;JLC;ND;RGL;RLC,r.u-dii li-saa,g.u-di!i li-saa,bi-dii li-saa,,,,,,3,4,Bidi(i)lisaa Fán nè Pèdru saca saa.,Juntaron Juan y Pedro para (pagar) el precio de la musica/el conjunto.,Binnì rudiidi' lisaaca' para gacá' saa.,El pueblo coopera para los gastos de la fiesta.
udiitibista,rudii ti bìsta,-u-dii ti+ bi*sta,VC,vA:caus,A,NO,1514,To take a look.,Dar un vistazo.,actions,,,r.u-dii ti+ bi*sta,gu-di!i ti+ bi*sta,bi-dii ti+ bi*sta,,,,,,3,0,,,,
udiitipunyete,rudii ti puñète,-u-dii ti+ punye*te,RLC,vA:caus,A,NO,1515,To give a blow.,Dar un golpe.,actions,puñete,,r.u-dii (ti+) punye*te,gu-di!i (ti+) punye*te,bi-dii (ti+) punye*te,,,,,,3,0,,,,
udiideche,rudiideche,-u-dii=deche,JLC;RLC,vA:caus,A,NO,1516,To turn the back at.,Dar la espalda.,actions,,,r.u-dii deche [,g.u-di!i deche,bi-dx.i deche,,,,,,3,2,Cádi gudíidechedí'.,Que no dé la espalda.,Rudiide'che Fán Pèdru.,Le da la espalda Juan a Pedro.
udiijneza-2,rudiijneza,-u-dii=j.neza,JLC;RLC,vA:caus,A,NO,1517,"To let through, to let in, to admit (lit. to give way).","Dar paso, dejar entrar, admitir (lit. darle camino).",actions,,,r.u-dii=j.neza,gu-di!i=j.neza,bi-dii=j.neza,,,,,,3,1,Bidii neza xtì' Fán.,"Dale su camino de Juan (ej. si el terreno o la casa de alguien está metido, que le dejen un callejoncito para que pueda llegar a su casa).",,
udiiligaa,rudiiligaa,-u-dii=li-gaa,EJG;VC,vA:caus,A,NO,1518,To ensure proper completion of a responsibility or labor.,"Hacer cumplir un compromiso o una faena, dar cumplimiento, finalizar debidamente.",actions,,,r.u-dii=li-gaa,,,,,,n.u-di!i=li-gaa,,2,1,Qué nudíiligaadí'be.,No dio un paso (no se desvió para ir a otro lado).,,
udiina7,rudiinà',-u-dii=na*7,EJG;JLC;ND;RLC,vA:caus,A,NO,1519,"To give a hand, ex. when shaking someone's hand as a greeting. By extension, to lend a hand, to help.","Dar la mano, ej. al saludar de mano. Por extensión, ayudar, apoyar.",actions,,EJG;JLC;ND,r.u-dii=na*7,g.u-di!i=na*7,bi-dii=na*7,,,,n.u-di!i=na*7,,4,6,Bidiinà'saaca'.,Se dieron la mano.,Bidiinà' saaca.,Se dieron la mano.
udiisaa,rudiisaa,-u-dii=saa,RLC,vA:caus,A,NO,1520,"To give each other something, to exchange.","Darse algo mutuamente, intercambiar.",actions,,,r.u-dii saa,g.u-di!i saa,bi-dii saa,,,,,,3,3,Quí nudíisaadí'ca'.,Se intercambian regalos entre ellos.,Rudiisaaca.,Se intercambian entre ellos.
udiixtiidxa,rudiixtiidxa',-u-dii=x.tiidxa,JLC,vA:caus,A,NO,1521,To give own's word.,Dar su palabra.,actions,,,r.u-dii x.tiidxa,g.u-di!i x.tiidxa,bi-dii x.tiidxa,,,,,,3,2,"Bidiixtiidxa' Fán Pèdru, zaguixebe laa xtóbi dxi.",Juan dio su palabra a Pedro de que le pagaría al otro día).,Quí nudiixtiidxa'dí' Fán.,Juan no dio su palabra.
udxii,rudxii,-u-dx.ii,EJG;JLC;ND;VP,vA:caus,A,NO,1522,To return something.,Devolverlo.,actions,,EJG;ND;RLC,r.u-dx.ii,g.u-dx.i!i,bi-dxii,"k.u-dxi!i [EJG, RLC09]",,,,,4,5,Bidxii bidxichi xtinné'.,Devuelve mi dinero.,Cudxíi.,Lo está devolviendo.
udxiidiidxa,rudxii diidxa',-u-dx.ii # diidxa,JLC;RLC,vA:caus,A,NO,1523,To demean someone's words.,Despreciar la palabra de otro.,actions,,,r.u-dx.ii diidxa,g.u-dxi!i x.tiidxa,bi-dxii diidxa,,,,,,3,2,Bidxii Fán diidxa' xtì Pèdru.,No recibió Juan la palabra de Pedro.,Bidxii Fán xtiidxa' Pèdru.,Despreció Juan las palabras de Pedro.
udxiideche,rudxiideche,-u-dx.ii=deche,EJG;JLC;RLC,vA:caus,A,NO,1524,"To turn the back at. By extension, to reject with disdain.","Volver la espalda. Por extensión, despreciar.",actions,,,r.u-dxii deche,gu-dxi!i deche,bi-dx.ii deche,k.u-dxi!i deche,,,,,4,2,Cádi gudxíi dechedí'tu laabe.,No lo desprecien.,Rudxii deche Fán Pèdru.,Juan desprecia a Pedro.
udxiigeta7,rudxiiguetá',-u-dx.ii=geta!7,EJG;JLC;ND;RLC;VP,vA:caus,A,NO,1525,"To make something return. By extension, to repeat.","Hacerlo volver. Por extensión, repetir.",actions,,EJG;RLC,r.u-dx.ii geta!7; ~ r.u-dxu geta!7,g.u-dx.i!i geta!7; ~ g.u-dxu! geta!7,bi-dx.ii geta!7; ~ bi-dxu geta!7,,,,,,3,6,Bidxiguetá'ni stì' tìru.,Repitelo otra vez.,Bidxuguetá'ni stì' tìru.,Repitelo otra vez.
udxiigeta7diidxa,rudxiiguetá' diidxa',-u-dx.ii=geta!7 # diidxa,JLC;RLC,vA:caus,A,NO,1526,"To respond, to answer back. By extension, to discuss, to be in a verbal dispute.","Responder, contestar. Por extensión, discutir.",actions,,,r.u-dx.ii geta!7 # diidxa; ~ r.u-dxu # geta!7,g.u-dxu! geta!7 #diidxa,bi-dxu # geta!7,,,,,,3,2,Rudxiguetá'be diidxa'.,Le contestó. (lit. le regresó la palabra),Rudxiguetá' Fán diidxa' nè Fàna.,Discuten Juan y Juana.
udxiigeta7lu,rudxiiguetá'lu',-u-dx.ii=geta!7=lu,EJG;JLC;RGL;RLC;VP,vA:caus,A,NO,1527,"To turn around to see. By extension, to help someone financially.","Voltear a ver. Por extensión, ver por alguien económicamente.",actions,,,r.u-dx.ii=geta!7=lu,g.u-dxi!i=geta!'=lu; ~ g.u-dxu!=geta!7 lu,bi-dx.ii=geta!=lu,,,,n.udxi!i=geta!'=lu; ~ n.udxu!=geta!'=lu,,4,3,Quí nudxíiguetá'ludí' Fán ñúuya Fàna.,No volteó Juan a ver a Juana.,Quí nudxúguetá'ludí' Fán ñúuya' Fàna.,No volteó Juan a ver a Juana.
udxiilu,rudxiilu',-u-dx.ii=lu,EJG;JLC;ND;RLC;VP,vA:caus,A,NO,1528,"To face, to confront.","Voltear la cara, dar la cara, enfrentarse a, afrontar.",actions,,JLC;RLC,r.u-dx.ii lu,g.u-dx.i!i lu,bi-dx.i lu,k.u-dxi!i lu,,,,,4,4,Bidxiilube laa.,Se le enfrentó.,Cudxíilu'lu.,Está dando la cara.
udxiiba,rudxiiba',-u-dx.iiba,EJG;JLC;ND;RGL;RLC;VOT;VP,vA:caus,A,NO,1529,"To make something go up, to raise something, to elevate something. By extension, to cultivate, in reference to plant cultivation.","Subirlo, alzarlo, levantarlo. Por extensión, sembrarlo, cultivarlo.",actions,,,r.u-dx.iiba,g.u-dx.i!iba (),bi-dx.iiba,,,,,,3,6,Bidxiiba' Fán bizaa.,Juan cultivó frijol.,Binni nuu xhpiaani' rudxiiba' la lade ca' ni za'bi' xhtiidxa'.,Las personas inteligentes encumbran su nombre entro los más famosos.
udxiibabini,rudxiiba' bini,-u-dx.iiba # bi-ni,JLC,vA:caus,A,NO,1530,To sow.,Sembrar.,cultivation,,,r.u-dx.iiba # bi-ni,g.u-dx.i!iba # bi-ni,bi-dx.iiba # bi-ni,,,,,,3,4,Quí nudxíibadí'be bini.,No hace crecer la siembra.,Rucaa Fán bini .,Juan siembra las semillas.
udxiibadonda,rudxiiba' donda,-u-dx.iiba # donda,JLC;RLC,vA:caus,A,NO,1531,To blame.,Culpar.,actions,,,r.u-dxiiba # donda,g.u-dx.i!iba # donda,bi-dx.iiba # donda,,,,,,3,6,Bidxiiba' Pèdru donda ique Fán.,Le echo la culpa a Juan.,Quí nudxíibadí'be donda ique Pèdru.,No le echó la culpa a Pedro.
udxiibaikeyoo,rudxiiba' ique yoo,-u-dx.iiba # ike yoo,JLC;RLC,vA:caus,A,NO,1532,"To take something up on a roof. By extension, to roof, to lay tile on a roof.","Subir al techo. Por extensión, techar, poner teja en un techo.",actions,,,r.u-dx.iiba # ike yoo,g.u-dxi!iba # ike yoo,bi-dxiiba # ike yoo,,,,,,3,3,Bidxiiba' Fán dèxa iqueyoo.,Juan subió las tejas al techo.,Rudxiiba' iqueyoo.,Le pone teja a la casa.
udxiibi,rudxiibi',-u-dx.iibi,JLC,vA:caus,A,NO,1533,"To smooth out. By extension, to epilate.","Alisar. Por extensión, depilar.",actions,,,r.u-dx.iibi,g.u-dx.iibi,bi-dx.iibi,,,,,,3,0,,,,
udxeela,rudxeelà',-u-dxeela*,EJG;RLC;VP,vA:caus,A,NO,1534,To be in a romantic relationship.,Estar en una relación amorosa o de noviazgo.,states,,JLC,r.u-dxeela*,(g).u=dxee*la*,bi-dxeela*,,,,,,3,3,Bidxeelà'.,Fueron novios.,Bidxeelà'be Fán.,Fueron novios ella y Juan.
udxelasaa,rudxelasaa,-u-dxela=saa,RGL;RLC,vA:caus,A,NO,1535,"To make others meet, run into each other, or face each other. By extension, to make others crash into each other, argue with each other, or fight with each other.","Hacer que se encuentren, se topen uno con el otro, se enfrenten uno al otro. Por extensión, hacer chocar, hacer pelear.",actions,,,ru.dxela=saa,gu-dxe!la=saa,bi-dxela=saa,k.u-dxe!la=saa,,,n.u-dxe!la=saa,,5,5,Cudxélasaacabe gàyu.,Están haciendo pelear a los gallos.,Cudxélasaa guie.,Está chocando las piedras.
udxiga7,rudxigá',-u-dxiga!7,EJG;JLC;RGL;VP,vA:caus,A,NO,1536,"To drive something in, ex. to hammer a nail in, to dig a knife into something, etc.",Hacer que se clave.,actions,,,r.u-dxiga!7,gu-dxiga!7 (I),bi-dxiga!7,k.u^-dxi^ga!7,,,,,4,5,Bisaana' de gudxigú' (bi)cuini racà.,¡Deja de estar metiendo dedo ahí!,Quí nudxigá'nà'dí' Fán ndaani' nisa.,No metió Juan la mano en el agua.
udxiirwaa,rudxiiruaa,-u-dxii=rwaa,EJG;ND,vA:caus,A,NO,1537,To disobey.,Desobedecer.,actions,,EJG;RLC,,,,k.u-dxi!i rwaa,,,,,1,1,Cudxiiruaa.,Desobedece.,,
udxiibaike,rudxiiba' ique,-u-dxiiba # ike,RGL,vA:caus,A,NO,1538,To carry on the head.,Cargar en la cabeza.,actions,,,r.u-dx.iiba # ike,g.u-dx.i!iba # ike (),bi-dx.iiba # ike,,,,,,3,1,Rudxiiba'bè dxumì iquebe.,Lleva la canasta en la cabeza.,,
udxwi7,rudxui',-u-dxwi7,EJG;JLC;RLC;VP,vA:caus,A,NO,1539,To make something burn.,Hacer que se queme.,actions,,JLC;RLC,r.u-dxwi7,gu-dxwi!7 (),bi-dxwi7,,,,,,3,3,Bidxui' nà' Ròsa ndaani' suquiì.,Rosa se quemó su mano en el horno.,Rudxui' gui laabe.,Le quema el fuego.
udxwi7gubidxa,rudxui' gubidxa,-u-dxwi7 # gu-bidxa,EJG,vA:caus,A,NO,1540,For the sun to make the skin burn.,Hacer que se queme la piel.,actions,,,r.u-dxwi7 # gu-bidxa,gu-dxwi!7 # gu-bidxa,bi-dxwi7 # gu-bidxa,,,,,,3,3,Bidxui' gubidxa ñeebe.,Quemó el sol sus pies (porque andaba descalzo y el piso estaba caliente).,Quí nudxuí'dí' gubidxa ñeebe.,No le quemó el sol sus pies (aunque andaba descalzo y el piso estaba caliente).
udxyee,rudxiee,-u-dxyee,EJG;JLC;RGL;RLC;VP,vA:caus,A,NO,1541,To make something stir or mix by inserting a utensil.,"Hacer que algo se bata, remueva o menee metiendo un utensilio o un dedo en la mezcla.",actions,,,r.u-dxyee,gu-dxye!e (),bi-dxyee,,,,n.u-dxye!e,,4,4,Bidxieenà'.,Menéalo.,Gudxiée nè (g)udxàra.,Que menée con la cuchara.
udxyeebikwini,rudxiee bicuini,-u-dxyee # bi-kwini,RLC,vA:caus,A,NO,1542,To tear the hymen by inserting a finger. This practice is part of the marriage process and is performed by the groom on the wedding night to verify the bride's virginity.,Romper el himen mediante la inserción de un dedo. Esta es una práctica que forma parte del proceso de contraer matrimonio y la realiza el novio durante la noche de bodas para verificar la virginidad de la novia.,cultural practices,,,r.u-dxyee # bi-kwini,g.u-dxye!e # bi-kwini,bi-dxyee # bi-kwini,,,,,,3,0,,,,
udxyeezhii,rudxiee xii,-u-dxyee # zhii,EJG,vA:caus,A,NO,1543,"To root, in reference to common pig behavior.","Hocicar, hociquear, dicho del comportamiento común de los cerdos.",actions,,,r.u-dxyee # zhii,g.u-dxye!e # zhii,bi-dxyee # zhii,,,,n.u-dxye!e # zhii,,4,3,Quí nudxiéedí' xii ndaani' nisa cuba.,No rasca el marrano con su nariz el desperdicio.,Quí nudxiée xiidí' bihui nisa cuba.,El marrano no rascó con su nariz el desperdicio.
udxyeeguzaa,rudxiee guzaa,-u-dxyee gu-zaa,EJG,vA:caus,A,NO,1544,Jiménez Girón (1979:186) describes this lexeme as to search in every nook and cranny.,"Jiménez Girón (1979:186) este lexema como ""registrar buscando por todos los rincones"".",actions,,,r.u-dxyee gu-zaa,,,,,,,,1,0,,,,
udxyeeya,rudxiee ya,-u-dxyee ya,EJG,vA:caus,A,NO,1545,Jiménez Girón (1979:186) defines this lexeme as having something serious or difficult simmering in the mind without being able to resolve it.,"Jiménez Girón (1979:186) define este lexema como ""bullir en la mente algo grave o difícil sin poder resolverlo"".",actions,,,r.udxyee ya,,,,,,,,1,0,,,,
udxyeezha7na,rudxiee xa'na',-u-dxyee zha7na,EJG,vA:caus,A,NO,1546,Jiménez Girón (1979:186) describes this lexeme as to search in every nook and cranny.,"Jiménez Girón (1979:186) describes this lexeme as ""registrar buscando por todos los rincones"".",actions,,JLC;RLC,r.u-dxyee gu-zaa,,,,,,,,1,0,,,,
udxyeena7,rudxieenà',-u-dxyee=na*7,EJG;JLC;ND;VP,vA:caus,A,NO,1547,"To stir with the hand, ex. when searching inside a purse or pocket. By extension, to paw, to pick pocket.","Remover con la mano, ej. al buscar en una bolsa o bolsillo. Por extensión, manosear, esculcar, bolsear.",actions,,EJG;JLC;RLC,r.u-dxyee=na*7,g.u-dxye!e=na*7,bi-dxyee=na*7,,,,n.u-dxye!e=na*7,,4,2,Bidxieènà'yá'.,Esculqué con la mano.,Quí nudxiéenà'dí' xcuídicà bòlsa xtíu'.,No esculcó el niño este tu bolsa.
udxyeenyee,rudxieeñee,-u-dxyee=nyee,EJG;RLC,vA:caus,A,NO,1548,"To mix with the feet, ex. to mix clay for bricks.","Revolver con los pies o patas, ej. para mezclar el barro en la fabricación de ladrillos.",actions,,,r.u-dxyee=nyee,gu-dxye!e=nyee,bi-dxyee=nyee,,,,,,3,2,Quí nudxiée ñeedí' beredí' guixhidí'.,No rascan estas gallinas la (esta) basura con las patas.,Rudxiee ñee bere guixhi.,Las gallinas rascan con sus patas los desperdicios.
udxyeela,rudxieelà',-u-dxyeela*,ND,vA:caus,A,NO,1549,To be in a romantic relationship.,Estar en una relación amorosa o de noviazgo.,states,,,r.u-dxyeela*,g.u-dxyee*la*,bi-dxyeela*,,,,n.u-dxyee*la*,,4,5,Bidxeelà'cabe.,Se hicieron novios.,Carlos rudxieelà' ti ba'du'dxaapa' rutoo gueta luguiaa.,Carlos tiene una novia que vende tortilla en el mercado.
udye-2,rudie,-u-dye,EJG;JLC;ND;VP,vA:caus,A,NO,1550,"To make something tight, to tighten.","Hacer que se apriete, apretarlo.",actions,,RLC,r.u-dye,gu-dye! (),bi-dye,k.u-dye!,,,,,4,3,Cudié.,Está haciendo que se apriete.,Rudieni laa.,Se le dificulta.
udyenilaa,rudieni laa,-u-dye +ni* laa,EJG;RLC,"vA:caus, clq",A,NO,1551,For a situation or obligation to pressure someone (lit. to squeeze someone tight).,Generarle una presión a alguien por una situación u obligación (lit. apretarle).,actions,,,r.u-dye +ni* laa (+be*),gu-dye! +ni* laa (+be*),bi-dye +ni* laa,k.u-dye! +ni* laa (+be),,,,,4,0,,,,
uga7ga,ruga'ga',-u-g.a7ga,EJG;JLC;RLC;VP,vA:caus,A,NO,1552,"To make something get stuck, to jam, to obstruct.","Hacer que se atore o se atasque, trabar, obstruir.",actions,,VC,r.u-g.a7ga,g.u-g.a!7ga (),bi-ga7ga; ~ bi-,k.u-ga!7ga,,,,,4,2,Biga'ga'be ca' tràstehuiini' xtì'be ladè càma.,Atoró sus juguetitos contra la cama.,Biga'ga'be ti ndaà gueta yanni ba'du' huiini' quí nudíibe laa nisa.,Hizo que se le atorara la tortilla en el pescuezo del niñito porque no le dio agua.
uga7ta,ruga'ta',-u-g.a7ta,EJG;JLC;ND;RLC;VP,vA:caus,A,NO,1553,To make someone lie down in order to fall asleep. To put on paper texts or music.,"Acostarle para dormir. Por extensión, poner por escrito textos o piezas musicales.",actions,,,r.u-g.a7ta,g.u-g.a!7ta (),bi-g.a7ta,k.u-g.a!7ta,,,,,4,2,Biga'ta'cue' Fán Pèdru.,Juan acostó de lado a Pedro.,Biga'ta' Mariá xiiñi' ndaani' guixhe.,Acostó María a su hijo en la hamaca.
uga7tagudaa,ruga'ta'gudaà,-u-g.a7ta=gu-daa*,RLC,vA:caus,A,NO,1554,To make someone duck under or bend down.,Hacer que se agache.,actions,,JLC,,gu.7ta=gu-daa*,bi-g.a7ta=gu-daa*,,,,,,2,0,,,,
uga7takwe7,ruga'ta'cue',-u-g.a7ta=kwe7,RLC,vA:caus,A,NO,1555,"To make something bend, to bend.","Hacer que se doble, doblarlo.",actions,,,bi-g.a7ta=kwe7,gu.7ta=kwe7,,,,,,,2,1,Biga'ta'cue' bi yaga.,El aire dobló el palo.,,
uga7tana,ruga'ta'na,-u-g.a7ta=na,RLC,vA:caus,A,NO,1556,To alert someone.,Alertar a alguien.,communication,,RLC,,gu.7ta=na,bi-g.a7ta=na,,,,,,2,1,Biga'ta'na Fán Pèdru.,Juan le avisó a Pedro.,,
uga7tarilu,ruga'ta'rilu,-u-g.a7ta=ri+ lu,RLC,vA:caus,A,NO,1557,To make someone or something lie belly down or upside down.,"Hacer que se acueste boca abajo, acostarlo boca abajo.",actions,,,,gu.7ta=ri=lu,bi-g.a7ta=ri+ lu,,,,,,2,1,Biga'ta'rilu Fán guisu.,Juan volteó boca abajo la olla.,,
ugaagi,rugaagui',-u-g.aagi,EJG;JLC;RGL;RLC;VP,vA:caus,A,NO,1558,"To set something to cook, broil, brown or fry.","Ponerlo a cocer, asar, dorar o freír.",processes,,EJG,r.u-gaagi,g.u-ga!agi (),bi-gaagi,k.u-ga!agi,,,,,4,6,Bigaagui' benda ndaani' suquiì.,Horneó pescado en el horno.,Cugáagui'be ladríu.,Está horneando ladrillos.
ugaagigiiba,rugaagui' guiiba',-u-g.aagi # giiba,RGL,vA:caus,A,NO,1559,To set adobe bricks to bake.,Poner a hornear ladrillos de adobe.,processes,,RLC,r.u-gaagi # giiba,g.u-ga!agi  # giiba (),bi-gaagi # giiba,k.u-ga!agi # giiba,,,,,4,1,Rugaagui'be guiiba'.,Cuece el fierro.,,
ugaana,rugaana',-u-g.aana,EJG;JLC,vA:caus,A,NO,1560,To make the oxen plow or clear the vegetation in a plot of land.,Hacer a la yunta barbechar o limpiar un terreno de siembra.,cultivation,,,r.u-gaana,g.u-ga!ana (),(2s) bi-g.a!ana,,,,,,3,1,Bigáana'.,Se barbechó.,,
ugaanda,rugaandà',-u-g.aanda*,EJG;JLC;RGL;RLC;VP,vA:caus,A,NO,1561,"To make something hang, to hang something. By extension, to catch up to someone, to provoke someone.","Hacer que algo cuelgue, colgarlo. Por extensión, alcanzarlo, provocarlo.",actions,,RLC,r.u-gaanda*,g.u-gaa*nda*; ~ g.u-gaa*nda* ,bi-gaanda*,,,,,,3,6,Bia' bia' bigaandà'sì.,Apenitas alcanzó.,Bigaandà' laabe.,Alcánzalo.
ugaani,rugaani',-u-g.aani,EJG;RLC,vA:caus,A,NO,1562,To load weight on something.,Recargar peso sobre algo.,actions,,,r.u-gaani,g.u-gaani,bi-gaani,k.u-ga!ani,,,,,4,2,Bigaani'be càja lu càma.,Puso la caja en la cama.,Rugaani'be yaga lu lòna.,Pone la leña encima de la lona.
ugaasa,rugaasa',-u-g.aasa,EJG;JLC;VP,vA:caus,A,NO,1563,"To wedge, to squeeze into something, to plug into something. By extension, to anger someone.","Encajar, atorar, enchufar. Por extensión, causar coraje.",actions,,,r.u-g.aasa,g.u-g.a!asa,bi-g.aasa,k.u-ga!asa,,,,,4,1,Bigaasa'be gui'chi' ladè puerrtá'.,Atoró las cartas (el cartero) entre la puerta.,,
ugabi,rugabì,-u-g.abi*,EJG;JLC,vA:caus,A,NO,1564,To make someone swallow something.,Hacerle tragar o deglutir.,actions,,,r.u-g.abi*,g.u-g.a*bi* (I),bi-gabi*,k.u-ga*bi*,,z.u-gabi*,,,5,4,Bigabé'.,(Le) hice tragar.,Bigabì dotór laabe pastìya.,El doctor le hizo tomar pastillas.
ugadxe,rugadxe,-u-g.adxe,EJG;JLC;VP,vA:caus,A,NO,1565,To cause to become wet.,"Hacer que se moje, mojarlo.",actions,,,r.u-g.adxe,g.u-g.a!dxe (),bi-g.adxe,k.u-ga!dxe,,,,,4,4,Bia' bigadxe huiini'sì.,Hizo que se mojara tantito nada más,Bigadxebe lari.,Mojó la ropa.
ugadxena7,rugadxe nà',-u-g.adxe # na*7,EJG;JLC;RLC,vA:caus,A,NO,1566,To bribe (lit. to make someone's hand wet).,"Sobornar, dar mordida (lit. hacer que la mano de otro se moje).",actions,,JLC;RLC,r.u-g.adxe # na*7,g.u-g.a!dxe # na*7,bi-g.adxe # na*7,k.u-ga!dxe # na*7,,,,,4,2,Quí nugádxedí' Fán nà' dxù'.,No sobornó Juan al soldado.,Rugadxe Fán nà' dxù'.,Juan soborna al soldado.
ugadxi,rugadxi,-u-g.adxi,EJG;JLC;RLC;VP,vA:caus,A,NO,1567,To make a baby nurse or suckle.,"Hacer que chupe, amamantar, dar de mamar.",actions,,,r.u-g.adxi,g.u-g.a!dxi (),bi-gadxi,k.u-g.a!dxi,,,,,4,3,Bigadxi.,Dale de mamar.,(G)ugádxi gunaa ba'du' huiini'.,Que le de mamar la mujer al niñito.
ugaku,rugacu,-u-g.aku,EJG;JLC;VP,vA:caus,A,NO,1568,To dress someone (lit. to cause to wear).,Vestirlo (lit. hacer que se lo ponga).,actions,,,r.u-gaku (caus),g.u-ga!ku (),/ bi-gaku,k.u-g.a!ku,,,,,4,2,Bigacu laabe lari.,Pónle su ropa.,(G)ugácube xhiiñi'be lari.,Que le ponga ropa a su hijo.
ugapa,rugapa,-u-g.apa,EJG;VC,vA:caus,A,NO,1569,To make someone guard or look after something.,"Dar a guardar, dar a cuidar, dar a custodiar.",actions,,RLC,r.u-gapa,,,,,,,,1,0,,,,
ugapadyuzhi,rugapà diúxi,-u-g.apa* # dyu!zhi,EJG;JLC;RLC;VP,vA:caus,A,NO,1570,To greet.,Saludar.,actions,,,r.u-g.apa* # dyu!zhi,g.u-g.a*pa* # dyu!zhi (I),bi-gapa* # dyu!zhi,,,,,,3,3,Bigapàdiúxi.,Saluda. (imperativo),Rugapàbe diúxi binnì.,Saluda él a las personas.
ugawi,rugahuì,-u-g.awi*,EJG;JLC;RLC;VP,vA:caus,A,NO,1571,"To make someone or something become covered, ex. by drenching, by dusting with sugar. By extension, to make someone wear a clothing item.","Hacer que se cubra, ej. bañándolo con agua, rociándolo con azúcar. Por extensión, hacerlo portar o ponerse ropa.",actions,,,r.u-g.awi*,g.u-g.a*wi* (I),bi-g.awi*,k.u-g.a^wi*,,,,,4,5,Bigahuì laabe bizuudi'.,Hazla que se ponga su enagua.,Bigahuì nisa lu binnì.,Échale agua a la gente en la cara.
ugawibizuudi,rugahuì bizuudi',-u-g.awi* # bi-zuudi,EJG,vA:caus,A,NO,1572,"To dress with a traditional long, ornate skirt.",Vestir con enagua.,clothing and adornment,,,r.u-g.awi* # bi-zuudi,g.u-g.a*wi* # bi-zuudi,bi-gawi* # bi-zuudi,,,,,,3,2,Rugahuì jñaabe laabe bizuudi'.,Su mamá le pone su nagua.,Zaà (g)ugàhuì xñaabe laabe bizuudi'.,Que le ponga su nagua su mamá.
ugawinisa,rugahuì nisa,-u-g.awi* # nisa,EJG;RLC,vA:caus,A,NO,1573,"To sprinkle with water, in reference to pouring water on a child at baptism.","Rociar con agua, con relación a la aplicación de agua bendita a un niño durante el bautismo.",actions,,,r.u-g.awi* # nisa,,bi-gawi* # nisa,,,,,,2,2,Bigahuìbe nisa lu xiiñé'.,Ella/él roció agua (bendita) sobre mi hija.,Mariá bigahuìbe nisa lu Fán.,María le echó agua a Juan.
ugaze,rugaze,-u-g.aze,EJG;VP,vA:caus,A,NO,1574,"To make someone bathe, to bathe.","Hacer que se bañe, bañarlo.",actions,,,r.u-g.aze,g.u-ga!ze (),bi-g.aze,,,,n.u-ga!ze,,4,3,Bigazebe laame de bia.,Está bañado (el pollo) en achiote.,Bigaze Mariá xiiñi'.,Bañó María a su hijo.
ugazegidi,rugaze guidi,-u-g.aze # gidi,EJG;RLC,vA:caus,A,NO,1575,"To flog, to whip, to strike with a leather belt.","Dar de latigazos, azotar, pegar con cinturón.",actions,,,r.u-gaze gidi,,,,,,,,1,0,,,,
ugazelayu,rugaze layu,-u-g.aze # la=yu,EJG;RLC,vA:caus,A,NO,1576,To slam against the ground.,Azotar contra el suelo.,actions,,,r.u-gaze # la=yu,,,,,,,,1,1,Bigaze xcuídicà muñècadí' layu.,El niño azotó está muñeca en el suelo.,,
ugazena7,rugaze nà',-u-g.aze # na*7,EJG,vA:caus,A,NO,1577,"To hit with the hand, to slap.","Golpear con la mano, dar manotazos.",actions,,,r.u-gaze # na^; ~ r.u-gaze # na*7,,,,,,,,1,0,,,,
ugazegi,rugazegui,-u-g.aze=gi,EJG,vA:caus,A,NO,1578,To grill (lit. to make something bathe in fire).,Asar (lit. hacerlo bañar en lumbre).,processes,,,r.u-gaze=gi,,,,,,n.u-ga!ze=gi,,2,2,Quí nugázeguidí'cabe guchachí'.,No pasaron en la lumbre la iguana.,Rugaze guica'be (g)uchachí' para (gu)iree xhaba ladi.,Pasan en la lumbre la iguana para poder pelarle la piel.
ugazenyee,rugazeñee,-u-g.aze=nyee,JLC;RLC;VP,vA:caus,A,NO,1579,To trip over.,Tropezarse.,actions,,,r.u-g.aze nyee,,bi-gaze=nyee,,,,,,2,1,Bigazeñee pèdru lu ti guie; biaaxhà' ca' bixugà ñee.,Se tropezó con la piedra y se arrancó las uñas de su pie.,,
uge7,rugue',-u-g.e7,EJG;JLC;VP,vA:caus,A,NO,1580,To make someone drink.,Dar de beber.,actions,,EJG;RLC,r.u-g.e7,g.u-g.e!7 (),bi-ge7; ~ bi-,k.u-g.e!7,,z.u-g.e7,,,5,2,Bigue'.,Dale de tomar.,Bigue' Gàbi remèdiu xiiñi'.,Gabriela le hizo tomar medicina a su hija.
uge7benenu,rugue' benènu,-u-g.e7 # bene*nu,RGL;RLC,vA:caus,A,NO,1581,To poison (lit. to make someone drink poison).,Envenenar (lit. hacer beber veneno).,actions,veneno,,r.u-g.e7 # bene*nu,g.u-g.e!7 # bene*nu (),,,,,,,2,1,Bigue'be benènu huaga.,Envenenó a la rata.,,
uge7gu7xu,rugue' gu'xhu',-u-g.e7 # gu7xu,JLC;RLC,vA:caus,A,NO,1582,"To smoke, ex. meat.",Ahumar.,processes,,,r.u-g.e7 # gu7xu,g.u-ge!7 # gu7xu,,,,,,,2,1,Rugue' Fán gu'xhu' benda.,Ahumó Juan el pescado.,,
ugu7babi,rugu'ba' bi,-u-g.u7ba # bi,EJG;RLC,vA:caus,A,NO,1583,"To breath, to inhale (lit. to air to be pulled in).","Respirar, inhalar (lit. hacer que se jale el aire).",actions,,EJG;RLC,r.u-g.u7ba # bi,,,k.u-g.u!7ba # bi,,,,,2,1,Quí cugú'ba' Fán bi.,No está respirando Juan.,,
ugu7bageza,rugu'ba' gueza,-u-g.u7ba # geza,EJG,vA:caus,A,NO,1584,To smoke (ex. a cigarette).,Fumar.,actions,,,r.u-g.u7ba # geza,,,,,,,,1,1,Rigu'ba' Fán gueza.,Fuma Juan.,,
ugu7bayu,rugu'ba'yu,-u-g.u7ba=yu,EJG,vA:caus,A,NO,1585,To make someone or something drag on the floor.,Hacer jalar por el piso.,actions,,,r.u-guba=yu,,,,,,,,1,1,Rigu'ba'yu Fán mexá'.,Jala Juan la mesa.,,
ugunadiidxa,ruguna diidxa',-u-g.una # diidxa,EJG;JLC;RLC,vA:caus,A,NO,1586,To insult (lit. to make someone hear words).,Insultar (lit. hacer que alguien escuche palabras).,communication,,,r.u-g.una # diidxa,g.u-g.u!na () # diidxa,bi-g.una # diidxa,,,,,,3,1,Ruguna Fán diidxa' Pèdru.,Insulta Juan a Pedro.,,
ugunye,ruguñe,-u-g.unye,JLC,vA:caus,A,NO,1587,"Cause to be tied, roped or lassoed.",Hacer que se enlace o se amarre.,actions,,,r.u-g.unye,g.u!-g.u!nye,bi-g.unye,,,,,,3,1,Rucuñebe yùzè.,Laza ella/él el ganado.,,
uguu,ruguu,-u-g.uu,EJG;RGL;RLC,vA:caus,A,NO,1588,"To enter, to put (in)side, to insert (lit. to make someone or something enter).","Meter, insertar, introducir, ingresar (lit. hacer que se meta).",actions,,EJG;ND;RLC,r.u-g.uu,g.u-gu!u,bi-g.uu,k.u-g.u!u,,z.u-g.uu,n.u-gu!u,,6,6,Biguu Mariá xpinnì beèdà'nabá' Fán.,María hizo venir a la gente para que la viniera a pedir Juan.,Ruguube bupu.,Echa espuma.
uguubyeke,ruguu bieque,-u-g.uu # b.y.eke,RLC,vA:caus,A,NO,1589,To cause to twist (lit. to introduce turns).,"Hacer que se tuerza, torcer (lit. meterle vueltas).",actions,,,r.u-g.uu # b.y.eke,g.u-gu!u # b.y.eke,bi-g.uu # b.y.eke,,,,,,3,2,Ruguu bieque Fán nà' Pèdru.,Le torció la mano Juan a Pedro.,Ruguu Fán bieque nà' Pèdru.,Juan le tuerce la mano a Pedro.
uguudi,ruguu dì,-u-g.uu # di*,,vA:caus,A,NO,1590,"To insult, to curse.","Insultar, maldecir.",communication,,RLC,r.u-g.uu; r.u-g.uu # di,g.u-gu!u,bi-g.uu,,,,,,3,1,Ruguu Mariá dì Fán.,María maldice a Juan.,,
uguudxinya,ruguu dxiña,-u-g.uu # dxinya,RLC,vA:caus,A,NO,1591,To sweeten.,Endulzar.,processes,,,,,bi-g.uu # dxinya ,,,,,,1,1,Biguube dxiña yogúr.,Echo ella azúcar en el yoghurt.,,
uguugidi,ruguu guidi,-u-g.uu # gidi,,vA:caus,A,NO,1592,To belt with a leather belt.,Golpear con cinturón de cuero.,actions,,,,,bi-g.uu # gi^di,,,,,,1,0,,,,
uguugiiyu,ruguu guiiyù',-u-g.uu # giiyu*,JLC,vA:caus,A,NO,1593,"To introduce lime (calcium oxide), ex. for nixtamalization, to paint walls.","Incorporarle cal (óxido de calcio), ej. para el nixtamal, para pintar paredes.",processes,,RLC,r.u-g.uu # giiyu*,,,,,,,,1,1,Ruguu Fán guiiyù' padér yoo.,Pintó Juan la pared con cal.,,
uguuguna,ruguu guna,-u-g.uu # guna,RLC,vA:caus,A,NO,1594,"To give a donation (e.g. to the church), to give a contribution towards the costs associated with special occasions, such as weddings, wakes, and community festivities known as 'velas' in Spanish.","Dar limosna (ej. en la iglesia), hacer entrega de la cooperación que se acostumbra ofrecer durante las ocasiones especiales como en bodas, velorios y las velas.",spirituality,,,r.u-g.uu # guna,,,,,,,,1,1,Ruguu Fán guna nè Pèdru.,Juan le da limosna a Pedro (para cooperar con los gastos de una celebración).,,
uguule7,ruguu le',-u-g.uu # le7,RLC,vA:caus,A,NO,1595,"To fence in, to encircle, to besiege.","Cercar, sitiar, acorralar.",actions,,,,,bi-g.uu # le7,,,,,,1,1,Biguu Fán le' ra lidxi.,Juan puso una cerca alrededor de su casa.,,
uguundaaya,ruguu ndaaya',-u-g.uu # ndaaya,EJG;RLC,vA:caus,A,NO,1596,To say prayers of benediction.,Rezar oraciones de bendición.,spirituality,,,r.u-g.uu # ndaaya,bi-g.uu # ndaaya,,,,,n.u-g.u!u # ndaaya,,3,2,Biguu pàdre ndaaya' ca xcuídi.,Bendijo el padre a los niños.,Quí nugúudí' pàdre ndaaya' ca' xcuídi.,No bendijo el padre a los niños.
uguunduyu,ruguu ndùyù,-u-g.uu # ndu*yu*,,vA:caus,A,NO,1597,To push with the buttocks.,Empujar con las nalgas.,actions,,,ru-guu ndu*yu* ,,,,,,,,1,0,,,,
uguuzidi,ruguu zidi,-u-g.uu # zidi,,vA:caus,A,NO,1598,To jinx.,"Echar la sal, en el sentido de desearle mala suerte a alguien.",spirituality,,,,,,,,,,,0,1,Ruguuca'be zidi Fán para quí gapà dxiña.,Le están echando la sal a Juan para que no tenga trabajo.,,
uguugu7xu,ruguu gu'xhu',-u-g.uu gu7xu,RLC,vA:caus,A,NO,1599,"To smoke. This may be in reference to filling a house with smoke in order to cleanse it. For this purpose, dry chilly peppers are roasted to produce smoke. This practice is done on a Tuesday or a Friday.",Sahumar. Puede ser en referencia a la práctica de llenar una casa con humo de chile de árbol para limpiarla. Se considera que esta práctica se hace en martes o en viernes.,cultural practices,,,,,,,,,,,0,3,(Gu)ixì' màrte lá zuguaá' gu'xhu' ndaani' yoo.,"Mañana es martes, voy a echar humo en la casa.",Neegue' bi'ni' cabe guxhu guiiña' nè guxhu bido' para cueè cabe mál ni nuù ndaani' yoo.,Ayer vinieron a quemar chile y sahumerio para sacar el mal que está adentro de la casa.
uguunisa,ruguu nisa,-u-g.uu nisa,,vA:caus,A,NO,1600,To baptize.,Bautizar.,cultural practices,,RLC,,,,,,,,,0,1,Biguu nisa Pàdre xiiñi' Fán.,Bautizó el padre al niño de Juan.,,
uguusenya,ruguu sèña,-u-g.uu se*nya,RGL;RLC,vA:caus,A,NO,1601,"To brand, in reference to cattle","Marcar o herrar, dicho del ganado.",actions,seña,JLC;ND;RGL;RLC,,,,,,,,,0,1,Ruguu Mariá sèña xpere nè ti ndaa lari huiini'.,María le amarra un pedazo de trapito a su gallina (para saber que es suya).,,
uguubeedxe,ruguubeedxe',-u-g.uu=beedxe,RLC,vA:caus,A,NO,1602,To roar.,Rugir.,actions,,,r.u-g.uu=beedxe,g.u-gu!u=beedxe,bi-g.uu=beedxe,,,,,,3,1,Ruguubeedxe' Fán.,Juan gruñe (a manera de quejarse de un dolor o de una enfermedad).,,
uguubi,ruguubi',-u-g.uu=bi,ND,vA:caus,A,NO,1603,To throw something up in the air.,"Aventar, lanzar o tirar hacia arriba.",actions,,,,,,,,,,,0,2,Ruguubi Rober Olìbia.,Avienta Robert a Olivia en el aire (de juego).,Rundaa guie.,Lanza piedras.
uguubya7,ruguubia',-u-g.uu=bya7,JLC;RGL;RLC,vA:caus,A,NO,1604,"To measure, to weigh, to gauge.","Tomar la medida, medir, pesar, sopesar.",actions,,,r.u-g.uu=bya7; ~ r.u-g.uu + bya7,ku!=bya7,g.u-l.uu=bya7; ~ g.u-l.uu + bya7,ku!=bya7,,,,,4,1,Ruguubia'nu.,Lo medimos.,,
uguuchaawi,ruguuchaahui',-u-g.uu=chaawi,JLC;RLC,vA:caus,A,NO,1605,To carefully store away something.,Guardarlo con cuidado.,actions,,,r.u-g.uu chaawi,,,,,,,,1,3,Chaahui' duga ruguu Fán (g)anìu nà' Fàna.,Le puso despacito el anillo Juan a Juana.,Ruguuchaahui' Fán xpuèltu.,Juan guarda su dinero.
uguudaata,ruguudaata',-u-g.uu=daata,,vA:caus,A,NO,1606,To powder.,Espolvorear.,processes,,,,,,,,,,,0,1,Ruguudaata' Marià de lu.,María se echa demasiado polvo en la cara.,,
uguudutu,ruguudu'tu,-u-g.uu=dutu,,vA:caus,A,NO,1607,To add or apply the necessary amount.,Meter o aplicar lo suficiente.,actions,,,,,,,,,,,0,1,Quí ruguudutu dí' xabú ladi xiiñe'.,No se enjabona bien mi hijo.,,
uguufluuchi,ruguufluùchì',-u-g.uu=fluu*chi*,,vA:caus,A,NO,1608,To make something whistle or screech.,"Hacer chiflar, hacer silbar, hacer chillar.",actions,,EJG;JLC,r.u-g.uu fluu*chi*,,,,,,,,1,1,De ruguufluùchì' xhiàntani.,Hasta la chiflan las llantas (de tanto que derrapa el carro).,,
uguugeta,ruguugueta,-u-g.uu=geta,RLC,vA:caus,A,NO,1609,To make tortillas.,Echar tortilla.,processes,,,,,,,,,,,0,1,Ruguu Ròsa gueta.,Rosa echa tortilla.,,
uguugi,ruguugui,-u-g.uu=gi,JLC;RGL;RLC,vA:caus,A,NO,1610,"To light a fire, to ignite.","Meter lumbre, encender.",actions,,,r.u-g.uu=gi,g.u-g.u!u=gi; ~ k.u!=gi,g.u-l.uu=gi,k.u-g.u!u=gi,,,,,4,5,Cugúuguibe suquiì.,Le está echando lumbre a su horno.,Quí nugúuguidí' suquiì xtì'.,No hizo lumbre en su horno.
uguujneza,ruguujneza,-u-g.uu=j.neza,,vA:caus,A,NO,1611,To fire from a job (lit. to put on the street).,Despedir de un trabajo (lit. meterle en la calle).,actions,,,,,,,,,,,0,1,"Biguu xneza cabe laabe, bianabe sin dxiiña'  .","Lo despidieron del trabajo, se quedó sin trabajo.",,
uguuna7,ruguunà',-u-g.uu=na*7,RLC,vA:caus,A,NO,1612,"To grab, to grip.","Agarrar, tomar con la mano.",actions,,,,,bi-g.uu=na*' fa!n x.pwe*ltu binni*,,,,,,1,1,Biguunà' Fán xpuèltu binnì.,Juan agarra el dinero de la gente.,,
uguunyee,ruguuñee,-u-g.uu=nyee,,vA:caus,A,NO,1613,"To kick, to kick in a squirming way.","Patear, patalear.",actions,,,,,,,,,,,0,1,Biguuñee Fán Pèdru.,Juan pateó a Pedro.,,
uguuxkachu,ruguuxcàchu,-u-g.uu=x.ka*chu,RLC,vA:caus,A,NO,1614,To gore.,"Dar cornadas, cornear.",actions,,RLC,,,,,,,,,0,1,Biguu xcàchu yùzè Fán.,Corneó el toro a Juan.,,
uguuxiiwi,ruguuxhiihui',-u-g.uu=xiiwi,,vA:caus,A,NO,1615,To put in too much of something.,Meter demasiado.,actions,,,,,,,,,,,0,1,Ruguu xhiihui'sìbe quèsu lu tostàda.,Echa demasiado queso en su tostada.,,
uguuya,ruguuya',-u-g.uu=ya,RLC,vA:caus,A,NO,1616,To harvest fruit when it is still green.,Cortar fruta cuando aún está verde.,cultivation,,,r.u-g.uu=ya,,,,,,,,1,1,Ruguuya Fán màngu.,Juan pone a madurar el mango.,,
uguuzhaike,ruguuxaique,-u-g.uu=zha+ ike,,vA:caus,A,NO,1617,To cause worry or consternation (lit. to put something at the bottom of the head).,Causar preocupación o inquietud (lit. hacer que se meta al fondo de la cabeza).,actions,,JLC,,,,,,,,,0,1,Ruguuxaique Ròsa ca' xiiñi'.,Sus hijos le causan preocupación a Rosa.,,
uguucha,ruguucha',-u-g.uucha,EJG;JLC;ND;RGL;VP,vA:caus,A,NO,1618,To make something toss or stir.,Hacer que se revuelva o se mezcle.,actions,,,r.u-guucha,g.u-gu!ucha (),bi-guucha,k.u-gu!ucha,,,n.u-gu!ucha,,5,1,Ruguucha'be bere bichú' huiini'.,Mezcla ella el pollo con la sopita.,,
uguuda,ruguuda',-u-g.uuda,EJG;JLC;ND;RGL;VP,vA:caus,A,NO,1619,To braid.,Trenzarlo.,actions,,,r.u-g.uuda,(g).u-gu!uda (),bi-g.uuda,,,,n.u-gu!uda,,4,1,Ruguuda' Jòse (gu)icha ique Jània.,José le trenza el cabello a Jania.,,
uguunye,ruguuñè',-u-g.uunye*,JLC;RLC,vA:caus,A,NO,1620,To scratch.,Rascarlo.,actions,,EJG;JLC;ND,r.u-g.uunye*,gi-g.uu*nye*,bi-g.uunye*,,,,,,3,5,Cuguùñè' deche.,Se rasca la espalda.,Cuùñè'be lube.,Que se rasque su cara.
ugwa7,rugua',-u-g.wa7,EJG;VP,vA:caus,A,NO,1621,"To cause to bear, in reference to objects and responsibilities.","Hacer cargar, dicho de objetos y de responsabilidades.",actions,,,r.u-g.wa7,g.u-gwa!7 (),bi-gwa7,,,,,,3,1,Rugua' Fán bultu Pèdru.,Juan hace que Pedro cargue el bulto.,,
ugwa7ridxi,rugua' ridxi,-u-g.wa7 # r.idxi,EJG;JLC;RGL;VP,vA:caus,A,NO,1622,"To scream, to yell (lit. to cause someone to bear noise).",Gritar (lit. hacerle cargar con ruido).,communication,,RLC,r.u-g.wa7 # r.idxi,g.u-g.wa!7 # r.idxi,bi-g.wa7 # r.idxi,k.u-g.wa!7 # r.idxi,,,,,4,3,(G)uguá'be ridxi (Pèdru).,Grita él (a Pedro).,Rugua'be ridxi (Pèdru).,Grita él (a Pedro).
uga,ruga,-u-ga,EJG;RGL;VP,vA:caus,A,NO,1623,"To cut, to chop, to trim (lit. to cause something to shorten). By extension, to convince.","Cortarlo, mocharlo, truncarlo (lit. causar que algo se recorte). Por extensión, convencerle.",actions,,,r.u-ga,g.u-ga! (),bi-ga,k.u-ga!,,z.u-ga,,,5,6,Bigabe bixugà nà'be.,Se cortó las uñas.,Bigayá' lii.,Te convencí.
ugagichaike,ruga (guicha) ique,-u-ga # (gicha) ike,EJG;RGL;RLC,vA:caus,A,NO,1624,"To shave, to cut hair.","Rasurar, cortar el cabello.",actions,,RLC,r.u-ga ike,g.u-ga! ike (),bi-ga ike,k.u-ga! ike,,,,,4,5,Biga Mariá ique xiiñi'.,María le corta el pelo a su hijo.,Cugá (gu)ichaique.,Se está cortando el pelo.
uga7tasa,ruga'ta'sa,-u-ga7ta=sa,RLC,vA:caus,A,NO,1625,To make someone or something lie belly up.,"Hacer que se acueste boca arriba, acostarlo boca arriba.",actions,,,,,bi-g.a7ta=sa,,,,,,1,1,Biga'ta'sa Fán Pèdru.,Juan acostó boca arriba a Pedro.,,
ugaandana7,rugaandà'nà',-u-gaanda*=na*7,EJG;RLC,vA:caus,A,NO,1626,To diagnose a disease correctly so that the treatment offered cures the patient.,Diagnosticar una enfermedad correctamente de manera que el tratamiento que se ofrece cura al enfermo.,actions,,JLC;ND;RLC,r.u-gaanda*=na*7,g.u-gaa*nda*=na*7,bi-gaanda*=na*7,,,,,,3,6,Bigaandà'nà' Mariá xiiñi' Pèdru.,María adivinó (y por lo tanto curó) la enfermedad del hijo de Pedro.,Gundà bigaandà' nà'be xiiñé'.,Sí pudo (la curandera) curar a mi hijo.
ugaba7,rugabá',-u-gaba!7,EJG;JLC;RGL;RLC;VP,vA:caus,A,NO,1627,"To make something be counted, to count something.","Hacer que se cuente, contarlo.",actions,,EJG;JLC;ND,(3s/1s) r.u-gaba!7,gu-gaba!7 (I),bi-gaba!7,k.u^-gaba!7; ~ k.u-gaba!7,,z.u-gaba!7,,,5,1,Má nannà Olìvia (g)ugabá'.,Ya sabe contar Olivia.,,
ugaba7ne,rugabá'nè',-u-gaba!7=ne*,RLC,vA:caus,A,NO,1628,To count on someone.,Contar con alguien.,actions,,,r.u-gaba!7=ne*,gu-gaba!7=ne*,bi-gaba!7=ne*,,,,,,3,3,Rugabá'nè Mariá Fán.,María cuenta con Juan.,Rugabá'nè' Ròsa.,Rosa cuenta con alguien.
ugu7ba,rugu'ba',-u-gu7ba,RLC,vA:caus,A,NO,1629,"To pull, to carry, to haul.","Jalar, acarrear.",travel and transportation,,JLC;RLC,r.u-g.uuba,,,,,,,,1,1,Ruguuba'cabe binnì.,Son taxistas (lit. acarrean gente).,,
ugu7bazhii,rugu'ba'xii,-u-gu7ba=zhii,VP,vA:caus,A,NO,1630,To sniff (lit. to make the nose pull in).,"Olfatear, husmear (lit. hacer retraer la nariz).",actions,,,r.u-gu7ba=zhii,,bi-gu7ba=zhii,k.u-gu!7ba=zhii,,,,,3,1,Cugúbaxii bi'cu'.,Anda husmeando el perro.,,
uguna,ruguna,-u-guna,JLC;RLC,vA:caus,A,NO,1631,For the mother of the groom to offer a beverage to the mother of the bride.,Dar la madre del novio una bebida a la madre de la novia.,cultural practices,,,r.u-g.una,g.u-g.u!na (),bi-g.una,,,,,,3,1,Má biguna xñaa nòbio xñaa nòbia.,Ya le dio bebida la mamá del novio a la mamá de la novia.,,
ugunalisaa,ruguna lisaa,-u-guna li-saa,EJG,vA:caus,A,NO,1632,"Jiménez Girón (1979:188) defines this lexeme as the act of sending a wedding gift to the bride's house consisting of cakes, marquesote bread, special chocolates, and chickens.","Jiménez Girón (1979:188) define este lexema como ""mandarse el ""presente de boda"" a casa de la novia, que consiste en tortas, marquesotes, chocolates muy especiales y unas gallinas"".",cultural practices,,RLC,r.u-guna lisaa,,,,,,,,1,1,Ruguna lisaaca' laaca diidxa'.,Se dicen de cosas ellas.,,
uguuxkwagu,ruguu xcuàgù,-u-guu # x.kwa*gu*,RLC,vA:caus,A,NO,1633,To give a hard knock on the head with the knuckles.,Darle un coscorrón.,actions,,,ru-guu # x.kwa*gu*,,,,,,,,1,0,,,,
uguuchadoo,ruguucha' doo,-u-guucha doo,EJG,vA:caus,A,NO,1634,"To make threads tangle. Jiménez Girón (1979: 184) specifies that this phrasal verb can be used to refer to the act of throwing a fishing net over people watching floats during the festivities known in Spanish as 'velas', especially the one in honor of fishermen.","Hacer que se revuelvan los hilos. Jiménez Girón (1979:184) especifica que este verbo de frase se puede usar para referirse a la práctica de lanzar ""la atarraya sobre la gente que se acerca al paso de los carros alegóricos"" durante una vela, sobre todo la vela de los pescadores.",actions,,,r.u-guucha doo,,,,,,,,1,0,,,,
uguuchanaaze,ruguucha' naaze,-u-guucha naaze,EJG;ND,vA:caus,A,NO,1635,"To mix seeds for cultivation, especially corn, beans, squash, watermelon and melon seeds.","Revolver semillas para la siembra, sobre todo las semillas de maíz, frijol, calabaza, sandía y melón.",cultivation,,,r.u-guucha naaze,,,,,,,,1,0,,,,
uguuchana7,ruguucha'nà',-u-guucha=na*7,ND;RLC,vA:caus,A,NO,1636,"To hand mix. This refers to mixing seeds for cultivation, especially corn, beans, squash, watermelon and melon seeds. It also refers to kneading dough for tortilla making until it is optimally smooth.","Revolver a mano. Este lexema se refiere al proceso de mezclar semillas para la siembra, sobre todo las semillas de maíz, frijol, calabaza, sandía y melón. También se refiere a amasar, ej. para hacer la masa finita para las tortillas.",actions,,,r.u-guucha=na*7,,,,,,n.u-gu!ucha=na*7,,2,4,Bixhozé' lá òra chí nduu bini lá ruguucha'nà' nèbeni biidxi' xtì' xandié biidxi' xtì melón biidxi' guitu.,"Mi papá cuando va a sembrar, revuelve semilla de sandía, semilla de melón, semilla de calabaza.",Cugúuchanà'.,Está mezclando con la mano.
uguudaguchachi7,ruguuda' guchachí',-u-guuda # gu-chachi!7,EJG;RLC,vA:caus,A,NO,1637,To twist the legs of an iguana to prevent it from escaping.,Trenzar las patas de la iguana para que no se escape.,actions,,,ruguuda # gu-chachi!7,,,,,,,,1,1,Ruguuda' nà' (g)uchachí'.,Amarra las patas a la iguana (por la espalda para que no se suelte).,,
uguudaike,ruguuda' ique,-u-guuda # ike,EJG;RLC,vA:caus,A,NO,1638,To braid hair.,Trenzar el cabello.,actions,,,r.u-guuda # ike,,bi-guuda # ike,,,,n.u-gu!uda # ike,,3,3,Biguuda' ique ba'du'cà.,Trenzale el cabello a tu niña.,Quí nugúudadí'be ique ba'du'cà.,No peinó a su niña.
ukaache,rucaachè',-u-k.aache*,EJG;JLC;ND;RGL;VP,vA:caus,A,NO,1639,"To cause to become bruised or crushed, as in the case of fruits and vegetables.",Hacer que se mallugue o se machuque.,actions,,,r.u-kaache*,g.u-kaa*che* (I),bi-kaache*,,,z.u-kaache*,,,4,3,Rucaachè' beelà'.,Machaca la carne.,Zucaachè'.,Quebrantará.
ukaachi,rucaachi',-u-k.aachi,EJG;JLC;ND;RGL;VP,vA:caus,A,NO,1640,"To bury. By extension, to hide, to conceal, to cover up.","Enterrar, sepultar. Por extensión, esconder, ocultar, encubrir.",actions,,,r.u-kaachi,g.u-ka!achi (); ~ u-ka!achi,bi-kaachi,,,z.u-kaachi,,,4,3,"Bicaachi' lulu', bicaachi'lu.","Esconde tu rostro, escóndete.",(G)ucáachi'.,Que lo entierren.
ukapadyuzhi,rucapàdiúxi,-u-k.apa*=dyu!zhi,JLC;RLC,vA:caus,A,NO,1641,To greet.,Saludar.,actions,,,r.u-k.apa*=dyu!zhi,gu-k.a*pa*=dyu!zhi,bi-k.apa*=dyu!zhi,,,,,,3,3,Bigapàdiúxi Fán Pèdru.,Saludó Juan a Pedro.,Quí nucàpàdiúxidí' Fán Pèdru.,No saludó Juan a Pedro.
ukenda,ruquenda,-u-k.enda,JLC,vA:caus,A,NO,1642,"To accept, to agree.","Aceptar, acceder.",actions,,,,,,,,,,,0,0,,,,
ukidxa,ruquìdxa,-u-k.i*dxa,EJG;RLC;VP,vA:caus,A,NO,1643,To cause to become stupid. Jiménez Girón (1979:191) adds the meaning to cause someone to become disabled by means of abuse.,"Atontar, hacerlo tonto, idiotizar. Jiménez Girón (1979:191) agrega ""dejar inválido de tanto maltratar"".",actions,,,ruki^dxa; ~ r.u-ki*dxa,(g).u-ki*dxa,bi-ki*dxa,,,,,,3,0,,,,
ukidxi,ruquidxì,-u-k.idxi*,EJG;JLC;RGL;RLC;VP,vA:caus,A,NO,1644,"To cause to harden or stiffen, to pack, to compress, to compact.","Endurecer (lit. hacer que se ponga duro), apisonar, pisonear, compactar.",actions,,JLC,r.u-kidxi*,g.u-ki*dxi* (I),bi-kidxi*,k.u-ki*dxi*,,,,,4,5,Biquidxì la'dxi'do'.,Endureció el corazón.,Biquidxì nà'.,Empuñó su mano.
ukiiba,ruquiiba',-u-k.iiba,ND;VOT,vA:caus,A,NO,1645,To sow.,Sembrar.,cultivation,,EJG;JLC;ND,r.u-k.iiba,(g)u-k.i!iba,bi-k.iiba,,,,,,3,2,Bidxiiba' Fán lu bizaa.,Juan subió el precio del frijol.,Ruquiiba'.,Siembra ella/él.
ukiibalu,ruquiiba' lu,-u-k.iiba # lu,RLC,vA:caus,A,NO,1646,"For raise prices (lit. to make prices go up), especially in relation to staples such as beans and sugar.","Subir el precio (lit. hacer subir de precio), sobre todo con relación a productos de primera necesidad como el frijol y el azúcar.",actions,,,r.u-k.iiba # lu,g.u-k.i!iba # lu,bi-k.iiba # lu,,,,,,3,0,,,,
ukiichi,ruquiichi',-u-k.iichi,EJG;JAR;RGL;RLC;VP,vA:caus,A,NO,1647,"To squeeze, to tighten, to compress.","Apretar, prensar.",actions,,EJG;JLC;ND,r.u-kiichi,g.u-ki!ichi (),bi-kiichi,k.u-ki!ichi,,,,,4,4,Biquiichu'.,Apretaste.,Ni ruquiichi' nècabeni.,Con lo que se aprieta.
ukiichinyee,ruquiichi'ñee,-u-k.iichi=nyee,JLC,vA:caus,A,NO,1648,To squash or crush by stepping on something (lit. to compress with the foot).,"Pisotear, aplastar con el pie (lit. apretar con el pie).",actions,,RLC,r.u-k.iichi nyee,,bi-k.iichi=nyee,,,,,,2,1,Biquiichi'ñee Fán bichooxhè'.,Juan aplastó el tomate con el pie.,,
ukiidi,ruquiidi',-u-k.iidi,EJG;JLC;ND;RGL;RLC;VP,vA:caus,A,NO,1649,"To stick to, to adhere, to affix, to add to, to join (lit. to cause to stick).","Pegar, adherir, fijar, añadir, unir (lit. hacer que se pegue).",actions,,,r.u-kiidi,g.u-ki!idi (),bi-kiidi,,,,,,3,3,Biquiidi'.,Pegó (ej. con pegamento).,Biquiidi'beni.,Lo fijó (ej. un objeto a la pared).
ukiidxi,ruquiidxì',-u-k.iidxi*,EJG;JLC;RLC;VP,vA:caus,A,NO,1650,"To make someone embrace or hold in the arms. Jiménez Girón (1979:191) explains that, by extension, this lexeme also means to place something in someone's arms or hands that they insist must be accepted.","Hacer abrazar o tomar en brazos. Jiménez Girón (1979:191) indica que por extensión, este lexema también significa ""poner en los brazos o manos de alguien, algo que él insiste sea aceptado"". Por lo tanto, enjaretar.",actions,,JLC;RLC,r.u-kiidxi*,g.u-k.ii*dxi* (I),bi-k.iidxi*,,,,,,3,2,Ruquiidxì' Fàna xiiñi' xiiñi' Pèdru.,Juana hace que se junten su hija y el hijo de Pedro.,Ruquiidxì' ti ba'du'.,"Te hace abrazar bebé. (Locución familiar para referirse a un hombre que apenas juntarse con una mujer, la embaraza)."
ukiidxina7,ruquiidxì' nà',-u-k.iidxi* # na*7,EJG,vA:caus,A,NO,1651,To make someone cross their arms. Jiménez Girón (1979:191) adds that this would be done to a child to have them greet someone.,"Hacerle cruzarse de brazos. Jiménez Girón (1979:191) agrega que esto se le hace ""a una criatura para que salude"".",actions,,,r.u-kiidxi na*7,,,,,,,,1,0,,,,
ukinde,ruquinde,-u-k.inde,JLC,vA:caus,A,NO,1652,"To cause to fart, to cause flatulence.","Hacer que se pedorree o eche pedos, causar flatulencia.",actions,,,r.u-k.inde,g.u-k.i!nde (I),bi-k.inde,,,,,,3,0,,,,
ukite,ruquite,-u-k.ite,JLC;RLC,vA:caus,A,NO,1653,To make someone play.,Hacerlo jugar.,actions,,EJG;RLC,r.u-k.ite,g.u-k.i!te (),bi-k.ite,,,,,,3,1,Ruquitebe laaca.,Los hace jugar (ej. la maestra a los niños).,,
ukizhe,ruquixe,-u-k.izhe,EJG;JLC;ND;RGL;RLC;VP,vA:caus,A,NO,1654,"To make someone pay for something, be it the interests on a money loan or a rent. This also refers to making someone pay by way of revenge","Hacerle a alguien pagar por algo, ya sean los intereses de un préstamo de dinero o una renta. También se refiere a hacerle pagar a alguien a manera de venganza.",actions,,EJG;JLC;ND,r.u-k.izhe,g.u-ki!zhe (),bi-kizhe,,wa-kizhe,,,,4,6,Biquixe.,Cóbralo.,Huaquixe Fán yoo Mariá.,Juan le alquiló la casa a María.
ukuude,rucuudè',-u-k.uude*,EJG;JLC;ND;VP,vA:caus,A,NO,1655,"To cause to bend, fold, or buckle due to lack of strength.","Hacer que se doble, se flexione o se venza por falta de fuerza, doblar, flexionar, encorvar, arquear.",actions,,,r.u-kuude*,g.u-kuu*de* (I),bi-kuude*,,,,,,3,3,Biyooxho' rucuudè' ñee guirà' ca' yaga nasoo zúhuaa neza zé'di'di'.,El viento dobla los tallos de los árboles altos que hay en su trayectoria.,Nucuùdè.,Lo hubiera arqueado.
ukuudxi,rucuudxì',-u-k.uudxi*,EJG;RGL;RLC;VP,vA:caus,A,NO,1656,To soften (i.e. to cause to become soft).,"Ablandar, suavizar (lit. hacer que se ablande).",actions,,,r.u-kuudxi*,g.u-kuu*dxi*,bi-kuudxi*,,,,,,3,4,Bicuudxì'be laa.,La convenció.,Bicuudxì'beni.,Lo ablandó.
ukuunye,rucuuñe',-u-k.uunye,EJG;JLC;ND;RLC;VP,vA:caus,A,NO,1657,"Cause to be tied, roped or lassoed.",Hacer que se enlace o se amarre.,actions,,,r.u-k.uunye,g.u-k.u!unye,bi-k.uunye,,,,,,3,5,Bicuuñe'.,Lo lazó.,Cucúuñe'.,Está lazando.
ukwa7kilari,rucua'qui' (lari),-u-k.w.a7ki # (lari),EJG;JLC;RLC;VP,vA:caus,A,NO,1658,To dress someone (lit. to cause to have on).,Vestirlo (lit. hacer que se lo ponga).,clothing and adornment,,,r.u-k.w.a7ki,g.u-k.w.a!7ki (),bi-k.w.a7ki,,,,,,3,1,Rucua'qui'be lari xiiñi'be.,Le pone ropa a su niño.,,
ukwindi7,rucuindì',-u-k.w.i=ndi*7,JLC,vA:caus,A,NO,1659,"To make someone stop and think, to halt someone.","Hacerlo reparar, pararlo en seco.",actions,,,r.u-kwi=ndi*7,,,,,,,,1,1,Rucuindì' Fán Pèdru.,Le dio un susto Juan a Pedro.,,
ukwaanila7dxi,rucuaani' la'dxi',-u-k.waani # la7dxi,RLC,vA:caus,A,NO,1660,To sexually arouse (lit. to make the liver wake up).,Excitar sexualmente (lit. hacer que se despierte el hígado).,actions,,RLC,r.u-kwaani # la7dxi,,,,,,,,1,1,Rucuaani' Fán la'dxi' Fàna.,Juan revive a Juana.,,
ukwiidxi,rucuiidxi',-u-k.wiidxi,EJG;JLC;RGL;RLC;VP,vA:caus,A,NO,1661,"To dry up, to exhaust (lit. to cause to dry up).","Secar, agotar (lit. hacer que se seque).",actions,,,r.u-k.wiidxi,g.u-k.wi!idxi (),bi-k.wiidxi,,,,,,3,2,Bicuiidxi'.,Acábatelo.,Rucuiidxi'ni binnì.,Seca a la gente (ej. el SIDA).
uka,ruca,-u-ka,EJG;JLC;ND;RLC;VP,vA:caus,A,NO,1662,To cause to be stuck or jammed.,Hacer que se atore o se trabe.,actions,,RLC;VC,r.u-ka,g.u-ka!,bi-ka,,,z.u-ka; z.u-ka,,,4,2,(G)ucani nisa.,Detuvo el agua (ej. una cosa que atora el agua y no la deja correr).,Zuca ruaalu' pà que guiziidi'chaahui'lu' ca' diidxa' che guini'lu'.,Se va a trabar tu boca si no aprendes bien las palabras que vas a decir.
ukarwaa,ruca ruaa,-u-ka rwaa,RLC;VP,vA:caus,A,NO,1663,To speak with reduced fluency (lit. to make the mouth be jammed).,Hablar con fluidez reducida (lit. hacer que se atore la boca).,manner,,,,,,,,,,,0,1,Ruca ruaa Fán para (gu)ini'.,Juan se atora para hablar.,,
ukaa,rucaa,-u-kaa,EJG;JLC;ND;RGL;VP,vA:caus,A,NO,1664,"To stick, adhere, or affix (lit. to cause to stick). By analogy, to sow, to install, to write, to represent graphically.","Pegar, adherir, fijar (lit. hacer que se pegue). Por analogía, sembrar, instalar, escribir, plasmar gráficamente.",actions,,EJG;JLC;RLC,r.u-kaa,g.u-ka!a,bi-kaa,,wa-kaa ,z.u-kaa,n.u-ka!a,,6,5,Bicaani cue' guiiba' napà pùntacà.,Pégale con el lado del punzón.,Gucáa de yu bicaa de yu  bicaa tobi de ndu.,Echó una copa de un jalón.
ukaaaguzha7,rucaa aguxá',-u-kaa # aguzha!7,EJG;JLC;RLC,vA:caus,A,NO,1665,"To inject, to vaccinate, to inoculate, when done with a syringe or similar. Also, to treat with acupuncture.","Inyectar, vacunar, inocular, dicho de la aplicación con jeringa o similar. También tratar con acupuntura.",actions,aguja,EJG;JLC;ND;RGL;RLC,r.u-kaa # aguzha!7,,bi-kaa # aguzha!7,,,,,,2,1,Rucaabe aguxá'.,Ella pone inyecciones.,,
ukaabyeke,rucaa bieque,-u-kaa # b.y.eke,EJG;JLC;VP,vA:caus,A,NO,1666,To cause to twist (lit. to stick turns).,"Hacer que se tuerza, torcer (lit. pegar vueltas).",actions,,,r.u-kaa # byeke,,,,,,,,1,1,Rucaabe bieque lari.,Ella/él exprime la ropa.,,
ukaabakaanda,rucaa bacaanda',-u-kaa # ba-kaanda,JLC;RLC,vA:caus,A,NO,1667,To put to sleep.,Adormecer.,actions,,,r.u-kaa # ba-kaanda,,bi-kaa # ba-kaanda,,,,,,2,2,Bicaa bacaanda' Fán tí má bidxaga xtalè.,Le dio sueño a Juan porque ya se cansó mucho.,Rucaa nisadxú'ni' bacaanda' Fán.,La cerveza le da sueño a Juan.
ukaabi,rucaa bi,-u-kaa # bi,EJG;JLC;RLC;VP,vA:caus,A,NO,1668,To make something crack.,"Hacer que se cuartee, se raje, o se agriete.",actions,,,r.u-kaa # bi,,,,,z.u-kaa # bi,,,2,2,Bicaa xu bi yoo.,El temblor cuarteó la casa.,(G)undaàbe para (gu)icá ti puerrtá' bicaabe bi cue' yoo.,Para hacer una puerta rajó la pared.
ukaabixiidi,rucaa bixhiidi',-u-kaa # bi-xiidi,RLC,vA:caus,A,NO,1669,To cause to become coiled or entangled.,Hacer que se enrede o se enmarañe.,actions,,,,,,,,,,,0,1,Bicaa bi bixhiidi' (gu)icha ique Mariá.,El aire le enredó el cabello a Gabriela.,,
ukaabuton,rucaa butón,-u-kaa # bu-to!n,JLC;RLC,vA:caus,A,NO,1670,To button.,Abotonar.,actions,botón,,,,,,,,,,0,1,Bicaabe botón.,Se abotonó.,,
ukaadaa,rucaa daa,-u-kaa # daa,EJG;JLC;RLC,vA:caus,A,NO,1671,"To leave, to flee, to take off, to run away, to desert.","Liar los petates, marcharse, huir, fugarse, desertar.",actions,,,r.u-kaa daa,,bi-kaa # daa,,,zu-kaa daa,,,3,3,Bicaa Fán xtaa nè Fàna.,Juan se huyó con Juana.,Bicaa Fán xtaa nè Fàna.,Juan se huyó con Juana.
ukaadiidxa,rucaa diidxa',-u-kaa # diidxa,JLC;RLC,vA:caus,A,NO,1672,"To give an earful, to criticize, to contradict.","Soltarle un sermón, criticar, contradecir.",actions,,,r.u-kaa diidxa,,bi-kaa +be* di^idxa,,,,,,2,2,Bicaa Fán diidxa' Pedru.,Juan le echó indirecta a Pedro.,Bilaabe diidxa' laa.,Le echó indirecta.
ukaafluuchi,rucaa fluùchì',-u-kaa # fluu*chi*,RLC,vA:caus,A,NO,1673,To whistle at someone (lit. to slap a whistling on).,Chiflarle o silbarle a alguien (lit. pegarle un chiflido).,actions,,,r.u-kaa # fluu*chi*,gu-ka!a # fluu*chi*,bi-kaa # fluu*chi*,,,,,,3,2,Rucaacabe fluùchì' xamìgu.,Le chiflan a sus amigos.,Rucaa Fán fluùchì' xiiñi'.,Le chifla Juan a su hijo.
ukaagelagidinyee,rucaa guela guidi (ñee),-u-kaa # gela gidi (nyee),EJG;JLC;RLC,vA:caus,A,NO,1674,To wear or put on leather sandals.,Calzar huaraches.,actions,,,r.u-kaa # gela gidi,,,,,,n.u-ka!a # gela gidi,,2,2,Quí nucáadí' guelaguidi ñee.,No se puso su huarache.,Rucaa guela guidi ñee (gu)irà dxi.,Se pone sus huaraches todos los días.
ukaageta,rucaa gueta,-u-kaa # geta,JLC;RLC,vA:caus,A,NO,1675,"To make tortillas (lit. to adhere tortilla, in reference to the technique of adhering tortilla dough on the walls of a clay oven for cooking).","Echar tortilla (lit. pegar tortilla, en referencia a la técnica de adherir la masa para tortilla en la pared del horno de barro para que se cueza).",processes,,,r.u-kaa # geta,,,,,,n.u-ka!a # geta,,2,2,(Gu)irà dxi rucaa Ròsa gueta.,Rosa echa tortilla todos los días.,Quí nucáadí' gueta.,No echó tortilla.
ukaagi7chi,rucaa gui'chi',-u-kaa # gi7chi,EJG;JLC;RLC;VP,vA:caus,A,NO,1676,"To glue paper on a surface, ex. flyers on walls. Jiménez Girón (1979:181) defines this lexeme as mailing letters.","Pegar papeles, ej. propaganda en las paredes. Jiménez Girón (1979:181) define este lexema como ""manda[r] carta"" en el sentido de enviar correspondencia.",processes,,,r.u-kaa # gi7chi,,,,,z.u-kaa # gi7chi,,,2,2,Ca' ba'du' nguiiyu' huiini' rucaa gui'chi' cue' yoo.,Los muchachitos pegan papel en la pared de la casa.,Quí nucáadí' gui'chi'.,No pegó papel.
ukaagiiba,rucaa guiiba',-u-kaa # giiba,EJG;JLC;RLC,vA:caus,A,NO,1677,To stab.,Apuñalar.,actions,,,r.u-kaa giiba,,bi-kaa giiba,,,,,,2,1,Rucaa Fán guiiba' yùzè.,"Juan degüella al ganado (con cuchillo, como método para sacrificarlo).",,
ukaagiibayu7du,rucaa guiiba'yu'du',-u-kaa # giiba=yu7.du,EJG;JLC,vA:caus,A,NO,1678,To ring the church bells.,Tocar las campanas de la iglesia.,actions,,,r.u-kaa giiba yu7.du7,,,,,,,,1,2,Rucaa Fán guiiba'yu'du' .,Juan repica las campanas de la iglesia.,Rucaa Fán ridxi lu guiiba' ra yu'du'.,Juan sonó la campana de la iglesia.
ukaagizhi,rucaa guixi,-u-kaa # gizhi,EJG,vA:caus,A,NO,1679,To smoke marihuana.,Fumar marihuana.,actions,,,r.u-kaa # gizhi,,bi-kaa # gizhi,,,,,,2,0,,,,
ukaaklabu,rucaa klàbu,-u-kaa # kla*bu,RLC,vA:caus,A,NO,1680,To nail a nail.,Clavar clavo.,actions,clavo,RLC,"x,  bi-kaa # kla*bu",g.u-ka!a # kla*bu,,ku-ka! # kla*bu,,,,,3,1,Rucaa clàvu padér.,Clava el clavo en la pared.,,
ukaaridxi,rucaa ridxi,-u-kaa # r.idxi,EJG;JLC;VP,vA:caus,A,NO,1681,"To yell, to scream, to yell at, to call by way of yelling.","Gritar, pegar un grito, llamar a gritos.",actions,,,r.u-kaa ridxi,,bi-kaa ridxi,,,,,,2,6,Bicaaridxi.,Pegó un grito.,Bicaaridxi Fán.,Llama a Juan.
ukaaridxilugiiba,rucaa ridxi lu guiiba',-u-kaa # ridxi lu giiba,JLC,vA:caus,A,NO,1682,To announce on the loudspeaker.,Anunciar por altavoz.,actions,,,r.u-kaa # lu giiba,,bi-kaa # lu giiba,,,,,,2,1,Rucaa Amalia ridxi lu guiiba'.,Amalia have anuncios en el micrófono.,,
ukaaseyu,rucaa sèyu,-u-kaa # se*yu,JLC;RLC,vA:caus,A,NO,1683,To seal.,Sellar.,actions,sello,,,,,,,,,,0,1,Rucaabe sèllu.,(Lo) sella.,,
ukaaxtiipi,rucaa xtiìpì',-u-kaa # x.tii*pi*,EJG;RGL;RLC,vA:caus,A,NO,1684,To whistle at someone (lit. to slap a whistling on).,Chiflarle o silbarle a alguien (lit. pegarle un chiflido).,actions,,,r.u-kaa x.tii^pi*,,b.i-kaa x.tii*pi*,,,,,,2,2,Bicaabe xtiìpì'.,Él silbó.,Bicaa xtiìpì'.,Chifló.
ukaayaga,rucaa yaga,-u-kaa # yaga,EJG;RLC,vA:caus,A,NO,1685,"To tie up, to chain. By extension, to demand excessive attention from someone.","Amarrar, atar, encadenar. Por extensión, requerirle demasiada atención a una persona.",actions,,,r.u-kaa # yaga,,,,,,,,1,0,,,,
ukaayuuba,rucaa yuuba',-u-kaa # yuuba,RLC,vA:caus,A,NO,1686,To infect with rabies (lit. to stick rabies on someone).,Contagiar de rabia (lit. pegarle la rabia).,actions,,,r.u-kaa # yuuba,,,,,,,,1,1,Rucaa bi'cu' yuuba' binnì.,Contagia de rabia el perro a la gente.,,
ukaazhibeewu,rucaa xì beeù',-u-kaa # zhi* beewu*,,vA:caus,A,NO,1687,To set a date.,Fijar una fecha.,actions,,,,,,,,,,,0,1,Mà' bicaacabe xì beeù' runica'be saa.,Ya fijaron en qué mes hacen las fiestas.,,
ukaazhigidxa7,rucaa xiguidxá',-u-kaa # zhi+ gidxa!7,RLC,vA:caus,A,NO,1688,"To rip, to tear.",Rajar.,actions,,,r.u-kaa # zhi-gidxa!7,,bi-kaa # zhi-gidxa!7,,,,,,2,1,Rucaa Fán xiguidxá' ùle xtì' tàntu riquiiñe'ni.,Rajó Juan su hule (su resortera) de tanto jalarla.,,
ukaachisu,rucaa chísu,-u-kaa chi!su,JLC;RLC,vA:caus,A,NO,1689,To cast a spell on someone.,"Embrujar, hechizar.",actions,hechizo,JLC;ND;RGL;RLC,,,,,,,,,0,1,Ni rucaa chísu binnì.,Brujo/a (lit. quien le hace maldad a la gente).,,
ukaafyerru,rucaa fièrru,-u-kaa fye*rru,RGL;RLC,vA:caus,A,NO,1690,"To brand, in reference to cattle","Marcar o herrar, dicho del ganado.",actions,fierro,,,,,,,,,,0,1,Rucaabe fièrru xtì'be ca' yùzè xtì'be.,Pone su fierro a sus animales (para marcarles el nombre).,,
ukaagidibo7konyee,rucaa guidi bo'co ñee,-u-kaa gidi bo7ko nyee,VP,vA:caus,A,NO,1691,To wear shoes.,Calzarse los zapatos.,clothing and adornment,zapato,,,,,,,,,,0,0,,,,
ukaainyeksyon,rucaa inyección,-u-kaa inyek-syo!n,VP,vA:caus,A,NO,1692,"To inject, to vaccinate, to inoculate, when done with a syringe.","Inyectar, vacunar, inocular, dicho de la aplicación con jeringa.",wellness,inyección,,,,,,,,,,0,1,Rucaa Bèlma indisión binnì.,Velma inyecta a la gente.,,
ukaajalon,rucaa jalón,-u-kaa ja-lo!n,JLC,vA:caus,A,NO,1693,"To tug, to jerk.",Jalonear.,actions,jalón,,,,,,,,,,0,1,Rucaa jalón ba'du'huiini' xhaba jñaà.,Jala el niño su ropa de su mamá.,,
ukaala7dxi,rucaa la'dxi',-u-kaa la7dxi,EJG;JLC;VP,vA:caus,A,NO,1694,Jiménez Girón (1979:181) defines this lexeme as to be devoted to someone or something (lit. stick one's heart),"Jiménez Girón (1979:181) define este lexema como ""apegarse con dedicación y empeño"" (lit. pegar el corazón).",states,,,r.u-kaa la7dxi,,,,,z.u-kaa la7dxi,,,2,0,,,,
ukaana7doo,rucaanà' doo,-u-kaa na*7 doo,EJG,vA:caus,A,NO,1695,"Jiménez Girón (1979) defines this lexeme as “to wind thread or yarn, to roll up.”","Jiménez Girón (1979) define este lexema como ""devanar el hilo o la hilaza, enrollar"".",actions,,,r.u-kana* doo,,,,,,,,1,0,,,,
ukaaraya,rucaa ràya,-u-kaa ra*ya,JLC;RLC,vA:caus,A,NO,1696,"To scratch, to draw lines.",Rayar.,actions,raya,,,,,,,,,,0,2,Má bicaa ràya.,Lo marcó.,Má bicaa ràya ra chí chitè bòla.,Ya marcó donde van a ir a jugar pelota.
ukaaremyendu,rucaa remièndu,-u-kaa remye*ndu,JLC;RGL;RLC,vA:caus,A,NO,1697,"To mend, to darn.",Remendar.,actions,remiendo,JLC,,,,,,,,,0,1,Bicaa Mariá remièndu xhaba xhiiñi'.,Remendó María la ropa de su niño.,,
ukaaruuchi,rucaa ruùchì,-u-kaa ruu*chi*,EJG,vA:caus,A,NO,1698,To whistle at someone (lit. to slap a whistling on).,Chiflarle o silbarle a alguien (lit. pegarle un chiflido).,actions,,,r.u-kaa ruu^chi*,,,,,,,,1,0,,,,
ukaasyerre,rucaa sièrre,-u-kaa sye*rre,RGL;RLC,vA:caus,A,NO,1699,To zip up.,Cerrar o subir el cierre.,actions,cierre,,,,,,,,,,0,1,Bicaa sièrre ra xtàpalu'.,Subete el cierre de la bragueta.,,
ukaatranka,rucaa trànca,-u-kaa tra*nka,JLC;RLC,vA:caus,A,NO,1700,To bar a door or a window.,Atrancar.,actions,tranca,EJG;JLC,,,,,,,,,0,1,Rucaa Fán trànca ra puertá' yoo.,Atrancó Juan la puerta.,,
ukaadeche,rucaadeche,-u-kaa=deche,JLC,vA:caus,A,NO,1701,To carry on the back.,Cargar en la espalda.,actions,,,r.u-kaa=deche,,,,,,,,1,1,Rucaa dechebe mochìla xtì'.,Carga su mochila en la espalda.,,
ukaadoo,rucaadoo,-u-kaa=doo,EJG;JLC;RLC,vA:caus,A,NO,1702,"To tether, especially in relation to cattle. By extension, to give free rein to someone, ex. children.","Atar con suficiente cuerda para permitir movimiento controlado, dicho del ganado. Por extensión, darle rienda suelta a alguien, ej. los niños.",actions,,,r.u-kaa doo,,,,,,,,1,2,Bicaa doo bi'cu' xtíu'.,Ponle la correa a tu perro.,Rucaadoo Fán yùzè.,Juan amarra su ganado.
ukaadyaga,rucaadiaga,-u-kaa=dyaga,EJG;JLC;RGL;RLC;VP,vA:caus,A,NO,1703,"To listen, to pay attention.","Escuchar, poner atención.",actions,,,r.u-kaa dyaga,gu-ka!a,bi-kaa dyaga,,,,,,3,3,Bicaadiaga.,Escuchó.,Rucaadiagabe.,Pone atención.
ukaagi,rucaagui,-u-kaa=gi,EJG;JLC;RGL;RLC;VP,vA:caus,A,NO,1704,"To light on fire, to burn. To sexually arouse.","Hacer quemar, hacer arder, encender (una flama). Por extensión, excitar sexualmente.",actions,,RLC,r.u-kaa=gi,,bi-kaa=gi,,,,ki! n.u-ka!a=gi,,3,3,Bicaaguibe biaani'.,Prendió la luz.,Ni rucaagui gueza.,Encendedor. (lit. lo que hace quemar el tabaco)
ukaaike,rucaaique,-u-kaa=ike,EJG;RLC,vA:caus,A,NO,1705,To think intensively about something.,"Pensar intensamente en algo o alguien, meterle seso a algo.",actions,,,r.u-kaa=ike,gu-ka!a=ike,bi-kaa=ike,,,,n.u-ka!a=ike,,4,3,Nabé rucá' iqué' xiiñé'.,Pienso mucho en mi hija.,Quí nucáaiquedí' Mariá ca' xiiñi'.,No piensa María en sus hijos.
ukaalu,rucaalu',-u-kaa=lu,JLC,vA:caus,A,NO,1706,To throw in someone's face.,Echarle en cara.,actions,,,,,,,,,,,0,1,Rucaalu' saaca Fán nè Pèdru.,Se echan en cara (mutuamente) Juan y Pedro.,,
ukaana7,rucaanà',-u-kaa=na*7,EJG;JLC;RGL;RLC;VP,vA:caus,A,NO,1707,"To push aside. By extension, to shun.","Empujar, hacer a un lado. Por extensión, despreciar.",actions,,,r.u-kaa=na*7,g.u-ka^a=na*7,bi-kaa=na*7,,,,,,3,4,Bicaanà' Fán Pèdru.,Juan empujó a Pedro.,Bicaanà' presidènte ca' binnì.,Despreció el presidente a la gente.
ukaandaani,rucaandaani',-u-kaa=ndaani,JLC,vA:caus,A,NO,1708,To carry holding the load against the abdomen.,Cargar manteniendo el bulto contra la panza.,actions,,,r.u-kaa ndanni,,bi-kaa ndani,,,,,,2,2,Rucaandaani' Fán bichooxhè'.,Juan carga (la caja de) tomate contra la panza.,Rucaandaani' Fán ti càja bichooxhè'.,Trae Juan la caja de tomate cargada y pegada contra la panza.
ukaarwaa,rucaaruaa,-u-kaa=rwaa,EJG;RLC,vA:caus,A,NO,1709,To invoke the saints. Jiménez Girón (1979:182) defines this lexeme as kissing the saints or their graphic representations.,"Convocar a los santos. Jiménez Girón (1979:182) define este lexema como ""besar a los santos o a sus imágenes"".",actions,,,r.u-kaa=rwaa,,,,,,n.u-ka!a=rwaa,,2,2,Quí nucáaruaadí'cabe bido'.,No pidieron a los santos.,Rucaa ruaaca'be bido' para rudíi laaca'be dxiiña'.,Convocan a los santos para que les den trabajo.
ukaati7xi,rucaati'xhi',-u-kaa=ti7xi,JLC;RLC,vA:caus,A,NO,1710,To carry against one's hip.,Cargar en la cadera.,actions,,,r.u-kaa # ti7xi,,bi-kaa # ti7xi,,,,,,2,4,Cádi càti'xhi'dí' Marià dxumì.,María no trae en la cadera una canasta de tortilla.,Quí nucáadí' Marià dxumì ti'xhi'.,María no trae en la cadera una canasta de tortilla.
ukaaxki7,rucaaxqui',-u-kaa=x.ki7,JLC,vA:caus,A,NO,1711,To carry holding the load against the abdomen.,Cargar manteniendo el bulto contra la panza.,actions,,EJG;RLC,r.u-kaa ndanni,,bi-kaa ndani,,,,,,2,1,Rucaaxqui' Fán càja bichooxhè' .,Trae Juan la caja de tomate cargada y pegada contra la panza.,,
ukaaxtiidxa,rucaaxtiidxa',-u-kaa=x.tiidxa,EJG,vA:caus,A,NO,1712,"To convince, to persuade, for romantic purposes.","Convencer, persuadir, para fines amorosos.",actions,,,,,bi-kaa=x.tiidxa,,,,,,1,1,Bicaaxtiidxa' Pànchu Leti.,Pancho le habló bonito a Leti (para que ella se enamore de él).,,
ukaayu,rucaayu',-u-kaa=yu,JLC;RLC,vA:caus,A,NO,1713,To turn over the soil in an agricultural field.,Voltear la tierra en la milpa.,actions,,,r.u-kaa=yu,,bi-kaa=yu,,,,n.u-ka!a=yu,,3,4,Quí nucáayudí' Fán guela xtì'.,No echó Juan tierra a su milpita.,Rucaayu Fán.,Juan echa tierra a su milpita.
ukaazhii,rucaaxii,-u-kaa=zhii,EJG;RLC,vA:caus,A,NO,1714,To sniff by moving the nose close to the source of a smell.,Olfatear acercando la nariz al punto de origen del olor.,actions,,,r.u-kaa=zhii,,bi-kaa=zhii,,,,n.u-ka!a=zhii,,3,3,Bicaaxii.,Huele. (imperativo),Quí nucáaxiidí' Mariá guie'.,No olió María la flor.
ukaabi-2,rucaabì',-u-kaabi*,EJG;JLC;ND;RLC;VP,vA:caus,A,NO,1715,"To request, to order, to entrust.","Pedir, encargar, encomendar.",actions,,EJG;JLC;ND;RGL,r.u-kaabi*,g.u-kaa*bi*,bi-kaabi*,,,z.u-kaabi*,,,4,6,Bicaabì'beni.,Lo encargó.,Bicaabì'beni naa.,Me lo encargó a mí.
ukaachige7tu,rucaachi' gue'tu',-u-kaachi # ge7tu,EJG;JLC;VP,vA:caus,A,NO,1716,To bury a deceased person.,"Enterrar, sepultar, o inhumar a un difunto.",actions,,,r.u-kaachi # ge7tu,,bi-kaachi # ge7tu,,,,,,2,2,Bicaachi' Fán gue'tu'.,Juan enterró al muerto.,Rucaachi' gue'tu' ra pantión.,Entierra al muerto en el panteón.
ukaachiskwela,rucaachi' scuèla,-u-kaachi skwe*la,VP,vA:caus,A,NO,1717,To skip school.,"Irse de pinta, faltar a la escuela.",actions,,,,,,,,,,,0,0,,,,
ukaachilu,rucaachi'lu,-u-kaachi=lu,EJG;JLC;ND;RLC;VP,vA:caus,A,NO,1718,To hide oneself.,"Esconderse, ocultarse.",actions,,,r.u-kaachi lu,g.u-ka!achi=lu,bi-kaachi lu,,,,,,3,3,Bicaachi'lu deche yaga.,Se escondió atrás del árbol.,(G)ucáachilu Mariá ra lidxi.,Que se esconda María en su casa.
ukaachiludeskwela,rucaachi'lu de scuèla,-u-kaachi=lu de+ skwe*la,JLC;RLC;VP,vA:caus,A,NO,1719,To skip school.,"Irse de pinta, faltar a la escuela.",actions,de,,,,,,,,,,0,1,Rucaachi'lu Fán de scuèla.,Se esconde Juan para no ir a la escuela.,,
ukaanarwaa,rucaana' ruaa,-u-kaana rwaa,EJG,vA:caus,A,NO,1720,To speak with reduced fluency (lit. to make the mouth be jammed).,Hablar con fluidez reducida (lit. hacer que se atore la boca).,actions,,,r.u-kaana rwaa,,,,,,,,1,0,,,,
ukabi,rucabì,-u-kabi*,ND,vA:caus,A,NO,1721,To answer.,"Contestar, responder.",communication,,RLC,r.u-kabi*,g.u-ka*bi*,bi-kabi*,,,,,,3,6,Laabe (g)ucabìbe púrr naa.,Él responde por mí.,Naa (g)ucabé' púr laabe.,Yo respondo por él/ella.
ukawi,rucahuì,-u-kawi*,JLC;RLC,vA:caus,A,NO,1722,To cause to darken.,Hacer que se oscurezca.,actions,,RLC,r.u-kawi*,gu-ka*wi* (I),bi-kawi*,,,,,,3,2,Bicahuì lube.,Se puso borroso.,Rucahuìni luá'.,Se pone borrosa mi vista.
uketa,ruqueta,-u-keta,RLC;VP,vA:caus,A,NO,1723,To throw something in anger.,Aventar con enojo.,actions,,,r.u-keta,g.u-ke!ta,bi-keta,,,,,,3,1,Ruqueta Fán beñe cue'yoo.,Aventó Juan con enojo un pedazo de lodo contra la pared.,,
ukichi,ruquichi,-u-kichi,JLC;RLC;VP,vA:caus,A,NO,1724,"To whiten, to cause to become white, to bleach.","Blanquear, emblanquecer, hacer que se haga blanco.",actions,,RLC,r.u-kichi; ~ r.u-zi-kichi,g.u-ki!chi,bi-kichi,,,,,,3,1,Ruquichi ná Màrta lari de colór.,Doña Marta hace blanca la ropa de color.,,
ukidxina7,ruquidxìnà',-u-kidxi*=na*7,JLC;RLC,vA:caus,A,NO,1725,To make a fist.,Empuñar la mano.,actions,,,,,bi-kidxi* na*',,,,,,1,1,Biquidxìnà' Fán.,Juan hizo un puño con la mano.,,
ukii,ruquiì,-u-kii*,EJG;ND;VP,vA:caus,A,NO,1726,"To toast, to crisp, to grill (lit. to cause to toast).","Tostar, dorar, asar (lit. hacer que se tueste).",processes,,RLC,r.u-kii*,g.u-kii*,bi-kii*,k.u-kii*,,z.u-kii*,,,5,5,Biquiì (g)ubidxa lii.,Te quemó el sol.,Cuquíi.,Se está tostando.
ukiichilaya,ruquiichi'laya,-u-kiichi=laya,RGL,vA:caus,A,NO,1727,For grinding one's teeth.,Apretar los dientes.,actions,,,r.u-kiichi laya,g.u-ki!ichi laya (),bi-kiichi laya,,,,,,3,1,Ruquiichi' laya Gabrièla òra rasi.,Gabriela aprieta los dientes cuando duerme.,,
ukiinde,ruquiindè',-u-kiinde*,EJG;JLC;ND;RLC;VP,vA:caus,A,NO,1728,"To cause a desire, a will, or a commitment.","Darle antojo o ganas, hacerlo desear o anhelar, hacer que se comprometa.",actions,,EJG;JLC;RGL;RLC,r.u-kiinde*,g.u-kii^nde*; ~ (g).u-kii*nde* (I),bi-kiinde*,,wa-kiinde*,,,,4,6,Laacabe ruquiinde'cabe.,Ellos comprometen a uno.,Laacabe zuquiinde'cabe.,Ellos los comprometerán.
ukiindela7dxi,ruquiindè'la'dxi',-u-kiinde*=la7dxi,EJG;JLC;ND;RLC;VP,vA:caus,A,NO,1729,To cause a desire or a will.,"Darle antojo o ganas, hacerlo desear o anhelar.",actions,,,r.u-kiinde la!7dxi,g.u-kii^nde^ la!7dxi,bi-kiinde la!7dxi,,,,,,3,6,Biquiindè'la'dxi'be.,Le dieron ganas.,Biquiindèla'dxi'cabe.,Tuvieron antojo.
ukuuxu,rucuuxhu',-u-kuuxu,EJG,vA:caus,A,NO,1730,"To wrinkle, to contract (lit. to cause to wrinkle).","Arrugar, contraer (lit. hacer que se arrugue).",actions,,RLC,r.u-kuuxu,g.u-ku!uxu,bi-kuuxu,,,,,,3,2,Rucuuxhu'be lari.,Arruga la tela.,Rucuuxhu' labadòra lu lari.,La lavadora arruga la ropa.
ukwaani,rucuaani',-u-kw.aani,EJG;ND;RGL;RLC;VP,vA:caus,A,NO,1731,"To awaken someone, to make someone aware.","Despertarlo, hacerlo tomar conciencia.",actions,,RLC,r.u-kw.aani,g.u-kw.a!ani,bi-kw.aani,,,,,,3,2,Bicuaani'cabe naa.,Me despertaron.,Bicuaani' laabe.,Despiértala.
ukweeza,rucueezà',-u-kw.eeza*,EJG;JLC;RGL;VP,vA:caus,A,NO,1732,"To stop from moving, to block (lit. to cause to stay).","Detener, parar, impedir que se mueva (lit. hacer que permanezca).",actions,,,r.u-kw.eeza*,g.u-kw.ee*za*,bi-kw.eeza*,,,,,,3,2,Rucueezà'.,Lo detiene.,Rucueezà' Fán Fàna para cádi chí guni dxiiña'.,Le impide Juan a Juana que vaya a trabajar.
ukweezarwaa,rucueezà' ruaa,-u-kw.eeza* # rwaa,JLC,vA:caus,A,NO,1733,To shut someone up (lit. to cause someone's mouth to stop).,Callarlo (lit. hacer que se detenga su boca).,actions,,,,,bi-kw.eeza* # rwaa,,,,,,1,2,Bicueezà'be ruaa.,Calló al otro.,Bicueezà' Fán ruaa Pèdru.,Juan hizo que se callara Pedro.
ukweezadxi,rucueeza'dxì,-u-kw.eeza=dxi*,JLC,vA:caus,A,NO,1734,To stop.,Detener.,actions,,RLC,r.u-kw.eeza*=dxi*,,,,,,,,1,1,Rucueezà'dxì Fán Pèdru.,Juan detiene a Pedro.,,
ukwi,rucui,-u-kw.i,EJG;JLC;ND;RGL;RLC;VC;VP,vA:caus,A,NO,1735,"To set (lit. to cause to sit). By extension, to build, to lay down (in relation to construction), to seat (in relation to a job or post), to set food to cook.","Asentar (lit. hacer que se siente). Por extensión, construir, edificar, colocar en una posición (con relación a un cargo o puesto), poner comida a cocer.",actions,,,r.u-kw.i,g.u-kw.i!,bi-kw.i,k.u-k.w.i!,,,n.u-kw.i*,,5,6,Cucuí guidxi xaique xti' ra yoola'hui'.,El pueblo está dando instaurando a su presidente en el palacio municipal.,Cucui Lèna xiiñi' xa' baca'nda'.,Lena está sentando a su hijo bajo la sombra.
ukwibataadenrlc09,rucui bataà,-u-kw.i # ba-taa* DEN:RLC09,JLC,vA:caus,A,NO,1736,To smoke marijuana.,Fumar marihuana.,actions,,,r.u-kw.i ba-taa*,,,,,,,,1,0,,,,
ukwide,rucui de,-u-kw.i # de,RLC,vA:caus,A,NO,1737,To inhale cocaine.,Inhalar cocaína.,actions,,JLC,r.u-kw.i # de,,,,,,,,1,0,,,,
ukwigidi,rucui guidi,-u-kw.i # gidi,RLC,vA:caus,A,NO,1738,To jerk off.,Masturbarse un hombre haciéndose una chaqueta.,actions,,,r.u-kw.i # gi^di,,,,,,,,1,0,,,,
ukwigizhi,rucui guixi,-u-kw.i # gizhi,JLC;RLC;VC,vA:caus,A,NO,1739,To smoke marijuana.,Fumar marihuana.,actions,,,r.u-kw.i gizhi,,,,,,,,1,0,,,,
ukwindani,rucui ndàni,-u-kw.i # nda*ni,EJG;JLC;RLC;VP,vA:caus,A,NO,1740,To pile up high.,Amontonar alto.,actions,,EJG;JLC,r.u-kw.i # nda*ni,,,,,,,,1,1,Rucuibe ndàni yaga cue' yoo.,Amontona leña contra la pared de su casa.,,
ukwinduni,rucui ndùni,-u-kw.i # ndu*ni,JLC;RLC,vA:caus,A,NO,1741,To pile up.,Amontonar.,actions,,,r.u-kw.i # ndu*ni,,bi-kw.i # ndu*ni,,,,,,2,3,Racà bicuibeni ndùni.,Ahí lo dejó amontonado.,Rucui Mariá ndùni lari lu càma.,María tiene amontonada la ropa sobre la cama.
ukwiyoo,rucui yoo,-u-kw.i # yoo,EJG;JLC,vA:caus,A,NO,1742,"To build, to construct.","Edificar, construir.",actions,,,r.u-kw.i # yoo; ~ r.u-kw.i! yoo,,,,,,,,1,4,Bicuibe yoo.,Construyó casa.,Bicui Fán yoo.,Juan construyó casa.
ukwisa,rucui sa,-u-kw.i sa,VC,vA:caus,A,NO,1743,To go or turn back.,Retroceder.,actions,,,r.u-kw.i sa,g.u-kw.i! sa,bi-kw.i sa,,,,,,3,0,,,,
ukwizha7na,rucui xa'na',-u-kw.i zha7na,VC,vA:caus,A,NO,1744,To go or turn back.,Retroceder.,actions,,,r.u-kw.i zha7na,g.u-kw.i! zha7na,bi-kw.i zha7na,,,,,,3,0,,,,
ukwidxi,rucuidxì,-u-kw.i=dxi*,EJG;JLC;RLC,vA:caus,A,NO,1745,"To calm down, to soothe, to appease.","Calmar, tranquilizar, apaciguar.",actions,,,r.u-kw.i=dxi*,g.u-kw.i*=dxi*,bi-kw.i=dxi*,,,,n.u-kw.i*=dxi*,,4,5,Bicuidxì Fán Pèdru.,Juan calmó a Pedro.,Gucuìdxì Fán Pèdru.,Que calme Juan a Pedro.
ukwixke7la,rucuixque'la',-u-kw.i=x.ke7la,EJG;RLC,vA:caus,A,NO,1746,To cause residue to settle at the bottom of a container.,Hacer que se asienten los residuos en el fondo de un recipiente.,actions,,RGL;RLC,r.u-kw.i=x.ke7la,,bi-kw.i=x.ke7la,,,,n.u-kw.i!=x.ke7la,,3,3,Bicui xque'la' nisa para biree nisa cá (g)uyúu ladè guidxi.,Se regresó el agua (porque tenía mucha basura y se tapó el canal) y el agua buscó salir para el centro del pueblo.,Bicui xque'la' nisa tàntu guixi.,Se atascó el agua de tanta basura.
ukwaagu,rucuaagù',-u-kwaagu*,EJG;VP,vA:caus,A,NO,1747,To shoot at.,Dispararle.,actions,,RLC,r.u-kwaagu*,(g).u-kwaa*gu*,bi-kwaagu*,,,,,,3,0,,,,
ukwaana,rucuaanà',-u-kwaana*,EJG;ND;VC,vA:caus,A,NO,1748,To fast.,Ayunar.,actions,,,r.u-kwaana*,g.u-kwaa*na*,bi-kwaana,,,,,,3,1,Rucuaana' Fán lu gueta.,Juan ayuna. (lit. Juan hace remedio de la tortilla),,
ukwaata,rucuaata',-u-kwaata,EJG,vA:caus,A,NO,1749,To deafen (lit. to cause to become deaf).,Ensordecer (lit. hacer que se haga sordo).,actions,,,r.u-kwaata,(g).u-kwa!ata,bi-kwaata,,,,,,3,1,Rucuaata' cuète diaga binnì.,Deja sordo el cohete a la gente.,,
ukwaku,rucuacu,-u-kwaku,JLC,vA:caus,A,NO,1750,To dress someone (lit. to cause to wear).,Vestirlo (lit. hacer que se lo ponga).,clothing and adornment,,EJG;JLC;RGL;RLC,r.u-kwaku,g.u-kwa!ku (),bi-kwaku,,,,,,3,1,(G)ucuácu xñaàbe laabe lari.,Que le ponga su mamá su ropa.,,
ulidxi,rulidxi,-u-l.idxi,EJG;JLC;ND;VP,vA:caus,A,NO,1751,To reprimand.,"Reprender, corregir, llamar la atención.",actions,,,r.u-l.idxi,g.u-l.i!dxi (),bi-l.idxi,,,,,,3,5,Bilidxé'.,Corregí.,Bilidxi.,Corrígelo.
ula,rula,-u-la,EJG;JLC;ND;RLC;VP,vA:caus,A,NO,1752,"To save, to rescue (lit. to cause to be safe).","Salvarlo, rescatarlo (lit. hacer que esté a salvo).",actions,,JLC;ND;RGL;RLC,r.u-la,gu-la!,bi-la,,,,,,3,5,Bilabe laa.,Lo salvó.,Bila Fán Mariá.,Juan salvó a María.
ulaa,rulaa,-u-laa,EJG;ND;RLC;VP,vA:caus,A,NO,1753,To throw.,"Tirar, lanzar, aventar.",actions,,,r.u-laa,g.u-la!a,bi-laa,,,z.u-laa,,,4,5,Culáalu' diidxa'.,Estás provocando. (lit. estás lanzando palabras.,Ni rulaa.,El que lanza.
ulaadiidxa,rulaa diidxa',-u-laa # diidxa,VC,vA:caus,A,NO,1754,To provoke verbally (lit. to throw words),Provocar verbalmente (lit. aventar palabras).,actions,,,,,,,,,,,0,3,Cádí' guláadí'lu' diidxa' binnì.,No le arrojes palabras a la gente.,Cádí' guláadióu' diidxa' binnì.,No le arrojes palabras a la gente.
ulaaike,rulaaique,-u-laa=ike,EJG;RLC;VC,vA:caus,A,NO,1755,"To pull with the head, as oxen do when pulling the yoke.",Tirar con la cabeza como hacen los bueyes al jalar la yunta.,actions,,,r.u-laa=ike,g.u-la!a=ike,,,,,,,2,2,Guláa iquecame.,Van empujando con la cabeza (los animales).,Yùzè qué rulaaiquedí'.,El buey no empuja con la cabeza.
ulaana7,rulaanà',-u-laa=na*7,EJG;RGL;VP,vA:caus,A,NO,1756,To push with the hands.,Empujar con las manos.,actions,,JLC,r.u-laa=na*7,gu-la!a=na*7,b.i-laa=na*7,,,,n.u-la!a=na*7,,4,2,Bilaanà'cabe Fán biaba.,Empujaron a Juan y se cayó.,Qué nuláanà'dí'be Fán.,No empujó con la mano a Juan.
ulaanyee,rulaañee,-u-laa=nyee,EJG;RLC;VC,vA:caus,A,NO,1757,To push with the feet.,Empujar con los pies.,actions,,EJG,r.u-laa=nyee,,,,,,n.u-la!a=nyee,,2,2,Qué nuláañeedí'be Fán.,No empujó a Juan con el pie.,Rulaañee Fán bòla.,Juan patea la pelota.
ulaazha7na,rulaaxa'na',-u-laa=zha7na,EJG;RLC;VC,vA:caus,A,NO,1758,To push with the buttocks.,Empujar con las nalgas.,actions,,,r.u-laa=zha7na,,,,,,n.u-la!a=zha7na,,2,3,Qué nuláaxa'na'dí'be Fán.,No empujó con la cadera a Juan.,Rulaa xa'na' Fán Pèdru lu saa.,Empujó de las nalgas Juan a Pedro en el baile.
ulaazhi7ke,rulaaxi'que',-u-laa=zhi7ke,VC,vA:caus,A,NO,1759,To push with the shoulder.,Empujar con el hombro.,actions,,,,,,,,,n.u-la!a=zhi7ke,,1,1,Qué nuláaxi'que'dí'be Fán.,No empujó a Juan con el hombro.,,
ulaazhii,rulaaxii,-u-laa=zhii,VC,vA:caus,A,NO,1760,"To root, in reference to common pig behavior (lit. to push with the nose).","Hocicar, hociquear, dicho del comportamiento común de los cerdos (lit. empujar con la nariz).",actions,,,,,,,,,,,0,1,Qué nuláaxiidí'me guisucà.,No empujó el marrano con la nariz la olla.,,
ulaadxi,rulaadxi',-u-laadxi,EJG;JLC;RLC;VP,vA:caus,A,NO,1761,"Wedge in, jam in, insert.","Encajar, atorar, insertar.",change of state,,,r.u-laadxi,g.u-la!adxi (),bi-laadxi,,,,,,3,6,Bilaadxi' buèltu cue' ndaanu'.,Métete el dinero en la cintura.,"Bilaadxi' Fán ti gui'chi' ni ra puerrtá'cà, para cádi guidìñè ntaa.",Mételo entre la puerta para que no se asoté.
ulaadxibi7ku,rulaadxi' bi'cu',-u-laadxi # bi7ku,EJG,vA:caus,A,NO,1762,To order dogs to attack someone.,"Echarle los perros a alguien, en el sentido de hacer que los perros lo agredan.",actions,,,r.u-laadxi # bi7ku,,,,,,,,1,1,Rulaadxi' Fán bi'cu' Pèdru.,Le aventó Juan el perro a Pedro.,,
ulaaga,rulaaga',-u-laaga,EJG;JLC;RLC,vA:caus,A,NO,1763,To chase someone away.,"Largar, correr, o expulsar a alguien.",actions,,,r.u-laaga,g.u-la!aga,bi-laaga,,,,,,3,3,Bilaaga'.,Lárgalo.,Rulaaga' Fán Pèdru.,Juan largó a Pedro.
ulaaya,rulaayà',-u-laaya*,EJG,vA:caus,A,NO,1764,"Jiménez Girón (1979:189) defines this lexeme as caresses, flatters.","Jiménez Girón (1979:189) define este lexema como ""acaricia, halaga"".",actions,,,r.u-laaya*,,,,,,,,1,0,,,,
ulabi,rulabi,-u-labi,EJG;JLC;RGL;RLC;VP,vA:caus,A,NO,1765,"To pay attention to, to attend to.","Hacerle caso, atenderlo.",actions,,RGL,r.u-labi,g.u-la!bi (),bi-labi,,,,,,3,4,Bilabi.,Házle caso.,Qué rulabi.,No hace caso.
ule,rule,-u-le,ND;RGL;RLC,vA:caus,A,NO,1766,To have sex.,Tener sexo.,actions,,EJG;ND;RLC,r.u-le,g.u-le!,bi-le,k.u-le!,,z.u-le,,,5,3,"Bile gunaaca, pacaa zusisacabe lii muxe'.","Haz el acto sexual con esa mujer, de lo contrario pensará que eres homosexual.",Ruleca'.,Hacen el amor.
uleyu,rule yu,-u-le yu,EJG,vA:caus,A,NO,1767,Jiménez Girón (1979:189) defines this lexeme as to kick.,Jiménez Girón (1979:189) define este lexema como patalear.,actions,,,r.u-lle yu,,,,,,,,1,0,,,,
ulwi7,rului',-u-lwi7,EJG;JLC;ND;RGL;RLC;VP,vA:caus,A,NO,1768,"To show, to reveal, to expose (lit. to cause to appear). Also, to seem, to resemble.","Mostrar, enseñar, delatar (lit. hacer que se muestre). También parecerse, asemejarse.",actions,,,r.u-lwi!7; ~ r.u-lwi7,g.u-lwi!7 (),bi-lwi!7; ~ bi-lwi7,,,z.u-lwi7,,,4,6,Bilui' Lìnu paraa cheguni dxiiña'.,Le enseña a Lino dónde va a trabajar.,Bilui' naa guzee' lu gui'chi'.,Enséñame a dibujar sobre papel.
ulwi7na7,rului' nà',-u-lwi7 na*7,RLC,vA:caus,A,NO,1769,To point at with the hand.,Señalar con la mano.,actions,,,r.u-lwi7 na*7;  bi-lwi7 na*7,gu-lwi!7 na*7,,,,,,,2,1,Culuí'nà'.,Está señalando con la mano.,,
ulwi7la7dxi,rului'la'dxi',-u-lwi7=la7dxi,EJG;JLC;RLC;VP,vA:caus,A,NO,1770,"To desire, especially in relation to food (lit. to cause the liver to appear).",Tener antojo (lit. hacer que se muestre el hígado).,actions,,,r.u-llwi7 lla7dxi; ~ r.u-lwi' la7dxi,,bi-lwi7=la7dxi,,,z.u-lwi7 la7dxi,,,3,3,Bilui'la'dxi' Fán màngo.,Juan quiso comer mango.,Rului'la'dxi'be góbe.,Tiene antojo de comer algo.
undaate,rundaate',-u-n.daate,EJG;JLC;RGL;RLC;VP,vA:caus,A,NO,1771,To empty out.,"Vaciarlo, descargarlo.",actions,,,r.u-ndaate,g.u-nda!ate,bi-ndaate,,,,,,3,2,Bindaate'be càrga nèbe.,Descargó la carga.,Bindaate'beni.,Lo descargó.
uniibi,runiibì',-u-n.iibi*,EJG;JLC;ND;RGL;RLC;VP,vA:caus,A,NO,1772,"To cause to move, stir, or sway.","Hacer que se mueva, se menee o se meza. Agitar.",actions,,,r.u-n.iibi*,g.u-n.ii*bi* (I),bi-n.iibi*,,,z.u-niibi*,,,4,6,"Cuniìbì'be lu guixhe, bixheenda'.",Lo está columpiando.,Cuniìbi' nà' tobi ra ricá'.,Alguien está haciendo señas con la mano allá.
uniibiike,runiibì' ique,-u-n.iibi* # ike,RGL;RLC,vA:caus,A,NO,1773,To let the head drop as when nodding off.,Cabecear.,actions,,,r.u-n.iibi* # ike,g.u-n.ii*bi* # ike (I),bi-n.iibi* # ike,k.u-nii*bi* # ike,,,n.u-nii*bi* ike,,5,3,Òra cayásibe lá qué nuniìbì'dí'be iquebe.,"Cuando se durmió, estuvo cabeceando.",Òra cayásibe lá qué nuniìbì iquedí'be.,Cuando está durmiendo no cabecea.
undaawa,rundaahuà',-u-nd.aawa*,EJG;RLC;VP,vA:caus,A,NO,1774,To cause to become flooded or waterlogged.,Hacer que se inunde o se anegue.,actions,,,r.u-ndaawa*,gi-laa*wa*,bi-laawa*,,,,,,3,1,Bilaahuà' La Ventosa tàntu nisa guie.,Se inundó La Ventosa de tanta lluvia.,,
undiibi,rundiibì',-u-nd.iibi*,EJG;JLC;RGL;RLC;VP,vA:caus,A,NO,1775,"To cause to become tied or entangled, to tie, to fasten, to entangle.","Hacer que se amarre, amarrarlo, atarlo, enredarlo.",actions,,EJG;RLC,r.u-n.diibi*,g.u-n.dii*bi* (I),bi-n.diibi*,k.u-ndii*bi*,,,,,4,5,Bindiibì' yùzè.,Amarró los bueyes (al yugo).,Ni rundiibì' barìya.,Herrero. (lit. quien une varilla)
unduuba,runduuba',-u-nd.uuba,EJG;JLC;RGL;VP,vA:caus,A,NO,1776,"To sweep (lit. to cause to be swept). By extension, to clean out.","Barrerlo (lit. hacer que se barra). Por extensión, saquear.",actions,,,r.u-nduuba,g.u-ndu!uba (),bi-nduuba,,,,,,3,3,Binduuba'.,Barre. (imperativo),Cundúuba' ndaani' yoo.,Está barriendo adentro de la casa.
unduuzhe,runduuxe',-u-nd.uuzhe,EJG;RGL;RLC;VP,vA:caus,A,NO,1777,"To finish, to complete, to conclude. By extension, to euthanize.","Terminarlo, acabarlo, finalizarlo, completarlo, concluirlo. Por extensión, realizarle la eutanasia.",actions,,,r.u-nduuzhe,g.u-ndu!uzhe,bi-nduuzhe,,,,,,3,3,Binduuxe'.,"Terminó (ej. su carrera, una tarea).",Binduuxe'be escuela xtì'.,Terminó su escuela.
undaa,rundaa,-u-ndaa,EJG;ND;RGL;RLC;VP,vA:caus,A,NO,1778,"To throw, to toss, to shoot, specifying that the trajectory of the object in question is forward, not upward.","Lanzar, aventar, tirar, disparar, especificando que la trayectoria del objeto en cuestión es hacia adelante, no hacia arriba.",actions,,,r.u-ndaa,g.u-nda!a,bi-ndaa,,,z.u-ndaa,,,4,6,Bindaa ti bixidú' naa.,Mándame un beso.,Bindaa ti guie ùles.,Tiró una piedra con la resortera.
undaacha,rundaacha',-u-ndaacha,JLC;RLC;VP,vA:caus,A,NO,1779,To let go (lit. to cause to become loose).,Soltarlo (lit. hacer que se suelte).,actions,,,r.u-ndaacha,gu-nda!acha (),bi-ndaacha,,,,,,3,1,Rundaacha'be nà' xhiiñi'be.,Le suelta la mano a su hijo.,,
undaachi,rundaachi',-u-ndaachi,EJG;JLC;ND;RGL;RLC;VP,vA:caus,A,NO,1780,"To spy, to watch, to observe, to stalk, to snoop.","Espiar, observar, acechar, estar de mirón.",actions,,,r.u-ndaachi,gu-nda!achi (),bi-ndaachi; ~ k.u-nda!achi,,,,,,3,2,Bindaachi'.,Espía. (imperativo),Cundáachi'.,Está de mirón.
undaachiskwella,rundaachi' scuèla,-u-ndaachi # skwe*lla,EJG;JLC;RLC,vA:caus,A,NO,1781,"To spy on the school, in reference to a student who skips school but watches from afar when school lets out and goes home as if they had attended.","Espiar la escuela, dicho de un estudiante que no asiste, pero de lejos espera la hora de la salida para volver a casa como si hubiese asistido.",actions,escuela,,r.u-ndaachi skwe^la,,,,,,,,1,2,Rí (g)undaachi' sì Fán ra scuèla.,Nomás va a espiar Juan a la escuela (pero no entra).,Rundaachi' Fán scuèla.,Juan nomás hace como que va a la escuela (pero no entra a tomar clase).
undaatexxiinya,rundaate' xhiiña',-u-ndaate # x.xiinya,EJG;RLC,vA:caus,A,NO,1782,To interrupt one's work.,Interrumpir el trabajo de uno.,actions,,JLC;RLC,r.u-ndaate x.xiinya,,,,,,,,1,1,"Rundaate'be xhiiña'be, yé nèbe xiiñi'be, yé gacà remèdiu.",Dejó el trabajo para ir con su hijo al doctor.,,
undapizhii,rundapí'xii,-u-ndapi!'=zhii,EJG;JLC;ND;RLC;VP,vA:caus,A,NO,1783,To sniff. Jiménez Girón (1979:189) specifies that this verb is restricted to refer to quadrupeds.,"Husmear, olfatear. Jiménez Girón (1979:189) especifica que este verbo ""se aplica más propiamente a los cuadrúpedos"".",actions,,EJG;RLC,r.u-ndapi* zhii; ~ r.u-ndapi!'=zhii,g.u-nda!pi!'=zhii,bi-ndapi!'=zhii,,,,,,3,4,Cundápí'xii só'pe' ca' yùzè yuudxu'.,Está oliendo el zopilote el ganado apestoso (porque está muerto).,Gundápí'xii bi'cu' binnì má guti.,Que husmee el perro (para encontrar) a los que murieron.
undapi7,rundapí',-u-ndapi!7,EJG;JLC;ND;VP,vA:caus,A,NO,1784,"To inhale, ingest, pull toward oneself or into the body. By extension, Jiménez Girón (1979:189) defines this lexeme as carefully saving part of one's winnings in gambling so that, in case one's luck changes, one does not lose everything.","Inhalar, ingerir, jalar hacia uno o hacia adentro del cuerpo. Por extensión, Jiménez Girón (1979:189) define este lexema como ""guardar cautelosamente parte de lo ganado en el juego para en caso de cambiar su suerte no perderlo todo"".",actions,,,r.u-ndapi!7,g.u-ndapi!7 (I); ~ g.u-nda!pi!7,bi-ndapi!7,,,,,,3,1,Bindapí' só'pe' ca' yùzè yuudxu'.,Se tragó el zopilote al ganado muerto.,,
undapi7dxita,rundapí'dxita,-u-ndapi!7=dxita,EJG;ND,vA:caus,A,NO,1785,Jiménez Girón (1979:189) defines this lexeme as turning a bull into a steer by twisting its testicles.,"Jiménez Girón (1979:189) define este lexema como ""convertir al toro en novillo volteándose sus testículos"".",actions,,,r.u-ndapi* dxita; ~ <r.u-ndapi7 dxita>,,,,,,,,1,0,,,,
undapi7kwaana,rundapí'cuaana',-u-ndapi!7=kwaana,EJG;ND,vA:caus,A,NO,1786,Jiménez Girón (1979:189) defines this lexeme as to administer an enema.,"Jiménez Girón (1979:189) define este lexema como ""dar lavativa"".",actions,,,r.u-ndapi* kwaana; ~ <r.u-ndapi7 kwaana>,,,,,,,,1,0,,,,
undizi7,rundizí',-u-ndizi!7,EJG;RLC,vA:caus,A,NO,1787,"To jam, to force in, in reference to a sharp object.","Encajar, meter forzadamente, dicho de un objeto punzocortante.",actions,,,r.u-ndizi!7,g.u-ndi!zi!7,bi-ndizi!7,k.u-ndi!zi!7,,,,,4,3,Bindizé'beni.,Lo encajó.,Bindizé' naa.,Lo clavé.
undubi,rundubì,-u-ndubi*,EJG;JLC;RGL;RLC;VP,vA:caus,A,NO,1788,"To blow, to fan, to ventilate.","Soplar, abanicar, ventilar.",actions,,,r.u-ndubi*,gu-ndu*bi* (I),bi-ndubi*,k.u-ndu^bi*,,,,,4,5,Bindubì.,Sopla. (imperativo),Bindubìbeni.,Le sopló.
undupixkaana,rundupì xcaana',-u-ndupi* x.kaana,EJG,vA:caus,A,NO,1789,"Jiménez Girón (1979:190) defines this verb as the practice whereby, during the first night of a couple's marriage, the groom inserts a finger into the bride's vagina to extract the hymen and verify her virginity.","Jiménez Girón (1979:190) define este lexema como la práctica mediante la cual, durante la primera noche del matrimonio de una pareja, el novio introduce un dedo en la vagina de la novia para extraer el himen y verificar su virginidad.",cultural practices,,,r.u-ndupi xka!ana7,,,,,,,,1,1,Cana (g)undupí'ca'be laabe .,Andan cogiendo.,,
une7,rune',-u-ne7,EJG;JLC;ND;RLC;VP,vA:caus,A,NO,1790,To smear (lit. to cause to be smeared).,"Embarrarlo, embadurnarlo, untarlo (lit. hacer que se embarre).",actions,,EJG;RLC,r.u-ne7,gu-ne!7 (),bi-ne7,,,z.u-ne7,,,4,4,Biné' beñe' xhaba ba'du' huiini'.,Manché de lodo la ropa del niño.,Cuné'.,Se está untando.
ungi,runguì,-u-ngi*,EJG,vA:caus,A,NO,1791,"Jiménez Girón (1979) defines this lexeme as to compete. At present, knowledge bearers consider this verb as part of old Didxazá.","Jiménez Girón (1979) define este lexema como ""concursar, competir"". Actualmente, algunos consideran que este verbo pertenece al didxazá antiguo.",actions,,,r.u-ngi*,gu-ngi*,bi-ngi*,,,,,,3,0,,,,
uniibidxacha,runiibì'dxacha,-u-niibi*=dxacha,EJG;RLC,vA:caus,A,NO,1792,To shake violently.,Agitar o sacudir bruscamente.,actions,,,r.u-niibi*=dxacha,,,,,z.u-niibi*=dxacha,n.u-nii*bi* dxacha,,3,2,Qué nuniìbì' dxachadí'be yaga huiini'.,No sacudió él la plantita.,Runiibì'dxacha xcuídi yaga huiini'.,El niño sacude la plantita.
uniibinyee,runiibì'ñee,-u-niibi*=nyee,JLC;RLC,vA:caus,A,NO,1793,To kick in a squirming way (lit. to make the legs or feet shake).,Patalear (lit. hacer menear las piernas o los pies).,actions,,,r.u-n.iibi*=nye^e,g.unii*bi*=nye^e,bi-niibi*=nye^e,,,,,,3,2,Runiibì'.,(Ella/él) hace que se mueva.,Runiibì' ñee.,No para de menear las piernas.
uniidxi,runiidxì',-u-niidxi*,EJG;JLC;ND;RGL;RLC;VC;VP,vA:caus,A,NO,1794,To swim underwater.,Nadar bajo el agua.,actions,,,r.u-niidxi*,gu-nii*dxi* (I),bi-niidxi*,,,,,,3,2,Cana(g)uniidxì'.,Anda nadando.,Runiidxì'be.,Nada abajo del agua.
uniipi,runiipì',-u-niipi*,EJG;JLC;ND;RGL;RLC;VP,vA:caus,A,NO,1795,To sniff.,Olfatear.,actions,,,r.u-niipi*,g.u-nii*pi* (I),bi-niipi*,,,z.u-niipi*,,,4,3,Biniipì'be ique xiiñi'be.,Le olió la cabeza a su hija (porque le olía feo).,Runiipì'me.,El animal olfatea.
uniti,runiti,-u-niti,EJG;JLC;ND;RLC;VP,vA:caus,A,NO,1796,"To cause to be lost. By extension, to notice the absence of someone or something.","Hacer que se pierda o se extravíe. Por extensión, echar de menos.",actions,,,r.u-niti,gu-ni!ti (),bi-niti,ku-ni!ti,,z.u-niti,,,5,6,Cuníti tièmpu.,Está perdiendo el tiempo.,Runitibe laa.,Lo echa de menos.
unitigendabyaani,runiti guendabiaani',-u-niti # genda+ b.y.aani,EJG;ND,vA:caus,A,NO,1797,"To have a lapse in judgement, to lose awareness, to lose consciousness.","Perder el juicio, perder conciencia, perder el conocimiento.",cognition,,EJG,r.u-niti # genda+ b.yaani,,,,,,,,1,2,Bigòlabe nè qué runitidí'be xpiaani'be.,Envejeció y nunca perdió la razón.,Qué nunítidí'be guendabiaani'.,No perdió el juicio.
unitilu,runiti lu,-u-niti # lu,EJG,vA:caus,A,NO,1798,To lose sight or vision.,Perder la vista.,actions,,,r.u-niti lu,,bi-niti # lu,,,,,,2,1,Biniti ti chu guielu.,Perdió la vista de un lado.,,
unitilu-2,runitilu,-u-niti=lu,EJG;JLC;ND;RLC;VP,vA:caus,A,NO,1799,To cause the disappearance or destruction of something.,"Hacerlo desaparecer, echarlo a perder.",actions,,EJG;JLC;ND;RGL,r.u-niti=lu,g.u-ni!ti=lu,bi-niti=lu,,,,,,3,4,Binitilube ca' binnì cá.,Acabó con todo lo de la gente.,Binitilube laabe.,Se destruyó él mismo (ej. por tomar droga).
uraa,ruraà,-u-raa*,EJG;JLC;ND;RGL;RLC;VP,vA:caus,A,NO,1800,"To peel by way of scraping. By extension, to sand (i.e. smooth out a piece of wood), to carve, to sculpt, to epilate.","Pelar raspando. Por extensión, mondar, limar, tallar, labrar, esculpir, depilar.",actions,,,r.u-raa*,g.u-raa* (I),bi-raa*,,,z.u-raa*,,,4,6,Curaà Lán ti cuaana'naxhi.,Lan está pelando una fruta.,Curaà ta Gabìnu ti birungu be'za'yaga.,El señor Gabino está labrando un tronco de huanacastle (Enterolobium cyclocarpum).
uraaladi,ruraà ladi,-u-raa* # ladi,JLC;RLC,vA:caus,A,NO,1801,"To peel the skin, ex. of fruit.","Pelar la cáscara, ej. de una fruta.",actions,,EJG;JLC;ND,r.u-raa* (be* ladi),g.u-raa* # la^di,,,,,,,2,1,(G)uraàbe ladi cuananaxhi.,Que pele la fruta.,,
uraayaga,ruraà yaga,-u-raa* # yaga,EJG;RLC,vA:caus,A,NO,1802,To sand or carve wood.,"Limar, tallar, labrar o esculpir madera.",actions,,,,g.u-raa* +be* ya^ga,,,,z.u-raa* # ya^ga,,,2,1,(G)uraàbe yaga.,Que talle la madera.,,
urii,rurii,-u-rii,EJG;ND;VC,vA:caus,A,NO,1803,"To request someone's presence, or their help within the context of mutual service.","Pedir la presencia de alguien, solicitar servicio recíproco de alguien.",actions,,,r.u-rii,g.u-ri!i ,bi-rii,,,z.u-rii,n.u-ri!i ,ze!-g.u-ri!i,6,3,Qué nuríidí'cabe laabe.,No lo invitaron.,Zéguríi.,Se fue a pedir la presencia (de alguien).
uriixi,ruriixhì',-u-riixi*,EJG;ND,vA:caus,A,NO,1804,Resell.,Revender.,commerce,,,r.u-riixi*,g.u-rii*xi*,bi-riixi*,,,z.u-riixi*,,ze!+ -g.u-riixi*,5,3,Zeguriixhì'.,Se fue a revender.,Zeguriixhi.,Se fue a revender.
uroote,rurootè',-u-roote*,EJG;ND;RLC,vA:caus,A,NO,1805,"To cause to become penniless, to clean out.","Hacer que se quede sin dinero, desvalijarlo.",actions,,,r.u-roote*,(g).u-roo*te*,bi-roote*,,,z.u-roote*,,,4,1,Zuroote'.,Hará que se quede sin nada (ej. haciéndole perder su dinero en un juego de chalupa).,,
uru,ruru,-u-ru,EJG;JLC;ND;RGL;RLC;VP,vA:caus,A,NO,1806,"To cough. By extension, to boast loudly about courage.","Toser. Por extensión, presumir alardosamente de valentía.",actions,,,r.u-ru,g.u!-ru!; ~ gu-ru!,bi-ru,ku-ru!,,z.u-ru,,,5,6,Curú(be).,Está tosiendo.,Curúdu.,Estamos tosiendo (excluyendo al que escucha).
uruba,rurubà,-u-ruba*,EJG;RGL;RLC;VP,vA:caus,A,NO,1807,To spread out seeds or kernels on a griddle for roasting.,Esparcir granos sobre un comal para tostar.,processes,,,r.u-ruba* # zhuba!7,g.u-ru*ba* # zhuba!7 (),bi-ruba* # zhuba!7,k.u-ru*ba* # zhuba!7,,,,,4,3,Curùbà biziaà.,Está tostando el cacao.,Quí nurùbàdí'be xubá'.,No tostó el maíz.
urubanisa,rurubà nisa,-u-ruba* # nisa,EJG;RLC,vA:caus,A,NO,1808,To sprinkle water on something.,Rociar con agua.,actions,,RLC,r.u-ruba* # nisa,g.u-ru*ba* # nisa,bi-ruba* # nisa,,,,,,3,2,Rurubà Mariá nisa ndaani' yoo de beñe òra cundúuba.,Echa María agua en la casa cuando está barriendo (para que no se levante el polvo si el piso es de tierra).,Zurubú' nisa ndaani' yoo para (g)undúubu'.,Vas a echar agua con la mano en tu casa para barrer (y que no se levante el polvo).
urubanisandaaya,rurubà nisa ndaaya',-u-ruba* # nisa ndaaya,EJG,vA:caus,A,NO,1809,To sprinkle with holy water an infant who dies prior to being baptized or statuettes.,Rociar con agua bendita los infantes que mueren antes de ser bautizados y las reliquias.,actions,,,,(g).u-ru*ba* fa!n ni^sa,,,,,,,1,1,(G)urùbà Fán nisa ndaaya' ra lidxi.,Que le eche Juan agua bendita a su casa.,,
uruuxa,ruruuxha',-u-ruuxa,EJG;JLC;ND;VP,vA:caus,A,NO,1810,"To hook, to snag, as barbed wire does to clothes.","Enganchar, agarrar, atorar, como le hace el alambre de púas a la ropa.",actions,,,r.u-ruuxa; ~ r.u-ru7xa,(g).u-ru!uxa,bi-ruuxa; ~ bi-ru7xa,,,,,,3,5,Biruuxha'me laabe.,Lo jaló el animal.,Biru'xhu' laame.,Jalaste al animal (ej. para que no fuera a hacer algo).
usyakadxita,rusiaca dxita,-u-s-y.aka dxita,EJG;JLC;VP,vA:caus,A,NO,1811,"Jiménez Girón (1979: 193) defines this verb as to become skinny. Members of the current Didxazá-speaking community do not use this verb, which suggests it may have fallen into disuse.","Jiménez Girón (1979:193) define este verbo como enflaquecer. Los miembros de la comunidad de habla didxazá actual no lo utilizan, por lo que es posible que haya caído en desuso.",actions,,EJG;JLC;RLC,r.u-syaka dxita,,,,,,,,1,0,,,,
usaana,rusaanà',-u-s.aana*,EJG;RGL;RLC;VP,vA:caus,A,NO,1812,"To leave something. By extension, to quit an activity.","Dejarlo. Por extensión, parar de hacer algo.",actions,,,r.u-s.aana*,g.u-s.aa*na*,bi-s.aana*,,,z.u-s.aana*,,,4,6,Bisaanà' (gu)igüíni.,Déja que se madure en el árbol (ej. una fruta).,Laabe bisaanà'be diidxa'cà.,Él dejó dichas esas palabras.
usaanaka,rusaanà'cà,-u-s.aana* +ka*,JLC;RLC,vA:caus,A,NO,1813,To leave something (lit. to make it be there / remain).,Dejarlo (lit. hacer que quede).,actions,,,r.u-saana* ka*,,,,,,,,1,1,Rusaanà' cà Gabrièla guendaro xtì' Olivia.,Gabriela deja lista la comida de Olivia.,,
usaanata7,rusaanà'ta',-u-s.aana*=ta7,,vA:caus,A,NO,1814,"To dump, to chuck.","Dejar tirado, dejar botado.",actions,,,,,bi.saana*=ta^7,,,,,,1,1,Bisaanà'ta' Fán buèltu layu.,Juan dejó botado el dinero en el suelo.,,
usaba,rusaba,-u-s.aba,EJG;JLC;RGL;RLC;VP,vA:caus,A,NO,1815,"To take down, to knock down, to demolish (lit. to cause to fall down).","Tirar, tumbar, derribar, derrumbar, demoler (lit. hacer caer).",actions,,,r.u-s.aba,gu-s.a!ba (),bi-s.aba,,,z.u-s.aba,,,4,4,Bisababe yaga.,Tumbó el árbol.,Rusababe jácha yaga.,Tumba el árbol con el hacha.
usabayaga,rusaba yaga,-u-s.aba # yaga,VC,vA:caus,A,NO,1816,"To have sex, applicable only to men.","Tener sexo, dicho únicamente de un hombre.",actions,,,,,bi-saba # yaga,,,,,,1,1,Bisababe yaga nuchí'.,Tuvo relación sexual él anoche.,,
usabazhiinyi,rusaba xiiñi',-u-s.aba # zhiinyi,VC,vA:caus,A,NO,1817,To have an abortion.,Abortar un embarazo.,actions,,,,,bi-saba # zhiinyi,,,,,,1,1,Bisababe xiiñi'.,Abortó.,,
usabana7,rusabanà',-u-s.aba=na*7,RLC,vA:caus,A,NO,1818,To hit with the hand (lit. to make the hand come down).,Golpear o pegar con la mano (lit. hacer caer la mano).,actions,,EJG;ND;RLC,r.u-s.aba=na*7,(g).u-s.a!ba=na*7,bi-s.aba=na*7,,,,,,3,1,Bisabanà' Fán Pèdru.,Juan le pego a Pedro con la mano.,,
useegu,ruseegu',-u-s.eegu,EJG;RLC;VP,vA:caus,A,NO,1819,"To close (lit. to make something close). By extension, to cover, to shut down, to enclose, to lock up.","Cerrar (lit. hacer que se cierre). Por extensión, tapar, clausurar, encerrar, encarcelar.",actions,,,r.u-s.eegu,gu-s.e!egu (),bi-s.eegu,,,,,,3,6,Biseegu'be laa.,Lo atrapó.,Biseegu'be laa xa'na' yàbe.,Lo cerró con llave.
useeguyoo,ruseegu'yoo,-u-s.eegu=yoo,EJG;JLC;VP,vA:caus,A,NO,1820,To imprison.,Encarcelar.,actions,,,r.u-s.eegu yoo,,bi-s.eegu=yoo,,,,n.u-s.e!egu=yoo,,3,5,Biseegu'yoocabe Fán.,Encerraron en la cárcel a Juan.,Biseegu'yoo Fán Pèdru.,Encerró Juan a Pedro.
useenda,ruseenda',-u-s.eenda,EJG;RGL;RLC;VP,vA:caus,A,NO,1821,To send.,"Mandar, enviar.",actions,,EJG;JLC,r.u-seenda,gu-se!enda (),bi-seenda,k.u-se!enda,,,,,4,3,Ruseenda'.,Lo manda.,Ruseenda'beni.,Lo envía.
useendagendare7,ruseenda' guendare',-u-s.eenda # genda+ r.e7,EJG;RLC,vA:caus,A,NO,1822,"To send a wedding gift to the bride's house consisting of cakes, marquesote bread, chocolates, and chickens.","Mandar el presente de boda a casa de la novia, que consiste en tortas, marquesotes, chocolates, y unas gallinas.",cultural practices,,,r.u-s.eenda # genda+ r.e7,,bi-seenda # genda+ r.e7,,,,,,2,1,Biseenda' jñaà Fán guendare' xtì' Fàna.,Manda la mamá de Juan el desayuno de Juana.,,
useendaxpinni,ruseenda' xpinnì,-u-s.eenda # x.pinni*,EJG;RLC,vA:caus,A,NO,1823,To send representatives to ask a woman's hand in marriage.,Mandar a una comitiva para solicitar la mano de una mujer en matrimonio.,cultural practices,,,r.u-s.eenda # x.pinni*,,bi-seenda # x.pinni*,,,,,,2,1,Biseenda' Pèdru xpinnì yé nabá' Mariá.,Mandó Pedro a su gente a pedir a María.,,
useendazhwaana,ruseenda' xuaana',-u-s.eenda # zhwaana,EJG;RLC,vA:caus,A,NO,1824,To send representatives headed by a xuaana (person known and respected in the community who presides at social engagements) to ask a woman's hand in marriage.,Mandar a una comitiva encabezada por un xuaana (persona conocida y respetada en la comunidad quien preside en los compromisos sociales) para solicitar la mano de una mujer en matrimonio.,actions,,,r.u-s.eenda # zhwaana,,,k.u-se!enda # zhwaana,,,n.u-se!enda # zhwaana,,3,2,Biseenda' Pèdru xpinnì yé nabá' Mariá.,Mandó Pedro a su gente a pedir a María.,Qué nuséenda'dí'be xuaana'.,No mando solicitar al xuaana' (persona mayor que lleva el novio para realizar el discurso para la pedida de la novia).
useendagidxi,ruseenda'guìdxì,-u-s.eenda=gi*dxi*,EJG;RLC;VC,vA:caus,A,NO,1825,To send a notification or warning.,Mandar a avisar o informar.,actions,,,r.u-seenda=gi*dxi*,g.u-se*enda=gi*dxi*,bi-seenda=gi*dxi*,k.u-se!enda=g.i*dxi*,,,n.u-se!enda=gi*dxi*,,5,2,(G)useenda' guìdxì lu Ròsa zá ñè' àla sìncu.,Que le avise a Rosa que le voy a hablar a las cinco.,Qué nuséendaguidxì(dí')be naa.,No me mandó a avisar.
useendakaa,ruseenda'caà,-u-s.eenda=kaa*,VC,vA:caus,A,NO,1826,To send for someone.,Mandar a traer a alguien.,actions,,,,,bi-seenda=kaa*,,,,n.u-se!enda=kaa*,,2,2,Lii biseenda'caàlu' naa.,Tú me mandaste a traer.,Qué nuséendacaàdiou' laabe.,No lo mandaste a traer.
useendatidxi,ruseenda'tìdxì,-u-s.eenda=ti*dxi*,JLC;RLC;VP,vA:caus,A,NO,1827,To send a notification or warning.,Mandar a avisar o informar.,actions,,,r.u-s.eenda ti*dxi*,,bi-seenda=ti*dxi*,,,,,,2,2,Biseenda'tìdxì Fán Pèdru.,Le avisó Juan a Pedro.,Biseenda' tìdxì jñaà nòbia nè bixhoze nòbia deque chú nduuxe'tu diidxa'.,Mandaron avisar a la mamá y el papá de la novia de que se van a poner de acuerdo.
useendayubi,ruseenda'yùbì,-u-s.eenda=yu*bi*,EJG;RLC,vA:caus,A,NO,1828,To send someone in search of someone else or something.,Mandar a buscar.,actions,,EJG,r.u-seenda=yu*bi*,,,k.u-se!enda=yu*bi*,,,,,2,2,Qué nuséendayùbìdí' Fàna Fán.,Juana no mandó a buscar a Juan.,Ruseenda'yùbì Fàna Fán.,Juana manda a buscar a Juan.
usiidi,rusiidi',-u-s.iidi,EJG;ND;RGL;RLC;VP,vA:caus,A,NO,1829,"To teach, to instruct (lit. to cause to learn).","Enseñar, instruir (lit. hacer aprender).",actions,,EJG,r.u-s.iidi,gu-s.i!idi,bi-s.iidi,k.u-s.i!idi,,z.u-s.iidi,,,5,6,Bisiidi'.,Enseña. (imperativo),Bisiidi'beni Juan.,Se lo enseñó a Juan.
uswi7,rusui',-u-s.wi7,JLC;RGL;RLC;VP,vA:caus,A,NO,1830,"To cause light or a device to turn itself off, or fire to go out.",Apagarlo (lit. hacerlo apagarse).,actions,,JLC;RLC,r.u-s.wi7,g.u-s.wi!7 (),bi-s.wi7,k.u-s.wi!7,,,,,4,2,Bisui'be gui.,Ella apagó la lumbre.,Bisui'beni.,Lo apagó.
usyaabi,rusiaabi',-u-s.y.aabi,EJG;JLC;RLC;VP,vA:caus,A,NO,1831,"To weaken, referring to the effect of decomposition, corrosion, or wear on an organic object.","Debilitar, dicho del efecto de la descomposición, la corrosión o el desgaste en algún objeto orgánico.",actions,,,r.u-s.y.aabi,(g).u-s.y.a!abi,bi-s.y.aabi,,,z.u-s.yaabi,,,4,1,Bandaà rusiaabi' yaga.,El comején deja hueco el palo.,,
usyaadxa,rusiaadxa',-u-s.y.aadxa,EJG;JLC;RLC;VP,vA:caus,A,NO,1832,To cause something to be lacking or missing.,Hacer que algo falte.,actions,,JLC;RGL,r.u-s.y.aadxa,,bi-s.yaadxa,,,,,,2,1,Rusiaadxa' Fán bidxichi ra lidxi.,Juan no entrega el dinero en su casa.,,
usyaanda,rusiaanda',-u-s.y.aanda,EJG;JLC;RGL;RLC;VP,vA:caus,A,NO,1833,To cause to be forgotten.,Hacer que se olvide.,actions,,,r.u-s.yaanda,(g).u-s.ya!anda,bi-s.yaanda,,,,,,3,1,Rusiaanda' Ròsa lènte xtì'.,A Rosa se le olvidan sus lentes.,,
usyaande,rusiaandè',-u-s.y.aande*,JLC;RLC,vA:caus,A,NO,1834,"To cause to become enlarged by way of opening something, ex. the eyes.","Hacer que se agrande abriéndolo, ej. los ojos.",actions,,RLC,r.u-s.yaande*,(g).u-s.yaa*nde*,bi-s.yaa*nde*,,,,,,3,0,,,,
usyaandelu,rusiaandè' lu,-u-s.y.aande* # lu,EJG;RGL,vA:caus,A,NO,1835,To open the eyes wide (lit. to cause the eyes to become enlarged).,"Pelar los ojos, (lit. hacer que se agranden los ojos).",actions,,,r.u-s.y.aande* # lu^,(g).u-s.y.aa*nde* # lu^,"bi-s.y.aande* # lu^ [RGL03.RLC04,RLC09]",,,,,,3,2,Rusiaandè'be lube.,Él pela los ojos.,Rusiaandè' lu.,Pela los ojos.
usyaani,rusiaani',-u-s.y.aani,EJG;RLC;VP,vA:caus,A,NO,1836,"To light up, to shine light.","Alumbrar, iluminar.",actions,,,r.u-s.y.aani,(g).u-s.y.a!ani,bi-s.y.aani,,,z.u-s.y.aani,,,4,1,Rusiaani' gubidxa.,Alumbra el sol.,,
usyaaniike,rusiaani' ique,-u-s.y.aani # ike,EJG;RLC,vA:caus,A,NO,1837,"To illuminate the mind (lit. the head) in the sense of to inform, to instruct, to educate.","Alumbrar o iluminar la mente (lit. la cabeza) en el sentido de informar, instruir, o educar.",actions,,EJG;JLC;RLC,r.u-s.y.aani # ike,(g).u-s.y.a!ani # ike,bi-s.y.aani # ike,,,z.u-s.y.aani # ike,,,4,2,Bisiaani' iquelu'.,Distráete un poco.,Ra scuèla rusiaani'ca'be ique xcuídi.,En la escuela les enseñan a los niños.
usyaanilu,rusiaani lu,-u-s.y.aani lu,EJG,vA:caus,A,NO,1838,Jiménez Girón (1979:193) defines this verb as to cause to recover one's sight (lit. to cause to illuminate the face),"Jiménez Girón (1979:193) define este verbo como ""hacer recuperar la vista"" (lit. hacer alumbrar la cara).",actions,,,rusyoani lu,,,,,,,,1,0,,,,
usyaapa,rusiaapà',-u-s.y.aapa*,EJG;JLC;ND;RLC;VP,vA:caus,A,NO,1839,"To make something go out of sight, whether by moving it far away, submerging it, or covering it with something.","Hacer que se pierda de vista, ya sea alejándolo, sumergiéndolo, o cubriéndolo.",actions,,,r.u-s.y.aapa*,(g).u-s.yaa*pa*,bi-s.yaapa*,,,,,,3,2,Bisiaapà' (gu)idùbini.,Tápalo todo (que no se vea nada).,Bisiaapà'ni de nisa.,Llénalo de agua.
usyaasi,rusiaasi',-u-s.y.aasi,EJG,vA:caus,A,NO,1840,"To put to sleep, to cause drowsiness (lit. to cause to sleep).","Dormirlo, adormecer, dar sopor (lit. hacer dormir).",actions,,,r.u-s.y.aasi,,,,,,,,1,1,Rusiaasi' bichiiña' bupu binnì.,La cerveza le da sueño a la gente.,,
usyacha,rusiacha,-u-s.y.acha,EJG;JLC;RLC;VP,vA:caus,A,NO,1841,"To cause to lose consistency, soften, or disintegrate, as when one crumbles or beats something with the hand, or when one soaks the hands in water for too long.","Hacer que pierda consistencia, se reblandezca, o se disgregue, como ocurre cuando uno desmorona o bate algo con la mano, o cuando uno remoja los dedos demasiado tiempo.",actions,,,r.u-s.yacha,gu-sya!cha,bi-s.yacha,,,,,,3,5,Rusiacha biidi'.,Reblandece la mugre.,Rusiacha buu bateè.,El carbón echa chispas.
usyaka,rusiaca,-u-s.y.aka,EJG;JLC;VC;VP,vA:caus,A,NO,1842,"To cause to take advantage or make the most of something. Jiménez Girón (1979:193) indicates that this verb refers to emptying or extracting the contents of hard shelled fruits, and to cleaning pus from a tumor and, by extension, caring for a sick person.","Hacer que aproveche o se aproveche. Jiménez Girón (1979:193) indica que este verbo se refiere a ""vaciar o extraer contenidos de los frutos cascarudos, limpiar de pus un tumor"" y por extensión, atender a un enfermo.",actions,,RLC,r.u-s.y.aka,g.u-s.y.a!ka,bi-s.y.aka,,,z.u-s.y.aka,,,4,1,Bisiaca Fán Fàna guendaro.,Juan hizo que Juana aprovechara la comida.,,
usyakawati,rusiaca huatì,-u-s.y.aka wati*,EJG,vA:caus,A,NO,1843,Jiménez Girón (1979) defines this verb as to stupefy.,"Jiménez Girón (1979) define este verbo como ""atontar, atolondrar"".",wellness,,,r.u-s.y.aka wati*,,,,,,,,1,0,,,,
usyalle7,rusialé',-u-s.y.alle!7,EJG;JLC;RLC,vA:caus,A,NO,1844,To open up (lit. to cause to become open).,Abrir (lit. hacer que se abra).,actions,,,r.u-s.y.alle!7; ~ r.u-s.y.elle!7,(g).u-s.y.a!lle!7,bi-s.y.alle!7,,,,,,3,2,(G)usiélé'ni guie'.,Que abra la flor.,Rusialé' guie' siado'.,En la mañana se abre la flor.
usyana,rusiana,-u-s.y.ana,EJG;JLC;RLC;VP,vA:caus,A,NO,1845,"To cause to sting or to burn, ex. when something is spicy, when pouring alcohol on a wound.",Hacerlo arder o picar.,wellness,,,r.u-s.yana,(g).u-s.y.a!na,bi-s.yana,,,,,,3,1,Rusiana guiiña' ruaa binnì.,El chile hace que le arda la boca a la gente.,,
usyanda,rusianda,-u-s.y.anda,EJG;JLC;RGL;RLC;VP,vA:caus,A,NO,1846,"To cool down (lit. to cause to cool down). By extension, to cure, to heal, given that illness is often associated with heat.","Enfriarlo (lit. hacer que se enfríe). Por extensión, curar, sanar, dado que la enfermedad suele asociarse con el calor.",actions,,RLC,r.u-s.y.anda,g.u-s.y.a!nda,bi-s.y.anda,,,,,,3,5,Bisiandabè laa.,Lo curó ella.,Bisianda dotór Fán.,Curó el doctor a Juan.
usyati,rusiatì,-u-s.y.ati*,JLC;ND;VP,vA:caus,A,NO,1847,To cause to become thirsty.,"Darle sed, causar sed.",actions,,,r.u-s.y.ati*,(g).u-s.y.a*ti*  # ni^sa,bi-s.y.ati*,,,,,,3,0,,,,
usyatinisa,rusiatì nisa,-u-s.y.ati* # nisa,EJG;JLC;VC;VP,vA:caus,A,NO,1848,To cause to become thirsty.,"Darle sed, causar sed.",actions,,JLC;RLC,r.u-s.y.ati* # ni^sa,(g).u-s.y.a*ti*  # ni^sa,bi-s.y.ati* # ni^sa,,,,,,3,2,Quí gólo' bendabidxi zusiátìni lii nisa.,No comas el pescado oreado porque te va a dar sed.,Tàntu nandá' rusiatì nisa binnì.,De tanto calor le da sed a la gente.
usyawi,rusiahuì,-u-s.y.awi*,RLC,vA:caus,A,NO,1849,"To coat, to cover.",Cubrir.,actions,,,,,,,,,,,0,2,Bisiahuìbeni de lari.,Lo cubrió de tela (como para esconderlo).,Rusiahuìbe nisa lu.,Echa agua a la cara (de enojo).
usyene,rusiene,-u-s.y.ene,EJG;JLC;RLC;VP,vA:caus,A,NO,1850,"To explain, to instruct (lit. to cause to understand).","Explicar, instruir, darle a entender.",actions,,EJG;RLC,r.u-s.y.ene,(g).u-s.y.e!ne,bi-s.yene,,,z.u-s.yene,,,4,1,Rusienebe lii xiì níu'.,Te enseña cómo hablar.,,
usyete,rusiete,-u-s.y.ete,JLC;RLC,vA:caus,A,NO,1851,"To cause to fade, become discolored, or become whitish in color (lit. to cause its color to fade).","Despintar, desteñir, descolorar, hacer blancuzco (lit. hacer que se le baje el color).",actions,,,r.u-s.y.ete,g.u-s.y.e!te,bi-s.y.ete,,,,,,3,1,Rusieteni lari.,Despinta la ropa.,,
usyetenala7dxi,rusietenala'dxi',-u-s.y.ete=na-la7dxi,EJG;VP,vA:caus,A,NO,1852,"To remind, to cause to remember, to evoke.","Recordarle, hacer que recuerde, evocar.",actions,,EJG;JLC,r.u-s.y.ete na-la7dxi,,bi-s.y.ete na-la7dxi,,,,,,2,3,Rusietenala'dxi' Fán nè Pèdru.,Se acuerdan Juan y Pedro (de algo).,Rusiete na la'dxi' Pèdru Fán Fàna.,Pedro hace que Juan se acuerde de Juana.
usyu7dxu,rusiu'dxu',-u-s.y.u7dxu,EJG;JLC;RLC;VP,vA:caus,A,NO,1853,To make something rot.,Hacer que algo se pudra.,actions,,,r.u-s.y.u7dxu,g.u-s.yu!7dxu,bi-s.yu7dxu,,,,,,3,2,Bisiu'dxu' nisaguie xubá'.,La lluvia hizo que se pudriera el maíz.,Racà bisiu'dxu'beni; Racà bíniu'dxu'beni.,Ahí lo dejó jodido.
usyuzhe,rusiuxe,-u-s.y.uzhe,JLC;RLC,vA:caus,A,NO,1854,To cause something to be worn out or deteriorated.,"Hacer que se acabe, se desgaste o se deteriore.",actions,,,r.u-s.y.uzhe,(g).u-s.y.u!zhe,bi-s.y.uzhe,,,,,,3,1,Rusiuxebe lari.,Gasta la ropa.,,
usya,rusia,-u-s.ya,EJG;JLC;RGL;VP,vA:caus,A,NO,1855,"To disintegrate, to dissolve, to melt (lit. to cause to disintegrate).","Deshacer, desintegrar, disolver, fundir (lit. hacer que se deshaga).",actions,,EJG;ND;RGL;RLC,r.u-s.ya,gu-s.ya! (),bi-s.ya,,,,,,3,1,Rusia (g)ubidxa yèlu.,El sol derrite el hielo.,,
usyabiri,rusia birì,-u-s.ya # bi-ri*,RLC,vA:caus,A,NO,1856,To cause ants to swarm.,Alborotar hormigas.,actions,,,r.u-sya # bi-ri*,,,,,,,,1,2,Rusiabirì bènda ñeebe.,La venda le está causando hormigueo en el pie.,Rusia Fàna birì òra runduuba'.,Juana alborota las hormigas cuando barre.
usya-2,rusià,-u-s.ya*,EJG;RGL;RLC;VP,vA:caus,A,NO,1857,To clean (lit. to make clean).,Limpiarlo (lit. hacerlo limpio).,actions,,JLC,r.u-sya*,g.u-sya*,bi-sya*,k.u-sya*,,z.u-s.ya*,,,5,3,Bisiàbe lu neza.,Limpió en el camino.,Cusià ladè laya.,Está limpiando entre los dientes.
usyane,rusiànè,-u-s.ya*=ne*,RGL;RLC,vA:caus,A,NO,1858,To clean with a tool.,Limpiar mediante el uso de una herramienta.,actions,,,r.u-sya*=ne*,g.u-sya*=ne*,bi-sya*=ne*,k.u-sya*=ne*,,,,,4,1,Cusià nè azadón.,Está limpiando con el azadón.,,
usyaa1,rusiaa,-u-s.yaa,EJG;RLC;VP,vA:caus,A,NO,1859,To make someone or something be hurt.,Hacer que algo o alguien se lastime o se dañe.,actions,,RLC,r.u-s.yaa,(g).u-s.y.a!a,bi-s.yaa,,,z.u-s.yaa,,,4,1,Rusiaabe binnì gùni xhiiña'be.,Acostumbra a la gente a que trabajen para él.,,
usyaa2,rusiaa,-u-s.yaa,EJG;RLC;VP,vA:caus,A,NO,1860,"To make someone become accustomed, get used to, or get comfortable (ex. in a new living situation, in a new city).","Hacer que se acostumbre, se halle, se habitúe, se ambiente.",actions,,EJG,r.u-s.yaa,(g).u-s.y.a!a,bi-s.yaa,,,z.u-s.yaa,,,4,1,Rusiaabe binnì gùni xhiiña'be.,Acostumbra a la gente a que trabajen para él.,,
usyaalubi,rusiaà lu bi,-u-s.yaa* # lu bi,RLC,vA:caus,A,NO,1861,To toss a coin in the air as a way to make a selection.,Echar un volado.,actions,,EJG;ND;RGL,r.u-s.y.aa* # lu lu bi,(g).u-syaa* # lu^ bi,bi-s.y.aa* lu^ bi,,,,,,3,1,Rusiaà Fán buèltu lu bi.,Juan echa un volado.,,
usyaase,rusiaase',-u-s.yaase,EJG;JLC;RLC;VP,vA:caus,A,NO,1862,To cause to turn black or dark-colored.,"Ennegrecer, hacerlo prieto.",actions,,,r.u-s.yaase,g.u-s.ya!ase; ~ g.u-su!-yaase,bi-s.yaase,,,,,,3,1,Rusuyaase' gubidxa ladi binnì.,El sol le pone negra la piel a la gente.,,
usyaya,rusiaya,-u-s.yaya,EJG;JLC;RLC;VP,vA:caus,A,NO,1863,"To unsettle, to stir (lit. to cause to become unsettled). By extension, to disperse, to scatter, to break up.","Alborotar (lit. hacer que se alborote). Por extensión, dispersarse, disgregarse.",actions,,EJG;ND;RLC,r.u-s.yaya,gu-s.ya!ya,bi-s.yaya,,,,,,3,2,Rusiaya Fàna birì òra runduuba'.,Juana alborota a las hormigas cuando barre.,Rusiaya xaique binnì òra chí tíizè xiìxà'.,Alborota el agente municipal a la gente cuando regala cosas.
usyeche7,rusieché',-u-s.yeche!7,EJG;JLC;RLC;VP,vA:caus,A,NO,1864,To cause to be happy.,"Alegrar, regocijar (lit. hacer que se ponga contento).",actions,,,r.u-s.yeche!7,(g).u-s.ye!che!7,bi-s.yeche!7,,,,,,3,1,Bisieché'sìbe laa.,No más se puso contento.,,
usyenedyaga,rusienediaga,-u-s.yene=dyaga,EJG,vA:caus,A,NO,1865,To give advice.,Dar consejos.,actions,,EJG;RLC;VC,,,,,,z.u-s.yene dyaga,,,1,1,Zusienediagabe laa.,Le dará consejos.,,
usyenye,rusieñe,-u-s.yenye,JLC,vA:caus,A,NO,1866,To cause to be destroyed or squashed.,"Destrozar, aplastar, despanzurrar.",actions,,,r.u-s.yenye,(g).u-s.y.e!nye,bi-s.yenye,,,,,,3,2,Bisieñebe cuba para (gu)endare'.,Revolvió la masa para hacer pozol.,Bisieñe guiiba' riza ti huaga huiini'.,Despanzurró el carro a la ratita.
usyo7xo,rusio'xho',-u-s.yo7xo,EJG;JLC;ND;RLC;VP,vA:caus,A,NO,1867,To cause to age or become old.,Hacerle envejecer.,wellness,,RLC,r.u-s.yo7xo,(g).u-s.y.o!7xo,bi-s.yo7xo,,,,,,3,1,Rusio'xho' (gu)endahuara binnì.,La enfermedad envejece a la gente.,,
usyonde,rusionde,-u-s.yonde,EJG;RLC;VC,vA:caus,A,NO,1868,"To cause to wear out, fray, or unravel, said of objects made with long fibers, ex. a hammock.","Gastar, desgastar, deshilachar, dicho de objetos hechos con fibras largas, ej. una hamaca.",actions,,RLC,r.u-s.yonde,g.u-s.yo!nde,bi-s.yonde,,,,,,3,1,Bisiondebe ti blùsa xtì'be.,Se gastó toda su blusa.,,
usyonna,rusionna,-u-s.yonna,JLC;VC,vA:caus,A,NO,1869,To do something three times.,Hacer algo tres veces.,measure and quantity,,,,,,,,,,,0,1,"Gudapà ba'du'cà laabe tobi, raca bisiropabeni, raca bisionnabeni.","Este niño le pegó una vez, luego lo hizo dos veces, luego lo hizo tres veces.",,
usyu7chu,rusiu'chu',-u-s.yu7chu,RLC,vA:caus,A,NO,1870,To cause nausea.,"Hacer que se revuelva el estómago, dar náuseas.",wellness,,,r.u-s.yu7chu,g.u-s.yu!7chu,bi-s.yu7chu,,,,,,3,1,Rusiu'cha'ni ladxido'.,Hace que se revuelva el estómago.,,
usyubi,rusiubì,-u-s.yubi*,JLC;RLC,vA:caus,A,NO,1871,To cause to look or search for something.,Hacerle buscar.,actions,,,r.u-si-yubi* (-su- = -si-),(g).u-su!-yubi*,bi-su-yubi* ,,,,,,3,1,(G)usúyubìnèbe laa.,Vayan a buscarlo entre los dos.,,
usyuuba,rusiuuba',-u-s.yuuba,EJG;RLC;VP,vA:caus,A,NO,1872,To cause pain (lit. to cause to hurt).,Causar dolor (lit. hacer doler).,wellness,,,r.u-s.yuuba,g.u-s.yu!uba,bi-s.yuuba,,,,,,3,2,Bisiuuba' nisa tama ndaani' Ròsa.,El agua de tamarindo le hizo doler la panza a Rosa.,Rusiuuba' ndaani'cabe.,Hace doler la panza.
usa,rusa,-u-sa,EJG;JLC;RGL;RLC;VP,vA:caus,A,NO,1873,"To drive, to conduct, to drive forward, to move forward, in relation to vehicles (raft, cart, bicycle, car) and of social and religious festivities.","Manejar, conducir, hacer andar, hacer avanzar, dicho de vehículos (balsa, carreta, bicicleta, auto) y de celebraciones sociales o religiosas.",actions,,,r.u-sa,g.u-sa! (),bi-sa,k.u-sa!,,z.u-sa,,,5,3,Bisabe carrèta.,Manejó la carreta.,Cusábe mòto.,Maneja moto (i.e. ese es su trabajo).
usa7bi,rusá'bi',-u-sa!7bi,EJG;JLC;RGL;RLC;VP,vA:caus,A,NO,1874,To throw or discard something.,"Tirarlo, lanzarlo, aventarlo.",actions,,,r.u-sa!7bi,(g).u-sa!7bi,bi-sa!7bi ,,,z.u-sa!7bi,,,4,2,Racà bisá'bi'beni.,Ahí lo dejó tirado.,Rusá'bi' Fán guixi.,Juan tira basura.
usa7bidxita,rusá'bi' dxita,-u-sa!7bi # dxita,EJG;RLC,vA:caus,A,NO,1875,"For hens or other birds to lay eggs in a nest that is not their own, or for a man to have an extramarital lover.","Poner huevo en un nido que no es el suyo, dicho de las gallinas y otras aves, así como de un hombre que tiene amante extramatrimonial.",actions,,RLC,r.u-sa!7bi # dxita,,,,,,,,1,1,Cana(g)usá'bi'me dxita.,Anda (la gallina) poniendo huevos por ahí.,,
usa7bixxeela,rusá'bi'xheela',-u-sa!7bi=x.xeela,EJG;ND,vA:caus,A,NO,1876,For a couple to break up or divorce.,Separarse o divorciarse de la pareja.,actions,,,r.u-sa!7bi=xeela,(g).u-sa!7bi=x.xeela,bi-sa!7bi=xeela,,,z.u-sa!7bi xeela,,,4,1,Rusá'bi' xheela' Fán nè Fàna.,Se divorcian Juan y Juana.,,
usane,rusanè,-u-sa=ne*,RLC,vA:caus,A,NO,1877,To fight (lit. to drive forward with).,Pelear (lit. avanzar con),actions,,EJG;JLC;ND;RGL,r.u-sa=ne*,gu-sa!=ne*,bi-sa=ne*,,,,,,3,2,Tù bisanèbeni.,Con quien se peleó.,Zaà gusánèbeni.,Deja que se pelee con quien sea.
usaniru,rusanìrù,-u-sa=ni*ru*,JLC,vA:caus,A,NO,1878,To move forward and ahead.,Avanzar e ir a la cabeza.,actions,,,r.u-sa=ni*ru*,,,,,,,,1,1,Rusanìrù Fán Fàna.,Adelanta Juan a Juana (y Juana llega primero).,,
usaa,rusaa,-u-saa,EJG;JLC;RLC;VP,vA:caus,A,NO,1879,"To bring together, to complete, to conclude, to achieve (in the case of a work task).","Juntar, acompletar, completar, cumplir (en el caso de una tarea laboral).",actions,,,r.u-saa,"g.u-sa!a () [,",bi-saa,,,,,,3,6,Cádi cusáaca.,No lo completan.,Cádi' cusáaca bidxiichi' xtì'ca' binnì.,No completan el dinero de la gente (i.e. el dinero que le deben a la gente).
usaabeewu,rusaa beeù',-u-saa # beewu*,EJG,vA:caus,A,NO,1880,For a cycle of a month to elapse.,Cumplir el mes.,time,,,r.u-saa # beewu*,,,,,,,,1,2,(Ya)nadxi bisaabe beeù.,Hoy cumplió él el mes.,(Yann)adxi bisaà' beeù.,Hoy cumplo el mes.
usaaiza,rusaa iza,-u-saa # iza,EJG,vA:caus,A,NO,1881,For a cycle of a year to elapse.,Cumplir el año.,time,,,ru-saa # iza,,,,,,,,1,1,Neegue' bisaa Tranquilìnu iza.,Ayer cumplió años Tranquilino.,,
usaaxtiidxa,rusaa xtiidxa',-u-saa # x.tiidxa,JLC;RLC,vA:caus,A,NO,1882,To make good on one's word.,Cumplir su palabra.,actions,,,r.u-saa x.tiidxa,,,,,,,,1,1,Rusaa Fán xtiidxa' nè Pèdru.,Juan cumple su palabra ante Pedro.,,
usaka,rusaca,-u-saka,EJG;RLC,vA:caus,A,NO,1883,"To value, to appreciate, to recognize the value of (lit. to cause to value).","Valorar, valorizar, apreciar, reconocer el valor de algo o alguien (lit. hacer valer).",actions,,,r.u-saka,g.u-sa!ka,bi-saka,k.u-sa!ka,,,,,4,4,Bisacabe lii maní'.,Te está tratando como a un animal.,Rusaca(be laa).,Se le confunde con otra persona.
usakawati,rusacahuatì,-u-saka=wati*,RLC,vA:caus,A,NO,1884,"To stun, to stupefy.","Atontar, aturdir.",actions,,,r.u-saka=wati*,,,,,,,,1,1,Rusacahuatìbe laa tàntu rusugueèndà'be laa.,Lo atonta de tanto que lo manda.,,
useendaganna,ruseenda' gànnà,-u-seenda # g.a*nna*,EJG;RLC,vA:caus,A,NO,1885,"To send an envoy, ex. to request a loan, to make an inquiry, to hire someone or a service, to ask the hand of a woman in marriage.","Mandar una diligencia, ej. para pedir prestado, para hacer una averiguación, para contratar, para pedir la mano de la novia.",actions,,,r.u-seenda # g.a*nna*,(g).u-se!enda # g.a*nna*,bi-seenda # g.a*nna*,k.u-se^enda # g.a*nna*,,,,,4,1,(G)uséenda gànnàcabe laabe.,Le fueron a avisar que van a pedir a la novia.,,
usibaa,rusibaà,-u-si-baa*,RLC;VC,vA:caus,A,NO,1886,"To air dry, or to dry as a result of a drought.",Hacer que algo se seque al aire o bien a causa de una sequía.,actions,,EJG;JLC;ND,r.u-si-baa*,g.u-si!-baa*,,,,,,,2,2,"Bisubaà bendabuaa cà, ti òra cà guindisú'ni.","Orea el camarón, luego lo guardas.",Tièmpu rusibaà.,Tiempo de sequía.
usibaaza,rusibaazà',-u-si-baaza*,JLC;RLC,vA:caus,A,NO,1887,To cause to become thin or skinny.,"Hacer enflacar, adelgazarlo.",actions,,,r.u-si-baaza*,g.u-si!-baaza,bi-si-baaza*,,,,,,3,1,Rusubaazà'be ca' xiiñi'be quí rudiibe nigó ca' xiiñi'be xneza.,Hace que se pongan flacos sus hijos porque no les da bien de comer.,,
usibaba,rusibaba,-u-si-baba,EJG;JLC;RLC;VP,vA:caus,A,NO,1888,To itch (lit. to cause to itch).,"Dar comezón, picar (lit. hacer que sienta comezón).",actions,,,r.u-si-baba,g.u-si!-baba,bi-si-baba,,,,,,3,2,Cusúbaba nisaluna ladé'.,Me da comezón el sudor en la piel.,Rusibaba nisa ladi binnì.,El agua hace que le de comezón a la gente.
usiballi7,rusibalí',-u-si-balli!7,RLC,vA:caus,A,NO,1889,"To cause the taste of water to change, either by making it salty or by making it acquire an unpleasant taste.","Hacer que cambie el sabor del agua, ya sea que la haga salada o que adquiera un sabor desagradable.",actions,,RLC,r.u-su-balli!7,(g)-u-si!-balli!7,bi-su-balli!7,,,,,,3,2,Bisubalí'be (gu)endaro.,Hizo la comida sin sabor.,Rusubalí' nisa.,Agua (de la llave) que sabe raro.
usibani,rusibanì,-u-si-bani*,EJG;RLC;VP,vA:caus,A,NO,1890,To cause to revive or come back to life.,Hacer revivir o resucitar.,actions,,,r.u-si-bani*,g.u-si!-bani*,bi-si-bani*,,,,,,3,2,Bisubanìbe xiiñi'.,Levantó a su hijo (de la enfermedad).,Bisubanì diùxi ca' xiiñi'.,Resucitó Dios a sus hijos.
usibapa,rusibapa,-u-si-bapa,VC,vA:caus,A,NO,1891,"To cause not to acquire too sweet a taste, in reference to food.","Hacer que no adquiera un sabor muy dulce, dicho de un alimento.",actions,,JLC,r.u-si-bapa,g.u-si!-bapa,bi-si-bapa,,,,,,3,0,,,,
usibe7,rusibè',-u-si-be*7,EJG;JLC;RLC;VP,vA:caus,A,NO,1892,To cause to become narrow.,Hacer que se estreche o se haga angosto.,actions,,,r.u-si-be*7,g.u-si!-be*7,bi-si-be*7,,,,,,3,1,Bisubè'lu' ruaani.,La hiciste más chiquita de la cintura (ej. una enagüa).,,
usibiru,rusibìrù,-u-si-bi*ru*,JLC;RLC,vA:caus,A,NO,1893,To make something small.,Empequeñecerlo (lit. hacerlo pequeño).,actions,,,r.u-si-bi*ru*,g.u-si-bi*ru*,bi-su-bi*ru*,,,,,,3,1,Bisubìrù marrquesòte xtì' para (g)ugaàndà'.,Cortó chiquito el marquesote para que alcance.,,
usibiidi,rusibiidi',-u-si-biidi,EJG;JLC;RGL;RLC,vA:caus,A,NO,1894,To dirty (lit. to cause to become dirty).,Ensuciar (lit. hacer que se ensucie).,actions,,,r.u-si-biidi,(g).u-si!-biidi,bi-si-biidi; ~ bi-su-biidi,,,,,,3,1,Rusibiidi' xcuídi xhaba.,El niño ensucia su ropa.,,
usibumbu,rusibumbù,-u-si-bumbu*,RLC,vA:caus,A,NO,1895,To cause to become swollen or puffed up.,"Hinchar, abombar (lit. hacerlo abombado).",actions,,,r.u-si-bumbu*,g.u-si!-bumbu*,bi-si-bumbu*,,,,,,3,1,Rusibumbù xcuídi.,El niño hace trompa (ej. por enojo).,,
usibumburwaa,rusibumbù ruaa,-u-si-bumbu* rwaa,EJG;RLC,vA:caus,A,NO,1896,To cause the mouth to puff up.,Hinchar o abombar la boca (lit. hacer la boca abombada).,actions,,JLC;RLC,r.u-si-bumbu* # rwa^a,,,,,,,,1,1,Rusibumbù xiiñi' Gàbi ruaa.,La hija de Gaby hace pucheros con la boca.,,
usibupu,rusibupu,-u-si-bupu,VC,vA:caus,A,NO,1897,To make something foam or froth.,Hacerlo espumar.,actions,,RGL;RLC,r.u-si-bupu,g.u-si!-bupu,bi-si-bupu,,,,,,3,0,,,,
usichaaba,rusichaaba',-u-si-chaaba,EJG;JLC;ND;VP,vA:caus,A,NO,1898,To cause laziness.,"Hacerlo tener flojera, causar pereza.",actions,,,r.u-si-chaaba,g.u-su!-chaaba,bi-si-chaaba,,,,,,3,1,Zaà gusúchaaba'ni laa.,Deja que le de eso flojera.,,
usichaacha,rusichaacha',-u-si-chaacha,EJG;ND;RLC;VP,vA:caus,A,NO,1899,"To cause something to come loose, to loosen up.","Hacerlo que se afloje o se suelte, aflojarlo.",actions,,,r.u-si-chaacha; ~ r.u-su=chaacha,gu-si!-chaacha; ~ g.u-su!=chaacha,bi-si-chaacha; ~ bi-su=chaacha,k.u-su!=chaacha,,,,,4,2,Bisuchaacha'be torníu.,Aflojó el tornillo.,Cusúchaacha'be layabe.,Se le está moviendo el diente (i.e. como cuando a los niños se les van a caer los dientes).
usichaani,rusichaani',-u-si-chaani,JLC;RLC,vA:caus,A,NO,1900,To cause to limp.,Hacer cojear.,wellness,,,r.u-si-chaani,g.u-si!-chaani,bi-si-chaani,,,,,,3,1,Rusuchaani' (g)uba ñee binnì.,La reuma hace cojear la gente.,,
usichaawi,rusichaahui',-u-si-chaawi,EJG;JLC;ND;RLC;VC;VP,vA:caus,A,NO,1901,"To dress up, to attire in fancy clothes.","Vestirse bien, arreglarse.",clothing and adornment,,RLC,r.u-si-chaawi; ~ r.u-su-chaawi; ~ r.u-zi-chaawi; ~ r.u-zu-chaawi,g.u-si!-chaawi; ~ g.u-su!-chaawi,bi-su-chaawi; ~ bi-zu-chaawi,,,,,,3,5,Juan rusuchaahui' xiiñi'.,Juan viste bien a su hijo/a.,Rusichaahui' Fàna.,Juana se arregla bien.
usichangalu,rusichangà lu,-u-si-changa* # lu,RLC;VC,vA:caus,A,NO,1902,To cause to become cross-eyed.,Hacerlo hacer bizco.,actions,,VC,r.u-su-changa* # lu,g.u-su!-changa* # lu,bi-su-changa* # lu,,,,,,3,1,Bisuchangà bicuiini' nà'be lube.,Su dedo hizo que hiciera bizco.,,
usichangazha7na,rusichangà xa'na',-u-si-changa* # zha7na,RLC,vA:caus,A,NO,1903,To cause to walk sideways.,Hacerlo caminar de lado.,actions,,,r.u-su-changa* # lu,g.u-su!-changa* # lu,bi-su-changa* # lu,,,,,,3,1,Rusuchangà murrál xa'na'be.,El morral lo hace caminar de lado.,,
usicheeche,rusicheeche',-u-si-cheeche,EJG;RLC,vA:caus,A,NO,1904,To cause loose stools or diarrhea.,"Hacer que se suelte la panza, dar diarrea.",actions,,EJG;JLC;ND;VC,r.u-si-cheeche,g.u-si!-cheeche,bi-si-cheeche,,,,,,3,1,Rusucheeche' papàya ndaani' binnì.,La papaya suelta la panza.,,
usichesa,rusichesa,-u-si-chesa,EJG;JLC;ND;RLC;VP,vA:caus,A,NO,1905,To cause to jump.,Hacerlo brincar.,actions,,,r.u-si-chesa,(g).u-si!-chesa,bi-si-chesa,,,,,,3,1,Rusichesa huaga gunaa.,El ratón hace brincar a la mujer (de susto).,,
usichichi,rusichichì,-u-si-chichi*,RLC,vA:caus,A,NO,1906,To anger.,Hacerlo enojar.,actions,,EJG;JLC;ND;RGL,r.u-si-chichi*,g.u=si!-chichi*,bi-si-chichi*,,,,,,3,1,Rusuchichìbe laa.,Lo hace enojar.,,
usichidxilaya,rusichidxì laya,-u-si-chidxi* # laya,RLC;VP,vA:caus,A,NO,1907,"To set the teeth on edge and squeak, as when eating something sour, or when hearing chalk squeak against a blackboard.","Hacer rechinar los dientes, causar dentera, como lo haría algo agrio que se come o el rechinido de un gis en un pizarrón.",actions,,,r.u-si-chidxi* # laya,g.u-si!-chidxi* # laya,bi-si-chidxi* # laya,,,,,,3,1,Rusichidxì mànguyaa laya.,El mango verde hace que duelan los dientes.,,
usichiita,rusichiità',-u-si-chiita*,EJG;JLC,vA:caus,A,NO,1908,To make something limp or hobble.,"Hacerlo falsear, renquear, o cojear.",wellness,,,r.u-su-chiita*,gu-si!-chiita*,bi-si-chiita*,k.u-si!-chiita*; ~ k.u-si!-chiita,,,,,4,1,Rusuchiità' (g)ubà ñee Ròsa.,La hace cojear la reuma a Rosa.,,
usichipa,rusichipa,-u-si-chipa,EJG;ND;RLC,vA:caus,A,NO,1909,"To tarnish or wear out, as in clothes (lit. to cause to become tarnished).",Percudir (lit. hacer que se percuda).,actions,,EJG;JLC,r.u-si-chipa,g.u-si!-chipa,bi-si-chipa,,,,,,3,1,Rusichipa Fàna xhaba Fán.,Juana echa a perder la ropa de Juan.,,
usichipalaga,rusichipa laga,-u-si-chipa # laga,RGL,vA:caus,A,NO,1910,To embarrass (lit. to cause someone's eyelid to tarnish).,Avergonzar (lit. percudirle el párpado).,actions,,,r.u-si-chipa laga,,,,,,,,1,2,Má bisuchipa ba'du'dí' lagá'.,"Este muchacho ya me volvió una sinvergüenza (ej. si un hijo pide prestado, no paga, y le reclaman a la mamá).",Rusichipa Fàna laga Fán.,Juana avergüenza a Juan.
usichipalu,rusichipa lu,-u-si-chipa # lu,ND;RLC,vA:caus,A,NO,1911,To embarrass (lit. to cause someone's face to tarnish).,Avergonzar (lit. percudirle la cara).,actions,,,r.u-si-chipa # lu,g.u-si!-chipa # lu,bi-si-chipa # lu,,,,,,3,1,Rusichipa Fàna lu Fán.,Juana engaña a Juan (i.e. con otro hombre).,,
usichonga,rusichonga,-u-si-chonga,EJG;ND;RLC;VP,vA:caus,A,NO,1912,To harden (lit. to cause to become hard or stiff).,Endurecer (lit. hacer que se haga duro).,actions,,EJG;JLC;ND;RGL;RLC,r.u-si-chonga; ~ r.u-su-chonga,g.u-su!-chonga,bi-si-chonga,k.u-si!-chonga,,z.u-si-chonga,,,5,3,Bisuchongabe gueta.,Hizo dura la tortilla.,Cuchonga; Cusichonga>.,Se está poniendo dura la tortilla (ej. porque no se la están comiendo).
usichuga,rusichuga,-u-si-chuga,EJG;RLC,vA:caus,A,NO,1913,To harden (lit. to cause to become hard or stiff).,Endurecer (lit. hacer que se haga duro).,actions,,,r.u-si-chuga,g.u-si!-chuga,bi-si-chuga,,,,,,3,1,Rusuchuga SIDA binnì.,El SIDA hace enflaquecer a la gente.,,
usichungu,rusichungù,-u-si-chungu*,RLC,vA:caus,A,NO,1914,"To shorten (lit. to cause to become short). By extension, to break off, to split off.","Acortarlo (lit. hacerlo corto). Por extensión, cortarlo, troncharlo, mocharlo.",actions,,,,,,,,,,,0,1,Bisichungùbe yaga.,Tronchó el árbol / la madera.,,
usichuuchu,rusichuuchu',-u-si-chuuchu,EJG;JLC,vA:caus,A,NO,1915,"To cause to become viscous and/or sticky, as in the case of infected and encrusted eyes.","Hacer que se ponga viscoso y/o pegajoso, como cuando se infectan los ojos, supuran y se pegan.",actions,,EJG;JLC;RGL,r.u-si-chuuchu,,,,,,,,1,0,,,,
usichuundu,rusichuundu',-u-si-chuundu,EJG;ND;RGL;VP,vA:caus,A,NO,1916,"To blur, in reference to vision (lit. to make blurry). By extension, to cloud up, to fog up, to darken.","Enturbiar, dicho de la vista (lit. hacerla turbia). Por extensión, nublar, empañar, oscurecer.",actions,,EJG,r.u.si-chuundu; ~ r.u-su-chuundu,g.u-si!-chuundu,bi-si-chuundu; ~ bi-su-chuundu,,,,,,3,2,Bisichuundu'be lu.,Lo hizo confundirse.,Bisichuundu' computadòra lu.,Le cansa la vista la computadora.
usichwi7,rusichui',-u-si-chwi7,RLC,vA:caus,A,NO,1917,To cause to be slippery.,Hacer que se haga resbaloso.,actions,,,r.u-su-chwi7,gu-su!=chwi7,bi-su-chwi7,,,,,,3,2,Bisuchui'beni.,Lo hizo que se pusiera resbaloso.,Rusuchui'be layu.,Hace que el piso sea resbaloso.
usiduutu,rusiduutu',-u-si-d.uutu,JLC;RLC,vA:caus,A,NO,1918,To soften (lit. to cause to become soft).,Ablandarlo (lit. hacerlo blando).,actions,,,r.u-si-d.uutu,g.u-si!-d.uutu,bi-si-d.uutu,,,,,,3,1,Rusuduutu' beelà' nè guie xtì' chilemolèra.,Ablanda la carne con la piedra de la chilemolera.,,
usida7da,rusidá'da',-u-si-da!7da,RLC,vA:caus,A,NO,1919,To cause to waddle like a hen with short legs.,"Hacerlo caminar chueco, como una gallina de patas cortas.",actions,,,r.u-si-da!7da,g.u-su!,bi-si-da!7da,,,,,,3,1,Rusidá'da'ni laaca'me.,(El peso que tiene) hace caminar chueco al animal.,,
usida,rusidà,-u-si-da*,JLC;RLC,vA:caus,A,NO,1920,"To cause to spring up or flow, in reference to a liquid. By extension, to make one's mouth water from a desire to eat something.","Hacer manar o brotar, dicho de un líquido. Por extensión, hacer que se le haga agua la boca en el sentido de darle antojo.",actions,,JLC,r.u-si-da*,g.u-si!-da*,bi-si-da*,,,,,,3,2,Rusidàniisa ruaa.,Hace que se le haga agua en la boca.,Rusudànisa ruaa binnì.,Hace que se le haga agua la boca (por antojo).
usidaa,rusidaa,-u-si-daa,JLC;RLC,vA:caus,A,NO,1921,"To cause to become infected, in reference to a wound. (lit. to cause to fill up with liquid).","Hacer que se infecte, dicho de una herida (lit. hacer que se llene de líquido).",wellness,,,r.u-si-daa,g.u-si!-daa,bi-si-daa,,,,,,3,1,Rusidaa gui'dxu' yaa nà' binnì.,Se infecta el nacido (tipo de grano en la piel) de la gente.,,
usidachi,rusidachì,-u-si-dachi*,JLC;RLC,vA:caus,A,NO,1922,"To cause to be emptied out, to empty out.","Hacer que se vacíe, vaciar.",actions,,,r.u-si-dachi*,g.u-si!-dachi*,bi-su-dachi*,,,,,,3,1,Bisudachì yùzè nisa ndaani' pilèta.,Se acabaron los toros el agua de la pileta.,,
usidipa,rusidipa,-u-si-dipa,RGL;RLC,vA:caus,A,NO,1923,To cause to become sexually aroused.,Excitar sexualmente.,actions,,EJG;RLC,r.u-si-dipa,g.u-si!-dipa,bi-si-dipa,k.u-si!-dipa,,,,,4,0,,,,
usido7,rusido',-u-si-do7,EJG;JLC;RLC;VP,vA:caus,A,NO,1924,To cause to calm down.,"Hacer que se calme, se apacigüe o se tranquilice.",actions,,,r.u-si-do7,g.u-si!-do7,bi-si-do7,,,,,,3,2,(G)usudo'.,Cálmalo (ej. a un animalito inquieto).,Rusudo'be maní'be.,Amansa a su caballo.
usidubi,rusidubi,-u-si-dubi,EJG;JLC;RGL;RLC;VP,vA:caus,A,NO,1925,"To spend out, to consume, to finish something up (lit. to cause to be consumed).","Gastar, consumir, acabarlo (lit. hacer que se consuma).",actions,,EJG,r.u-si-dubi,g.u-si!-dubi,bi-si-dubi; ~ bi-su-subi,,,,,,3,1,Rusidubibe ti ndaa xandié.,Ella se acaba toda la sandía.,,
usidxaba7,rusidxabá',-u-si-dxaba!7,EJG;RLC,vA:caus,A,NO,1926,To make something smell bad.,Hacer que se apeste.,actions,,,r.u-si-dxaba!7,g.u-si!-dxaba!7,bi-si-dxaba!7,,,,,,3,1,Rusudxabá' nisaguie lari.,La lluvia hace que apeste la ropa.,,
usidxaga,rusidxaga,-u-si-dxaga,EJG;RLC;VP,vA:caus,A,NO,1927,"To tire out, to fatigue (lit. to cause to become tired).","Cansar, fatigar (lit. hacer que se canse).",actions,,RLC,r.u-si-dxaga,g.u-si!-dxaga,bi-si-dxaga,,,,,,3,3,Bidxagayaa Fán Pèdru .,Juan se asombró de Pedro.,Bisidxagayaa Fán Pèdru.,Juan hizo que se cansara mucho Pedro.
usidxeike,rusidxe ique,-u-si-dxe # ike,RLC,vA:caus,A,NO,1928,To cause a lapse in judgement or mental health disorder (lit. to cause the head to become empty).,"Trastornarlo, dicho de la coherencia y la salud mental (lit. hacer que se le vacíe la cabeza).",wellness,,,,,,,,,,,0,1,Rusudxe bidxiña bupu ique Fán.,La cerveza lo aloca a Juan.,,
usidxe7,rusidxe',-u-si-dxe7,JLC,vA:caus,A,NO,1929,To wet something (lit. to cause to become wet).,Mojarlo (lit. hacerlo que esté mojado).,actions,,,r.u-si-dxe7; ~ r.u-su-dxe7,g.u-si!-dxe7,bini dxe7; ~ bi-si-dxe7,,,,,,3,1,Bisidxe' lari.,Mojó la ropa.,,
usidxi7ba,rusidxi'ba',-u-si-dxi7ba,EJG;JLC;RLC;VP,vA:caus,A,NO,1930,To cause to throw up.,Hacer vomitar.,actions,,JLC,r.u-si-dxi7ba,g.u-si!-dxi7ba,bi-si-dxi7ba,,,,,,3,1,Rusudxi'ba' nisa dxú'ni' binnì.,El mezcal hace vomitar a la gente.,,
usidxiibi,rusidxiibi',-u-si-dxiibi,RLC;VP,vA:caus,A,NO,1931,"To smooth out. By extension, to epilate.","Alisar. Por extensión, depilar.",actions,,EJG;JLC,r.u-si-dxiibi,(g).u-si!-dxiibi,bi-si-dxiibi,,,,,,3,1,Bisudxiibi' gunaa ca' ñee.,La mujer se depila las piernas.,,
usidxunu,rusidxunu,-u-si-dxunu,JLC;RLC,vA:caus,A,NO,1932,To cause to decrease in quantity or become scarce.,"Hacerlo aminorarse, escasear, o reducirse en cantidad.",actions,,,r.u-si-dxunu,g.u-si!-dxunu,bi-su-dxunu,,,,,,3,1,Bisudxunuca'be niìdxì' ra tiènda.,Hicieron escasear la leche en la tienda.,,
usiga7de,rusiga'de',-u-si-g.a7de,EJG;RLC;VP,vA:caus,A,NO,1933,To gift to someone.,"Regalarle, obsequiarle.",actions,,,r.u-si-g.a7de; ~ r.u-si-gaade,g.u-si!-gaade; ~ (g)u-si!-ga7de,bi-si-g.a7de; ~ bi-su-gaade,,,,,,3,5,Bisiga'de'.,Regaló.,Bisuga'de'be.,Regaló.
usigaanda,rusigaanda',-u-si-g.aanda,EJG;JLC;RGL;RLC;VP,vA:caus,A,NO,1934,"To cool down, to refresh (lit. to cause to become cold).","Enfriarlo, refrescarlo (lit. hacer que se haga frío).",actions,,RLC,r.u-si-g.aanda; ~ r.u-su-g.aanda,g.u-si!-g.aanda,bi-si-g.aanda,k.u-si!-g.aanda [???],,,,,4,1,Bisugaanda' niìdxì'dí' ndaani' rèfri xtíu'.,Enfría esta leche en tu refri.,,
usigapa,rusigapà,-u-si-g.apa*,JLC;VC;VP,vA:caus,A,NO,1935,"To hand over the care of someone or something, to entrust (lit. to cause to look after).","Encargarle el cuidado de algo o alguien, encomendarle (lit. hacer que cuide).",actions,,,r.u-si-g.apa*,g.u-si!-g.apa*,bi-si-g.apa*,,,,,,3,2,Bisigapá' xhiiñé' Mariá.,Le encargué mi hija a María.,Rusigapà lu Diúxi.,Encomienda a Dios.
usiguuna,rusiguuna',-u-si-g.uuna,EJG;JLC;RGL;RLC;VP,vA:caus,A,NO,1936,To cause to cry.,Hacer llorar.,actions,,EJG,r.u-si-guuna,g.u-si!-guuna,bi-si-g.uuna,,,,,,3,2,Bisiguuna'be laa.,La hizo llorar.,Bisiguuna'be laa.,La hizo llorar.
usiguunda1,rusiguunda',-u-si-g.uunda,EJG;RLC;VP,vA:caus,A,NO,1937,To cause to sing.,Hacer cantar.,actions,,,r.u-si-g.uunda,g.u-si!-g.uunda,bi-si-g.uunda,,,,,,3,1,Rusuguunda' xiiñé' Isabél.,Mi hija hace leer a Isabel.,,
usiguunda2,rusiguunda',-u-si-g.uunda,EJG;RLC;VP,vA:caus,A,NO,1938,To make someone read or study.,"Hacer leer, hacer estudiar.",actions,,,r.u-si-g.uunda,g.u-si!-g.uunda,bi-si-g.uunda,,,,,,3,1,Rusuguunda' xiiñé' Isabél.,Mi hija hace leer a Isabel.,,
usiga7,rusigá',-u-si-ga!7,JLC;RLC,vA:caus,A,NO,1939,"To make something green, as when a plant is transplanted or when it is cared for after it began to wilt.","Hacer reverdecer, como cuando una planta se trasplanta o cuando una planta que se está marchitando se cuida.",actions,,,r.uni ga!7,g.u-si!-ga!7,bi.ni ga!7; ~ bi-si-ga!7,,,,,,3,1,Rusigá'be yaga huiini'.,Revive a la plantita.,,
usigaa,rusigaa,-u-si-gaa,EJG;RGL;RLC;VP,vA:caus,A,NO,1940,"To stretch, to elongate (lit. to cause to become long).","Estirarlo, alargarlo (lit. hacer que se haga largo).",actions,,JLC;ND;RGL;RLC,r.u-si-gaa,g.u-si!-gaa; ~ r.u-zu-gaa,bi-si-gaa,k.u-si!-gaa; ~ k.u-zu! gaa,,z.u-si-gaa; ~ z.u-zu=gaa,,,5,2,Rusugaa nà'.,Estira la mano (para alcanzar una cosa).,Rusugaa xcuídi yaalà'.,Estira el niño su chicle.
usigani,rusiganì,-u-si-gani*,EJG;JLC;RLC;VP,vA:caus,A,NO,1941,"To make someone shut up or become quiet, to quiet down.","Hacer que se calle o se calme, silenciar.",actions,,,r.u-si-gani*; ~ r.u-su-gani*,g.u-si!-gani*,bi-si-gani* ~ bi-su-gani*,,,z.u-si-gani*,,,4,2,Bisuganì Mariá ruaa Fán.,María calmó/calló a Juan.,Rusuganì Mariá xiiñi'.,María apapacha a su niño para que deje de llorar.
usiganna,rusiganna,-u-si-ganna,JLC;RLC,vA:caus,A,NO,1942,To cause to become difficult.,Dificultar (lit. hacerlo difícil).,actions,,,r.u-si-ganna,g.u-si!-ganna,bi-si-ganna,,,,,,3,1,Cusígannalu'ni naa.,Me lo haces difícil.,,
usige7dxe,rusigué'dxe',-u-si-ge!7dxe,VC,vA:caus,A,NO,1943,To cause baldness at the crown of the head.,Hacerlo que se le haga calva la coronilla.,actions,,,r.u-si-ge!7dxe,g.u-si-ge!7dxe,,,,,,,2,1,Bisigué'dxe' Mariá xiiñi'.,María volvió a su hijo calvo como el águila.,,
usigenda,rusiguenda,-u-si-genda,JLC;RLC;VP,vA:caus,A,NO,1944,"To accept, to agree.","Aceptar, acceder.",actions,,,r.u-si-genda; ~ r.u-zu-genda,g.u-zu!-genda,bi-si-genda; ~ bi-zu-genda,,,,,,3,1,Bizuguenda Ròsa gùninè Gàbi dxiiña'.,Aceptó Rosa trabajar con Gabriela.,,
usigendane,rusiguendanè,-u-si-genda=ne*,JLC;RLC,vA:caus,A,NO,1945,To accept each other.,Aceptarse mutuamente.,actions,,,r.u-si-genda=ne*,g.u-si!-genda=ne*,bi-si-genda=ne*,,,,,,3,1,Rusiguendanè Fàna Fán.,Juana acepta a Juan.,,
usigii,rusiguiì,-u-si-gii*,EJG;JLC;RLC;VP,vA:caus,A,NO,1946,"To lie, to cheat.","Mentir, engañar.",actions,,,r.u-si-gii*,(g).u-si!-gii*; ~ g.u-si!-gii*,bi-si-gii*,k.u-si^-gii^,,z.u-si-gii^,,,5,6,Bisiguiì.,Miente. (imperativo),Canagusiguiì Fán Fàna.,Juan le anda mintiendo a Juana.
usigola,rusigòla,-u-si-go*la,EJG;RLC,vA:caus,A,NO,1947,To age (lit. to cause to become old).,Envejecerlo (lit. hacer que se haga viejo).,actions,,,r.u-si-go*la,g.u-si!-go*la,bi-si-go*la,,,,,,3,2,Bisigòla (gu)endahuara Fán.,La enfermedad hizo envejecer a Juan.,Rusigòla dxiiña' binnì.,El trabajo envejece a la gente.
usiguudxi,rusiguudxì',-u-si-guudxi*,EJG;RLC;VP,vA:caus,A,NO,1948,To soften (i.e. to cause to become soft).,"Ablandar, suavizar (lit. hacer que se ablande).",actions,,,r.u-si-guudxi*,g.u-si!-guudxi*,bi-si-guudxi*,,,,,,3,1,Rusuguudxì' gueta ndaani' nisa.,Se ablanda la tortilla en el agua (ej. para que la coman los pollitos).,,
usiguundage7tu,rusiguunda' gue'tu',-u-si-guunda # ge7tu,JLC;VC;VP,vA:caus,A,NO,1949,"To help a dying person to die well (literally, making the dead person sing), referring to the practice whereby a prayer woman or man accompanies the person, prays for them, tells them what will happen when they die and which river they will cross, and also makes them pray, sing, or talk so that they can die well.","Ayudar a una persona agonizante a morir bien (lit. hacerle cantar al muerto), dicho de la práctica mediante la cual una rezadora o un rezador acompaña a la persona, le reza, le cuenta qué va a pasar cuando muera y qué río va a atravesar, y también le hace rezar, cantar, o hablar para que pueda morir bien.",cultural practices,,,,,,,,,,,0,1,Rusiguunda' Rogelia gue'tu'.,Rogelia hace cantar a los muertos (ayuda a los agonizantes a morir bien).,,
usiguundu,rusiguundu',-u-si-guundu,EJG;JLC;RLC;VP,vA:caus,A,NO,1950,To make a plant wilt.,Hacerlo marchitar.,actions,,,r.u-si-guundu,g.u-si!-guundu,bi-si-guundu,,,,,,3,1,Rusuguundu' (g)ubidxa yaga huiini'.,La sequía marchita las plantitas.,,
usigwi,rusigüi,-u-si-gwi,JLC,vA:caus,A,NO,1951,"To cause to ripen, ex. in reference to a fruit so that it may be eaten.","Hacerlo madurar, ej. a una fruta para que se pueda comer.",actions,,,,,,,,,,,0,0,,,,
usigye,rusiguie,-u-si-gye,RLC,vA:caus,A,NO,1952,"To cause to rain, in reference to the rainy season.","Hacer llover, dicho de la época de lluvias.",actions,,,r.u-si-gye,(g.)u-si!-gye,,,,,,,2,1,Beeù (g)usíguie.,Mes de lluvia.,,
usikuude,rusicuudè',-u-si-k.uude*,RLC,vA:caus,A,NO,1953,"To cause to bend, fold, or buckle due to lack of strength.","Hacer que se doble, se flexione o se venza por falta de fuerza, doblar, flexionar, encorvar, arquear.",actions,,,,,,,,,,,0,1,Bisucuudè' Mariá ñee Fán.,María hizo que se le vencieran las piernas a Juan.,,
usikawi,rusicahuì,-u-si-kawi*,JLC;RLC,vA:caus,A,NO,1954,"To darken, to blur (lit. to cause to darken).","Oscurecer, hacerlo borroso (lit. hacer que se ponga oscuro).",actions,,,r.u-kawi*,gu-ka*wi* (I),bi-kawi*,,,,,,3,2,Bicahuì lube.,Se puso borroso.,Rucahuìni luá'.,Se pone borrosa mi vista.
usikawidyaga,rusicahuì diaga,-u-si-kawi* # dyaga,JLC;RLC,vA:caus,A,NO,1955,To deafen (lit. to cause the ear to become dark).,Ensordecer (lit. hacer que se oscurezca el oído).,actions,,,r.u-kawi* # dyaga ,gu-ka*wi* # dyaga ,bi-kawi* # dyaga ,,,,,,3,1,Bisucahuì Pèdru diaga Fán.,Pedro ensordeció a Juan.,,
usikichi,rusiquichi,-u-si-kichi,EJG;RLC;VC;VP,vA:caus,A,NO,1956,"To whiten, to cause to become white, to bleach.","Blanquear, emblanquecer, hacer que se haga blanco.",actions,,,,,,,,,,,0,1,Rusiquichi klòro lari naquichí'.,El cloro blanquea la ropa blanca.,,
usikuuxu,rusicuuxhu',-u-si-kuuxu,EJG;JLC;RGL;RLC;VP,vA:caus,A,NO,1957,"To wrinkle, to contract (lit. to cause to wrinkle).","Arrugar, contraer (lit. hacer que se arrugue).",actions,,,r.u-si-kuuxu,g.u-si!-kuuxu,bi-si-kuuxu,,,,,,3,2,Bisicuuxhu'beni.,Lo arrugó.,Rusucuuxhu' gubidxa ladi binnì.,El sol arruga la piel de la gente.
usikwaata,rusicuaata',-u-si-kwaata,EJG;JLC,vA:caus,A,NO,1958,To deafen (lit. to cause to become deaf).,Ensordecer (lit. hacer que se haga sordo).,actions,,,r.u-si-kwaata,g.u-su!-kwaata,bi-si-kwaata,,,,,,3,1,Rusicuaata' cuète diagabe.,Lo ensordece el cohete.,,
usikwaatadyaga,rusicuaata' diaga,-u-si-kwaata # dyaga,EJG;JLC;RLC;VP,vA:caus,A,NO,1959,To deafen (lit. to cause the ear to become deaf).,Ensordecer (lit. hacer que se haga sordo el oído).,actions,,,r.u-si-kwaata # dyaga,g.u-si!-kwaata # dyaga,bi-si-kwaata # dyaga,,,,,,3,2,Rusicuaata' cuète diaga binnì.,El cuete ensordece a la gente.,Rusicuaata' nisa diaga binnì.,Ensordece el agua a la gente (porque se quedó el agua en el oído).
usikwanda,rusicuandà,-u-si-kwanda*,RLC,vA:caus,A,NO,1960,"To cause to become bent, to make something lose its original shape.",Hacer que se enchueque o que pierda su forma original.,actions,,,r.u-su-kwanda*,g.u-su!-kwanda*,bi-su-kwanda*,,,,,,3,1,Bisucuandàbe cubèta de guiiba'.,Enchuecó la cubeta de metal.,,
usikwexke,rusicuexhquè,-u-si-kwexke*,RLC,vA:caus,A,NO,1961,To cause something to be bent out of shape.,Hacer que se enchueque.,actions,,,r.u-si-kwexke*,g.u-su!-kwexke*,bi-su-kwexke*,,,,,,3,2,Bisucue' guicà.,Esta lumbre deladea (algún objeto).,Rusicuexhquè gui plàsticu.,La lumbre hace que se doble el plástico.
usikwixi7,rusicuixhi',-u-si-kwixi!7,EJG;ND;RLC,vA:caus,A,NO,1962,To cause to stand up like a tuft or pompadour.,Hacer que se pare como copete.,actions,,,r.u.si-kwixi!7,g.u-si!-kwixi!7,bi-si-kwixi!7,,,,,,3,1,Rusicuixhi' Fán guichaique.,Juan paró su copete.,,
usilase,rusilase,-u-si-l.ase,EJG;JLC;RLC;VP,vA:caus,A,NO,1963,To make something or someone thin.,Hacerlo adelgazar.,actions,,,r.u-si-lase,g.u-si!-lase,bi-si-lase,,,,,,3,1,Rusilase (gu)endahuara laabe.,Lo adelgaza la enfermedad.,,
usila7dxi,rusila'dxi',-u-si-la7dxi,RLC,vA:caus,A,NO,1964,To rest.,Descansar.,actions,,,r.u-su-la7dxi; ~ r.u-zi-la7dxi,g.u-zi!-la7dxi,bi-si-la7dxi; ~ bi-zi-la7dxi,,,,,,3,3,Bizila'dxi'.,Descansa. (imperativo),Guzíla'dxi' Fán.,Que descanse Juan.
usilaga,rusilaga,-u-si-laga,EJG;JAR;VP,vA:caus,A,NO,1965,To broaden (lit. to cause to become wide).,"Ensanchar, ampliar (lit. hacer que se haga ancho).",actions,,,r.u-si-laga,g.u-si!-laga,bi-su-laga,,,,,,3,1,Para gusílaga luni.,Para ampliarlo.,,
usilana,rusilana,-u-si-lana,VC,vA:caus,A,NO,1966,To stain with soot.,Entiznar.,actions,,,r.u-si-lana,g.u-si!-lana,bi-su-lana,,,,,,3,1,Cádi canu' lari cà zusilanalu'ni.,"No toques esa prenda, la vas a entiznar.",,
usilollo,rusilolò,-u-si-lollo*,VC,vA:caus,A,NO,1967,To fatten (lit. to cause to become round).,Engordar (lit. hacer que se haga redondo).,actions,,,,,,,,,,,0,1,Cádi gusílolò lu xhiiñu'.,No hagas engordar a tu hijo.,,
usimboota,rusimboòtà',-u-si-mboo*ta*,RLC,vA:caus,A,NO,1968,To cause to increase in size and/or volume.,Hacer que aumente de tamaño y/o volumen.,actions,,,r.u-si-mboo*ta*,g.u-si!-mboo*ta*,bi-si-mboo*ta*,,,,,,3,1,Bisumboòtà' gueta laabe.,Lo engordó la tortilla.,,
usimboolo,rusimboolo',-u-si-mboolo,RLC,vA:caus,A,NO,1969,To thicken (lit. to cause to become thick).,Hacerlo grueso.,actions,,,r.u-si-mboolo,g.u-si!-mboolo,bi-si-mboolo,,,,,,3,1,Bisumboolo' gueta laabe.,Lo engordó la tortilla.,,
usimuku,rusimúcu,-u-si-mu!ku,RLC;VP,vA:caus,A,NO,1970,To soil (lit. to cause to become filthy).,"Ensuciar, emporcar (lit. hacer que se haga sucio)",actions,,,r.u-si-mu!ku; ~ g.u-si!-mu*ku,g.u-si!-mu!ku; ~ g.u-si!-mu*ku,bi-si-mu!ku; ~ bi-si-mu*ku,,,,,,3,2,Bisumùcu bi'cu' Àrno.,Ensució el perro a Arno.,Rusimúcu xcuídi xhaba.,Ensucia su ropa el niño.
usina,rusinà,-u-si-na*,EJG;JLC;RLC;VP,vA:caus,A,NO,1971,To restore one's sight.,Devolverle la vista.,actions,,,r.u-si-na*,g.u-si!-na*,bi-si-na*,,,,,,3,1,Rusinà lènte laabe.,Los lentes le devuelven la vista.,,
usinaa,rusinaà,-u-si-naa*,JLC;RLC,vA:caus,A,NO,1972,To cause to become heavy.,Hacer que pese.,actions,,,r.u-si-naa*,g.u-si!-naa*,bi-si-naa*,,,,,,3,1,Rusinaà ca' gui'chi' ridxa ndaani' mochìla.,Los papeles que echan en la mochila hace pesar la mochila.,,
usinaadi,rusinaadi',-u-si-naadi,RLC,vA:caus,A,NO,1973,"To cause to become haphazardly accumulated, matted or thick, for instance, due the accumulation of residue.","Hacerlo apelmazado o grueso, por ejemplo, por tener residuos.",actions,,,,,,,,,,,0,1,Bisunaadi' xabú (gu)icha iquebe.,El jabón le puso el cabello pegajoso.,,
usinadxi,rusinadxì,-u-si-nadxi*,EJG,vA:caus,A,NO,1974,"To tip (ex. a waiter), to donate (especially a monetary donation), to bribe.","Dar propina, dádiva o mordida.",actions,,,r.u-si-nadxi*,,bi-si-nadxi*,,,,,,2,1,Ñee bisinadxìcabe lii lá.,¿Te dieron propina?,,
usinda7,rusindá',-u-si-nda!7,EJG;JLC;RLC;VP,vA:caus,A,NO,1975,To heat (lit. to cause to become hot).,Calentar (lit. hacer que se haga caliente).,actions,,,r.u-si-nda!7,gu-si!nda!7,bi-si-nda!7,ku-si!-nda!7,,,,,4,1,Bisindá'beni.,Lo calentó.,,
usinda7-2,rusindà',-u-si-nda*7,EJG;RLC;VP,vA:caus,A,NO,1976,To cause to become bitter.,Amargar (lit. hacer que se haga amargo).,actions,,,r.u-si-nda^; ~ r.u-si-nda*7,g.u-si!-nda*7,bi-si-nda*7,,,,,,3,2,Bisindà' biidxi' limón (gu)endaro.,Hizo amarga la comida la semilla de limón.,Rusindà'cabe café.,Hacen amargo el cafe (porque le echan mucho cafe).
usinda7-3,rusinda',-u-si-nda7,JLC;RLC,vA:caus,A,NO,1977,To cause to smell or give off a smell.,Hacer que huela o emane olor.,actions,,RLC,r.u-su-nda7,g.u-su!-nda7,bi-si-nda7,,,,,,3,1,Rusunda' yuudxu' (gu)endaro.,Echa a perderse la comida (ex. no se le echó sal y ahora huele feo).,,
usinda7yu7,rusinda'yù',-u-si-nda7=yu*7,RLC,vA:caus,A,NO,1978,To cause to smell of urine.,Hacer que huela a orín.,actions,,,r.u-si-nda7=yu*' ba^7du lari  (caus),,,,,,,,1,1,Rusinda'yù' ba'du' lari.,Huele a orín la ropa del niño.,,
usindaa,rusindaa,-u-si-ndaa,EJG;RLC;VP,vA:caus,A,NO,1979,"To throw, to toss, to shoot, specifying that the trajectory of the object in question is forward, not upward. By extension, to let loose.","Lanzar, aventar, tirar, disparar, especificando que la trayectoria del objeto en cuestión es hacia adelante, no hacia arriba. Por extensión, soltar.",actions,,,r.u-si-ndaa,g.u-si!-ndaa,bi-si-ndaa,,,z.u-si-ndaa,,,4,1,Rusundaabe yùzè.,Suelta al ganado (ej. para que vayan a comer).,,
usindaabi,rusindaabi',-u-si-ndaabi,EJG;JLC;RLC;VP,vA:caus,A,NO,1980,"To boil (lit. to cause to boil). By extension, to cause to produce noise.","Hervir (lit. hacer que hierva). Por extensión, hacer que haga ruido.",actions,,JLC,r.u-si-ndaabi,g.u-si!-ndaabi,bi-si-ndaabi,,,,,,3,2,Rusindaabi' nisa dxú'ni' ique Fán.,El mezcal hace que ronque Juan.,Rusindaabi' Ròsa xubá'.,Rosa pone a hervir el maíz.
usindaana,rusindaanà',-u-si-ndaana*,EJG;JLC;RLC;VP,vA:caus,A,NO,1981,To cause to become hungry.,Darle hambre.,actions,,,r.u-si-ndaana*,g.u-si!=ndaana*,bi-si-ndaana*,,,,,,3,1,Riuu xiibe (gu)endaro rusundaanà'.,Le entra el olor de la comida y le da hambre.,,
usindani,rusindani,-u-si-ndani,JLC;RLC,vA:caus,A,NO,1982,"To cause to be born, sprout, or send out shoots, in reference primarily to plants.","Hacer nacer, germinar, brotar, o retoñar, dicho principalmente de las plantas.",actions,,,r.u-si-ndani,g.u-si!-ndani,bi-si-ndani,,,,,,3,1,Rusundanibe yaga màngu.,Hace crecer palo de mango.,,
usinene,rusinenè,-u-si-nene*,RLC,vA:caus,A,NO,1983,To slow down (lit. to cause to become slow).,Hacer que se haga lento.,actions,,RGL,r.u-si-nene*,g.u-si!-nene*,bi-si-nene*,,,,,,3,1,Rusunenè gueta nalàga para (gu)icá.,Voy más despacito cuando hago totopo para echar.,,
usingiili,rusinguiìlì',-u-si-ngii*li*,EJG;JLC;RLC,vA:caus,A,NO,1984,To cause a tickle.,Hacer que le den cosquillas.,actions,,,r.u-si-ngii^li*,g.u-si!-ngii*li*,bi-si-ngii*li*,,,,,,3,1,Rusinguiìlì' Fán Fàna.,Le hace cosquillas Juan a Juana.,,
usingola,rusingola,-u-si-ngola,EJG;RLC;VP,vA:caus,A,NO,1985,"To enlarge (lit. to cause to become big). By extension, to fatten, to thicken.","Agrandar (lit. hacer que se haga grande). Por extensión, engordar, aumentar de grosor.",actions,,RLC,r.u-si-ngola,g.u-su!-ngola,bi-si-ngola,,,,,,3,1,Rusungola Fàna ba'du' púrr tí' napà niìdxì' nananà.,Engorda Juana al niño porque tiene leche espesa.,,
usingweza,rusingüèzà,-u-si-ngwe*za*,JLC;RLC,vA:caus,A,NO,1986,"To cause the face to become deformed, ex. as in a case of facial paralysis.","Hacer que se deforme la cara, ej. por parálisis facial.",actions,,,r.u-si-ngwe*za*,g.u-si!-ngwe*ze*,bi-si-ngwe*za*,,,,,,3,2,Rusingüèzà embòlia lu binnì.,La embolia le hace los ojos grandes y abiertos a la gente (al deformarles la cara).,Rusingüèzà embòlia lu binnì.,La embolia hace chueca la cara de la gente.
usini7,rusini',-u-si-ni7,EJG;JLC;RLC;VP,vA:caus,A,NO,1987,"To make someone talk, referring to the practice whereby a prayer woman or man accompanies a dying person, prays for them, tells them what will happen when they die and which river they will cross, and also makes them pray, sing, or talk so that they can die well.","Hacer hablar, dicho de la práctica mediante la cual una rezadora o un rezador acompaña a una persona agonizante, le reza, le cuenta qué va a pasar cuando muera y qué río va a atravesar, y también le hace rezar, cantar, o hablar para que pueda morir bien.",cultural practices,,RLC,r.u-si-ni7,g.u-si!-ni7,bi-si-ni7,,,,,,3,1,Rusini' (Fán) ni má cayáti.,Juan hace hablar a los moribundos (para que hablen su pena y descansen en paz).,,
usinigi7ri,rusinigui'ri',-u-si-ni=gi7ri,EJG;RLC;VC;VP,vA:caus,A,NO,1988,"To enter into a kinship relationship by way of lighting candles during the marriage ceremony. For a marriage ceremony, people close to the bride and groom are selected and asked to gift important elements of the ceremony. These chosen people then enter a close relationship of support with the bride, the groom and their parents that is as strong as a kinship relationship.","Apadrinar una boda, hacerse padrino(a) de velación.",cultural practices,,RLC,r.u-si-ni-gi7ri,g.u-si!-ni gi7ri,bi-si-ni-gi7ri,,,,,,3,3,Guendarusinigui'ri'.,Acto de apadrinar de relación.,Gusíni gui'ri' Fàna nè Fán Pèdru.,Juana y Juan van a ser padrinos de velación (para la boda) de Pedro.
usiniisi,rusiniisì',-u-si-niisi*,EJG;JLC;RLC;VP,vA:caus,A,NO,1989,"To raise, to rear, ex. a child.",Criar.,actions,,,r.u-su-niisi*,g.u-su!-niisi*,bi-su-niisi*,,,,,,3,1,Bisuniisì' nè Fán Fàna xhiiñi'.,"Crió Juan al hijo de Juana (porque cuando se juntó Juan con Juana, Juana ya tenía a su hijo y Juan lo vio crecer).",,
usiniti,rusiniti,-u-si-niti,RGL;RLC,vA:caus,A,NO,1990,To cause to be lost.,Hacer que se pierda o se extravíe.,actions,,,r.u-si-niti,g.u-si!-niti; ~ g.u-su!-niti,bi-si-niti; ~ bi-su-niti,,,,,,3,1,Bisinitibe relój.,Perdió el reloj.,,
usipaampa,rusipaàmpà',-u-si-paa*mpa*,RLC,vA:caus,A,NO,1991,"To cause to become smooth or flat, to clear out or strip as to be made smooth or flat.","Hacer que se alise, que se nivele, o que se limpie de manera que quede liso.",actions,,RGL,r.u-si-paa*mpa*,g.u-su!-paa*mpa*,bi-su-paa*mpa*,,,,,,3,1,Má bisupaàmpà' ra jñaa.,Ya limpio su parcela.,,
usipaapa,rusipaapa',-u-si-paapa,JLC;RLC,vA:caus,A,NO,1992,To cause to stutter.,Hacerlo tartamudear (lit. hacerlo tartamudo).,actions,,,r.u-si-paapa,g.u-si!-paapa,bi-si-paapa,,,,,,3,1,Rusipaapa'ca'be ruaa ba'du' òra rigapàca'be ruaa.,Hacen tartamudear a los niños cuando les pegan en la boca.,,
usipaaxu,rusipaaxhù',-u-si-paaxu*,EJG;RLC;VP,vA:caus,A,NO,1993,"To crush, to deform (lit. to cause to become crushed).","Aplastar, abollar, deformar (lit. hacerlo aplastado).",actions,,EJG;JLC;ND;RGL;RLC,r.u-si-paaxu*,g.u-si!-paaxu*,bi-su-paaxu*,,,,,,3,1,Bisupaaxhù' gui xiga de náylo.,La lumbre derritió la bandeja de plástico.,,
usipapa,rusipapa,-u-si-papa,RLC,vA:caus,A,NO,1994,To cause to fly.,Hacer volar.,actions,,,r.u-zi-papa,g.u-su!-papa,bi-su-papa,,,,,,3,2,Rusupapa ba'du' papalòte.,El niño hace volar el papalote.,Rusupapa òmbre cá (gue)ndabiaani' xtìbe.,El hombre le hace perder el juicio.
usipoota,rusipoòtà',-u-si-poo*ta*,RLC,vA:caus,A,NO,1995,"To cause to become big, in the sense of gaining weight.","Hacer que se agrande, en el sentido de engordar.",actions,,,r.u-si-poo*ta*,g.u-si!-poo*ta*,bi-si-poo*ta*,,,,,,3,1,Bisupoòtà' gueta laabe.,Lo engordó la tortilla.,,
usira,rusira,-u-si-ra,EJG;RLC;VP,vA:caus,A,NO,1996,To make something run out or be consumed.,"Acabarlo, agotarlo, consumirlo.",actions,,,rusir!a [CK-ORTH]; ~ r.u-si-ra; ~ r.u-su-ra,g.u-si!-ra,bi-si-ra,,,z.u-si-ra,,,4,3,Bisirabeni.,Se lo acabó.,Bisira buèltu.,Hizo que se acabara el dinero.
usiracha,rusiracha,-u-si-racha,EJG;RLC;VP,vA:caus,A,NO,1997,To tangle (lit. to cause to become entangled).,Enmarañar (lit. hacer que se enmarañe).,actions,,,r.u-si-racha,,,,,,,,1,1,Rusiracha bi (gu)icha ique binnì.,El aire alborota el pelo de la gente.,,
usiriga,rusiriga,-u-si-riga,VC,vA:caus,A,NO,1998,To empty (lit. to cause become empty or hollow).,Vaciarlo (lit. hacer que se haga vacío o hueco).,actions,,,r.u-si-riga,g.u-si!-riga,bi-si-riga,,,,,,3,0,,,,
usirolla,rusirolà,-u-si-rolla*,JLC;RLC,vA:caus,A,NO,1999,"To cause to become swollen in a round, bulging shape.",Hacer que se hinche o se inflame en forma de bola.,actions,,,r.u-si-rolla*,g.u-si!-rolla*,bi-si-rolla*,,,,,,3,1,Bisirolà Fán ra laga Fàna tàntu bí'na'.,Juan hizo que se le hincharan los ojos a Juana de tanto llorar.,,
usirooba,rusirooba',-u-si-rooba,EJG;RLC;VP,vA:caus,A,NO,2000,To make something big or increase in size.,"Agrandarlo, hacerlo grande, hacerlo crecer.",actions,,,r.u-si-rooba,g.u-si!-rooba,bi-su-rooba,,,,,,3,2,Bisurooba'be lidxi jmá.,Agrandó su casa (de él o ella).,Rusirooba' binnì bihui.,La gente pone en engorda a los marranos.
usiroote,rusirootè',-u-si-roote*,JLC;ND;VC,vA:caus,A,NO,2001,"To cause to become penniless, to clean out.","Hacer que se quede sin dinero, desvalijarlo.",actions,,,,,,,,,,,0,0,,,,
usiropa,rusiropa,-u-si-ropa,EJG;ND;RLC;VP,vA:caus,A,NO,2002,"To duplicate, to repeat, to double (lit. to cause to become two).","Duplicar, repetir (lit. hacer que se duplique).",actions,,,ru-si-roopa; r.u-su-ropa,g.u-si!-ropa,bi-si-ropa,,,,,,3,3,Bisuropani xtì' buèlta.,Repitelo de nuevo.,Rusuropa Ròsa diidxa'.,Rosa repite las palabras.
usiru,rusiru,-u-si-ru,JLC;RLC,vA:caus,A,NO,2003,To cause to cough.,Hacer toser.,actions,,,r.u-si-ru,g.u-si!-ru,bi-si-ru,,,,,,3,1,Rusiru gu'xhu' gueza Pèdru.,El humo de cigarro hace toser a Pedro.,,
usisyaasi,rusisiaasi',-u-si-s.y.aasi,EJG;JLC;RLC;VP,vA:caus,A,NO,2004,"To put to sleep, to cause drowsiness (lit. to cause to sleep).","Dormirlo, adormecer, dar sopor (lit. hacer dormir).",actions,,,r.u-si-s.y.aasi,g.u-si!-s.y.aasi,bi-si-s.y.aasi,,,,,,3,4,Qué rusisiaasi'.,No lo puede hacer dormir.,Qué rusisiaasi'.,No da sueño.
usisaka,rusisaca,-u-si-saka,EJG;JLC;RLC;VC;VP,vA:caus,A,NO,2005,"To value, to appreciate, to recognize the value of (lit. to cause to value).","Valorar, valorizar, apreciar, reconocer el valor de algo o alguien (lit. hacer valer).",actions,,,r.u-si-saka,g.u-si!-saka,bi-su-saka,,,,,,3,6,Bisusacabe dxita xtìbe.,Vendió sus huevos muy caros. (lit. sobrevaluó sus huevos),Bisusaca Fán Fàna.,Juan valoró a Juana.
usisisi,rusisisi,-u-si-sisi,EJG;JLC;RLC;VP,vA:caus,A,NO,2006,"To lighten (ex. to cause to become light, i.e. not heavy).","Alivianar, aligerar (lit. hacerlo liviano o ligero).",actions,,,r.u-su-sisi,g.u-su!-sisi,bi-su-sisi,,,,,,3,3,Rusisi Fán xpùltu Fàna.,Juan le aligera el bulto a Juana.,Rususisìcabe cuba pán.,(De tanto amasar la masa) queda la masa suavecita y ligerita.
usisoo,rusisoo,-u-si-soo,EJG;RLC;VP,vA:caus,A,NO,2007,To cause to become tall.,Hacerse crecer de altura (lit. hacerlo alto).,actions,,,r.u-si-soo,g.u-su!-soo,bi-si-soo,,,,,,3,1,Rusisooca'be yoo.,Hace más alta la casa (ej. le pone un piso adicional).,,
usitaaba,rusitaaba',-u-si-taaba,EJG;ND;RLC;VP,vA:caus,A,NO,2008,To cause to become flattened or dented.,"Achatar, aplastar, abollar (lit. hacer que se abolle).",actions,,,r.u-si-taaba,g.u-su!-taaba,bi-si-taaba,,,zu-si-taakaba; ~ zu-si-taaba,,,4,1,Bisitaaba' Fán càja òra cuì' Fán luni.,Abolló Juan la caja cuando se sentó en ella.,,
usitaaka,rusitaacà',-u-si-taaka*,EJG;ND,vA:caus,A,NO,2009,"To smash, to dent (lit. to cause to become smashed or dented).","Apachurrar, sumir, abollar (lit. hacer que se apachurre, se suma o se abolle).",actions,,,,,,,,z.u-si-taaka*,,,1,1,Zutaaca'; Zusitaaca'.,Apachurrará; Aplastará.,,
usitaata,rusitaata',-u-si-taata,EJG;RLC;VP,vA:caus,A,NO,2010,"To cause to become loose, misaligned or off kilter.","Aflojar, desajustar (lit. hacer que se afloje).",actions,,,r.u-si-taata,g.u-si!-taata,bi-su-taata,,,,,,3,1,Rusutaata'be doo xtì' bizuudi' xtì' Olivia.,Ella afloja la cinta de la nagua de Olivia.,,
usiteede,rusiteedè',-u-si-teede*,EJG;ND;RLC,vA:caus,A,NO,2011,To bruise fruit.,Mallugar la fruta.,actions,,,r.u-su-teede*,g.u-si!-teede*,bi-si-teede*,,,,,,3,1,Bisuteedè' Fán cuananaxhi.,Magulló Juan la fruta (por apretarla cuando está sazón).,,
usitende,rusitendè,-u-si-tende*,EJG;ND;RLC,vA:caus,A,NO,2012,To cause to become unsteady when standing or walking.,Hacer que se tambalee al estar de pie o caminar.,actions,,,r.u-si-tende*,g.u-si!-tende*,bi-si-tende*,,,,,,3,1,Rusitendè nisa dxú'ni' binnì.,El mezcal debilita a la gente.,,
usitipa,rusitipa,-u-si-tipa,EJG;JLC;ND;RLC;VP,vA:caus,A,NO,2013,"To stretch, to tense, to make taut.","Estira, tensar, templar.",actions,,,r.u-si-tipa; ~ r.u-zu-tipa; ~ r.u-zi-tipa,g.u-si!-tipa; ~ g.u-zi-tipa,bi-si-tipa; ~ bi-zu-tipa,,,,,,3,2,Rusitipabe guicha lucuabe para gùnibe còla.,Se estira el cabello de la frente para hacerse la cola de caballo.,Rusitipabe icha lucuabe para gùnibe còla.,Se estira el cabello de la frente para hacer su cola de caballo.
usitipi,rusitipi,-u-si-tipi,EJG;RLC,vA:caus,A,NO,2014,To shorten (lit. to make short).,"Recortar, acortar (lit. hacerlo corto).",actions,,,r.u-si-tipi,gu-si!-tipi,bi-si-tipi,k.u-si!-tipi,,,,,4,0,,,,
usituumbu,rusituumbu',-u-si-tuumbu,RGL;RLC,vA:caus,A,NO,2015,To pout.,Hacer puchero.,actions,,,r.u-si-tuumbu,g.u-si!-tuumbu,bi-si-tuumbu,k.u-si!-tuumbu,,,,,4,3,Bisutuumbu'be.,Hizo puchero él.,Bisutuumbu' xcuídi ruaa.,Hizo puchero el niño.
usituutu,rusituutu',-u-si-tuutu,EJG;ND;RLC,vA:caus,A,NO,2016,"To cause one to lose their youthful complexion and instead become gaunt, flaccid, or worn out.","Hacer que pierde la complexión joven y se ponga enjuto, flácido, o acabado.",wellness,,,r.u-si-tuutu,g.u-si!-tuutu,bi.si=tuutu,,,,,,3,1,Binnì yooxho' ni guidxaàgà' nahuiini' de gandè iza rusutuutu'ca'be laaca rutopàca'be irà' (gue)nda nayooxho' xtì' binnì yooxho'.,"Gente mayor que se junta con una joven de veinte años, lo envejece, (la muchacha) recoje la vejez de la persona mayor.",,
usitwilu,rusitui lu,-u-si-twi # lu,EJG;RGL;RLC;VP,vA:caus,A,NO,2017,"To embarrass, to cause shame.","Avergonzar, hacer que sienta pena o vergüenza.",actions,,,r.u-si-twi # lu,g.u-si!-twi # lu,bi-si-twi # lu,,,,,,3,1,Bisitui Fán lu José.,Juan avergonzó a José.,,
usiwaawa,rusihuaahua',-u-si-waawa,EJG;RLC;VP,vA:caus,A,NO,2018,To loosen (lit. to cause to become flaccid or baggy).,"Aflojar (lit. hacerlo flácido, holgado o guango).",actions,,,r.u-si-waawa,g.u-si!-waawa,bi-si-waawa,,,,,,3,1,Rusihuaahua' ladi binnì òra guiéte de tàntu ngòla.,Se aguada todo su cuerpo de la gente cuando bajan de peso si estaban muy gordos.,,
usiwati,rusihuatì,-u-si-wati*,EJG;RLC;VP,vA:caus,A,NO,2019,"To stun, to stupefy (lit. to cause to become stupid).","Atontar, atolondrar (lit. hacerlo tonto).",wellness,,,ru-si-wati*,g.u-si!-wati*,bi-si-wati*,,,,,,3,1,Rusihuatì nisa dxú'ni' binnì.,El mezca atonta a la gente.,,
usiwelu,rusihuèlu,-u-si-we*lu,EJG;VC,vA:caus vers,A,NO,2020,To age (lit. to cause to become old).,Envejecer (lit. hacerle viejo).,actions,abuelo,,r.u-si-we*lu,g.u-si-we*lu,bi-si-we*lu,,,,,,3,1,Rusuhuèlu dxiiña' binnì.,El trabajo hace envejecer a la gente.,,
usiwii,rusihuii,-u-si-wii,EJG;VC,vA:caus,A,NO,2021,"To hurt, to cause physical harm, to cast the evil eye on someone.","Hacer daño, causar un mal físico, hacerle el mal de ojo.",wellness,,,r.u-si-wii,g.u-si!-wii,bi-si-wii,,,,,,3,1,Bisihuiicabe Mariá.,Le hicieron mal de ojo a María.,,
usiwiini,rusihuiini',-u-si-wiini,EJG;RLC;VP,vA:caus,A,NO,2022,"To shrink, to reduce in size (lit. to cause to become small). By extension, to take years off in appearance.","Achicar, empequeñecer, encoger, reducir de tamaño (lit. hacerlo chico). Por extensión, rejuvenecer.",actions,,,r.u-si-wiini,g.u-si!-wiini,bi-su-wiini,,,,,,3,2,Bisuhuiini'be laabe.,Rejuveneció ella/él.,Má bisuhuiini'be xiga quèsu.,"Ya da más chiquita la jícara de queso (i.e. sigue cobrando lo mismo pero ya no llena la jícara de queso, ahora da menos)."
usiwinni,rusihuinnì,-u-si-winni*,EJG;RLC;VP,vA:caus,A,NO,2023,"To cause to appear in sight, to come into view, to show.","Hacer que se vea, poner a la vista, enseñar, mostrar.",actions,,RLC,r.u-si-winni*,g.u-si!-winni*,bi-si-winni*,,,,,,3,1,Rusihuinnì xcuídi calsón xtì'.,Enseñan los niños su calzón.,,
usixana,rusixhana,-u-si-x.ana,JLC;RLC;VC,vA:caus,A,NO,2024,"To cause to give birth, to assist a birth. By extension, it also refers to the action of a man impregnating a woman in an unplanned manner.","Hacer parir, dar a luz, o aliviarse de un parto. Por extensión, también se refiere a la acción de un hombre de embarazar a una mujer de manera no planeada.",wellness,,,r.u-si-xana; ~ r.u-xana,g.u-xa!na (); ? ~ g.u-si!-xana,bi-si-xana,,,,,,3,1,Rusuxhana ná Jùlia gunaa nacà xiiñi'.,Doña Julia hace que se alivien las señoras de su parto.,,
usixidxi,rusixhidxi,-u-si-x.idxi,RLC,vA:caus,A,NO,2025,"To cause to sound or ring, to play an instrument.","Hacer sonar, tocar (ej. un instrumento, la puerta).",actions,,EJG;ND,r.u-si-x.idxi,g.u-si!-x.idxi,bi-si-x.idxi,,,,,,3,1,Rusixidxi (gue)ndaridxaga ique Fán.,Por el cansancio ronca Juan.,,
usixyazhi7,rusixhiaxí',-u-si-x.ya=zhi!7,JLC;RLC,vA:caus,A,NO,2026,To sneeze (lit. to cause a sneeze).,Estornudar (lit. causar estornudo).,actions,,,r.u-si-x.ya=zhi!7,g.u-su!-xya=zhi!7,bi-si-x.ya=zhi!7,,,,,,3,2,Bisuxhiaxí' yude lii.,Te hizo estornudar el polvo.,Quí gandà guxhiaxé'.,No puedo estornudar.
usixakala7dxi,rusixhacala'dxi',-u-si-xaka=la7dxi,JLC;RLC;VC;VP,vA:caus,A,NO,2027,"To bore, to annoy.","Fastidiar, aburrir.",actions,,JLC;RLC,r.u-si-xaka=la7dxi,g.u-su!-xaka=la7dxi,bi-si-xaka=la7dxi,,,,,,3,1,Rixhacala'dxi' Fán dxiiña' .,El trabajo fastidia a Juan.,,
usixii,rusixhii,-u-si-xii,EJG;RLC,vA:caus,A,NO,2028,To cause a plot of land to become full of brush or wild growth.,Hacer que un terreno se llene de hierba o maleza.,actions,,,r.u-si-xii,g.u-su!-xii,bi-si-xii,,,z.u-si-xii,,,4,1,Rusixhii ra jñaa xtì'.,Hace que crezca hierba o pasto en su milpa.,,
usixixi,rusixhixhì,-u-si-xixi*,JLC;RLC,vA:caus,A,NO,2029,"To take away from, to reduce, to diminish.","Quitarle, reducirlo, hacerlo menguar.",actions,,,r.u-si-xixi*; ~ r.u-su-xixi*,g.u-si!-xixi*,bi-si-xixi*,,,,,,3,1,Rusuxhixhìbe lu lìtru xubá'.,Le quita al litro de maíz (i.e. cuando vende no llena bien el litro).,,
usixuuna,rusixhuuna',-u-si-xuuna,EJG;JLC;RLC;VP,vA:caus,A,NO,2030,"To laxate (lit. to cause to poop). By extension, to beat someone intensely to the point of causing them to defecate.","Laxar (lit. hacer cagar). Por extensión, golpear con tal intensidad que se provoque la defecación.",wellness,,RGL;RLC,r.u-si-xuuna,g.u-si!-xuuna,bi-si-xuuna,,,,,,3,1,Rusixhuuna' papàya binnì.,La papaya hace cagar a la gente (i.e. es laxante).,,
usixuxu,rusixhuxhù,-u-si-xuxu*,EJG;RLC;VP,vA:caus,A,NO,2031,"To cause to become brittle, as when something like a tortilla is toasted. By extension, to toast.","Hacerlo quebradizo, dicho de cuando se tuesta algo como una tortilla. Por extensión, tostar.",actions,,,r.u-si-xuxu*,g.u-si!-xuxu*,bi-su-xuxu*,k.u-si^-xuxu*,,,,,4,1,Bisuxhuxhù Ròsa gueta.,Rosa tostó la tortilla (y ahora se rompe fácil).,,
usiyaa,rusiyaà,-u-si-yaa*,EJG;JLC;RLC;VP,vA:caus,A,NO,2032,To make someone or something dance.,Hacer bailar.,music and dance,,,r.u-si-yaa*,g.u-si!-y.aa*,bi-si-yaa*,,,z.u-si-yaa*,,,4,2,Rusiaàcabe tròmpo.,Hace bailar el trompo.,Rusiaà Fán gunaacà.,Juan hace bailar a la mujer.
usiyi7,rusiyì',-u-si-yi*7,EJG;RLC;VP,vA:caus,A,NO,2033,"To cause to become sour, acid or acrid.","Hacer que se ponga agrio, ácido o acedo.",actions,,,r.u-si-yi*7; ~ r.u-su-yi*7,g.u-si!-yi*7; ~ (g).u-su!-yi*7,bi-si-yi*7; ~ bi-su-yi*7,,,,,,3,1,Rusiyì' limón nisa.,El limón hace que el agua sepa agria.,,
usizaani,rusizaani',-u-si-z.aani,RGL;RLC,vA:caus,A,NO,2034,"To cause to shine or reflect light, ex. by way of polishing.","Hacer brillar, hacer resplandecer, ej. al pulir.",actions,,,r.u-si-z.aani,g.u-si!-z.aani,bi-si-z.aani,k.u-si!-z.aani,,,,,4,1,Rusizaani' Fán guidi bo'co' xtì'.,Juan bolea sus zapatos.,,
usizabi,rusizabì,-u-si-zabi*,JLC;RLC,vA:caus,A,NO,2035,To make someone beg for money.,Hacerle mendigar.,actions,,RLC;VC,r.u-si-zabi*,g.u-si!-zabi*,bi-su-zabi*,,,,,,3,1,Rusuzabì Mariá xiiñi'.,María hace mendigar a su hijo.,,
usizelle7,rusizelé',-u-si-zelle!7,EJG;JLC;RLC;VP,vA:caus,A,NO,2036,To cause to burp.,Hacerle eructar.,actions,,,r.u-si-zele!7; r.u-si-zelle!7 ~ r.u-su-zelle!7,g.u-su!-zelle!7,bi-si-zelle!7,,,,,,3,1,Rusizelé' sál de ùba Ròsa.,La sal de uvas hace eructar a Rosa.,,
usizheexe,rusixeexhe',-u-si-zheexe,JLC;RLC,vA:caus,A,NO,2037,To anger (lit. to cause to become altered).,"Enojar, hacer enojar (lit. hacer que se altere).",actions,,,r.u-si-zheexe,g.u-si!-zheexe,bi-si-zheexe,,,,,,3,2,Rusuxeexhe'be àlma xtì'.,La hizo enojar hasta el fondo del alma.,Rusuxeexhe' Mariá bixhoze òra ruchiichì'.,Le hizo pasar un coraje María a su papa cuando lo hizo enojar.
usizhi,rusixi,-u-si-zhi,EJG;RLC,vA:caus,A,NO,2038,To salt (lit. to make salty).,Salar (lit. hacerlo salado).,processes,,,r.u-si-zhi,g.u-si!-zhi,bi-su-zhi,,,z.u-si-zhi,,,4,1,Bisuxica' (gue)ndaró.,Saló la comida.,,
usizhibi,rusixibi,-u-si-zhibi,VC;VP,vA:caus,A,NO,2039,To cause to kneel.,Hacerlo arrodillarse.,actions,,RLC,,,,,,,,,0,0,,,,
usizhidxi,rusixidxì,-u-si-zhidxi*,EJG;JLC;RLC;VP,vA:caus,A,NO,2040,To cause to laugh.,Hacerle reír.,actions,,,r.u-si-zhidxi*,g.u-si!-zhidxi*,bi-si-zhidxi*,,,,,,3,2,Rusixidxìbe laa.,Le hace reír.,Rusixidxì Fán Fàna.,Hace reír Juan a Juana.
usizhoo,rusixoo,-u-si-zhoo,EJG;RLC,vA:caus,A,NO,2041,To make something worsen.,Hacer que algo empeore o se agrave.,actions,,JLC,r.u-si-zhoo,g.u-si!-zhoo,bi-si-zhoo,,,,,,3,2,Bisixoocabe jmá.,Lo hicieron peor (el problema).,Rusixoocabe ti (gu)endanagana.,Se puso peor el problema.
usizhoonye,rusixooñe',-u-si-zhoonye,EJG;JLC;ND;RLC;VP,vA:caus,A,NO,2042,"To cause to run. By extension, to chase away, to cause to flee, to cause to run away.","Hacerlo correr. Por extensión, ahuyentar, hacerlo huir, hacerlo fugarse.",actions,,,r.u-si-zhoonye,g.u-si!-zhoonye,bi-si-zhoonye,,,,,,3,1,Bisuxooñe' Fán Pèdru para quí (gu)idágu yoo.,Ayudo Juan a Pedro (para que se escapara y) para que no lo metieran a la cárcel.,,
usizhundxi,rusixùndxì,-u-si-zhu*ndxi*,RLC,vA:caus,A,NO,2043,To cause to scrunch up or wrinkle up.,Hacer que se encoja o se arrugue.,actions,,RLC,r.u-si-zhu*ndxi*,g.u-si!-zhu*ndxi*,bi-si-zhu*ndxi*,,,,,,3,1,Rusuxùndxì maní' huiini' yaga huiini'.,Los bichitos hicieron que se encogiera la plantita (i.e. le cayó plaga y se marchitó la plantita).,,
usizhye7,rusixié',-u-si-zhye!7,EJG;RLC,vA:caus,A,NO,2044,To reduce in quantity (lit. to cause to become less).,Reducir en cantidad (lit. hacer que se haga menos).,actions,,,r.u-si-zhye!7,g.u-su!-zhye!7,bi-su-zhye!7,,,,,,3,2,Bisuxié'ca'be niidxì' xtinné' quí nirée xtalè cuba niidxì'.,Le bajaron a mi leche (le dieron menos) no se completó su queso (no salió bastante).,Rusuxié'be (gu)endaró.,Se reduce la comida (i.e. casi se acaba).
usizhyee,rusixieè,-u-si-zhyee*,EJG;RLC;VP,vA:caus,A,NO,2045,To make someone be stripped or cleaned out.,Hacer que quede despojado o desvalijado.,actions,,JLC;RLC,r.u-si-zhyee*; ~ r.u-su-zhyee*,g.u-si!-zhyee*,bi-su-zhyee*,k.u-zu!-zhyee*,,z.u-si-zhyee*,,,5,2,Bisuxieècabe laa.,Lo dejaron desvalijado.,Ruzuxieècabe Fán.,Dejaron sin dinero a Juan.
usizuumba,rusizuumba',-u-si-zuumba,RLC,vA:caus,A,NO,2046,To pout.,Hacer puchero.,actions,,,r.u-si-zuumba,g.u-si!-zuumba,bi-si-zuumba,,,,,,3,1,Bisuzuumba' xcuídi ruaa porrque cadxiìchì'.,Hace puchero el niño porque se está enojando.,,
usizya7,rusizia',-u-si-zya7,RLC,vA:caus,A,NO,2047,To cause to be abundant.,Hacerlo abundante.,actions,,EJG;RLC,r.u-si-zya7; ~ r.u-su-zya7,(g).u-su!-zya7,bi-si-zya7,,,,,,3,1,Rusuzia'be dxita òra cuchá'hui'be laa para gùnibe marquesòte.,Para hacer marquesote bate el huevo para que se haga bastante (y alcance).,,
usiiwi,rusiihui',-u-siiwi,EJG,vA:caus,A,NO,2048,To forgive.,"Perdonar, disculpar.",actions,,,,,,,,zu-siiwi,,,1,0,,,,
usucheepa,rusucheepa',-u-su-cheepa,EJG;JLC;ND;RLC,vA:caus,A,NO,2049,"To cause someone to be blinded, to blind.","Hacer que quede ciego, cegarlo.",wellness,,,r.u-su-cheepa,g.u-su!-cheepa,bi-si-cheepa,,,z.u-si-cheepa,,,4,3,Cuchéepa'.,Está cegando.,Cuchéepa dxiña lu Fán .,La diabetes está dejando ciego a Juan.
usuchuku,rusuchucu,-u-su-chuku,EJG;RLC;VP,vA:caus,A,NO,2050,To cause to shorten.,Hacer que se acorte o se recorte.,actions,,RLC,r.u-si-chuku; ~ r.u-zi-chuku,(g).u-si!-chuku,bi-si-chuku; ~ bi-zi-chuku,,,,,,3,1,Bisuchucube bizuudi' xtinné'.,Recortó ella mi enagua.,,
usude,rusude,-u-su-de,EJG;JLC;ND;RLC;VC,vA:caus,A,NO,2051,"To turn into dust, to pulverize, to turn to ashes.","Hacerlo polvo, pulverizarlo, dejar en cenizas.",actions,,,r.u-su-de; ~ r.u-zu-de,g.u-su!-de; ~ (g).u-zu!-de,bi-su-de; ~ bi-zu-de,,,z.u-zu=de,,,4,4,Bisude bi gui xtinné'.,El aire apagó mi braza y la hizo ceniza.,Bizudebe yaga.,Hizo pedacitos un palo.
usugatinisa,rusugatì nisa,-u-su-g.ati* # nisa,RLC,vA:caus,A,NO,2052,To cause to become thirsty.,"Darle sed, causar sed.",actions,,,r.u-su-g.ati* # nisa,g.u-su!-g.ati*,bi-su-g.ati* nisa,,,,,,3,4,Bisugatì guendaró nisa Fán.,La comida le dio sed a Juan.,Rusugatì ni naxi nisa.,Lo salado da sed.
usuginde,rusuguinde,-u-su-ginde,JLC,vA:caus,A,NO,2053,"To cause to fart, to cause flatulence.","Hacer que se pedorree o eche pedos, causar flatulencia.",actions,,,r.u-su-ginde,,,,,,,,1,1,Rusuguinde bizaa binnì.,Los frijoles hacen pedorrear a la gente.,,
utaabi,rutaabì',-u-t.aabi*,EJG;JLC;ND;RLC;VP,vA:caus,A,NO,2054,"To cause to become lodged or stuck, as in the case of a splinter or a thorn under the skin.","Hacer que se entierre, enterrarlo, encajarlo, clavarlo, sumirlo (ej. una espina).",actions,,,r.u-taabi*,g.u-taa*bi* (I),bi-taabi*,k.u-taa^bi*,,,,,4,1,Rutaabì' Fán ique Pèdru ndaani' nisa.,Juan le mete la cabeza abajo del agua a Pedro.,,
utaabigiiba,rutaabì' guiiba',-u-t.aabi* # giiba,EJG,vA:caus,A,NO,2055,To stab (lit. to cause metal to inserted).,Apuñalar (lit. hacer que se clave el metal).,actions,,,r.u-t.aabi*=giiba,,,,,,n.u-t.a!abi # giiba,,2,1,Fán qué nutáabidí'be guiiba' José.,Juan no apuñaló a José.,,
utaabigiichi,rutaabì' guiichì',-u-t.aabi* # giichi*,EJG;RLC,vA:caus,A,NO,2056,"To sow discord, to cause strife (lit. to stick a thorn in).","Meter cizaña, causar intrigas, causar discordia (lit. hacer que se entierre una espina).",actions,,EJG;VC,r.u-t.aabi* # giichi*,g.u-t.aa*bi* # giichi*,,,,,,,2,3,Cádi gutaàbì' dióu' guiichì' ra rí'.,No metas aquí tus intrigas.,Rutaabì' xquiichì'.,Mete su saña.
utaagu,rutaagu',-u-t.aagu,EJG;JLC;ND;RLC;VP,vA:caus,A,NO,2057,"To close, to cover, to obstruct.","Cerrar, tapar, cloturar.",actions,,,r.u-t.aagu,gu-ta!agu (),bi-t.aagu,,,,,,3,3,Bitaagu' Juán puertá',Cerró Juan la puerta.,Gutáagu Juan ruaa (gue)ndaró.,Que tape Juan la comida.
utaaguneza,rutaagu' neza,-u-t.aagu # neza,EJG;RLC,vA:caus,A,NO,2058,To set up a roadblock.,"Bloquear un camino, ej. con una barricada, por control policiaco.",actions,,,r.u-t.aagu # neza,,,,,,,,1,1,Rutaagu' ca polìticu neza.,Los políticos bloquean la carretera.,,
utaaguna7,rutaagu'nà',-u-t.aagu=na*7,EJG,vA:caus,A,NO,2059,"To make a fist in defiance. Also, to be apprehended.","Cerrar el puño como gesto para retar a alguien o protestar por algo. También, ser aprehendido.",actions,,JLC;RLC,r.u-t.aagu=na*7,,bi-taagu=na*' +ka' +be* li^i,,,,,,2,1,Bitaagu'nà'cabe lii.,Te atraparon.,,
utaagusaa,rutaagu'saa,-u-t.aagu=saa,EJG;RLC,vA:caus,A,NO,2060,"To bring together, to gather, to amass, to pile up.","Juntar, rejuntar, amontonar.",actions,,,r.u-taagu=saa,,,,,,,,1,1,Rutaagu'saabe binnì.,Ella/él reune a la gente.,,
utaaguyoo,rutaagu'yoo,-u-t.aagu=yoo,EJG,vA:caus,A,NO,2061,"To jail, to imprison, to incarcerate.","Encerrar, encarcelar.",actions,,,r.u-taagu yoo,,bi-taagu yoo,,,,,,2,1,Rutaagu'yoo Pèdru binnì.,Encarcela Pedro a la gente.,,
utaata,rutaata',-u-t.aata,JLC;RLC,vA:caus,A,NO,2062,"To cause to become loose, misaligned or off kilter.","Aflojar, desajustar (lit. hacer que se afloje).",actions,,,r.u-t.aata,g.u-t.a!ata,bi-t.aata,,,,,,3,2,Para (g)uquíichilu' seguèta cá lá nè para (g)utáatalu'.,Para que aprietes la segueta y para que la aflojes.,Para (g)utáata'neu' torrníu ne para (g)uquíichi'lu'.,Para aflojar tornillos y para apretarlos.
utalle,rutalè,-u-t.alle*,EJG;JLC;ND;VP,vA:caus,A,NO,2063,"To reproduce, to multiply, to make something increase in number or quantity.","Reproducirlo, multiplicarlo, hacer que algo aumente en número o cantidad.",actions,,EJG;RLC,r.u-t.alle*,g.u-t.a*lle* (I),bi-t.alle*,,,,,,3,2,Bitalèbe xiiñi'be.,"Tuvo (i.e. parió, concibió) muchos hijos.",Rutalè Fàna lari biidi'.,Juana junta la ropa sucia.
uteegu,ruteegu',-u-t.eegu,JLC;RGL;RLC,vA:caus,A,NO,2064,"To close, to cover, to obstruct.","Cerrar, tapar, cloturar.",actions,,,r.u-teegu,gu-te!egu (),bi-teegu,,,,,,3,3,Biteegu'me xhiaame.,(El animal) replegó las alas.,Nuteegu' xhiaame.,Con las alas replegadas.
utiinye,rutiiñe',-u-t.iinye,EJG;JLC;ND;VP,vA:caus,A,NO,2065,To lend.,Prestar.,actions,,,r.u-t.iinye,g.u-t.i!inye (),bi-t.iinye,,,,,,3,3,Bitiiñè'cabe buèltu.,Ellos prestaron dinero.,Má bitiiñé'ni.,Ya lo presté.
utinde,rutindè,-u-t.inde*,EJG;JLC;ND;RLC;VP,vA:caus,A,NO,2066,To cause to fight.,Hacer que se peleen.,actions,,RLC,r.u-tinde*,g.u-ti*nde* (I),bi-tinde*,,,,,,3,0,,,,
utoo,rutoo,-u-t.oo,EJG;JLC;ND;RLC;VP,vA:caus,A,NO,2067,"To sell something, to put something up for sale.","Venderlo, ponerlo en venta.",actions,,,r.u-t.oo,g.u-t.o!o,"bi-t.oo [EJG,ND,RGL03.RLC04,RLC09]",,,z.u-t.oo,,,4,3,Ni rutoo.,Vendedor. (lit. quien hace que se venda),Rutoobe gueta.,Vende tortilla.
utooya,rutooyà',-u-t.oo=ya*,RLC,vA:caus,A,NO,2068,"To let oneself be robbed, to have important things taken away, ex. a spouse, money.","Dejar que le roben o le quiten lo importante, ex. el cónyuge, dinero.",actions,,,r.u-t.oo=ya*,g.u-t.oo*=ya*,bi-t.oo=ya*,,,,,,3,1,Rutooyà Fànani.,Juana se deja que le quiten todo.,,
utyee,rutiee,-u-t.yee,EJG;JLC;ND;RGL;RLC;VC;VP,vA:caus,A,NO,2069,"To paint, to color, to dye.","Pintar, colorear, teñir.",actions,,,r.u-t.yee,g.u-t.ye!e (),bi-t.yee,k.u-t.ye!e,,z.u-t.yee,,,5,6,Bitiee Mariá xiiñi'.,María pinta a su hija.,Bitieeme xhabá'.,Manchó mi ropa (el pajarito).
utaaba,rutaaba',-u-taaba,EJG,vA:caus,A,NO,2070,To cause to become flattened or dented.,"Achatar, aplastar, abollar (lit. hacer que se abolle).",actions,,,r.u-taaba,,,,,z.u-taaba,,,2,1,Rutaaba'be bòte nè ñeebe.,Con el pie hizo que se abollara el bote.,,
utaadxi,rutaadxi',-u-taadxi,EJG;RLC,vA:caus,A,NO,2071,To cause to become flattened or dented.,"Achatar, aplastar, abollar (lit. hacer que se abolle).",actions,,EJG;RLC,r.u-taadxi; ~ r.u-si-taadxi,(g).u-ta!adxi,bi-taadxi,,,,,,3,1,Bitaadxi'ti pelòta huiini' (g)uri Fán lu.,"Abolló la pelotita, se sentó Juan (en ella).",,
utaaka,rutaacà',-u-taaka*,EJG;RLC,vA:caus,A,NO,2072,"To smash, to dent (lit. to cause to become smashed or dented).","Apachurrar, sumir, abollar (lit. hacer que se apachurre, se suma o se abolle).",actions,,,r.u-taaka*,g.u-taa*ka*,bi-taaka*,,,z.u-taaka*,,,4,1,Rutaacà' ndaani' Fàna òra gu'ya' Fán.,Mete la panza Juana cuando la ve Juan.,,
utibi,rutibì,-u-tibi*,EJG,vA:caus,A,NO,2073,To cause to roll.,Hacer rodar.,actions,,EJG;JLC;RGL,,,,,,zu-tibi*,,,1,0,,,,
utiidi,rutiidi',-u-tiidi,EJG;JLC;ND;RGL;RLC;VP,vA:caus,A,NO,2074,To cause to pass.,Hacer o dejar pasar.,actions,,EJG;JLC;RGL,r.u-tiidi,"g.u-ti!idi () [JLC,RGL03.RLC09]",bi.tiidi,,,z.u-tiidi,,,4,5,Bitiidi'.,Pásalo.,Bitiidi' Fán zidi Velma.,Juan le pasó la sal a Velma.
utiidiba7du,rutiidi' ba'du',-u-tiidi # ba7du,EJG;ND;RLC,vA:caus,A,NO,2075,"To terminate a pregnancy, to have an abortion.","Abortar, interrumpir un embarazo.",wellness,,,r.u-tiidi # ba7du,,bi-tiidi # ba7du,,,,n.u-ti!idi # ba7du,,3,1,Quí nutíididí'be ba'du'.,No abortó al bebé.,,
utiidinyee,rutiidi' ñee,-u-tiidi # nyee,ND;RGL;RLC,vA:caus,A,NO,2076,To stick a foot or leg out to cause someone to trip.,"Meter el pie, meterle una zancadilla.",actions,,,r.u-tiidi # nyee,g.u-ti!idi # nyee (),bi.tiidi # nyee,,,,,,3,1,Bitiidi' Fán ñee delànte de Píitu.,Juan le metió el pie a Agapito.,,
utiidilaaga,rutiidi'laaga',-u-tiidi=laaga,RLC,vA:caus,A,NO,2077,To make someone or something go or lie across.,Hacer que se atraviese o se cruce.,actions,,JLC;RGL,r.u-tiidi=laaga,"g.u-ti!idi=laaga [JLC,RGL03.RLC09]",bi.tiidi=laaga,,,,,,3,1,Má bitiidi'lagacabe yaga lu neza.,Ya atravezaron un tronco en el camino (para bloquear la carretera).,,
utiidina7,rutiidi'nà',-u-tiidi=na*7,EJG;VC,vA:caus,A,NO,2078,To pass an object from one person to another. To give extra.,"Pasar un objeto de una persona a otra. Dar demás, dar un pilón.",actions,,,r.u-tiidi=na*7,,,,,,,,1,2,"Quí rutiidi'nà'dióu', njá.","¿No das pilón, verdad?",Rutiidi'nà'ca'be (gu)endaro lu mexá'.,Se pasan la comida en la mesa.
utiiki,rutiiquì',-u-tiiki*,EJG;FSL;JLC;ND;VC;VP,vA:caus,A,NO,2079,To stand on tiptoes.,Parar de puntitas.,actions,,,r.u-tiiki*,gu-tii*ki* (),bi-tiiki*,,,z.u-tiiki*,,,4,2,Bitiiquì' lu bicuini ñeeu'.,Párate en la punta del pie.,Zutiiquì'.,Se pondrá de puntillas.
utiipi,rutiipì',-u-tiipi*,EJG;JLC;ND;RLC;VP,vA:caus,A,NO,2080,To whistle.,"Silbar, chiflar.",actions,,,r.u-tiipi*,gu-tii*pi* (),bi-tiipi*,,,z.u-tiipi*,,,4,3,Bitiipì'.,Chifla. (imperativo),De numbà' cucáa xtiìpì' .,Desde hace rato que está chiflando.
utiixi,rutiixhì',-u-tiixi*,EJG;JLC;ND;VP,vA:caus,A,NO,2081,To turn over.,Voltear.,actions,,,r.u-tiixi*,g.u-tii*xi*,bi-tiixi*,,,z.u-tiixi*,,,4,6,Bitiixhé'.,Lo voltée.,Bitiixhì'be guisu.,Ya volteó la olla (ya no quiere tener más hijos.
utipa,rutipa,-u-tipa,,vA:caus,A,NO,2082,"To stretch, to tense, to make taut.","Estira, tensar, templar.",actions,,,r.u-tipa,g.u-ti!pa,bi-tipa,,,,,,3,0,,,,
utopa,rutopà,-u-topa*,EJG;JLC;ND;RLC;VP,vA:caus,A,NO,2083,"To make something gather onto itself, retract onto itself, or curl up.","Hacer que se recoja, se encoja, o se enrolle.",actions,,RLC,r.u-topa*,g.u-to*pa* (I),bi-topa*,,,z.u-topa*,n.u-to*pa*lu,,5,6,Bitopàbe guirà'nu jùntu.,Nos reunió a todos.,Bitopàbe mànga (g)amixá' xtì'.,Se arremangó las mangas de su camisa.
utopaba7du,rutopà ba'du',-u-topa* # ba7du,EJG;RLC,vA:caus,A,NO,2084,To give birth and raise children of different fathers (lit. to pick up children).,Embarazarse y criar hijos de diferentes padres (lit. juntar niños).,wellness,,,r.u-topa* # ba^7du,,,,,,,ri topa* ba^7du,2,1,Rutopà Mariá ba'du'.,María recoge niños (i.e. se embaraza sin pareja responsable estable).,,
utopadiidxa,rutopà diidxa',-u-topa* # diidxa,EJG;ND;RLC,vA:caus,A,NO,2085,To gossip (lit. to gather word).,Chismosear (lit. recoger palabra).,communication,,,r.u-topa* # di^idxa,,,,,,,,1,3,Ni rígutopà diidxa'.,Periodista. (lit. quien recoge palabras),Rígutopàbe diidxa'.,Va a recoger información.
utopadiinye,rutopà diiñe',-u-topa* # diinye,EJG;ND;RLC,vA:caus,A,NO,2086,To collect what is owed (lit. to gather what was borrowed).,Cobrar lo que se debe (lit. recoger lo prestado).,commerce,,,r.u-topa* # di^inye,,,,,,,,1,4,Ni rutopà diiñe'.,El abonero.,Ni rutopà diiñe'.,El cobrador.
utopagizhi,rutopà guixi,-u-topa* # gizhi,EJG;JLC;ND;RLC,vA:caus,A,NO,2087,To gather trash.,Recoger basura.,actions,,,r.u-topa* gi^zhi,,,,,,,re-topa* gi^zhi,2,2,Ritopa guixi.,Va a recoger basura.,Rutopà Fán guixi para guzáaqui.,Juan recoge basura para quemarla.
utopayaga,rutopà yaga,-u-topa* # yaga,EJG,vA:caus,A,NO,2088,To gather firewood.,Recoger leña.,actions,,,r.u-topa* # yaga,,,,,,,retopa ya!ga,2,1,Rutopà Fán yaga siado'.,Juan recoge leña en la mañana.,,
utopala7si,rutopàla'sì',-u-topa* la7 +si*,EJG;RLC,vA:caus,A,NO,2089,To pick up something as a favor or out of consideration.,Recoger de favor.,actions,,EJG;JLC;RGL,r.u-topa* la7 +si*,,bi-topa* la7 +si*,,,,,,2,1,Bitopàla'sì' Fán ca' ladriú.,Recogió Juan los ladrillos sin compromiso.,,
utopagidxa,rutopàguidxa,-u-topa*=gidxa,EJG;ND;RLC,vA:caus,A,NO,2090,To gather refuse as a means to make a living.,Pepenar.,subsistence,,,r.u-topa* g^idxa,,,,,,,re-topa gi^dxa; ~ ri-topa gi^dxa,2,1,Cana(g)utopàguidxa Fán.,Es pepenador.,,
utopajlaagu,rutopàxlaagu',-u-topa*=j.laagu,EJG;RLC,vA:caus,A,NO,2091,"To pick up food a little bit everywhere. By extension, to be a freeloader.","Comiendo por aquí y por allá, dicho de los animales. Por extensión, andar de gorrón.",subsistence,,,r.u-topa*=j.la^agu,,,,,z.u-topa*=j.la^agu,,,2,1,Cana(g)utopàxlaaagu' bere.,Anda buscando comidita el pollito.,,
utopalu,rutopàlu,-u-topa*=lu,EJG;JLC;ND;RLC;VC;VP,vA:caus,A,NO,2092,"To save up, to store, to stock up.","Ahorrar, almacenar, juntar para guardar.",actions,,,r.u-topa*=lu,,bi-topa* lu,,,z.u-topa* lu,n.u-to*pa*lu,,4,4,Bitopàlu Fán buèltu.,Juan ahorró el dinero.,Quí nutòpàludí' Fán buèltu.,No ahorró Juan el dinero.
utopana7,rutopànà',-u-topa*=na*7,EJG;ND;RLC,vA:caus,A,NO,2093,To pick up by hand.,Recoger con la mano.,actions,,,r.u-topa* na*7,,,,,,,,1,1,Rutopànà' Fán guixi lu pàtiu.,Juan recoge basura en el patio con la mano.,,
utopazhoo,rutopàxoo,-u-topa*zhoo,EJG,vA:caus,A,NO,2094,To gather things in a rush.,Recoger cosas de manera apresurada.,actions,,,r.u-topa*=zho^o,,,,,,,,1,1,Rutopàxoo Fán.,Juan recoge sus cosas de prisa.,,
utubi,rutubì,-u-tubi*,EJG;JLC;ND;RGL;RLC;VP,vA:caus,A,NO,2095,"To make something turn, spin, or roll.","Hacer rodar, hacer girar, hacer que se revuelque.",actions,,EJG;JLC;ND;RGL;RLC,r.u-tubi*,g.u-tu*bi*,bi-tubi*,k.u-tu*bi*,,,,,4,3,Cutùbìca' lu càma.,Se están revolcando en la cama (i.e. están haciendo el amor).,Rutubì xcuídi yànta.,Rueda el niño la llanta.
utubiyu,rutubì yu,-u-tubi* # yu,EJG;ND,vA:caus,A,NO,2096,To drag someone or something and roll it around on the ground.,Revolcarlo en el suelo.,actions,,,r.u-tubi* # yu!,,bi-tubi* # yu^,,,,,,2,1,Bitubì Fán Pèdru yu.,Revolcó Juan a Pedro en la tierra.,,
utubina7,rutubìnà',-u-tubi*=na*7,EJG,vA:caus,A,NO,2097,To make something into a ball with the hands.,Hacerlo bolita con las manos.,actions,,,r.u-tubi*=na*7,g.u-tu*bi*=na*7,,,,,,,2,2,Cádi gutùbìnà'dióu'ni.,No la hagas bolita con la mano (ej. la masa).,Rutubìnà' Ròsa cuba para gùni bicuùnì'.,Hace Rosa bolitas de masa con la mano para hacer las memelitas.
utuuba,rutuuba',-u-tuuba,EJG;JLC;ND;RLC;VP,vA:caus,A,NO,2098,"To move over, to move to the side, to move out of the way.","Arrimar, quitar, hacer a un lado.",actions,,,r.u-tuuba; <r.u-tuuba>; r.u-t.uuba,g.u-tu!uba (),bi-tuuba,,,z.u-tuuba,,,4,1,Zutuuba'.,Lo va a hacer a un lado.,,
utuxu,rutuxhu,-u-tuxu,EJG;JLC;ND;RGL;RLC;VP,vA:caus vers,A,NO,2099,To sharpen.,"Afilar, sacarle filo, sacar punta.",actions,,,r.u-tuxu,g.u-tu!xu (),bi-tuxu,k.u-tu!xu,,z.u-tuxu,,,5,6,Bituxhuca'beni.,Le sacaron punta.,"Guie para (g)utúxhunè machète, jàcha.",Piedra para afilar machete y hacha.
utuxubi7ku,rutuxhù (bi'cu'),-u-tuxu* (# bi7ku),EJG;JLC;ND;RLC;VC;VP,vA:caus,A,NO,2100,"To make a dog bark, to provoke a dog.","Hacer ladrar a un perro, azuzar, provocar a un perro.",actions,,,r.u-tuxu*,g.u-tu*xu* (I),bi-tuxu*; ) (caus),k.u-tu*xu*,,z.u-tuxu*,,,5,3,Bituxhùbe xpi'cu'be.,Hizo ladrar a su perro.,Bituxhù bi'cu'.,Hizo ladrar al perro.
utwilu,rutui lu,-u-twi # lu,JLC;RLC,vA:caus,A,NO,2101,"To embarrass, to cause shame.","Avergonzar, hacer que sienta pena o vergüenza.",actions,,,r.u-twi # lu^,g.u-twi! # lu,bi-twi # lu,,,,,,3,4,Bituibe lu.,Lo avergonzó.,Bitui Pèdru lu Fán.,Pedro le causó vergüenza a Juan.
utyeelu,rutiee lu,-u-tyee # lu,EJG;ND,vA:caus,A,NO,2102,To apply makeup.,Maquillarse.,actions,,JLC;RGL,r.u-tyee # lu,,,,,,,,1,1,Rutiee Mariá lu.,Se pinta María la cara.,,
uxaata,ruxhaata',-u-x.aata,EJG;JLC;ND;RLC;VC;VP,vA:caus,A,NO,2103,"To flatten, to oppress, to crush (lit. to cause to become flat).","Aplastar, oprimir, atropellar (lit. hacer que se aplaste).",actions,,,r.u-xaata,g.u-xa!ata (),bi-xaata,,,,,,3,1,Ruxhaata' Fán yaga.,Tumba Juan el palo.,,
uxadxe7,ruxhadxé',-u-x.adxe!7,EJG;ND;RLC;VP,vA:caus,A,NO,2104,To untie.,"Desatar, desamarrar.",actions,,JLC;RLC,"(3s,1s) r.u-x.adxe!7; ~  r.u-x.edxe!7",gu-x.adxe!7,bi-x.adxe!7,,,(p. 1¦ pers.) z.u-x.adxe!7,,,4,4,Bixhadxé'.,Desátalo.,Bixhadxé' Fán doo.,Juan desató la riata.
uxage7,ruxhagué',-u-x.age!7,EJG;RLC;VP,vA:caus,A,NO,2105,To untie.,"Desatar, desamarrar.",actions,,RLC,r.u-x.age!7; ~ r.u-x.ege!7,g.u-x.age!7,bi-x.ege!7; ~ bi-x.age!7,,,z.u-x.age!7; ~ zu-x.ege!7,,,4,1,Ruxhagué' Mariá doo.,Desata María el cordón.,,
uxalle7,ruxhalé',-u-x.alle!7,EJG;JLC;ND;RGL;RLC;VP,vA:caus,A,NO,2106,"To open up (lit. to cause to become open). By extension, to separate, to perform an autopsy.","Abrir (lit. hacer que se abra). Por extensión, separar, efectuar una autopsia.",actions,,EJG;RLC,r.u-x.alle!7; ~ r.u-x.elle!7,g.u-x.alle!7; ~ g.u-xelle!7,bi-x.alle!7; ~ bi-xelle!7,k.u^-xalle!7; ~ k.u^-xelle!7,,,,,4,4,Para guxhelé'lu'.,Para que lo abras.,Rutaagu' ne ruxhalé'.,Hace que se cierre y se abra.
uxedxe7,ruxhedxé',-u-x.edxe!7,EJG,vA:caus,A,NO,2107,To untie.,"Desatar, desamarrar.",actions,,RLC,r.u-x.edxe!7,g.u-x.e!dxe!7,bi-x.edxe!7,,,(1s) z.u-x.edxe!7,,,4,1,Má bixhedxé' Fán yùzè.,Ya soltó Juan a la res.,,
uxidxi,ruxhidxi,-u-x.idxi,EJG;JLC;ND;RGL;RLC;VC;VP,vA:caus,A,NO,2108,"To cause to sound or ring, to play an instrument.","Hacer sonar, tocar (ej. un instrumento, la puerta).",actions,,,r.u-x.idxi,g.u-x.i!dxi (),bi-x.idxi,k.u-x.i!dxi,,,,,4,6,Bixhidxinà' ra puertá'.,Toca la puerta con la mano.,Cuxhidxi chicòte.,Está tronando el chicote.
uxii,ruxii,-u-x.ii,EJG;JLC;ND;RGL;RLC;VP,vA:caus,A,NO,2109,"To tighten. By extension, to tie around the waist, to wring, to milk.","Apretar. Por extensión, ceñir, exprimir, ordeñar.",actions,,,r.u-xii,g.u-xi!i (),bi-xii,k.u-xi!i,,z.u-xii,,,5,5,Bixhii Chenta ti lari ñee.,Chenta amarró un trapo en su pie.,Bixhii doocà lu yagadi'.,Amarra esa cuerda en este árbol.
uxii-2,ruxhiì,-u-x.ii*,EJG;JLC;ND;RGL;RLC;VP,vA:caus,A,NO,2110,"To cause to spill or overflow, in reference to water.","Derramar, tirar, regar, en referencia al agua (lit. hacer que se derrame).",actions,,EJG;JLC;RGL;RLC,r.u-x.ii*,g.u-x.ii* (I),bi-x.ii*,k.u-x.ii*,,z.u-x.ii*,,,5,3,Bixhiì xcuídi nisa.,El niño derramó agua.,Cuxhiì.,Está derramando.
uxiinye,ruxhiiñe',-u-x.iinye,EJG;JLC;ND;RLC;VC;VP,vA:caus,A,NO,2111,To cause to go out of order or break down and no longer function.,Descomponer (lit. hacer que se descomponga).,actions,,,r.u-x.iinye,g.u-x.i!inye,bi-x.iinye,k.u-x.i!inye,,,,,4,2,Bixhiiñe' Fàna labadòra xtì'.,Juana descompuso su lavadora.,Cuxhíiñe'.,Está descomponiendo.
uxudxi,ruxhudxi,-u-x.udxi,EJG;JLC;ND;VP,vA:caus,A,NO,2112,To cause to get drunk.,"Emborrachar, embriagar (lit. hacer que se embriague).",actions,,,r.u-x.udxi,g.u-x.u!dxi,bi-x.udxi,,,,,,3,2,Bixhudxi Fán Pèdru.,Juan emborrachó a Pedro.,Ruxhudxi nisa dxú'ni' binnì.,El mezcal emborracha a la gente.
uxundxi,ruxhundxì,-u-x.undxi*,RLC,vA:caus,A,NO,2113,To cause to scrunch up or wrinkle up.,Hacer que se encoja o se arrugue.,actions,,,r.u-xundxi*,g.u-xu*ndxi*,bi-xundxi*,,,,,,3,2,Bixhundxì (g)ubà bicuini nà'.,La artritis le enchuecó el dedo.,Bixhundxì gui plàsticu.,La lumbre dobló el plástico.
uxupi,ruxhupi,-u-x.upi,RLC,vA:caus,A,NO,2114,To kiss each other.,Besarse mutuamente.,actions,,,r.u-x.upi,g.u-x.u!pi,bi-x.upi ,k.u-x.u!pi,,,,,4,1,Cuxhúpi Fán nè Fàna.,Juan y Juana se andan besando.,,
uxuubadonda,ruxhuuba'donda,-u-x.uuba=donda,EJG;JLC;ND;RLC;VC;VP,vA:caus,A,NO,2115,"This verb phrase refers to the process of confession of guilt before the person known as bigaana, at the same time that the confessor prepares either the species of Sporobolus spartinus grass known as gizhi donda or totomoxtle as a guilt necklace to later splash it with blood and burn it.","Esta frase verbal se refiere al proceso de confesión de culpas ante la persona conocida como bigaana, al mismo tiempo que el confesante prepara ya sea la especie de pasto Sporobolus spartinus conocida como gizhi donda o totomoxtle a manera de collar de culpas para después salpicarlo de sangre y quemarlo.",cultural practices,,,r.u-x.uuba=donda,g.u-x.u!uba=donda,bi-x.uuba=donda,k.u-x.u!uba=donda,,,ni-x.u!uba=donda,,5,6,Cuxhúuba'donda.,Se está confesando.,Guxhúubadonda.,Que se confiesen.
uxuubakwiini,ruxhuuba'cuiini',-u-x.uuba=kwiini,EJG;ND;RLC;VC;VP,vA:caus,A,NO,2116,To hem.,Hacer el dobladillo o la bastilla.,clothing and adornment,,,r.u-x.uuba=kwiini,g.u-x.u!uba=kwiini,bi-x.uuba=kwiini,,,,,,3,4,Guxhúubacuiini' Mariá ti fàlda.,Que costure María la falda.,Má bixhuuba'cuiini' Mariá ti fàlda.,Ya costuró María la falda.
uxuuna,ruxhuuna',-u-x.uuna,EJG;ND;RLC,vA:caus,A,NO,2117,"To laxate (lit. to cause to poop). By extension, to beat someone intensely to the point of causing them to defecate.","Laxar (lit. hacer cagar). Por extensión, golpear con tal intensidad que se provoque la defecación.",wellness,,JLC,r.u-x.uuna,g.u-x.u!una,bi-x.uuna,,,,,,3,2,Guxhúuna' cuaana' laabe.,Que la lavativa le haga defecar.,Ruxhuuna' papàya binnì.,La papaya hace que la gente defeque.
uxa,ruxha,-u-xa,EJG;ND;RLC;VP,vA:caus,A,NO,2119,"To undo, to destroy, to tear down, to bring down, to disassemble, to erase.","Deshacer, destruir, derrumbar, tumbar, desbaratar, borrar.",actions,,RLC,ru-xa,gu-xa!,bi-xa,k.u-xa!,,z.u-xa,,,5,3,Cuxhá.,Está borrando.,Zuxha.,Borrará.
uxaatayuze,ruxhaata' yùzè,-u-xaata # yu*ze*,EJG;JLC;RLC;VP,vA:caus,A,NO,2120,To herd.,"Arrear, pastorear.",actions,,RLC,r.u-xaata yu^ze*; ~ r.u-xaata # yu*ze*,,,,,,,,1,2,Ruxhaata'be ca' yùzè para chú' currá.,Él corretea al ganado para que entren en su corral.,Ruxhaata' Fán yùzè.,Juan pastorea ganado.
uxaatana7,ruxhaata'nà',-u-xaata=na*7,EJG;RLC;VC,vA:caus,A,NO,2121,"To be hard on someone. By extension, to overfeed cattle.","Cargarle la mano a alguien. Por extensión, dar de comer abundantemente al ganado.",actions,,,r.u-xaata=na*7,,,,,,n.u-xa!ata=na*7,,2,3,Quí nuxháatanà'dí'be.,No le cargó la mano.,Ruxhaata'nà'be laa.,Le carga la mano.
uxaatanyee,ruxhaata'ñee,-u-xaata=nyee,EJG;JLC;RGL;RLC;VC;VP,vA:caus,A,NO,2122,"To step on, to trample. By extension, to oppress, to humiliate.","Pisar, pisotear. Por extensión, oprimir, humillar.",actions,,,r.u-xaata=nyee,g.u-xa!ata=nyee,bi-xaata=nyee,,,,,,3,3,Bixhaata'ñeebe Fán.,Pisoteó a Juan.,Bixhaata'ñeebeni.,Lo pisó.
uxaku,ruxhacu,-u-xaku,RLC,vA:caus,A,NO,2123,To have sex (lit. to cause to become rough).,Tener sexo (lit. hacerlo áspero).,actions,,,r.u-xaku; ~ r.u-si-xaku,g.u-xa!ku,bi-xaku,,,,,,3,2,Bixhacu Fán Mariá.,Juan hizo el amor con María.,Bixhacu Teu ti cuaana'naxhi xhti' Chata.,Teo tomó una fruta de Chata (i.e. hizo el amor Teo con Chata).
uxeembe,ruxheembe',-u-xeembe,EJG;ND,vA:caus,A,NO,2124,To cause to become deformed or misshapen.,"Apachurrar, deformar.",actions,,JLC;RGL;RLC,,,,ku-xe!embe,,,,,1,1,Cuxheembe'.,Está apachurrando.,,
uxeemberwaa,ruxheembe' ruaa,-u-xeembe # rwaa,EJG,vA:caus,A,NO,2125,"To make faces, whether due to pain, anger or a tantrum.","Hacer muecas o caras ya sea por dolor, enfado o berrinche.",actions,,,r.u-xeembe # rwaa,g.u-xe!embe # rwaa,bi-xeembe # rwaa,k.u-xe!embe # rwaa,,,,,4,1,Ruxheembe'be ruaabe.,Hace muecas con su boca.,,
uxexe,ruxhexhe,-u-xexe,EJG;JLC;ND;RGL;VP,vA:caus,A,NO,2126,"To be broody, to cluck. By extension, for a woman to flirt or show signs of being in love.","Culequear, cacarear. Por extensión, coquetear o demostrar su enamoramiento, dicho de una mujer.",actions,,,r.u-xexe; ~ r.u-xexe*,gu-xe!xe (); ~ gu-xe*xe* (),bi-xexe; ~ bi-xexe*,k.u-xe!xe,,,,,4,4,Cuxhèxhè.,Está coqueteando.,Cuxhèxhè.,Está enamorada/o.
uxirini,ruxhirini,-u-xi=rini,EJG;JLC;ND;RLC;VP,vA:i,A,NO,2127,To break fast.,Desayunar.,actions,,,r.u-xi=rini,g.u-xi!=rini,bi.xi=rini,,,,n.u-xi!=rini,,4,6,Bixhirini Fán.,Desayunó.,Bixhirinilu'; Bixhurinilu'.,Desayunaste.
uxidxina7,ruxhidxinà',-u-xidxi=na*7,EJG;JLC;ND;RLC;VP,vA:caus,A,NO,2128,"To cause to sound using the hand, to knock the door","Hacer sonar con la mano, tocar la puerta.",actions,,EJG;JLC;RGL;RLC,r.u-xidxi=na*7,,,,,,n.u-xi!dxi=na*7,,2,4,Bixhidxinà' Fán.,Juan tocó (la puerta).,Cuxhídxinà'.,Hace sonar con la mano.
uxidxirwaa,ruxhidxiruaa,-u-xidxi=rwaa,EJG;JLC;RLC,vA:caus,A,NO,2129,"To tut, to smack the lips.","Tronar la boca, chasquear la boca.",actions,,,r.u-xidxi rwaa,,,,,,,,1,1,Ruxhidxiruaa Fán.,Juan suena la boca (cuando come).,,
uxii-3,ruxii,-u-xii,EJG;JLC;ND;RGL;RLC;VP,vA:caus,A,NO,2130,To cause a plot of land to become full of brush or wild growth.,Hacer que un terreno se llene de hierba o maleza.,actions,,EJG;ND;RLC,r.u-xii,g.u-xi!i (),bi-xii,k.u-xi!i,,z.u-xii,,,5,2,Bixhii guixi lu pàtiu.,Creció zacate en el patio.,Zuxhii.,Va a hacer que se llene de hierbas (el terreno)
uxiidoo,ruxhii doo,-u-xii # doo,EJG,vA:caus,A,NO,2131,To tie up with a rope.,Apretar o amarrar con lazo.,actions,,,r.u-xii # doo,,bi-xii # doo,,,,,,2,1,Ruxhii Fán doo yanni yùzè (gu)icá yaga.,Amarra Juan un mecate a la vaca para amarrarla a un palo.,,
uxiiike,ruxhii ique,-u-xii # ike,EJG;RLC,vA:caus,A,NO,2132,"To tie a piece of cloth tight around the head, ex. to alleviate a headache.","Ceñirse la cabeza, ej. para aliviar un dolor de cabeza.",actions,,,r.u-xii ike,,,,,,,,1,1,Ruxhiibe iquebe.,Se amarra su cabeza (con un trapo).,,
uxiindaani,ruxhii ndaani',-u-xii # ndaani,EJG;JLC;VP,vA:caus,A,NO,2133,To tie the waist tight.,"Ceñir la cintura, fajar la cintura.",actions,,RLC,r.u-xii ndaani,,bi-xii ndaani,,,,,,2,2,Ruxhii Fàna ndaani' nè doo.,Se amarra Juana la cintura con un mecate.,Ruxhii Fàna ndaani' nè doo para chí topà yaga.,Se amarra Juana un mecate en la cintura para ir por leña.
uxiiyanni,ruxhii yanni,-u-xii # yanni,JLC;VP,vA:caus,A,NO,2134,To strangle (lit. to cause the neck to be tightened).,Ahorcar (lit. hacer que se apriete el cuello).,actions,,EJG;JLC;RGL;RLC,,,bi-xii # yanni,,,,,,1,0,,,,
uxiizhii,ruxhii xii,-u-xii # zhii,EJG;RGL;RLC;VP,vA:caus,A,NO,2135,To blow one's nose (lit. to cause the nose to be expressed).,Sonarse la nariz (lit. hacer que se exprima la nariz).,actions,,,r.u-xii # zhii,g.u-xi!i # zhii (),bi-xii # zhii,k.u-xi^i # zhii,,,,,4,6,Cuxhíi xii.,Se está exprimiendo la nariz.,(G)uxhíi xii.,Que suene su nariz.
uxiidi,ruxhiidi',-u-xiidi,RLC,vA:caus,A,NO,2136,"To cause to become entangled in relation to hair, or gnarled in relation to wild plant growth.","Hacer que se enmarañe, ya sea con relación al cabello o a la maleza.",actions,,,r.u-xiidi,g.u-xi!idi,bi-xiidi,,,,,,3,2,Bixhiidi' lu pàtiu xtì' Ròsa.,Se llenó de maleza el patio de Rosa.,Ruxhiidi' bi (gu)icha ique dxaapa' huiini'.,El aire enreda el pelo de la niña.
uxuubabere,ruxhuuba' bere,-u-xuuba # bere,EJG;JLC;ND;RLC;VC;VP,vA:caus,A,NO,2137,To set a hen to brood.,Poner a una gallina a que empolle sus huevos.,animals,,,r.u-xuuba # bere,(g).u-xu!uba # bere,bi-xuuba # bere,ku-xu!uba # bere,,,,,4,3,Bixhuuba' bere.,Puso a la gallina a empollar.,Cuxhúubabe bere.,Está haciendo que la gallina empolle.
uxuubageta,ruxhuuba' gueta,-u-xuuba # geta,EJG;ND,vA:caus,A,NO,2138,To lay a tortilla flat on a griddle to cook it.,Hacer que se extienda la tortilla sobre un comal para que se cueza.,actions,,EJG;RLC,r.u-xuuba # geta,,,ku-xu!uba # geta,,,,,2,2,Cuxhúuba' gueta.,Está poniendo las tortillas a cocer.,Ruxhuuba' Fàna gueta lu dxia.,Cuece las tortillas en el comal.
uxuubalaga,ruxhuuba' laga,-u-xuuba laga,EJG;ND;RGL;VC,vA:caus,A,NO,2139,To blink.,Parpadear.,actions,,,r.u-xuuba laga,g.u-xu!uba laga,bi-xuuba laga,ku-xu!uba laga,,,,,4,1,Cuxhuuba' laga.,Está parpadeando.,,
uxuubalu,ruxhuuba' lu,-u-xuuba lu,VC,vA:caus,A,NO,2140,To cause the face to extend or become distorted.,Hacer que se extienda o distorsione la cara.,actions,,RLC,,,,,,,,,0,0,,,,
uxuubirii,ruxhuubì' rii,-u-xuubi* rii,EJG;ND,vA:caus,A,NO,2141,Jímenez Girón (1979:200) defines this verb as to smooth or draw lines on a clay jug before it is fired.,"Jiménez Girón (1979:200) define este verbo como ""alisar o trazar rayas en al cántaro antes de ser cocido"".",processes,,RLC,r.u-xuubi* ri!i,,,,,,,,1,0,,,,
uxuunilu,ruxhuuni' lu,-u-xuuni # lu,EJG;JLC;ND;RLC;VP,vA:caus,A,NO,2142,To squint and contract the face as a reaction to burning or to sourness.,Apretar los ojos como reacción a un ardor o a algo agrio.,actions,,EJG;RLC,r.u-xuuni # lu; ~ r.u-si-xuuni,(g)-xu!uni # lu,bi-xuuni # lu,,,z.u-xuuni # lu,,,4,4,Cana(g)uxhuuni'lu Mariá tàntu napà yuuba'.,María anda con los ojos cerrados de tanto dolor que tiene.,Ruxhuuni'lu Fán òra re' nisa narànja naì'.,Hizo gesto a la hora que tomó agua de naranja agria.
uxuxu,ruxhuxhù,-u-xuxu*,EJG;JLC;ND;RLC;VP,vA:caus,A,NO,2143,"To cause to become brittle, as when something like a tortilla is toasted. By extension, to toast.","Hacerlo quebradizo, dicho de cuando se tuesta algo como una tortilla. Por extensión, tostar.",actions,,,r.u-si-xuxu*,g.u-xu*xu*,bi-xuxu*; ~ bi-si-xuxu*,k.u-xu^xu*,,,,,4,2,Cuxhùxhù.,Está tostando.,Ruxhuxhù biziaà.,Tuesta cacao.
uxya,ruxhia,-u-xya,EJG;JLC;RLC;VP,vA:caus,A,NO,2144,"To undo, to destroy, to tear down, to bring down, to disassemble, to erase.","Deshacer, destruir, derrumbar, tumbar, desbaratar, borrar.",actions,,,r.u-xya,g.u-xya!,bi-xya,,,,,,3,4,Bixhiabe lidxi.,Destruyó su casa.,Cuxhiá.,Está borrando.
uyaa,ruyaà,-u-yaa*,EJG;JLC;ND;RGL;RLC;VP,vA:caus,A,NO,2145,To dance.,Bailar.,music and dance,,,r.u-yaa*,g.u-yaa* (I),bi-yaa*,ku-yaa*,,z.u-yaa*,,,5,6,Cuyaàbe.,Está bailando.,Cuyaàlu'.,Estás bailando.
uyaana,ruyaana',-u-yaana,EJG;JLC;ND;RLC;VP,vA:caus,A,NO,2146,"To feed, to nourish, to provide for.","Dar de comer, alimentar, mantener.",actions,,,r.u-yaana,gu-ya!ana (),bi-yaana,k.u-ya!ana,,,,,4,6,Cuyáanabe.,Está dando de comer.,Cuyaana'du.,Estamos dando de comer (excluyendo al que escucha).
uyaanaba7dxi,ruyaana' bá'dxi',-u-yaana # ba!7dxi,RLC,vA:caus,A,NO,2147,To rap someone on the head.,Dar coscorrones.,actions,,,r.u-yaana # ba!7dxi,,,,,,,,1,1,Ruyaana' Fán bá'dxi' Pèdru.,Juan le da de cocotazos a Pedro.,,
uyaanaxpinni,ruyaana' xhpinnì,-u-yaana # x-pinni*,JLC;RLC,vA:caus,A,NO,2148,"To feed one's family, to provide for one's family.","Alimentar a su familia, mantener a su familia.",subsistence,,,r.u-yaana # x.pinni*,,,,,,,,1,1,Ruyaana' Fán xpinnì.,Juan da de comer a su gente.,,
uyaanaxi,ruyaana'xhì,-u-yaana=xi*,JLC;RLC,vA:caus,A,NO,2149,To serve dinner (lit. to feed dinner).,Dar de cenar (lit. alimentar (con) la cena).,actions,,,r.u-yaana=xi*,gu-ya!ana=xi*,bi-yaana=xi*,ku-ya!ana=xi*,,,,,4,1,Biyaana'xhì Fàna Pèdru.,Juana le hizo de cenar a Pedro.,,
uyubi,ruyubì,-u-yubi*,EJG;JLC;ND;RLC;VC;VP,vA:caus,A,NO,2150,To look or search for something.,Buscarlo.,actions,,RLC,r.u-yubi*,gu-yu*bi* (I),bi-yubi*,,,z.u-yubi*,,,4,6,Cana (g)uyùbì.,Anda en busqueda.,Cana(g)uyùbì lii.,Te andaba buscando.
uyubidiidxa,ruyubì diidxa',-u-yubi* # diidxa,JLC;RLC,vA:caus,A,NO,2151,To get into an argument (lit. to search for word).,Buscar pleito (lit. buscar palabra).,actions,,RLC,r.u-yubi* di^idxa,,,,,,,,1,1,Ruyubì Fán diidxa' (nè pèdru).,Juan provoca (a Pedro).,,
uyubimodogibani,ruyubì mòdo (gu)ibànì,-u-yubi* # mo*do (g)i-ba*ni*,JLC;RLC,vA:caus,A,NO,2152,To make a living (lit. to find the way to live).,"Buscarse la vida, ganarse la vida.",subsistence,modo,,,,,,,,,,0,0,,,,
uyubinezagibani,ruyubì neza guibànì,-u-yubi* # neza gi-ba*ni*,JLC;RLC,vA:caus,A,NO,2153,To make a living (lit. to find the way to live).,"Buscarse la vida, ganarse la vida.",subsistence,,JLC,r.u-yubi* ne^za i-ba*ni*,,,,,,,,1,2,Ruyubì Fán neza (gu)ibànì.,Juan busca la manera de vivir.,Ruyubì neza (gu)ibànì; Ruyubì mòdo (gu)ibànì.,Busca la manera de vivir.
uza7,ruza',-u-z.a7,EJG;JLC;ND;RLC;VP,vA:caus,A,NO,2154,"To make, to manufacture, to build, to construct.","Hacer, realizar, elaborar, confeccionar, fabricar, construir, edificar.",processes,,,r.u-z.a7,gu-z.a!7 (),bi-z.a7,k.u-z.a!7,,z.u-z.a7,n.u-z.a!7,,6,6,Cuzá'sìbeni.,Lo está haciendo así nomás.,Cuzóu'; Cuzá'lu'.,Estás elaborando.
uzaaki,ruzaaqui',-u-z.aaki,EJG;JLC;ND;RGL;RLC;VP,vA:caus,A,NO,2155,"To burn, to set on fire, to incinerate (lit. to cause to burn).","Quemar, incendiar, incinerar, prenderle lumbre (lit. hacer que se queme).",actions,,,r.u-z.aaki,g.u-za!aki (),bi-zaaki,k.u-z.a!aki,,z.u-z.aaki,,,5,4,Bizaaqui' Fàna ñee Fán nè pèdru.,Juana engañó a Juan con Pedro.,Cuzá'qui'.,Está quemando.
uzaande,ruzaande',-u-z.aande,RGL;RLC;VP,vA:caus,A,NO,2156,To cook corn kernels with lime for nixtamalization.,Poner el maíz a cocer con cal para nixtamal.,processes,,JLC;RLC,r.u-z.aande,g.u-z.a!ande,bi-z.aande,ku-z.a!ande,,,,,4,4,(Gu)irà dxi ruzaande'be xubá'.,Todos los días cuece maíz.,Má bizandebe xubá'.,Ya coció el maíz.
uzaandezhuba7niyaa,ruzaande' xubá' niyaà,-u-z.aande # zhuba!7 ni-yaa*,EJG;JLC;RLC,vA:caus,A,NO,2157,For corn kernels to be cooked in water and lime prior to grounding for nixtamalization.,Cocer el maíz para nixtamal.,processes,,RLC,r.u-z.aande # zhuba^ nyaa*,,,,,,,,1,3,Ruzaande'cabe xubá' niyaà.,Cuecen maíz para hacer nixtamal.,Ruzaande' Fàna xubá' niyaà.,Juana cuece maíz para nixtamal.
uzaandenyeyaa,ruzaande' ñè yaa,-u-z.aande nye* yaa,EJG;RLC,vA:caus,A,NO,2158,To lightly cook corn for a drink that resembles porridge but is lighter and smoother.,Cocer ligeramente el maíz para hacer atole.,processes,,,r.u-z.aande nee ya!a; ~ r.u-z.aande nye* ya^a,,,,,,,,1,1,Má bizaande' ñè yaa para nisiaaba'.,Ya coció el maíz para el atol.,,
uzaandezhubaande,ruzaande' xubáande,-u-z.aande zhub=a!ande,EJG,vA:caus,A,NO,2159,To cook corn until kernels break open. The corn is then made into a drink.,Cocer el maíz hasta que se reviente para hacer pozol.,processes,,EJG,r.u-z.aande zhub=a!ande ; ~ r.u-z.aande zhuba!' zhub=a!ande ,,,,,,,,1,1,Cuzáande Ròsa xubá' xubáande.,Cuece Rosa el maíz para el pozol.,,
uzaani,ruzaani',-u-z.aani,EJG;JLC;ND;RGL;RLC;VP,vA:caus,A,NO,2160,To cause to shine or reflect light.,"Hacer brillar, hacer resplandecer.",actions,,EJG;JLC;RGL,r.u-z.aani,gu-z.a!ani (),bi-z.aani,k.u-za!ani,,z.u-z.aani,,,5,5,Bizaani' xtuxhu biaani'.,Brilló fuerte la luz.,Cusià para guzáani.,Está limpiando para dar brillo.
uzaanitipa,ruzaani'tipa,-u-z.aani=tipa,EJG;JLC;ND,vA:caus,A,NO,2161,To cause to shine or reflect light intensely.,Hacer brillar o resplandecer con fuerza.,actions,,,r.u-zaani=tipa,,,k.u-za!ani tipa,,,,,2,4,Cuzáanitipa.,Está haciendo brillar (la luz) intensamente.,Cuzáanitipa beeù.,Está alumbrando fuerte la luna.
uzeechu,ruzeechu',-u-z.eechu,EJG;JLC;ND;RLC;VP,vA:caus,A,NO,2162,"To fold, to roll up.","Doblar, plegar, enrollar.",actions,,RLC,r.u-zeechu,gu-ze!echu (),bi-zeechu,,,z.u-z.eechu,,,4,4,Bizeechu' gueta.,Enrolla la tortilla. (imperativo),Bizeechu' lari.,Dobla la ropa. (imperativo)
uzeechugizhi,ruzeechu' guixi,-u-z.eechu # gizhi,EJG;ND;VC;VP,vA:caus,A,NO,2163,To smoke marihuana.,Fumar marihuana.,actions,,,r.u-zeechu # gizhi,gu-ze!echu # gizhi,bi-zeechu # gizhi,,,,,,3,0,,,,
uzeeke,ruzeeque',-u-z.eeke,EJG;JLC;ND;RLC;VP,vA:caus,A,NO,2164,To cause to turn or spin.,Hacer girar o dar vueltas.,actions,,EJG;JLC;ND;RGL;RLC,r.u-z.eeke,gu-z.e!eke (),bi-z.eeke,k.u-z.e!eke,,z.u-z.eeke,,,5,2,Cuzéeque'.,(Lo) está haciendo girar.,Ruzeeque'beni.,Le da vueltas (ej. a una pirinola).
uzeekendaani,ruzeeque'ndaani',-u-z.eeke=ndaani,JLC;RLC,vA:caus,A,NO,2165,To have diarrhea.,"Tener diarrea, tener chorrillo.",actions,,,r.u-z.eeke=ndaani,gu-z.e!eke=ndaani,bi-zeeke=ndaani,,,,,,3,3,Guzéequé'ndaané'.,Que me dé chorro (diarrea),Ruzéeque' ndaané'.,Me da chorro.
uzeete,ruzeete',-u-z.eete,EJG;JLC;ND;RGL;RLC;VP,vA:caus,A,NO,2166,"To mention, to remind, to evoke, to allude to.","Mencionar, recordar, evocar, aludir.",actions,,,r.u-z.eete,gu-z.e!ete (),bi-z.eete,k.u-zeete,,z.u-zeete,,,5,4,Cuzéete'cabe lii.,Están hablando de ti.,(G)uzéeté'.,Yo le digo.
uzwiixkizhi,ruzuiì xquixi,-u-z.wii* # x.kizhi,EJG;RLC,vA:caus,A,NO,2167,"Ruminate, to chew the cud (lit. to chew its grass).",Rumiar (lit. mascar su hierba).,actions,,JLC;RGL;RLC,r.u-zwii* # xki^zhi; r.u-z.wii* # x.ki^zhi,,,k.u-zwii^ # x.ki!zhi,,,,,2,2,Cuzuiì yùzè xquixi.,El ganado está masticando su hierba.,Ruzuiì xquixi.,Muele su zacate.
uzanirumalaya,ruzanìrù malàya,-u-za=ni*ru* # ma-la*ya,JLC,vA:caus,A,NO,2168,To make someone regret their actions.,Hacerlo arrepentirse.,actions,,,,,,,,,,,0,2,Ojalá nizá nìrù malàya bia' sì ga malàya detrá reeda'.,Ojalá se arrepintieran antes pero se arrepienten demasiado tarde.,Rusanìrù Fán malàya lu Pèdru.,Juan le hace arrepentir a Pedro.
uzaa,ruzaa,-u-zaa,EJG;JLC;ND;RGL;RLC;VC;VP,vA:caus,A,NO,2169,"To make an object, especially one that is thin and/or pointed and long, go through another, as when threading something onto string, passing water down the throat, or running a comb through hair.","Hacer que un objeto delgado, largo y/o puntiagudo pase a través de otro, como por ejemplo al ensartar algo con una aguja e hilo, al pasar agua por la garganta, o al pasar un peine por el cabello.",actions,,,r.u-zaa,gu-za!a (),bi-zaa,,,z.u-zaa,,,4,6,Bizaabè bixuga ladé'.,Me razguñó la piel,Bizaa begù icu'.,Péinate.
uzaabeguike,ruzaa begù (ique),-u-zaa # begu* (ike),EJG;JLC;RGL;RLC;VP,vA:caus,A,NO,2170,To comb hair.,Peinarse.,actions,,,r.u-zaa begu*,gu-za!a begu* (),bi-zaa begu*,,,,,,3,4,Mariá ruzaa begù ique xiiñi'.,María peina a su hija.,Qué nuzáadíbe bègu ique.,No le peinó.
uzaabizhuga,ruzaa bixugà,-u-zaa # bi-zhuga*,EJG;JLC;ND;RGL;RLC;VP,vA:caus,A,NO,2171,"To scratch, with an emphasis on sinking claws or fingernails into the skin.","Arañar, rasguñar, rascar con énfasis en el hecho de penetrar la piel con las uñas.",actions,,,r.u-zaa # bi-zhuga*; ~ r.u-zaa # xu*ga*; ~ r.u-zaa # zhu*ga*,gu-za!a # bi-zhuga* (); ~ gu-za!a # xu*ga*,bi-zaa # bi-zhuga*; ~ bi-zaa # xu*ga*,,,,,,3,5,Bizaabe bixuga ndaani'be.,"Se rascó la panza (y se la marcó, como en el caso de las mujeres embarazadas).",Bizaame bixugà.,Lo arañó (el animal).
uzaafluuchi,ruzaa fluùchì',-u-zaa # fluu*chi*,EJG;RLC;VC,vA:caus,A,NO,2172,To cut meat or fish in a stripped pattern prior to salting.,Cortar rayas en la carne o en un pescado para que le penetre sal.,actions,,JLC;RLC,r.u-zaa # fluu*chi*,g.u-za!a # fluu*chi*,,,,,,,2,4,Má bizaa fluùchì' ladi benda.,Ya rayó el pescado.,Má uza fluùchì' ladi benda.,Le hace dos rayitas al pescado (para que absorba bien la sal).
uzaanisa,ruzaa nisa,-u-zaa # nisa,EJG;JLC;VP,vA:caus,A,NO,2173,To rinse.,Enjuagar.,actions,,JLC;RGL;RLC,r.u-zaa # nisa,,bi-zaa # nisa,,,z.u-zaa # nisa,,,3,6,́Bizaani'sa laricà́.,¡Enjuaga esa ropa!,Guzáa xcuídi nisa ruaa.,Que se enjuague la boca el niño.
uzaayanni,ruzaa yanni,-u-zaa # yanni,EJG;RLC,vA:caus,A,NO,2174,"To encircle the neck with something, as when wearing a plumeria necklace, or when placing a helicon or a tuba on a musician.","Rodear el cuello con algo, como cuando se cuelga un collar de cacalosúchitl en el cuello, o cuando se coloca un helicón alrededor del cuello de quien lo va a tocar.",actions,,,r.u-zaa # ya^nni,,,,,z.u-zaa # yanni,,,2,1,Ruzaaca'be yanni de guie' cha'chi'.,Se cuelgan cacalosúchitl en el cuello.,,
uzaala7dxi,ruzaa la'dxi',-u-zaa la7dxi,EJG;VP,vA:caus,A,NO,2175,To attend to or to care for.,"Hacer caso a algo, atender algo, preocuparse por algo.",cognition,,,ri-zaa la7dxi,,bi-zaa la7dxi,,,,,,2,0,,,,
uzaabinabi,ruzaabi'nabì,-u-zaa=bi-nabi*,EJG;RLC,vA:caus,A,NO,2176,"To deliver a religious discourse, notably one which would be delivered once a week prior to the celebration of a wedding and which allows, among other things, for the community to be informed about upcoming weddings. It may also refer to the act of offering bread and a drink to bring to an end the celebration that follows three weeks after a young woman leaves with her chosen partner or when a couple celebrates their marriage in a civil ceremony.","Dar la amonestación religiosa previa a un matrimonio que se daría una vez a la semana y que, entre otras cosas, permitiría que la comunidad se entere de los matrimonios que están por celebrarse. También puede referirse al momento en que se ofrece pan y bebida para concluir una celebración tres semanas después de que se huye una novia o cuando una pareja se casa por el civil.",cultural practices,,,,,,,,,,,0,2,Cazáa binabì guchaàgà'nà'cabe.,Se da aviso a la comunidad acerca de los matrimonios (que están por celebrarse).,"Chonnà semàna de bixooñe'be, ra izáa binabì má cá zíluxe.","Tres semanas de que se huyo (el novio con la novia), dan pan y bebida y se acaba la boda."
uzaana7,ruzaanà',-u-zaa=na*7,EJG;RLC,vA:caus,A,NO,2177,To link arms.,Entrelazar los brazos.,actions,,EJG;JLC;RGL,r.u-zaa=na*7,,,,,z.u-zaa=na*7,,,2,2,Qué ruzaanà'dí'cabe.,No entrelazaron los brazos.,Ruzaanà' Fán nè Fàna.,Juan y Juana entrelazan los brazos.
uzaarwaa,ruzaaruaa,-u-zaa=rwaa,EJG;JLC;RLC;VC,vA:caus,A,NO,2178,"To make something pass through the mouth. By extension, to be a good speaker whether in relation to delivering a speech, or in terms of speaking a language well.","Hacer correr algo por la boca. Por extensión, ser buen orador o hablar bien una lengua.",actions,,,r-u-zaa=rwaa,g.u-za!a=rwaa,bi-zaa rwaa,,,z.u-zaa rwaa,,,4,2,Bizaaruaa Javier diidxa' libanà.,Javier declamó bien la poesía.,Ruzaaruaa Fán neza didxaxtiá.,Juan habla correctamente el castellano.
uzaabi,ruzaabi',-u-zaabi,EJG;JLC;ND;RLC;VP,vA:caus,A,NO,2179,"To raise something, especially with the hand, so that someone perceives or acknowledges it. By extension, to owe someone something, especially money.","Elevar algo, sobre todo con la mano, para que alguien lo perciba. Por extensión, deberle algo a alguien, sobre todo dinero.",actions,,EJG;JLC;RGL;RLC,r.u-zaabi,g.u-za!abi,bi-zaabi,k.u-za!abi,,z.u-zaabi,,,5,5,Lìpe ruzaabi' bidxichi lu guidxi.,Felipe contrae deudas en el pueblo.,Mène cuzáabi' ti bayu' lu ti ba'du'dxaapa'.,Mene está elevando con la mano un pañuelo en frente de una muchacha.
uzaabidiidxa,ruzaabi' diidxa',-u-zaabi # diidxa,EJG;JLC;VC;VP,vA:caus,A,NO,2180,"To announce, to communicate, to inform, to disseminate information.","Anunciar, comunicar, relatar, informar, divulgar, propagar, difundir.",communication,,,r.u-zaabi # diidxa,,,,,z.u-zaabi # diidxa,,,2,3,Bizaabi'be diidxa' lu binnì.,Le avisó a la gente.,"Guiiba' ruzaabi' diidxa' lu bi, dxandì' ngà risaca.","En el radio voy a anunciar, la verdad es lo que vale."
uzaabigiiba,ruzaabi' guiiba',-u-zaabi # giiba,EJG;RLC,vA:caus,A,NO,2181,To point a fire arm.,Apuntar con una arma.,actions,,RGL,,,,,,,,,0,1,Bizaabi'cabe guiiba' lu Fán.,Le apuntaron a Juan con la pistola.,,
uzaabigaa,ruzaabi'gaà,-u-zaabi=gaa*,EJG;JLC;RLC,vA:caus,A,NO,2182,"To have something pending, in reference to commitments or responsibilities.","Tener un pendiente, dicho de compromisos y responsabilidades.",actions,,,r.u-zaabi=gaa*,za!7bi=gaa*,bi-zaagi=gaa*,,,z.u-zaabi gaa*,,,4,3,Bizabigaà Fán lunà' Pèdru.,Juan tuvo un pendiente con Pedro.,Ruzaabi'gaà Fán lunà' Pèdru.,Juan tiene un pendiente con Pedro.
uzaabila7dxi,ruzaabi'la'dxi',-u-zaabi=la7dxi,EJG;JLC;ND;VP,vA:caus,A,NO,2183,To crave something.,Antojársele.,actions,,EJG;JLC,,g.u-za!abi=la7dxi,bi-zaabi=la7dxi,,,,,,2,2,Bizaabi' la'dxi'be (gu)endaro.,Le gustó la comida.,Guzáabila'dxi' ni cayó binnì.,Se le antojó lo que está comiendo la gente.
uzaabilu,ruzaabi'lu,-u-zaabi=lu,EJG;RLC,vA:caus,A,NO,2184,"To raise or extend the head to see something. By association, to be nosy.","Elevar o extender la cabeza para ver algo. Por asociación, chismosear.",actions,,,r.u-zabi lu,,bi-zabi lu,k.u-za!abi=lu,,z.u-zaabi=lu,,,4,1,Cana (g)uzabi lu Mariá xì cayùni Fàna.,Anda mirando María que anda haciendo Juana.,,
uzaabina7,ruzaabi'nà',-u-zaabi=na*7,EJG;JLC;ND;RLC;VP,vA:caus,A,NO,2185,To raise or extend the hand as when greeting someone or waving at them.,Elevar o extender la mano como se hace al saludar.,actions,,,r.u-zaabi na*7,,,ku-za!abi=na*7,,z.u-zaabi=na*7,,,3,4,Bizaabinà'be.,Lo saludó de lejos con la mano.,(G)uzáabinà'be.,Que lo salude de lejos con la mano.
uzana,ruzana,-u-zana,VC,vA:caus,A,NO,2186,To provide for financially.,Mantener económicamente.,subsistence,,,,,,,,,,,0,0,,,,
uzee,ruzee,-u-zee,EJG;JLC;ND;RGL;RLC;VC;VP,vA:caus,A,NO,2187,"To scatter, to spread around. By extension, to irrigate. This verb is also used to describe the action of tracing designs, ex. with sugar on bread known as ""marquesote"".","Regar, irrigar. También se utiliza para describir la acción de trazar diseños, ej. con azúcar sobre el pan conocido como marquesote.",actions,,,r.u-zee,gu-ze!e (),bi-zee,k.u-ze!e,,z.u-zee,,,5,7,Cazée.,Se está regando (ex. agua); Se está dibujando (ej. trazos con azúcar espolvoreada).,Cazée lu lari chígaca bizuudi'guie' xti' Nela.,Se está dibujando sobre la tela que será la enagua bordada de Nela.
uzeelu,ruzeelu',-u-zee=lu,EJG;JLC;ND;RLC;VP,vA:caus,A,NO,2188,To make the sign of the cross on oneself.,Persignarse.,actions,,,r.u-zee=lu,,bi-zee=lu,k.u-zee lu,,z.u-zee lu,,,4,3,Cuzéelu.,Se está persignando.,Guzeelu.,Que se persigne.
uzeerwaa,ruzeeruaa,-u-zee=rwaa,RLC,vA:caus,A,NO,2189,"To speak competently, generally in reference to a language.","Hablar competentemente, dicho generalmente de una lengua.",communication,,,r.u-zee rwaa,,,,,,,,1,2,Ruzeeruaabe didxazá.,Sabe hablar bien el didxazá.,Ruzee ruaabe diidxa'xtiá.,Sabe hablar bien español.
uzeetela,ruzeete' la,-u-zeete # la,EJG;ND,vA:caus,A,NO,2190,"To call someone's name, to do a roll call.","Mencionar el nombre de una persona, pasar lista.",actions,,JLC;RGL;RLC,,,,,,z.u-zeete # la,,,1,2,Zuzeete'ca'be la ca' xcuídi huiini' chí caà diplòma.,Van a mencionar el nombre de los niños que les van a dar diploma.,Zuzeete' la.,Pasará lista (ej. de los alumnos de la clase).
uzeetenala7dxi,ruzeete'nala'dxi',-u-zeete=na-la7dxi,JLC;RLC;VC,vA:caus,A,NO,2191,"To mention, to remind, to evoke, to allude to.","Mencionar, recordar, evocar, aludir.",actions,,,r.u-zeete=na-la7dxi,,,,,,n.u-ze!ete=na-la7dxi,,2,2,Qué nuzéetenala'dxi'dí'be.,No se acordó.,Ruzeete' nala'dxi' Fán la Fàna.,Menciona Juan el nombre de Juana.
uzelle7,ruzelé',-u-zelle!7,EJG;JLC;ND;RGL;RLC;VP,vA:caus,A,NO,2192,To burp.,Eructar.,actions,,EJG;JLC;ND;RLC,r.u-zelle!7; ~ <r.u-zele7>,g.u-zelle!7 (),bi-zelle!7,k.u^-zelle!7,,z.u-zelle7,,,5,5,Bizelé'.,Eructé.,Cúzélé'.,Está eructando; Estoy eructando.
uzembe7,ruzembé',-u-zembe!7,EJG;ND;RLC,vA:caus,A,NO,2193,To eat voraciously.,Comer vorazmente.,actions,,,r.u-zembe!7,g.u-zembe!7,bi-zembe!7,,,z.u-zembe!7,,,4,2,Ruzembé' Fán xtalè gueta.,Come mucha tortilla Juan.,Zuzembé'.,Engullirá.
uzhanamani7,ruxana maní',-u-zhana # mani!7,RLC,vA:caus,A,NO,2194,"This verb refers to the risk that a pregnant woman is considered to run if she defecates in the woods. Because animals also defecate there, it is believed that an animal may invade the woman and eat the fetus. In that case, after six months of pregnancy, the woman goes into labor, the dead animal is expelled, but the fetus is no more.","Este verbo hace referencia al riesgo que se considera que corre una mujer embarazada si defeca en el monte. Debido a que los animales también defecan ahí, se considera que puede ocurrir que a la mujer la invade un animal que se come al feto. En ese caso, al cabo de seis meses de embarazo hay dolores de parto y sale el animal muerto, pero ya no hay feto.",wellness,,,,,,,,,,,0,0,,,,
uzhidxi,ruxidxì,-u-zhidxi*,EJG;JLC;ND;RGL;RLC;VP,vA:caus,A,NO,2195,To laugh.,Reír.,actions,,RLC,r.u-zhidxi*,g.u-zhi*dxi* (I); ~ g.u-zhi!dxi*; ~ g.u-xhi*dxi*,bi-zhidxi*,k.u-zhi^dxi*,,z.u-zhidxi*,,,5,3,Rusixidxìbeni.,Se rie él de eso.,Ruxidxì.,Se ríe.
uzhidxisa,ruxidxìsa,-u-zhidxi*=sa,EJG;JLC;RLC,vA:caus,A,NO,2196,"To burst in laughter, to split one's sides laughing, to laugh loudly.","Reír a carcajadas, desternillarse de risa, reír a mandíbula batiente.",actions,,,r.u-zhidxi* sa!; ~ r.u-zhidxi sa; ~ r.u-zhidxi sa!,,,ku-zhi^dxi* sa!,,z.u-zhidxi* sa!,,,3,1,Ruxidxìsa Fán (de Pèdru).,Se ríe mucho Juan (de Pedro).,,
uzhidxiwiini,ruxidxìhuiini',-u-zhidxi*=wiini,EJG;JLC;RLC,vA:caus,A,NO,2197,"To laugh a little, to smile.","Reír levemente, Sonreír un poco.",actions,,,r.u-zhidxi* wi!ini; ~ r.u-zhidxi wi!ini,,,,,,,,1,1,Ruxidxì huiini' Fán.,Juan sonríe ligeramente.,,
uzhoonye,ruxooñe',-u-zhoonye,EJG;JLC;ND;RGL;RLC;VP,vA:caus,A,NO,2198,"To run. By extension, to flee, to escape.","Correr. Por extensión, huir, fugarse, escapar.",actions,,RGL;RLC,r.u-zhoonye,gu-zho!onye,bi-zhoonye,,,z.u-zhoonye,,,4,7,"Béete ruxooñe', ngà runi quí nináaze' dxù' laa.","Béete huyó, por eso no lo aprehendieron los soldados.",Chú (g)uxóoñe'ca'be carrèra.,Van a ir a correr una carrera.
uzhoonyelunisa,ruxooñe' lu nisa,-u-zhoonye # lu nisa,RGL;RLC,vA:caus,A,NO,2199,To navigate (lit. to run on the water).,Navegar (lit. correr en el agua).,actions,,,r.u-zhoonye # lu nisa,gu-zho!onye # lu nisa,bi-zhoonye # lu nisa,,,,,,3,2,Ruxooñe' balaaga' lu nisa.,Corre el cayuco en el agua.,Ruxooñe' lu nisa.,Corre en el agua (ej. un barco de motor).
uzhoonyewiini,ruxooñe' huiini',-u-zhoonye wiini,,vA:caus,A,NO,2200,"To trot, to jog.",Trotar.,actions,,,,,,,,,,,0,1,Zíguxooñe' huiini'.,Se va trotando.,,
uzhoonyelu,ruxooñe'lu,-u-zhoonye=lu,EJG;JLC;VP,vA:caus,A,NO,2201,"To escape, to flee, to hide from others.","Escaparse, fugarse, esconderse de la gente.",actions,,,r.u-zhoonye lu,,bi-zhoonye lu,,,,,,2,1,Ruxooñe'lu Fán de binnì.,Juan se esconde de la gente (ex. porque debe dinero).,,
uzhoonyena7,ruxooñe'nà',-u-zhoonye=na*7,EJG;RGL,vA:caus,A,NO,2202,For the hand to slip.,Resbalarse la mano.,actions,,,r.u zhoonye=na*7,gu-zho!onyee=na*7,bi-zhoonye=na*7,,,,,,3,1,Bixooñe'nà'be.,Se le resbaló la mano.,,
uzhoonyene,ruxooñe'nè,-u-zhoonye=ne*,EJG;ND;RLC,vA:caus,A,NO,2203,To elope (lit. to run away with the woman).,Fugarse con la novia.,actions,,RLC,r.u-zhoonye=ne*,g.u-zho!onye=ne*,bi-zhoonye=ne*,,,zu-zhoonye=ne*,,,4,3,Bixooñe'nè Fàna nguiiu'.,Juana se huyó con el hombre.,Bixooñe'nè Fán gunaa.,Se huyó Juan con la mujer.
uzhoonyenyee,ruxooñe'ñee,-u-zhoonye=nyee,EJG;ND;RGL;RLC,vA:caus,A,NO,2204,"To slip, to skid.",Resbalarse.,actions,,,r.u zhoonye=nyee,gu-zho!onyee=nyee,bi-zhoonye=nyee,,,,,,3,2,Bixooñe'ñee.,Se resbaló pero no se cayó.,Bixooñe'ñeebe.,Se le resbaló el pie.
uzhuubakwiini,ruxuuba' cuiini',-u-zhuuba kwiini,JLC;VP,vA:caus,A,NO,2205,To hem.,Hacer el dobladillo o la bastilla.,actions,,,r.u-zhuba=kwiini,g.u-zhu!ba=kwiini,bi-zhuba=kwiini,,,,,,3,3,Bixuuba'cuiini' Mariá pantalón xtì' Fán.,María le hizo el dobladillo al pantalón de Juan.,Guxuúba' cuiini'.,Que le haga el dobladillo.
uzhuubadonda,ruxuuba'donda,-u-zhuuba=donda,JLC,vA:caus,A,NO,2206,"This verb phrase refers to the process of confession of guilt before the person known as bigaana, at the same time that the confessor prepares either the species of Sporobolus spartinus grass known as gizhi donda or totomoxtle as a guilt necklace to later splash it with blood and burn it.","Esta frase verbal se refiere al proceso de confesión de culpas ante la persona conocida como bigaana, al mismo tiempo que el confesante prepara ya sea la especie de pasto Sporobolus spartinus conocida como gizhi donda o totomoxtle a manera de collar de culpas para después salpicarlo de sangre y quemarlo.",cultural practices,,,,,,,,,,,0,1,Ruxubadonda Mariá nè Pèdru.,María y Pedro van a confesarse.,,
uzhuuzhe,ruxuuxè',-u-zhuuzhe*,EJG;JLC;ND;RGL;RLC;VP,vA:caus,A,NO,2207,To cause to break into pieces.,"Hacer que se despedace, despedazarlo.",actions,,RLC,r.u-zhuuzhe*,gu-zhuu*zhe* (I),bi-zhuuzhe*,k.u-zhuu^zhe*,,z.u-zhuuzhe [CK-PH],,,5,5,Caxuùxè' pán.,Desmorona el pán.,Pà Juán guxuùxè' pán cá lá zuxuùxé' laa.,"Si Juan desmorona el pan, yo voy a desboronar a Juan."
uzhuuzhedu,ruxuuxè'du,-u-zhuuzhe* +du,EJG;JLC;ND;RGL;RLC,vA:caus,A,NO,2208,To cut into small pieces.,Cortar en pedacitos.,actions,,,r.u-zhuuzhe* +du,gu-zhuu*zhe* + du,bi-zhuuzhe* +du,,,z.u-zhuuzhe* +du,,,4,2,Bixuuxè'du Fán yaga.,Juan hizo pedacitos el palo.,Guxuùxè'du.,Que lo haga pedacitos Juan.
uzhwi7lu,ruxui'lu',-u-zhwi7=lu,JLC;VP,vA:caus,A,NO,2209,"To imagine, to remember, to think about someone.","Imaginar, recordar, pensar en alguien.",actions,,,r.u-zhwi7=lu,gu-zhwi!7=lu (),bi-zhwi7=lu,,,,,,3,3,Mariá cuxui'lu xiiñi'.,María está pensando en (lit. imaginando a) su hijo.,Qué nuxuí' ludí' Mariá xiiñi'.,María está imaginando a / pensando en su hijo.
uzhyee,ruxieè,-u-zhyee*,JLC;ND;RLC;VP,vA:caus,A,NO,2210,To make someone be stripped or cleaned out.,Hacer que quede despojado o desvalijado.,actions,,EJG;JLC;ND;RGL;RLC,r.u-zhyee*,g.u-zhyee*,bi-zhyee*,,,,,,3,4,Bisuxieè Fán Pèdru.,Juan le bajó todo su dinero a Pedro.,Cusúxieè.,Le están desvalijando.
uzigila7dxido7,ruzi gui la'dxido',-u-zi gi la7dxi=do7,RGL;RLC,vA:caus,A,NO,2211,"To have heartburn, to have acid reflux.","Tener agruras, tener reflujo ácido.",wellness,,,r.u-zu gi la7dxi=do7,g.u-zu! gi la7dxi=do7,bi-zu gi la7dxi=do7,,,,,,3,2,Bizugui ra yanni.,Sintió (sensación de) calor en el cuello.,Ruzugui ladxido'be.,Tiene agruras.
uzigeda,ruzigueda,-u-zi-geda,EJG;JLC;RLC;VP,vA:caus,A,NO,2212,To create a single file or a vertical pile.,"Poner en fila, ya sea horizontal o verticalmente.",actions,,,r.u-si-geda; ~ r.u-zi-geda; ~ r.u-zu-geda,g.u-si!-geda,bi-si-geda; ~ bi-zu-geda,k.u-zu! geda,,,,,4,1,Má cusúguedabe ca' asièntu cá ti lugárrsì.,Están poniendo las sillas en pilas en un sólo lugar.,,
uzigeenda,ruzigueèndà',-u-zi-gee*nda*,EJG;JLC;RLC,vA:caus,A,NO,2213,To cause to hurry.,Hacerlo apurarse.,actions,,,r.u-si-gee^nda*; ~ r.u-si-gee*nda*,g.u-si!-gee*nda*,bi-si-gee*nda*,,,,,,3,1,Rusigueèndà' xpixuaana' Fán laa.,La persona mayor (a la que le debe respeto) apura a Juan.,,
uzigenda,ruziguenda,-u-zi-genda,RLC;VC;VP,vA:caus,A,NO,2214,"To accept, to agree.","Aceptar, acceder.",actions,,,r.u-si-genda,g.u-si!-genda,bi-si-genda,,,,,,3,2,Ruzuguendabe chè'be dxiiña'.,Acepta ir a trabajar.,Ruzuguendabe chí nèbe xñaabe.,Acepta llevar a su mamá.
uziguchi,ruziguchi,-u-zi-guchi,EJG;ND;RLC;VP,vA:caus,A,NO,2215,To cause to become yellow.,Hacerlo amarillo.,actions,,,r.u-si-guchi,gu-si!-guchi,bi-si-guchi,,,,,,3,1,Rusiguchi gueza laya binnì.,El cigarro le deja amarillo los dientes a la gente.,,
uzika,ruzicà,-u-zi-ka*,EJG;JLC;ND;RLC;VP,vA:caus,A,NO,2216,To cause to lean against something.,"Hacer que se recueste, se recargue, o se apoye.",actions,,RLC,r.u-zi-ka*; ~ r.u-zu-ka*; ~ r.u-su-ka*,g.u-si!-ka*,bi-zi-ka*; ~ bi-zu-ka*,,,z.u-zu=ka*,,,4,6,(G)usícàbeni.,Que lo recargue ahí.,Gusúcà.,Que se apoye ella.
uzilu,ruzilu,-u-zi-lu,EJG;JLC;ND;RLC;VC;VP,vA:caus,A,NO,2217,"To begin, to initiate, to start, to create.","Comenzar, empezar, iniciar, dar principio, crear.",actions,,EJG;VC,r.u-zu-lu; ~ r.u-zi-lu,g.u-zu!-lu,bi-zu-lu; ~ bi-zi-lu,ku-zu!-lu; ~ ku!-zi!-lu,,,n.u-zu!-lu,,5,5,Bizulu primécà lii.,¡Empieza tú primero!,Làlu ruzulu dxiiña' xtì' siado' guie'.,Lalo inicia su trabajo al amanecer.
uzinaande,ruzinaande',-u-zi-naande,JLC,vA:caus,A,NO,2218,"To cause to become thick, in the sense of gaining weight.","Hacerlo grueso, en el sentido de engordarlo.",wellness,,,r.u-zu-naande; ~ r.u-si-naande,gu-zu!-naande,bi-zu-naande,,,,,,3,1,Ruzunaande'be xa'na' Mariá.,Está engordando a María.,,
uzindi7,ruzindì',-u-zi-ndi*7,EJG;JLC;RLC,vA:caus,A,NO,2219,To straighten (lit. to cause to become straight).,Enderezar (lit. hacerlo derecho).,actions,,,r.u-zu-ndi*7,g.u-zu!-ndi*7,bi-zu-ndi*',k.u-zu^ ndi^,,,,,4,1,Fán bizundì' ti yaga lu pàtiu.,Juan paró un palo en el patio.,,
uzinesa,ruzinesa,-u-zi-nesa,EJG;JLC;RLC;VP,vA:caus,A,NO,2220,To cause to urinate.,Hacerlo orinar.,actions,,EJG;JLC;ND;RGL,r.u-si-nesa; ~ r.u-zi-nesa,(g).u-si!-nesa,bi-si-nesa,,,,,,3,1,Rusunesa café binnì.,El café hace orinar a la gente.,,
uzinisa,ruzinisa,-u-zi-nisa,EJG;JLC;RLC;VP,vA:caus,A,NO,2221,"To sweat, to perspire.","Sudar, transpirar.",actions,,,r.u-zu-nisa; ~ r.u-su-nisa,(g)u-si!-nisa; ~ g.u-zu!-nisa; ~ g.u-si!-nisa,bi-si-nisa; ~ bi-zu-isa,k.u*-zu-nisa,,,,,4,2,Rusunisa guiiña' binnì.,El chile hace sudar a la gente.,RuzUnisa Fán xtalè.,Suda mucho Juan.
uzipandu,ruzipandu,-u-zi-pandu,EJG;JLC;ND;RLC;VP,vA:caus,A,NO,2222,"To bend, to buckle (lit. to cause to become bent).","Doblar, enchuecar, encorvar (lit. hacerlo doblado).",actions,,,r.u-zi-pandu; ~ r.u-si-pandu,g.u-si!-pandu,bi-zi-pandu,,,zu-su-pandu,,,4,1,Rusipandube ti tùbu nisa.,Dobla él un tubo para el agua.,,
uziriki7,ruziriquí',-u-zi-riki!7,EJG;JLC;ND;RLC;VP,vA:caus,A,NO,2223,"To turn upside down. By extension, to dive (head first).","Poner de cabeza. Por extensión, echarse un clavado.",actions,,,r.u-zi-riki!7; ~ r.u-zu-riki!7,g.u-zi-riki!7; ~ (g).u-zu!-ri!ki!7,bi-zi-riki!7; ~ bi-zu-riki!7,,,,,,3,4,Bizuriquí' Fán asièntu.,Juan paró de cabeza la silla.,Bizuriquí' Fán ndaani' nisa.,Se echó un clavado Juan en el agua.
uziroo,ruziroo,-u-zi-roo,EJG;RLC;VP,vA:caus,A,NO,2224,To fatten (lit. to cause to become fat).,Engordar (lit. hacer que se haga gordo).,wellness,,EJG;RLC,r.u-si-roo,g.u-si!-roo,bi-su-r.oo,,,z.u-si-roo,,,4,1,Rusiroo pán binnì.,Engorda el pan a la gente.,,
uzi7la7dxi,ruzi' la'dxi',-u-zi7 # la7dxi,JLC,vA:caus,A,NO,2225,To cause to rest.,Hacer descansar.,actions,,,,,,,,,,,0,2,Rizila'dxi' Fán.,Juan descansa.,Rudii Fán Pèdru guzíla'dxi'.,Juan deja que Pedro descanse.
uzi7lu,ruzi'lu',-u-zi7=lu,RLC,vA:caus,A,NO,2226,To imagine.,Imaginar.,actions,,EJG;ND,r.u-zi7 lu fa*na bi-xoze,(g).u-zi!7=lu,bi-zi7=lu fa*na bi-xoze,,,,,,3,4,Bixui'lu Fàna bixhoze.,Se imaginó Juana a su papá.,Cuxuí'lu Fàna bixhoze.,Juana se está acordándo de (imaginando a) su papá.
uzi7rwaa,ruzi'ruaa,-u-zi7=rwaa,RLC,vA:caus,A,NO,2227,To take responsibility for a harmful act that one has committed.,Aceptar o reconocer un daño que uno ha cometido.,actions,,RLC,r.u-zi7=rwaa,g.u-zi!7=rwaa,bi-zi7=rwaa,,,,,,3,4,Bizi'ruaa Fán ni bi'ni' Fàna.,Aceptó Juan lo que le hizo a Juana; Aceptó Juan lo que le hizo Juana.,(G)uzí'ruaa Fán ni bi'ni' Fàna.,Que acepte Juan lo que le hizo a Juana; Que acepte Juan lo que le hizo Juana.
uziini,ruziini',-u-ziini,EJG;JLC;ND;VP,vA:caus,A,NO,2228,"To throw a tantrum, to throw a fit, to protest, to cry.","Encapricharse, hacer berrinche, rezongar, llorar.",actions,,,r.u-ziini,g.u-zi!ini (),bi-ziini,k.u-zi!ini,,z.u-ziini,,,5,4,Cana (g)uzíini'.,Anda encaprichado/a.,Cuzíini'.,Está rezongando.
uzu,ruzu,-u-zu,RLC;VC,vA:caus,A,NO,2229,"To place upright, to cause to stand.","Hacerlo parar, poner de pie.",actions,,,r.u-zu,g.u-zu!,bi-zu,,,,,,3,3,Bizu dxumicà racà.,"Para (coloca) ese cesto, allí.",Bizu ti elàdu ga càda tobicabe.,Dale un helado a cada uno.
uzunisa,ruzu nisa,-u-zu nisa,RLC,vA:caus,A,NO,2230,"To sweat, to perspire.","Sudar, transpirar.",actions,,,,,,,,,,,0,3,Cuzú nisabe.,Está sudando él.,Ruzu nisa ndaani' xcu ñeedè'.,Suda del sobaco.
uzuchuuchi,ruzuchuuchì',-u-zu-chuuchi*,JLC;RLC,vA:caus,A,NO,2231,To cause to become slippery.,Hacer que se ponga resbaloso.,actions,,EJG;ND,r.u-zu-chuuchi*,g.u-zu!-chuuchi*,bi-zu-chuuchi*,,,,,,3,1,Ruzuchuuchì' ná Sònia layu nè nisa xabú.,Hace resbaloso la señora Sonia el piso con agua y jabón.,,
uzugalla,ruzugala,-u-zu-galla,RLC,vA:caus,A,NO,2232,To harden.,Endurecer.,actions,,,,,,,,,,,0,0,,,,
uzugenda,ruzuguenda,-u-zu-genda,EJG;VC,vA:caus,A,NO,2233,"To accept, to agree.","Aceptar, acceder.",actions,,EJG;RLC,,ri-zi-genda,bi-zi-genda,,,,,,2,0,,,,
uzukwe7,ruzucue',-u-zu-kwe7,EJG;ND;RLC,vA:caus,A,NO,2234,"To cause to lean, to tilt, to cant, to place sideways or on one side.","Hacerlo cantearse, inclinarse o ladearse, ponerlo de lado.",actions,,,r.u-zu-kwe7,g.u-zu!-kwe7,bi-zu-kwe7,,,,,,3,2,Bizucue' xa'na'be.,Ponla de ladito (ej. para que le pongan inyección.,Ruzucue'beni cue' yoo.,Lo pone recargado contra la pared.
uzundi7,ruzundì',-u-zu-ndi*7,RLC,vA:caus,A,NO,2235,To straighten (lit. to cause to become straight).,Enderezar (lit. hacerlo derecho).,actions,,RLC,,,,,,,,,0,1,Bizundì' yaga.,Se enderezó el árbol (por sí mismo).,,
uzunisa-2,ruzunisa,-u-zu-nisa,EJG,vA:caus,A,NO,2236,"To sweat, to perspire.","Sudar, transpirar.",actions,,,ri-zu-nisa,,,,,,,,1,1,Ruzunisabe.,Ella/él suda.,,
uzuzhibi,ruzuxibi,-u-zu-zhibi,EJG;JLC;ND;RGL;RLC;VP,vA:caus,A,NO,2237,To cause to kneel.,Hacerlo arrodillarse.,actions,,EJG;ND;RLC,r.u-zu-zhibi; ~ r.u-si-zhibi,gu-su!-zhibi [ ~ (g)u-si!-zhibi,b.i-zu-zhibi; ~ bi-si-zhibi,k.u-zu^ zhibi,,,,,4,5,Bizuxibi.,Arrodíllate.,Cuzúxibi; Cusíxibi.,Se está arrodillando.
uzulu,ruzulu,-u-zu=lu,EJG;VP,vA:caus,A,NO,2238,"Jiménez Girón (1979:201) describes the meaning of this lexeme as to seem, to appear as.","Jiménez Girón (1979:201) describe el significado de este verbo como parecerle, imaginarse, o creer ver.",actions,,EJG;ND;RLC,ri-zu-lu :,,,,,,,,1,1,Ruzululu' sicarù ni ru'nu'.,Piensas que está bien lo que haces.,,
uzuna7,ruzunà',-u-zu=na*7,EJG;JLC;ND,vA:caus,A,NO,2239,"To massage, to rub for healing purposes (lit. for the hand to stand).","Sobar, dar masaje (lit. pararse la mano).",actions,,RLC,r.u-zu-na*; ~ r.u-zu=na*7,gu-zu!=na*7,bi-zu=na*7,,,z.u-zu=na*;  k.u-zu! na*7,,,4,2,Bizunà'.,Sobó.,Guzúnà'.,Que sobe.
uzuwaa,ruzuhuaa,-u-zu=waa,EJG;JLC;RGL;RLC;VP,vA:caus,A,NO,2240,"To stand, to place upright. By extension, to plant trees, to have an erection.","Parar, poner de pie. Por extensión, plantar árboles, tener una erección.",actions,,ND;RGL,r.u-zu-waa; ~ r.u-si-waa;  ~ ru-zi-waa,g.u-zu!-waa; ~ gu-zi!-waa,bi-si-waa; ~ bi-zi-waa; ~ bi-zu-waa; ~ bi-su-waa,k.u-zu!=waa,,z.u-zu=waa,,,5,6,Bizuhuaabe yaga.,Puso un poste.,Racà bizuhuaabeni.,Ahí lo dejo parado.
uzuwaagichaladi,ruzuhuaa guicha ladi,-u-zu=waa # gicha ladi,EJG;VC,vA:caus,A,NO,2241,For the hair on the back of the neck to stand up.,Poner(se)(le) los pelos de punta.,actions,,EJG;ND;RLC,ri-zu # gicha ladi; ~ r-u-zu=waa # gicha ladi,,,,,,n.u-zu!=waa # gicha ladi,,2,2,Bizuhuaa guichaladi Fán.,Se le pararon los pelos a Juan.,Quí nuzúhuaadí' guicha ladi Fán.,No se le pararon los pelos a Juan.
uzuwaaluxtiidxa,ruzuhuaa luxtiidxa',-u-zu=waa # lu+ x.tiidxa,EJG;JLC;VP,vA:caus,A,NO,2242,"To advocate, to defend, to serve as witness.","Abogar, defender, atestiguar.",actions,,,,,,,,,,,0,4,Ni ruzuhuaa lu xtiidxa'.,Abogado. (lit. quien se para ante sus palabras).,Rizuhuaa Fán lu diidxa' xtì' binnì.,Juan aboga por la gente.
uzuwaandaaniyoo,ruzuhuaa ndaani' yoo,-u-zu=waa # ndaani yoo,EJG,vA:caus,A,NO,2243,"To be head of household, to be responsible for a family celebration (lit. to stand inside the house).","Llevar la responsabilidad de un hogar, ser jefa o jefe de familia, hacerse cargo de una celebración familiar (lit. estar de pie dentro de casa).",actions,,EJG;RLC,r.u-zu=waa # ndaani yoo,,,,,,,,1,2,Bixhozé' bizuhuaa ndaani' yoo.,Mi papá era el jefe de familia.,Qué nuzúhuaadí'be ndaani' yoo.,Ella no era la responsable de la casa.
uzuwaadxi,ruzuhuaadxì',-u-zu=waa=dxi*,EJG;RLC,vA:caus,A,NO,2244,To stand still.,Estar parado y quieto,actions,,,r.u-zu=waa=dxi*,,bi-zu=waa=dxi*,,,,ny.u-zu!=waa=dxi*,,3,3,Bizuhuaadxì'be.,Se paró tranquilito.,Quí ñuzúhuaadxì'dí'be.,No se paró tranquilito.
uzuwaaikeyu,ruzuhuaaique yu,-u-zu=waa=ike # yu,JLC;RLC,vA:caus,A,NO,2245,To do a headstand.,Pararse de cabeza.,actions,,EJG;JLC,,,,,,,,,0,1,Bizuhuaaiquebeni.,Lo volteó de cabeza.,,
uzuwaana7,ruzuhuaanà',-u-zu=waa=na*7,RGL;RLC,vA:caus,A,NO,2246,To get down on all fours.,"A gatas, en pies y manos, en cuatro patas.",actions,,,r.u-zu-waa=na*7,(g).u-zu!-waa=na*7,bi-zu-waa=na*7,,,,,,3,3,Bizuhuaanà'beyu.,Metió las manos (ej. para detenerse en una caída).,Casì ruzuhuaanà' ba'du' huiini'.,Como gatean los niños chiquitos.
uzuwaanyee,ruzuhuaañee,-u-zu=waa=nyee,RGL;RLC,vA:caus,A,NO,2247,To step or stand on something.,"Pisar, pararse encima de algo.",actions,,,r.u-zu-waa=nyee,(g).u-zu!-waa=nyee,bi-zu-waa=nyee,,,,,,3,3,Bizuhuaañeebe lu càma.,Se paró sobre la cama.,Bizuhuaañeebe luni.,Se paró encima de ello.
uzuuba,ruzuuba',-u-zuuba,EJG;JLC;ND;RLC,vA:caus,A,NO,2248,"To impose, usually aggressively and even by hitting.","Imponer, asentar, generalmente de manera agresiva e incluso dando golpes.",actions,,JLC;RLC,r.u-zuuba,g.u-zu!uba,bi-zuuba,k.u-zu!uba,,z.u-zuuba,,,5,2,Cuzúuba' xcuàgù.,Está dando coscorrones.,Zuzuubá' tobi xadia'gu'.,Te voy a plantar una cachetada.
uzuubadiidxa,ruzuuba' diidxa',-u-zuuba # diidxa,EJG;JLC;VP,vA:caus,A,NO,2249,"To obey, to follow orders.","Obedecer, acatar órdenes.",actions,,JLC;RGL,r.u-zuuba # diidxa,gu-zu!uba # diidxa (),bi-zuuba # diidxa,k.u-zu!uba # diidxa,,z.u-zuuba # diidxa,,,5,6,Guirà' ruzuuba'xtiidxa' tá Tomás.,Todos le hacen caso a Don Tomás.,Món cuzúuba' xtiidxa' bixhoze.,Mon está obedeciendo las palabras de su papá.
uzuumbarwaa,ruzuumba' ruaa,-u-zuumba # rwaa,EJG;JLC;ND;RGL;RLC,vA:caus,A,NO,2250,To pout (lit. to make the mouth protrude).,Hacer puchero (lit. hacer la boca trompuda).,actions,,,r.u-zumba rwaa,g.u-zu!mba rwaa,"bi-zumba rwaa [,",k.u-zu!mba,,,,,4,3,Bizuumba' ruaabe tobi racà nè bireebe zè'be.,Hizo la boca trompuda y se fue quién sabe a dónde.,Quí nuzúumbadí'be ruaabe.,No hizo la boca trompuda.
uzuunda,ruzuunda',-u-zuunda,EJG;RLC;VP,vA:caus,A,NO,2251,"To throw, to toss.","Lanzar, aventar.",actions,,EJG;JLC;RLC,r.u-z.u!7nda; ~ r.u-zuunda,g.u-zu!unda,bi-zuunda,k.u-zu!7nda,,,,,4,1,Rusuundaa.,Ella/él avienta.,,
uzwi7la7dxi,ruzui'la'dxi',-u-zwi7=la7dxi,ND;RLC,vA:caus,A,NO,2252,To have a feeling or a hunch.,Presentir.,actions,,,<r.u-zhwi7la=dxi7>,,bi-zwi7=la7dxi,,,,,,2,1,Bizui'la'dxi' Fán deque (g)uca famìlia xtì' xiìxà.,Presintió algo Juan.,,
uzwi7lu,ruzui'lu',-u-zwi7=lu,RLC;VP,vA:caus,A,NO,2253,To imagine.,Imaginar.,actions,,RLC,r.u-zwi7=lu,g.u-zwi!7=lu,bi-zwi7=lu,,,,,,3,3,Bizui'lu' Mariá ca' xiiñi' nè biina'.,Se imaginó María a sus hijos y se puso a llorar.,Guzuí'lu.,Que se (lo) imagine.
uzwii,ruzuiì,-u-zwii*,EJG;JLC;ND;RGL;RLC;VC;VP,vA:caus,A,NO,2254,"To knead, to smooth out, to grind, to crush, to chew.","Amasar, hacerse fino o parejo, triturar, moler, masticar.",actions,,,r.u-zwii*; ~ r.u-zwi*,g.u-zwii*; ~ gu-zwii* (I),bi-zwii*; ~ bi-zwi*,k.u-zwii*,,z.u-zwii*,,,5,6,Bizuiì cuba.,Amasa la masa.,Cuzuiì.,Está remoliendo para hacer masa o polvo finos.
uzwiila7dxi,ruzuiì la'dxi',-u-zwii* la7dxi,EJG;ND,vA:caus,A,NO,2255,Jiménez Girón (1979:201) defines this verb as to be sad or to wilt (lit. to grind the liver).,"Jiménez Girón (1979:201) define este verbo como ""ponerse triste, marchitarse, entristecerse"" (lit. moler el hígado).",emotion,,JLC;RLC,r.u-zwii* la!7dxi,,,k.u-zwii^ la!7dxi,,z.u-zwii* la!7dxi,,,3,1,Zuzuiila'dxi'.,Se va a agüitar.,,
uzwiirwaa,ruzuiìruaa,-u-zwii*=rwaa,EJG;ND;RLC;VP,vA:caus,A,NO,2256,"To chew properly. Jiménez Girón (1979:201) defines this verb as to imitate, to parody, in relation to voice and singing.","Masticar adecuadamente. Jiménez Girón (1979:201) define este verbo como ""imitar, remedar"" con relación a la voz o el canto.",actions,,,r.u-zwii* rwa!a,,,,,z.u-zwii* rwa!a,,,2,2,(G)uzuiìruaabe.,Que mastique bien.,Zuzuiiruaa.,"Imitará (ej. la voz, el canto)."
uzyaa,ruziaa,-u-zyaa,EJG;RLC;VP,vA:caus,A,NO,2257,To make someone or something be hurt.,Hacer que algo o alguien se lastime o se dañe.,wellness,,JLC;RLC,r.u-zyaa,g.u-zya!a,bi-zyaa; ~ bi-su-zyaa,,,,,,3,2,Bisiaabe nà'be.,Se lastimó su mano.,Bisuziaacabe nà'be.,Le hicieron que se lastimara su mano.
usitaadxi,rusitaadxi',-u.si-taadxi,EJG;ND;RGL;RLC,vA:caus,A,NO,2258,To cause to become flattened or dented.,"Achatar, aplastar, abollar (lit. hacer que se abolle).",actions,,RLC,r.u-si-taadxi,(g).u-si!-taadxi,bi-si-taadxi,,,,,,3,1,Bisitaaba' Fán càja òra cuì' Fán luni.,Abolló Juan la caja cuando se sentó en ella.,,
usite,rusite,-u.si-te,EJG;ND;RLC,vA:caus,A,NO,2259,"To cause to fade, become discolored, or become whitish in color.","Despintar, desteñir, descolorar, hacer blancuzco.",actions,,,,g.u-si!-te,bi-si-te,,,z.u-si-te,,,3,3,Bisute gubidxa lari.,El sol hizo que se destiñera la tela.,Rusite ná Màrrta xhaba binnì.,Doña Marta destiñe la ropa de la gente.
usizhoonyemani7,rusixooñe' maní',-u.si-zhoonye mani!7,EJG;ND;RLC,vA:caus,A,NO,2260,To carry out horse races (lit. to make horses run).,Realizar carreras de caballos (lit. hacer correr caballos).,actions,,RLC;VC,r.u.si-zhoonye mani!7,gu-si!-zhoonye,bi-si-zhoonye,,,,,,3,1,Rusixoone'ca'be maní'.,Corren los caballos (ej. en una carrera).,,
u7cha,ru'cha',-u7cha,EJG;JLC;ND;RGL;RLC;VP,vA:i,A,NO,2261,"To bathe, said of a woman when she washes her body and hair (cf. raze, verb used when only the body is washed). The verb ru'cha' also refers to bathing of a woman who has just given birth.","Bañarse, dicho de una mujer cuando se lava el cuerpo y el cabello (cuando solo se lava el cuerpo, se utiliza el verbo raze). El verbo ru'cha' también se refiere a cuando se baña una mujer que acaba de dar a luz.",actions,,,r.u7cha,g.u!7cha; ~ g.ucha!7,bi.7cha,ka-yu!7cha,,,ny.u!7cha,,5,5,Bi'cha'.,Se bañó.,Bi'cha'ti chú'lu' nayeché'.,Báñate para que estés alegre.
udu,rudù,-udu*,EJG;JLC;ND;RGL;RLC;VP,vA:a,A,NO,2262,"To penetrate, to puncture, to prick, to stab. By extension, to throb.","Penetrar, pinchar, picar, apuñalar, punzar.",actions,,RLC,r.udu*,g.u*du* (I),bi.du*,,,,,,3,6,Cayùdù ti yuuba' ñee Ròsa.,A Rosa le punza un dolor en el pie.,"Pà qué gatanalu', zudu yùzècà lii.",Si no te pones alerta te cornará ese toro.
uduyuuba,rudùyuuba',-udu*=yuuba,RGL;RLC,vA:t,A,NO,2263,For pain to be throbbing.,Punzarle el dolor.,wellness,,,r.udu*=yu^uba,g.u*du*=yu^uba (I),bi.du*=yu^uba,ka-yu*du*=yu^uba,,,,,4,1,Cayùdùyuuba' laabe.,Le está punzando el dolor.,,
una,runa,-una,EJG;JLC;ND;RGL;RLC;VP,vA:a,A,NO,2264,"To hear, to listen, to heed.","Oír, escuchar, entender, hacer caso.",actions,,JLC;RGL;RLC,r.una,g.u*na,bi.na,ka-y.u*na,,z.una,,,5,6,Cayùna.,Está oyendo.,Cayuna Romèlia xtiidxa'do' ta Gabìnu.,Romelia está oyendo (escuchando) los consejos del señor Gabino.
unadyaga,runadiaga,-una=dyaga,EJG;JLC;RGL;RLC;VP,vA:a,A,NO,2265,"To hear, to listen, to heed.","Oír, escuchar, entender, hacer caso.",actions,,,r.una=dyaga,g.u*na=dyaga,bi'-na dyaga  ; ~ bi.na=dyaga,,,,,,3,4,Quí runadiaga.,No escucha.,Runadiagabe.,Ella oye.
unda,runda,-unda,EJG;JLC;VP,vA:t,A,NO,2266,"To braid, to twist, especially in reference to cordage.","Trenzarlo, torcerlo, dicho sobre todo de la elaboración de riatas y cuerdas.",actions,,,r.unda,g.u!7nda (); ~ g.u!nda,bi.nda,,,,,,3,1,Cayúnda ta Bètu doo.,Don Beto está trenzando mecate.,,
uni,runi,-uni,EJG;JLC;ND;RGL;VP,vA:t,A,NO,2267,To make something.,Hacerlo.,actions,,JLC;RLC,r.uni,g.u*ni (I); ~ g.u!ni,bi.7ni,ka-y.u!ni,wa-y.uni,z.uni,,,6,7,Biné' dxiiña' bini lu layu xtinne' izadi'.,Hice trabajo de agricultura en mi terreno este año.,Canayúni palanquiár.,Está remando.
uniayunu,runi ayùnu,-uni # ayu*nu,JLC;RLC,vA:t,A,NO,2268,To fast.,Ayunar.,actions,ayuno,,,,,,,,,,0,2,Bi'ni' Fán ayùnu.,Juan ayunó.,Cayúni ayùnu.,Está ayunando.
unibigu,runi bigù,-uni # bi-gu*,RLC;VP,vA:t,A,NO,2269,To make something crumble.,"Hacerlo boronas, hacerlo migajas.",actions,,,r.uni # bi-gu*,,,,,,,,1,1,Runi maní' huiini' bigù pán.,El pájaro desmorona el pan.,,
unibirunguyaga,runi birungù yaga,-uni # bi-rungu* yaga,JLC;RLC,vA:t,A,NO,2270,To chop wood into pieces.,Cortar leña en trozos.,actions,,,r.uni # bi-rungu* ya^ga,,,,,,,,1,1,Runi Fán birungù yaga.,Juan corta trozos de madera.,,
unibisi,runi bisi,-uni # bisi,EJG;RLC,vA:t,A,NO,2271,"To be or to announce an omen, especially a bad omen.",Anunciar un presagio o mal augurio.,spirituality,,,r.uni # bisi,,,,,,,,1,2,Òra ruuna' xhaata' ba'du' cálá cayúni bisi.,Cuando llora mucho un niño es mal agüero.,Qué runidí'be bisi.,No es mal agüero.
uniburla,runi bùrla,-uni # bu*rla,RGL;RLC,vA:t,A,NO,2272,To mock someone.,Hacerle burla.,actions,burla,,,,,,,,,,0,1,Runi Fán bùrla Pèdru.,Se burla Juan de Pedro.,,
unichingiili,runi chinguiìlì',-uni # chi-ngii*li*,EJG;JLC;RGL;RLC,vA:t,A,NO,2273,To tickle someone.,Hacerle cosquillas.,actions,,,r.uni # chi-ngii*li*,,bi7.ni # chi-ngii*li*,,,,,,2,3,Bi'ni' Fán chinguiìlì' Mariá.,Juan le hizo cosquillas a María.,Runi Fàn nguìilì Fàna.,Juan le hace cosquillas a Juana.
unidxiinya1,runi dxiiña',-uni # dxiinya,EJG;JLC;VP,vA:t,A,NO,2274,"To work, to do chores (ex. for a festivity).","Trabajar, hacer faena (ej. en torno a una festividad)",actions,,,r.uni # dxiinya,,bi7.ni # dxiinya,,,,,,2,2,Bi'ni' Fán dxiiña' guela.,Juan trabajó en la milpa.,Runi Fán dxiiña'.,Trabaja Juan.
unidxiinya2,runi dxiiña',-uni # dxiinya,RLC,vA:t,A,NO,2275,To do harm to someone through black magic.,Hacerle maldad o brujería a alguien.,spirituality,,,r.uni # dxiinya,,bi7.ni # dxiinya,,,,,,2,1,Òra cayúnicabe dxiiña'.,Le están haciendo maldad.,,
unigendaro,runi guendaro,-uni # genda+ r.o,EJG;JLC;RLC;VP,vA:t,A,NO,2276,To prepare a meal.,Preparar la comida.,processes,,,r.uni genda+ r.o,,,,,,,,1,2,Runi Fàna guendaró.,Juana hace la comida.,Runi Fàna (gue)ndaro para Pèdru.,Hace Juana comida para Pedro.
uniguuze,runi guuze',-uni # gu.uze,JLC,vA:t,A,NO,2277,"To hunt, to prey on an animal.","Cazar, hacer presa.",actions,,,r.uni # guuze,,bi7ni # guuze,,,,,,2,2,Raca guuze' bidxiñà.,Se hace cacería de venado.,Runi Fán guuze' bidxiñà.,Juan va a cazar venado.
uniiketuuzha,runi ique tuùxà',-uni # ike tuu*zha*,EJG;RLC,vA:t,A,NO,2278,To mess with someone's head as to convince them of something.,Jugar o manipular la psicología de alguien para convencerle de algo.,actions,,,r.uni # ike tuu*zha*,,,,,,,,1,1,Runi Fán ique Fàna.,Juan le juega la cabeza a Juana (i.e. la manipula psicológicamente).,,
uniimbite,runi imbìte,-uni # imbi*te,JLC;ND;RLC;VP,vA:t,A,NO,2279,"To feint, to fake a move.",Hacer la finta.,actions,envite,,r.uni # imbi*te,,,,,,,,1,2,Qué runidí'be imbìte.,No hizo la finta.,Runi Fán imbìte lu Pèdru.,Juan le está haciendo la finta a Pedro.
unijneza,runi jneza,-uni # j.neza,RGL;RLC,vA:t,A,NO,2280,"To fix, to make even, to be fair.","Arreglar, emparejar, ser justo.",actions,,,r.uni # j.neza,,bi.7ni # j.neza,,,,,,2,2,Bi'ni' Fán xneza xqui'chi' Pèdru.,Arregló bien Juan los papeles de Pedro.,Runi xaique xtì'du xneza.,Hace bien nuestro agente municipal.
unikarinyu,runi carìñu,-uni # kari*nyu,RGL;RLC,vA:t,A,NO,2281,"To make a gesture of affection, e.g. a caress, a smile, a kind offer.","Hacer un gesto de cariño, ej. una caricia, una sonrisa, algún ofrecimiento amable.",actions,cariño,,,,,,,,,,0,1,Runibe carìñu.,"Da cariño (ej. muestra aprecio, ofrece algo, sonríe).",,
unikwenta,runi cuènta,-uni # kwe*nta,RLC,vA:t,A,NO,2282,To count on someone.,Contar con alguien.,actions,cuenta,,,,,,,,,,0,1,Má cayúné' cuènta lii.,Cuento contigo.,,
unimal,runi mál,-uni # ma!l,JLC,vA:t,A,NO,2283,To hurt someone.,Hacer daño.,actions,mal,EJG;RLC,,,,,,,,,0,1,Bi'ni' Fán mál Pèdru.,Juan le hizo mal a Pedro.,,
uninanala7dxi,runi nanala'dxi',-uni # na-na=la7dxi,RLC,vA:t,A,NO,2284,To make someone hate someone else.,Hacerle odiar a alguien.,actions,,,r.uni # na-na=la7dxi,gu*.ni # na-na=la7dxi,bi7.ni # na-na=la7dxi,,,,,,3,0,,,,
uninawiini,runi nahuiini',-uni # na-wiini,,vA:t,A,NO,2285,To belittle someone.,Menospreciar a alguien haciéndole sentirse pequeño.,actions,,,r.uni # na-wiini,,,,,,,,1,1,Runi Fán nahuiini' Pèdru.,Juan menospreció a Pedro.,,
uniplatika,runi plàtica,-uni # pla*tika,RLC,vA:t,A,NO,2286,To attend premarital talks at church.,Asistir a pláticas prematrimoniales en la iglesia.,cultural practices,,RLC,,,,,,,,,0,0,,,,
unipratika,runi pràtica,-uni # pra*tika,RGL;RLC,vA:t,A,NO,2287,"To practice, as in sports.",Practicar algún deporte.,actions,práctica,,,,,,,,,,0,1,Runi ca' ba'du' nguiiyu' huiini' pràtica lu càmpu.,Van a practicar en el campo los muchachos.,,
uniridxi,runi ridxi,-uni # r.idxi,RLC;VP,vA:t,A,NO,2288,"To make noise, to shrill, to scream.","Hacer ruido, chillar, gritar.",communication,,,r.uni # r.idxi,,,,,,,,1,1,Runi ba'du' huiini' ridxi.,El niño hace ruido.,,
unirwaa,runi ruaa,-uni # rwaa,JLC;VC;VP,vA:t,A,NO,2289,"To imitate someone, to mimic someone.","Imitar, arremedar.",actions,,EJG,r.uni=rwaa,,,,,,,,1,3,Qué runiruaadí' Fán Fàna.,Juan no imita a Juana.,Runi Fán ruaa Pèdru.,Juan imita a Pedro.
unisenya,runi sèña,-uni # se*nya,RGL,vA:t,A,NO,2290,To give a wink.,"Hacer ojitos, guiñar.",actions,seña,,,,,,,,,,0,1,Cayúnibe sèña.,Está haciendo señas (para llamar a alguien).,,
unitobisi,runi tobisì,-uni # tobi +si*,,vA:t,A,NO,2291,"To bring together, to gather.","Juntar, unir, reunir.",actions,,,,,bi7.ni # to^bi si*,,,,,,1,1,Bi'ni'cani tobisì.,Las junta (como dos bolas de masa para hacer una).,,
unixkaani,runi xcaani',-uni # x.kaani,RLC,vA:t,A,NO,2292,"To disappoint, to deceive, to dupe.","Desilusionar, decepcionar, engañar.",actions,,EJG;JLC;ND;RLC,r.uni # x.kaani,,,,,,,,1,1,Runi Fán xcaani' Fàna.,Juan nomás engaña a Juana.,,
unixtipa,runi xtipa,-uni # x.tipa,JLC;RGL;RLC,vA:t,A,NO,2293,"To make an effort, to push through.","Hacer un esfuerzo, hacer fuerza, pujar.",actions,,,r.uni # x.tipa,g.u!ni # x.tipa,b.i7ni # x.tipa,ka-y.u!ni # x.tipa,,,,,4,2,Bi'ni' ti xtipa.,Hizo un esfuerzo.,Cayúni xtipa.,Está pujando (está haciendo fuerza).
uniyaya,runi yayà,-uni # yaya*,EJG;JLC;RLC;VP,vA:t,A,NO,2294,"To make a racket, to cause a commotion.","Hacer escándalo, armar alboroto.",actions,,EJG;RLC,r.uni=yaya*,,bi.7ni=yaya*,,,,ny.u!ni=yaya*,,3,5,Bi'ni' Fán yayà ra saa.,Juan hizo escándalo en el baile.,Binnìgüé'cà bi'ni'yayà laacabe.,El borracho los alborotó.
unizhigaberwaa,runi xigabe ruaa,-uni # zhiga=be # rwaa,RLC;VC,vA:t,A,NO,2295,"Pouting. Specifically, this verb phrase refers to when the lower jaw protrudes more than the upper jaw.","Hacer puchero. En particular, esta frase verbal se refiere a cuando la mandíbula inferior sobresale más que la superior.",behavior,,EJG;RLC,r.uni # zhiga be # rwaa,,,,,,,,1,2,Runi xcuídi xigabe ruaa.,Hace puchero el niño.,Xcuídicà qué ñúni xigabedí'be ruaa.,Que no hagan puchero los niños.
unizhuba7,runi xubá',-uni # zhuba!7,EJG;JLC,vA:t,A,NO,2296,To sow corn or break up dried corn kernels.,Sembrar o desgranar maíz.,cultivation,,,r.uni # zhuba!7,,,ka-y.u!ni # zhuba!7,,,,,2,1,Cayúni Fán xubá' para (g)utooca'be.,Desgrana maíz Juan para vender.,,
unisi,runisì,-uni +si*,EJG;RLC;VC,vA:t,A,NO,2297,"To pretend. By extension, to do a job without charging money.","Fingir. Por extensión, también se refiere al hecho de hacer un trabajo sin cobrar.",actions,,RLC,r.uni +si*,,,,,,,,1,1,Runisìbe pur huarabe.,Se hace que está enferma.,,
uniperdonar,runi perdonár,-uni perdo-na!r,RLC,vA:t,A,NO,2298,To forgive.,Perdonar.,actions,perdonar,,,,,,,,,,0,1,Biné' perdonár Pedro.,Perdoné a Pedro.,,
unitiyaga,runi ti yaga,-uni ti+ yaga,EJG,vA:t,A,NO,2299,"Jiménez Girón (1979) defines this verb phrase as to sustain a whim, but to eventually give in.","Jiménez Girón (1979) define esta frase verbal como ""sostener un capricho, pero doblegarse"".",actions,,,,,,ka-y.u!ni ti+ yaga,,,,,1,1,"Cayúni ti yaga, gu'chè' ca xhiága.","Sostenía un capricho, pero se doblegó.",,
unibenye,runibeñe,-uni=benye,EJG;RLC,vA:t,A,NO,2300,To make something muddy.,Enlodar.,actions,,EJG;ND,,,bi7.ni=benye,,,z.uni=benye,,,2,1,Bi'ni' beñe xcuídi ra lidxi Fán.,Hizo lodo el niño en casa de Juan.,,
unibiidi,runibiidi',-uni=biidi,EJG;JLC;ND,vA:t,A,NO,2301,To soil.,Ensuciar.,actions,,EJG;JLC;RLC,r.uni=biidi,,bi.ni=biidi,,,z.uni=biidi,,,3,4,Bi'ni'biidi' Fán Fàna.,Juan ensució (manchó) a Juana (de algo).,Bi'ni' biidi' Olìbia suudì'.,Olivia ensució su enagua.
unibupu,runibupu,-uni=bupu,RLC,vA:t,A,NO,2302,To make something foam or froth.,Hacerlo espuma.,processes,,,,,bi7.ni=bupu,,,,nyu!ni=bupu,,2,4,Bi'ni' bupu Fàna dxuládi.,Juana hizo espumar el chocolate.,Bi'ni'bupu Fán nisa.,Juan hizo espumar el agua.
unibya7,runibia',-uni=bya7,EJG;JLC;ND;RGL;RLC;VP,vA:t,A,NO,2303,To recognize someone. This may entail that there is a trust relationship with the person identified.,"Reconocer, identificar. Puede implicar que se le tiene confianza a la persona que se reconoce.",actions,,JLC;RLC,r.uni=bya7,,,,,z.uni=bya7,ny.u!ni=bya7,,3,6,Má runé'biá'yá' laabe.,Ya la reconozco.,Má runibia'be laa.,Ya lo conoce.
unichar,runichár,-uni=cha!r,RGL;RLC,vA:t,A,NO,2304,"To scold, to cuss out.","Regañar, insultar.",communication,echar,RLC,,,,,,,,,0,1,Runiechár Fán Pèdru.,Juan le echa en cara a Pedro.,,
unichaawi,runichaahui',-uni=chaawi,EJG;JLC;RGL;RLC;VP,vA:t,A,NO,2305,"To repair, to fix, to fix up.","Arreglar, componer, reparar.",actions,,,r.uni=chaawi,,bi7.ni chaawi,,,,,,2,3,Bi'ni'chaahui' Fàna xiiñi'dxaapa'.,Juana arregló a su hija jovencita.,Má bi'ni'chaahui'cabeni.,Ya lo arreglaron.
unichanda,runichandà,-uni=chanda*,RLC,vA:t,A,NO,2306,To cripple someone emotionally.,Paralizar a alguien emocionalmente.,actions,,EJG;RLC,,,,,,,,,0,1,Runichandà Fàna Fán.,Juana paraliza emocionalmente a Juan.,,
unichuuchi,runichuuchì',-uni=chuuchi*,RLC,vA:t,A,NO,2307,To make something slippery.,Hacerlo resbaloso.,actions,,,r.uni=chuuchi*,,bi7.ni=chuuchi*,,,,,,2,1,Runichuuchì'be lu pàtiu.,Hizo que se hiciera resbaloso el patio.,,
unide,runide,-uni=de,EJG;JLC;RLC;VP,vA:t,A,NO,2308,"To pulverize, to break into pieces.","Pulverizar, triturar, despedazar, desboronar.",actions,,RLC,r.uni=de,,bi7.ni=de,,,z.uni=de,,,3,3,Bi'ni'de Fán bàsu.,Juan despedazó el vaso.,Bi'ni'de Fán layu.,Destruyó Juan su terreno.
uniditi,runiditi,-uni=diti,JLC,vA:t,A,NO,2309,To make someone shake or shiver.,Hacerlo temblar.,actions,,,,,bi7.ni=diti,,,,ny.u!ni=diti,,2,2,Bi'ni'diti guendaridxibi Fán.,Juan tembló de tanto miedo que tenía.,Qué ñúniditidí' guendaridxiibi' Fán.,No tembló de miedo Juan.
unidxaba7,runidxabá',-uni=dxaba!7,EJG;RLC,vA:t,A,NO,2310,"To make a mess of something, to muck up.","Hacer un desmadre, ensuciar, estropear.",actions,,EJG;JLC;RLC,r.uni dxaba!7,,bi7.ni dxaba!7,,,z.uni dxaba!7,,,3,1,Bi'ni' dxabá' Fán ra saa cà para zè'.,Juan hizo su desmadre en la fiesta y se fue.,,
unidxi7nya,runidxí'ña',-uni=dxi!7nya,RLC,vA:t,A,NO,2311,To do something on purpose or with a particular purpose in mind.,Hacer algo a propósito o con propósito.,actions,,,,,bi7ni=dxi!7nya,,,,,,1,1,Bi'ni'dxí'ña'beni.,Lo hizo a propósito.,,
unifew,runiféu,-uni=fe!w,JLC;RGL;RLC,vA:t,A,NO,2312,"To damage, to make someone or something unwell, to make someone nauseous.","Dañarlo, descomponerlo, darle asco.",actions,feo,,,,,,,,,,0,4,Bi'ni' féu.,Lo descompuso.,Runiféu Gabrièla ndaani guiiba'riza.,Tiene nauseas Gabriela en el coche.
uniganar,runiganár,-uni=gana!r,JLC;RGL,vA:t,A,NO,2313,To earn.,Ganarlo.,subsistence,ganar,EJG;RLC,,,,,,,,,0,4,Bi'ni'ganárbeni.,Ella/él lo ganó.,Runiganár bidxichi.,Gana dinero.
uniganna,runiganna,-uni=ganna,JLC;RLC,vA:i,A,NO,2314,To make things difficult.,Dificultar.,actions,,RLC,r.uni=ganna,,bi7.ni=ganna,,,,,,2,2,Qué runigannadí' Fán.,Juan no hace las cosas difíciles.,Runi ganna Fán.,Juan hace las cosas difíciles.
unigotyar,runigotiár,-uni=go-tya!r,RLC,vA:i,A,NO,2315,For there to be a leak.,Gotear.,actions,gotear,,,,,,,,,,0,1,Runigotiar ndaani' yoo.,Gotea adentro de la casa.,,
uniindiresar,runi-indi'resár,-uni=indire-sa!r,RGL;RLC,vA:t,A,NO,2316,To straighten something.,Enderezarlo.,actions,enderezar,,,,,,,,,,0,1,Bi'ni' enderezar ti barìya.,Enderezó la varilla.,,
unikastigar,runicastigár,-uni=kasti-ga!r,RLC,vA:t,A,NO,2317,To punish.,Castigarlo.,actions,castigar,RLC,,,,,,,,,0,1,Bi'ni' castigárr laabe.,Castígalo.,,
unikobrar,runicobrár,-uni=ko-bra!r,RGL;RLC,vA:t,A,NO,2318,To make someone pay.,Cobrarle.,commerce,cobrar,EJG;RLC,,,,,,,,,0,1,Runi cobrar Fán Pèdru.,Le cobra Juan a Pedro.,,
unikolar,runicolár,-uni=ko-la!r,RGL;RLC,vA:i,A,NO,2319,To make the casting of a building.,Hacer el colado de una construcción.,construction,colar,,,,,,,,,,0,1,Cayúni colárrbe.,Está haciendo el colado (de la construcción).,,
unikombenir,runicombenír,-uni=kombe-ni!r,RGL,vA:t,A,NO,2320,To prefer something.,Preferirlo.,actions,,,,,,,,,,,0,1,Má runi combenír naa benda.,Me conviene más el pescado.,,
unikompetir,runicompetír,-uni=kompe-ti!r,RLC,vA:i,A,NO,2321,To compete.,Competir.,actions,competir,RLC,,,,,,,,,0,1,Runi competírr Jabiersìtu nè xtì' ba'du' nguiiyu' huiini' (gu)endaruguu libana.,Compite Javiercito con otro niño recitando poesía.,,
unikre,runicré,-uni=kre!,EJG;JLC;RLC;VP,vA:t,A,NO,2322,To believe something.,Creerlo.,actions,creer,RLC,,,,,,z.uni=kre!,,,1,3,Runicré Fán ni na pèdru.,Juan cree todo lo que dice Pedro.,Runicré Mariá (gu)intiisì.,María se cree lo que sea.
unikuntajyar,runicuntajiár,-uni=kunta-jya!r,RLC,vA:t,A,NO,2323,To infect with an illness.,Contagiar.,actions,contagiar,RLC,,,,,,,,,0,1,Bi'ni'contajiár.,Contagió.,,
unilu,runilu,-uni=lu,EJG;RLC,vA:t,A,NO,2324,To do or say something in a sensible or wise manner.,Hacer algo de manera juiciosa.,actions,,,r.uni lu,,,,,,,,1,1,Quí runilu diidxa' guini'.,No controla lo que dice.,,
uniluchar,runiluchár,-uni=lu-cha!r,RGL;RLC,vA:i,A,NO,2325,To try hard in order to achieve something.,Hacer la lucha.,actions,luchar,,,,,,,,,,0,1,Runi luchárr Mariá para gàpà.,María lucha por tener.,,
unilugu7,runilugú',-uni=lugu!7,RLC,vA:t,A,NO,2326,"To rush someone, to agitate someone, to make someone lose their bearings.","Alocar, acelerar, agitar.",actions,,JLC;RLC,r.uni=lugu!7,,,,,,,,1,1,Runilugú' Fán Fàna.,Juan apresura a Juana (ej. para que hiciera rápido el queso y por eso le salió mal).,,
unina,runina,-uni=na,EJG;JLC;ND;RLC;VP,vA:t,A,NO,2327,"To cause pain, to hurt someone, to offend someone.","Causarle dolor, lastimarlo, herirlo, ofenderlo.",communication,,,r.uni=na,,bi7.ni=na,,,z.uni=na,,,3,3,Runina Fán xi'que' Pèdru.,Juan lastima el brazo de Pedro.,Runina xtiidxa' Fán Mariá.,Las palabras de Juan lastiman a María.
uniplancha,runiplàncha,-uni=pla*ncha,EJG;RGL;RLC;VP,vA:t,A,NO,2328,To iron.,Planchar.,actions,plancha,,,,,,,,,,0,1,Runi plàncha Maria xhaba binnì.,María plancha la ropa de la gente (ese es su trabajo).,,
unipura,runipurá,-uni=pu-ra!,EJG;JLC;VP,vA:t,A,NO,2329,To rush someone.,"Apresurarlo, apurarlo.",actions,apurar,EJG;RLC,r.uni=pura!,,,,,,,,1,2,Runipurá Fán Fàna.,Apura Juan a Juana.,Runipurá Mariá xiiñi' chè' scuèla.,Apura María a su hijo para irse a la escuela.
uniracha7,runirachá',-uni=racha!7,RLC,vA:t,A,NO,2330,To do something shoddily.,Hacer algo mal o a medias.,actions,,,r.uni=racha!7,,,,,,,,1,1,Runirachá Fán dxiiña'.,Juan hace mal / a medias el trabajo.,,
uniresa,runiresá,-uni=re-sa!,RGL;RLC,vA:i,A,NO,2331,To pray.,Rezar.,spirituality,rezar,RLC,,,,,,,,,0,1,Runiresá ga' (g)ubidxa òra gatí' binnì.,Se reza nueve días cuando se muere alguien.,,
unisaryar,runisariár,-uni=sa-rya!r,JLC;RGL;RLC,vA:t,A,NO,2332,To mock someone.,Hacerle burla.,communication,,,,,,,,,,,0,2,Bi'ni'sariar Fán Pèdru.,Juan se burló de Pedro.,Runi azarear Fán Pèdru.,Se burla Juan de Pedro.
unisentar,runisentár,-uni=se-nta!r,RLC,vA:t,A,NO,2333,To iron.,Planchar.,actions,sentar,JLC,,,,,,,,,0,1,Runisentárr Mariá xhaba binnì.,Plancha María ropa ajena (es su trabajo).,,
uniseyar,runiseyár,-uni=se-ya!r,RGL;RLC,vA:t,A,NO,2334,To seal.,Sellar.,actions,sellar,,,,,,,,,,0,1,Bi'ni'seyárr Ròsa xtalè gui'chi'.,Selló Rosa muchos papeles.,,
unisentir,runisentír,-uni=sen-ti!r,JLC;RLC,vA:t,A,NO,2335,"To notice something, to be aware of something.","Sentirlo, darse cuenta de algo.",perception,sentir,RLC,,,,,,,,,0,1,Runi sentírrbe canínu laabe.,Se da cuenta de que estamos hablando de él.,,
unisimbrar,runisimbrár,-uni=si-mbra!r,RGL;RLC,vA:i,A,NO,2336,To set the formwork for the casting of a building.,Poner las cimbras para el colado de una construcción.,construction,cimbrar,RLC,,,,,,,,,0,1,Cayúni simbrarbe.,Está poniendo las cimbras para el colado.,,
unisufrir,runisufrír,-uni=su-fri!r,RGL;RLC,vA:i,A,NO,2337,To suffer.,Sufrir.,wellness,sufrir,,,,,,,,,,0,1,Runi sufrírrbe púr tí' quí gapàbe buèltu.,Sufre por que no tiene dinero.,,
unitira,runitirá,-uni=ti-ra!,RLC,vA:i,A,NO,2338,To make an effort to finish something promptly.,Esforzarse para terminar algo pronto.,actions,tirar,,,,,,,,,,0,1,Cayúnitirá Fán guiúba guilúxe.,Se está esforzando para terminar rápido.,,
unitrapyar,runitrapiár,-uni=tra-pya!r,RLC,vA:i,A,NO,2339,To mop.,Trapear.,actions,trapear,RLC,,,,,,,,,0,1,Cayúni trapiárbe.,Está trapeando.,,
uniwara,runihuara,-uni=wa-ra,EJG;JLC;RLC,vA:t,A,NO,2340,To make someone sick.,Enfermarlo.,wellness,,RLC,r.uni=wa-ra,,bi7.ni=wa-ra,,,z.uni wa-ra,,,3,1,Runihuara Fán Pèdru.,Enfermó Juan a Pedro.,,
uniwantar,runihuantár,-uni=wan-ta!r,EJG;JLC;RGL;RLC,vA:t,A,NO,2341,"To tolerate, to bear, to endure.",Aguantar.,actions,aguantar,RLC,,,,,,,,,0,4,Bi'ni'huantár Fán.,Juan aguantó.,Bi'ni'huantár xiána.,Aguantó su cólera.
unixti7,runixtì',-uni=x.ti*7,EJG;JLC;RLC,vA:t,A,NO,2342,"To claim as one's own, to appropriate.","Hacerlo suyo, apropiárselo.",actions,,RLC,r.uni=x.ti*7,,bini x.ti*7,,,,ny.u!ni=x.ti*7,,3,4,Fán bi'ni'xtì'be layu xtì' bixhozé'.,Juan hizo suya la tierra de mi papá.,Fán qué ñúnixtì'dí'be layu xtì' bixhozé'.,Juan no se apoderó de la tierra de mi papá.
unixixyar,runixhixhiár,-uni=xi-xya!r,RLC,vA:t,A,NO,2343,"To glean, especially in reference to corn. By extension, to rob purses and wallets.","Pizcar, shishiar maíz. Por extensión, bolsear, robar carteras.",actions,shishiar,,,,,,,,,,0,0,,,,
uniyu,runiyu,-uni=yu,EJG;VC,vA:t,A,NO,2344,To cover in or soil with dirt or dust.,"Llenarlo de tierra, embarrarlo de tierra, empolvarlo.",actions,,JLC;RLC,,,,,,z.uni=yu,ny.u!ni=yu,,2,2,Quí ñúniyudí'be zuudi' Mariá.,No va a manchar María de tierra su nagua.,Zuniyube bizuudi' xtì'.,Va a embarrar de tierra su nagua (ej. por irse a jugar en la tierra).
uniza,runiza,-uni=za,EJG;ND,vA:t,A,NO,2345,"To grease, to cover in grease.",Engrasarlo.,actions,,,r.uni=za,,,,,z.uni=za,,,2,2,Runizabe tràste.,Llena de grasa los trastes.,Zuniza.,Engrasará.
unizheexe,runixeexhe',-uni=zheexe,,vA:t,A,NO,2346,"To excite. By extension, to sexually arouse.","Emocionar. Por extensión, excitar sexualmente.",emotion,,,,,bi.7ni=zheexe,,,,,,1,0,,,,
unizhiroo,runixiroo,-uni=zhi-roo,RLC,vA:t,A,NO,2347,To make something rot or become infected.,Hacer que se pudra o que se infecte.,actions,,,r.uni=zhi-roo,,bi7.ni=zhi-roo,,,,,,2,2,Bi'ni'xiroo (gu)enda ro ni bidii Fán cá nà' Pèdru .,La comida que le dio Juan a Pedro le pudrió la mano a Pedro.,Runixiroo Fán nà' Pèdru.,Juan pudre la mano de Pedro (ej. porque la hirió).
unizhoo,runixoo,-uni=zhoo,EJG,vA:caus,A,NO,2348,To make something or someone worse.,Hacerlo empeorar.,actions,,,"r.uni=zhoo [JLC,DEN RLC07]",,,,,,,,1,1,Runixoo nisa dxú'ni' xquendahuara Fán.,El licor hace (más) delicada la enfermedad de Juan.,,
uuna,ruuna',-uuna,EJG;JLC;ND;RGL;RLC;VP,vA:i,A,NO,2349,To cry.,Llorar.,actions,,,r.uuna,g.u!7na (I),bi.ina; ~ bi7na,ka-y.u!una; ~ kayu!una,,z.uuna,,,5,6,"Biaa huaxì, zacaxà xiìxà ná bé risaca ngà cayúunaneú'.","Mira qué cosa, pensé que llorabas por algo de mucho valor.",Biiná' dxi bindaàhuà guiigu' xnizá'.,Lloré cuando el río inundó mi mazorca.
uunare7nisa,ruuna' re' nisa,-uuna re7 nisa,EJG,vA:i,A,NO,2350,To cry bitterly.,Llorar amargamente.,actions,,,r.uuna re7 nisa,,,,,,,,1,0,,,,
uunazi7,ruuna' zì',-uuna zi*7,EJG;VC,vA:i,A,NO,2351,To haggle whiningly when buying something.,Regatear gimoteando al momento de una compra.,commerce,,,r.uuna zi*7,,,,,,,,1,0,,,,
uunagidxa,ruuna'guìdxa,-uuna=gi*dxa,EJG;RLC,vA:i,A,NO,2352,"To whine, to whimper.","Gemir, gimotear, lloriquear.",actions,,,r.uuna=gi*dxa,,,,,,ny.u!una=gi*dxa,,2,2,Canayuuna'guìdxa xcuídi.,Anda lloriqueando el niño.,Qué ñúunaguìdxadí' xcuídi.,No lloriqueó el niño.
uunala7dxido7,ruuna'la'dxi'(do'),-uuna=la7dxi(=do7),EJG;JLC;RLC;VC;VP,vA:i,A,NO,2353,"To sob, as when the pain is deep and persistent but the tears have dried up (lit. for the liver or heart to cry).","Sollozar, dicho de cuando el dolor es demasiado profundo, pero las lágrimas se han secado (lit, llorar el hígado o corazón).",actions,,EJG;RLC,r.uuna=la7dxi(=do7),,bi.na la7dxi(=do7),,,,ny.u!una=la7dxi(=do7),,3,3,Qué ñúunala'dxi'dí'be.,No llora ella/él (de tristeza profunda).,Ruuna'la'dxi' ba'du' tàntù biina'.,Solloza el niño de tanto llorar.
uundagi7chi,ruunda' gui'chi',-uunda # gi7chi,JLC,vA:i,A,NO,2356,To read.,Leer.,actions,,,,,bi.inda # gi7chi,,,,,,1,3,Biinda' Fán gui'chi'què.,Juan leyó el escrito ese.,Cayúunda xqui'chi' diúxi.,Está predicando. (lit. está leyendo el libro de Dios.)
uunda1,ruunda',-uunda,EJG;JLC;ND;RGL;RLC;VP,vA:i,A,NO,2354,To sing.,Cantar.,music and dance,,RLC,r.uunda,g.u!7nda (I); ~ g.u!unda,bi.inda,,,z.uunda,,ri+ guunda*,5,4,"Gucuaa xhquiaapa'diidxa' xhtilu, ti gu'nda'lu' neza lua'.","Toma tu libro, para que leas (estudies) en mi presencia.",Gu'ndu'; Gu'nda'lu'.,Que cantes; Que leas; Que estudies.
uunda2,ruunda',-uunda,EJG;JLC;ND;RGL;RLC;VP,vA:i,A,NO,2355,"To read, to study.","Leer, estudiar.",actions,,,r.uunda,g.u!7nda (I); ~ g.u!unda,bi.inda,,,z.uunda,,ri+ guunda*,5,4,"Gucuaa xhquiaapa'diidxa' xhtilu, ti gu'nda'lu' neza lua'.","Toma tu libro, para que leas (estudies) en mi presencia.",Gu'ndu'; Gu'nda'lu'.,Que cantes; Que leas; Que estudies.
uundaxki7chidyuzhi,ruunda' xqui'chi' diúxi,-uunda x.ki7chi dyu!zhi,JLC,vA:i,A,NO,2357,"To read the bible. By extension, to preach.","Leer la biblia. Por extensión, predicar.",spirituality,Dios,,,,,,,,,,0,2,Cayúunda xqui'chi' diúxi.,Está predicando. (lit. está leyendo el libro de Dios.),Ni ruunda' xqui'chi' Diúxi.,Evangélico. (lit. quien lee la palabra de Dios)
uundawiini,ruunda'huiini',-uunda=wiini,RGL;RLC;VC,vA:i,A,NO,2358,"To hum, to sing softly.","Canturrear, cantar suavecito.",music and dance,,,,,bi.inda=wiini,ka.yu!unda=wiini,,,,,2,3,Cádi cayúundahuiini'dí' Fán.,Está cantando suavecito Juan.,Cayúunda huiini'.,Está cantando suavecito.
uuti,ruutì',-uuti*,EJG;JLC;ND;VP,vA:caus:irr,A,YES,2359,"To kill, to assassinate, to sacrifice (lit. to cause to die). By extension, to cause to suffer.","Matar, asesinar, sacrificar (lit. hacer morir). Por extensión, causar sufrimiento.",actions,,RLC,r.uuti*,g.uu*ti*,bi.iti*,ka-y.uu^ti*,,,,,4,3,Cayuùtì' saaca'.,Se están matando.,Ni ruutì' binnì.,Asesino. (lit. quien mata gente)
uutigiigu,ruutì' guiigu',-uuti* # giigu,RLC,vA:caus:irr,A,YES,2360,To drown.,Ahogarse en agua.,actions,,,,,bi.iti* # giigu,,,,,,1,0,,,,
uutide,ruutì'de,-uuti*=de,EJG;ND;RLC,vA:caus:irr,A,YES,2361,To let a child cry until they calm down on their own.,Dejar llorar a un niño hasta que se canse.,actions,,,r.uuti* de!; ~ <r.uuti=de>,,,,,,,,1,1,Biitì'de Fán ba'du'cà.,Dejó llorar al niño hasta el cansancio.,,
uutinati,ruutì'nàtì,-uuti*=na*ti*,EJG;JLC;ND;RLC;VP,vA:caus:irr,A,YES,2362,To beat almost to death.,Golpear hasta casi matar.,actions,,JLC;RLC,r.uuti* n.a^ti*; ~ r.uuti* na*ti*; ~ r.uti* na*ti*; ~ <r.uuti=nati>,g.uu*ti* na*ti*,biiti* na*ti*; ~ bi.ti* na*ti*,ka-y.uu^ti^ na^ti*,,,,,4,0,,,,
uutirini,ruutì'rini,-uuti*=rini,JLC,vA:caus:irr,A,YES,2363,To stop the flow of blood in order to stop a hemorrhage.,Parar el flujo de sangre para detener una hemorragia.,wellness,,,r.uti* ri^ni,,,,,,,,1,3,Gatí' lu rinicà .,Que pare de correr la sangre.,Gatí' neza rinicà.,Que pare de correr la sangre.
uutisaa,ruutì'saa,-uuti*=saa,EJG;ND,vA:caus:irr,A,YES,2364,To kill each other.,Matarse entre ellos.,actions,,VC,r.uuti sa!a,,,ka-y.uu^ti^ sa!a,,,,,2,0,,,,
uutiwaa,ruutì'huaa,-uuti*=waa,EJG;RLC,vA:caus:irr,A,YES,2365,To infuriate someone (lit. to kill by anger).,Matar de coraje en el sentido de una situación en que a alguien se le hace enojar demasiado.,actions,,,,,bi.iti*=wa*a,ka-yuu*ti*=waa,,,ny.uu*ti*=waa,,3,2,Biitì'huàa Mariá Ròsa dxi bixooñe'nè nguiiyu'.,María hizo enojar mucho a Rosa cuando se huyó con el hombre.,Qué ñuùtì'huaadí' Fán Fàna.,No hizo enojar mucho Juan a Juana.
uutiwaauutizheexe,ruutì'huaa ruutì'xeexhe',-uuti*=waa -uuti*=zheexe,EJG;RLC,"vA:caus:irr, clq",A,YES,2366,To cause excessive anger and even cause fainting from it.,Causar coraje excesivo e incluso causar desfallecimiento de coraje.,actions,,,r.uuti*=waa r.uuti*=zheexe,,,,,,,,1,1,Ruutì'huaa ruutì'xeexhe' ca' machíncà xñaàca.,Los machiines (drogadigtos) dan coraje fuerte a su mamá (por que no obedecen).,,
uutixxyee,ruutì'xhiee,-uuti*=x.xyee,EJG;JLC;ND;RLC;VP,vA:caus:irr,A,YES,2367,To kill by asphyxiation.,Matar por medio de asfixia.,actions,,,r.uuti* xye!7; ~ r.uti* xye^e,,biiti*=xye^e,ka-y.uu^ti^ xye!7,,,,,3,0,,,,
uutiyaa,ruutì'yaa,-uuti*=yaa,EJG,vA:caus:irr,A,YES,2368,To infuriate someone to the point of fainting from anger.,Matar de coraje en el sentido de causar un desmayo por coraje.,actions,,EJG,r.uuti* ya^a,,,ka-y.uu*ti* ya^a,,,,,2,1,Ruutì'yaa Fán Pèdru tì canaba'na' Fán yùzè xtì' Pèdru.,Está haciendo enojar Juan a Pedro por que le anda robando su ganado Juan a Pedro.,,
uutizheexe,ruutì'xeexhe',-uuti*=zheexe,EJG;JLC;RLC,vA:caus:irr,A,YES,2369,To infuriate someone to the point of fainting from anger.,Matar de coraje en el sentido de causar un desmayo por coraje.,actions,,,r.uuti*=zheexe,,,ka-y.uu*ti*=zheexe,,,,,2,1,Ruutì'xeexhe' Fán pèdru .,Le causó coraje Juan a Pedro.,,
uutizhyana,ruutì'xiana,-uuti*=zhyana,JLC;RLC,vA:caus:irr,A,YES,2370,To infuriate someone (lit. to kill by anger).,Matar de coraje en el sentido de una situación en que a alguien se le hace enojar demasiado.,actions,,,r.uti*=zhya^na,,,,,,,,1,3,Rutìxiana Fán Pèdru.,Juan hace enojar mucho a Pedro.,Ruutì'xiana Fán Pèdru.,Juan mata de coraje a Pedro.
uutizi7,ruutì'zì',-uuti*=zi*7,EJG;JLC;ND;RLC;VP,vA:caus:irr,A,YES,2371,"To starve to death, to neglect to death, to keep someone in poverty.","Matar de hambre, matar por descuido o negligencia, tener en la miseria.",actions,,EJG,r.uuti* zi^; ~ r.uti* zi*7; ~ <r.uuti=zi7>,,bi.ti=zi*7,ka-y.uu^ti^ zi^,,,,,3,1,Ruutì'zì'be ca' xiiñi'be.,Deja descuidados a sus hijos.,,
uutu,ruutu',-uutu,EJG;JLC;ND;RGL;RLC;VP,vA:t,A,NO,2372,To grind.,Molerlo.,actions,,EJG;RLC,r.uutu,g.u!7tu,bi.itu; ~ bi.itu7; ~ bi.itu,ka-y.u!utu,,z.uutu,,,5,6,Biitu' caadxì' xubaande' tì gueé' cuba.,Muele un poco de maíz cocido para que yo tome pozol.,Cayúutu nite.,Está moliendo caña.
uutude,ruutu' de,-uutu # de,EJG;ND,vA:t,A,NO,2373,To grind down to a powder.,Moler hasta pulverizar.,processes,,RLC,ruutu # de,,,,,,,,1,1,Ruutu'cabe de.,Van a la molienda (actividad que se lleva a cabo el viernes antes de una boda cuando se va a dejar huevo para la elaboración de marquesotes).,,
uutuzhuba7,ruutu' xubá',-uutu # zhuba!7,JLC;RLC,vA:t,A,NO,2374,To grind corn for nixtamalization.,Moler maíz para nixtamal.,processes,,EJG,,,,,,,,,0,1,Gú'tu' Fán xubá' para cuba.,Que muela Juan nixtamal para masa.,,
uutuna7,ruutu'nà',-uutu=na*7,EJG;JLC;ND;RLC,vA:t,A,NO,2375,"To knead. By extension, to massage.","Amasar con la mano. Por extensión, masajear.",actions,,,r.uutu na^; ~ <r.uutu=na7>; ~ r.uutu=na*7,g.u!7tu=na*7,biitu=na*7,,,,,,3,1,Rutunà'be cuba para gacá' gueta.,Moler la masa con la mano para que se haga tortilla.,,
uutunyee,ruutu'ñee,-uutu=nyee,EJG;RGL,vA:t,A,NO,2376,"To step on, ex. to knead clay with the feet as part of the process to make adobe bricks.","Pisar, pisotear, ej. amasar barro con los pies para hacer ladrillos de adobe.",actions,,,r.uutu=nyee,g.u!tu=nyee; ~ g.u!7tu=nyee,bi.itu=nyee,,,,,,3,0,,,,
uuya,ruuya',-uuya,EJG;JLC;ND;RGL;RLC;VP,vA:t,A,NO,2377,"To see, to look, to look over, to observe, to contemplate.","Mirar, ver, observar, contemplar. Por extensión, supervisar.",perception,,,r.uuya,g.u!7ya (I),bi.iya; ),ka-yu!uya,,z.uuya,,,5,6,Biiya' Fán pà cuxóoñe' rini xtì' Pèdru.,Vio si tenía pulso (lit. corría la sangre de) Pedro.,Cayúuya' Mìnu pàbia' sicarù nuù xquela.,Mino está observando qué tan bonita está su milpa.
uuyachuundu,ruuya'chuundu',-uuya=chuundu,RGL;RLC,vA:i,A,NO,2378,To have blurry vision.,Ver borroso.,wellness,,,r.uuya chuundu,,,,,,,,1,1,Ruuya' chuundu' Gabriela.,Ve borroso Gabriela.,,
uuyadxi,ruuya'dxì,-uuya=dxi*,EJG;JLC;ND;RGL;RLC;VP,vA:t,A,NO,2379,"To contemplate quietly, to stare at.","Contemplar tranquilamente, ver fijamente, quedársele mirando.",perception,,RLC,r.uuya=dxi*,g.u!7ya=dxi* (I),bi.iya=dxi*,ka-yu!7ya=dxi*,,,,,4,5,Ruuya'dxìbe.,Él mira fijamente.,Ruuya'dxì Fán Fàna.,Juana mira fijamente a Juan.
uuyaga,ruuya'ga,-uuya=ga,EJG;RLC,vA:t,A,NO,2380,"To watch over, to look after.","Mirar con cuidado. Por extensión, cuidar.",perception,,RLC,r.uuya ga,g.u!7ya +ga,bi.iya ga,,,,,,3,2,Biiya'ga.,¡Fíjate! (i.e. ¡ten cuidado!),Ruuya'gabe ba'du'.,Le echa un ojo al niño.
uuyala7na,ruuya'la'na',-uuya=la7na,EJG;JLC;RGL;RLC;VP,vA:t,A,NO,2381,To look at someone with disdain.,"Verlo con recelo, ver con malos ojos, verlo feo.",perception,,,r.uuya=la7na,g.u!7ya=la7na (I),bi.iya=la7na,ka-y.u!uya=la7na,,,,,4,2,Cayúuyala'na' Jusé Mariá.,José ve feo a María.,Ruuya'la'na' Fán Pèdru.,Juan mira feo a Pedro.
uuyatuxu,ruuya'tuxhu,-uuya=tuxu,EJG;JLC;RGL;RLC;VP,vA:t,A,NO,2382,To look at someone with disdain.,"Verlo con recelo, ver con malos ojos, verlo feo.",perception,,RLC,r.uuya=tuxu,g.u!7ya=tuxu (I),bi.iya=tuxu,ka-yu!7ya=tuxu,,,,,4,5,Biiya'tuxhucabe.,Vieron feo.,Biiya'tuxhu Mariá Fán.,María vió feo a Juan.
uwi7diidxa,rui' diidxa',-uwi7 # diidxa,EJG;ND;RGL;RLC;VP,vA:t,A,NO,2383,"To tell, to narrate.","Platicarlo, contarlo, narrarlo.",communication,,EJG;ND;RLC,r.uwi7 # diidxa,g.uwi*7 # diidxa,b.uwi7 # diidxa,ka-y.uwi*7 # diidxa,,,,,4,6,Rué' diidxa'.,Platico.,Rué' xtalè diidxa'.,Platico mucho.
wa,rihuà,-wa*,EJG;JLC;ND;RLC;VP,vA:i,A,NO,2384,To reduce in size or volume.,Disminuir de tamaño o de volumen.,change of state,,JLC,,,,,,,,,0,1,Rihuà lu cubaniidxi'yaa.,El queso fresco disminuye su volumen.,,
wa7,rihua',-wa7,EJG;RGL;VP,vB:t,B,NO,2385,To carry something.,Cargarlo.,actions,,,r.wa7,g.wa*7,gu-y.wa7,ka-ywa!7,,,,,4,2,Nuà'.,Lo tiene cargado.,Rua' Mariá xiiñi'.,María carga a su hijo.
wa7ridxi,rihua' ridxi,-wa7 # r.idxi,RLC;VP,vB:t,B,NO,2386,For there to be shouting or noise.,Haber ruidero o griterío.,actions,,RLC,,,,,,,,,0,0,,,,
waawa,rihuaahua',-waawa,EJG;ND;RLC;VP,vA:i vers,A,NO,2387,"To come loose, to become loose-fitting or baggy.","Aflojarse, hacerse holgado o guango.",change of state,,,ri-waawa,gi-wa!awa,bi-waawa,,,,,,3,1,Bihuaahua' xhababe.,Se le hizo guango la ropa.,,
wati,rihuatì,-wati*,EJG;RLC,vA:i vers,A,NO,2388,"To be stunned, to act like a fool.","Atontarse, hacerse el tonto.",states,,RLC,ri-wati*,gi-wa*ti*,bi-wati*,,,,,,3,1,(Gu)ihuàtì bè para netí' naa lá.,"Que se haga el tonto, no me importa.",,
wi7,rihui',-wi7,ND;RLC,vA:i,A,NO,2389,"To turn itself off, to switch itself off.",Apagarse.,change of state,,,ri-wi7,gi-wi!7,bi-wi7,,,,,,3,1,Rihui' fòcocá.,Se apaga ese foco.,,
wii,rihuii,-wii,VC,vA:i vers,A,NO,2390,To become sick with an undiagnosed ailment.,Enfermarse de un mal grave y que no ha sido diagnosticado.,wellness,,,ri-wii,gi-wi!i,bi-wii,,,,,,3,1,Zaa guihuíibe.,Deja que se agrave (de salud).,,
wiini,rihuiini',-wiini,EJG;JLC;ND;RLC;VP,vA:i vers,A,NO,2391,To become small.,"Achicarse, empequeñecerse.",change of state,,,ri-wiini,i-wi!ini,bi-wiini,,,,,,3,1,Bihuiini'.,Se hizo chiquito.,,
winni,rihuinnì,-winni*,EJG;JLC;RLC;VP,vA:i,A,NO,2392,"To reflect, to become transparent, to appear in sight, to come into view, to be discerned.","Reflejarse, transparentarse, translucirse, vislumbrarse, divisarse.",change of state,,,ri-winni*,gi-wi*nni* (I),bi-winni*,,,,,,3,3,Rihuiné' stì làdu.,Me veo al otro lado (ej. en el reflejo del espejo).,Rihuinné' ndaani' nisa dí'.,Me veo en el agua.
winnixtuxu,rihuinnì xtuxhu,-winni* x.tuxu,JLC;RLC,vA:i,A,NO,2393,To shine.,Brillar.,states,,,,,,,,,,,0,1,Rihuinnì xtuxhu gubidxa ndani nisa.,Brilla el resplandor del sol en el agua.,,
xaaya,rixhaaya',-xaaya,EJG;ND,vA:i vers,A,NO,2394,To become rough or pockmarked.,Ponerse áspero o hacerse cacarizo.,change of state,,,ri-xaaya,gi-xa!aya,bi-xaaya,ka-xa!7ya,,za-xaaya,,,5,2,Bixhaaya' ladibe.,Se puso áspera su piel.,Zaxhaaya'.,Se pondrá áspero.
xakala7dxi,rixhacala'dxi',-xaka=la7dxi,EJG;JLC;ND;RLC;VP,vA:i,A,NO,2395,To display signs of boredom or annoyance.,Demostrar fastidio o aburrición.,behavior,,,ri-xaka=la7dxi,gi-xa!ka=la7dxi,bi-xaka=la7dxi,,,,,,3,2,Rixhacala'dxi' Fán.,Se aburre Juan.,Zaxhacala'dxi'; Saxhacala'dxi'.,Se va a fastidiar.
xaku,rixhacu,-xaku,EJG;JLC;ND;RLC,vA:i vers,A,NO,2396,To become rough or uneven.,Ponerse áspero o rasposo.,change of state,,,ri-xaku,gi-xa!ku,bi-xaku,,,,,,3,3,Bixhacu ladé'.,Se me llenó de ronchas mi piel.,Bixhacu lubè.,Se le llenó de huequitos la cara.
xama,rixhamà,-xama*,EJG,vA:i vers,A,NO,2397,To become ugly to the point of being considered monstrous due to being disproportionate.,Ponerse feo al grado de considerarse monstruoso por estar desproporcionado.,change of state,,,ri-xama*,gi-xa*ma*,bi-xama*,,,za-xama*,,,4,0,,,,
xamalu,rixhamà lu,-xama* # lu,EJG;JLC;VC,vA:i vers,A,NO,2398,To become ugly to the point of being considered monstrous because of a disproportionate face.,Ponerse feo al grado de considerarse monstruoso por tener la cara desproporcionada.,actions,,,ri-xama* lu,,,,,,ni-xa*ma # lu,,2,1,Quí nixhàmadí' lube.,No se le hizo fea y grande su cara.,,
xeembe,rixheembe',-xeembe,EJG;JLC;ND,vA:i vers,A,NO,2399,"To become deformed or misshapen. By extension, to make faces.","Apachurrarse, deformarse. Por extensión, hacer muecas.",change of state,,EJG;JLC;RGL;RLC,ri-xeembe,gi-zhe!embe,bi-xeembe,ka-xe!embe,,za-xeembe,,,5,5,Bixheembe' Linu lu ra culidxi bixhoze laa.,Lino hizo muecas ante el llamado de atención que le hizo su padre.,Bixheembe' lu León.,A León se le deformó la cara.
xeemberwaa,rixheembe'ruaa,-xeembe=rwaa,EJG;JLC;RLC,vA:i vers,A,NO,2400,To make faces.,Hacer muecas.,manner,,,ri-xeembe=rwaa,gi-zhe!embe=rwaa,bi-zheembe=rwaa; ~ bi-xeembe=rwaa,ka-xe!embe=rwaa,,,,,4,3,Bixeembe' ruaa Fán.,Juan hizo mueca.,Guixéemberuaa Fán.,Que Juan haga su mueca de que quiere llorar.
xii,rixhii,-xii,EJG;ND,vA:i vers,A,NO,2401,For land to become covered with brush.,Llenarse de maleza.,plants,,,ri-xii,gi-xi!i,bi-xii,ka-xi!i,,za-xii,,,5,3,Bixhii layu xtì' Mente.,Se enmontó el terreno de Mente.,Caxhíi.,Está cubriéndose de monte.
xiidi,rixhiidi',-xiidi,EJG;JLC;ND;RLC,vA:i,A,NO,2402,"To become entangled in relation to hair, or become gnarled in relation to wild plant growth.","Enmarañarse, ya sea con relación al cabello o a la maleza.",change of state,,,ri-xiidi,gi-xi!idi,bi-xiidi,,,,,,3,4,Cà bixhiidi'.,Enredado al grado de estar apelmazado.,Cà bixhiidi' (gu)ichaiqué'.,Está enredado mi cabello.
xiiwi,rixhiihui',-xiiwi,EJG;ND,vA:i vers,A,NO,2403,To become excessive.,"Excederse, hacerse excesivo.",change of state,,,ri-xiiwi,i-xi!iwi,bi-xiiwi,,,,,,3,1,Bixhiihui'xha'ta'.,Se llenó demasiadísimo (ej. un terreno que se llenó de matorral espinoso).,,
xinni,rixhinni,-xinni,EJG;JLC;ND;RLC;VP,vA:i,A,NO,2404,To get dark at nightfall.,Anochecerse.,phenomena,,,ri-xinni,gi-xi*nni (); ~ gi-xi!nni,bi-xinni,ka-xi!nni,,za-xinni,,,5,3,Caxhínni.,Está obscureciendo.,Má huaxhinni.,Ya es de noche.
xixi,rixhixhì,-xixi*,EJG;JLC;ND;RLC;VC;VP,vA:i,A,NO,2405,"To become gaunt, pale or melancholy-faced.","Demacrarse, ponerse pálido o de rostro melancólico.",wellness,,,ri-xixi*,gi-xi*xi*,bi-xixi*,,,,,,3,2,Bixhixhì lube.,Su cara se demacró.,Caxhìxhì lu.,Está poniéndose demacrada la cara.
xixilu,rixhixhì lu,-xixi* # lu,EJG;VC,vA:i,A,NO,2406,"For the face to acquire a gaunt, pale or melancholic look.","Ponérsele la cara demacrada, pálida o melancólica.",change of state,,RLC,ri-xixi* lu,gi-xi*xi* lu,bi-xixi* lu,ka-xi*xi* lu,,,ni-xi*xi* lu,,5,1,Quí nixhìxhìdí' lube.,No se le puso pálida la cara.,,
xoka,rixhoca,-xoka,EJG;VC,vA:i vers,A,NO,2407,To become rough or pockmarked.,Ponerse áspero o hacerse cacarizo.,change of state,,,ri-xoka,gi-xo!ka,bi-xoka,,,,,,3,0,,,,
xondanyee,rixhondà ñee,-xonda* # nyee,EJG;RLC,vA:i vers,A,NO,2408,Stumbling or staggering when walking due to a misshapen leg.,Tropezarse o tambalearse al caminar por tener una pierna torcida.,actions,,RLC,ri-xonda* # nyee,gi-xo*nda* # nyee,bi-xonda* # nyee,,,,ni-xo*nda* # nyee,,4,2,Qué nixhòndàdí' ñee Fán.,No camina pesado Juan (porque le pusieron zapatos ortopédicos).,Rixhondà ñee Gabriela.,Gabriela no tiene fuerza en su pie.
xopa,rixhopà,-xopa*,EJG;JLC;ND;RLC;VP,vA:i vers,A,NO,2409,"To shrink into a deformed shape, as in the case of leather or plastic exposed to high heat, or of a foot that cramps.","Encogerse, contraerse, arrugarse, como el cuero o el plástico expuesto al calor fuerte, o como cuando el pie se acalambra.",change of state,,EJG;JLC;RGL;RLC,ri-xopa*,gi-xo*pa* (I),bi-xopa*,,,za-xopa*,,,4,1,Bia birì de bixhopà ñee Fán.,Tiene hormiguitas porque se entumió el pie de Juan.,,
xuuni,rixhuuni',-xuuni,EJG;JLC,vA:i vers,A,NO,2410,"To shrink into a deformed shape, as in the case of leather or plastic exposed to high heat.","Encogerse, contraerse, como el cuero o el plástico expuesto al calor fuerte.",change of state,,,ri-xuuni,gi-xu!uni (),bi-xuuni,,,,,,3,0,,,,
xuxu,rixhuxhù,-xuxu*,EJG;JLC;ND;RLC;VP,vA:i vers,A,NO,2411,"To become brittle, as when something like a tortilla is toasted. By extension, to be toasted.","Hacerse quebradizo, dicho de cuando se tuesta algo como una tortilla. Por extensión, tostarse.",change of state,,,ri!xuxu* [CK-ORTH]; ~ ri-xuxu*,i-xu*xu*,bi-xuxu*,ka-xu^xu*,,za-xuxu*,,,5,2,Caxhuxhu.,Está tostándose.,Zaxhuxhu.,Se tostará.
xya,rixhià,-xya*,VC,vA:i,A,NO,2412,"To spread out, thereby covering all allowable space, ex. spread out wings, when smiling broadly, when occupying all space on a bed.","Extenderse y ocupar todo el espacio, ej. alas extendidas, cuando uno sonríe ampliamente, cuando uno ocupa toda la cama.",change of state,,,ri-xya*,gi-xya*,bi-xya*,,,,,,3,0,,,,
ya,ria,-y.a,EJG;JLC;ND;RGL;RLC;VP,vA:i,A,NO,2413,"To disintegrate, ex. as when ice melts or a solid dissolves in water.","Deshacerse, desintegrarse, ej. como cuando el hielo se derrite, o un sólido se diluye en el agua.",change of state,,EJG;JLC;RGL;RLC,r.y.a,g.y.a! (),b.y.a,ka-y.a!,,,n.y.a!,,5,5,Bia palètacà.,Se derritió (la paleta).,Cayá birì ñee'.,Tengo un calambre en el pie.
yaladi,ria ladi,-y.a ladi,RLC,vA:i,A,NO,2414,For the skin to develop sores (lit. for the skin to disintegrate).,Salir llagas en la piel (lit. deshacerse la piel).,wellness,,,,,,,,,,,0,1,Cayá ladibe.,Le están saliendo llagas.,,
ya7-2,ria',-y.a7,EJG;JLC;ND;VC;VP,vA~C:i,A~C,NO,2415,"To be made, to be manufactured, to be built.","Hacerse, elaborarse, fabricarse, construirse.",processes,,EJG;JLC;RGL,r.y.a7,cha^; ~ g.y.a!7; ~ cha*7 (),"b.y.a7; ~ gu-y.a7; + ""pcp""",ka-y.a!7,,z.y.a7,nya!7,,6,6,Caya' ti mexá' xti' xiiñe'.,Se está haciendo una mesa para mi hijo.,"--Ma' guya' bizuudi' bicaabe' lii lá.
--Ma' ya'ni, sacasini cabesa'.","--¿Ya se hizo la enagua que te encargué?
-- Ya está hecha, sólo espero el pago."
ya7de,ria'de',-y.a7de,JLC;ND;VP,vA:t,A,NO,2416,To be gifted something.,Regalársele.,experience,,,r.ya7de,g.ya!7de (I),b.ya7de,,,,,,3,1,Ria'de' binnì bizaa nè dxiña.,Recibe la gente frijol y azúcar (ej. cuando de vez en cuando llega un político y da despensas).,,
ya7ki,ria'qui',-y.a7ki,EJG;JLC;ND;RGL;VP,vA~C:i,A~C,NO,2417,To be burned.,Quemarse.,states,,JLC;RLC,r.y.a7ki,g.y.a!7ki (); ~ ch.aki!7 (I),b.ya7ki; ~ gu-y.a7ki,ka-ya!7ki,,,nya!7ki,,5,6,Cayá'qui'.,Se está quemando.,Caya'qui' gueta cà suquii.,Se está quemando la tortilla que está en el horno.
ya7kina7,ria'qui' nà',-y.a7ki # na*7,EJG,vA~C:i,A~C,NO,2418,"To be burned, referring figuratively and colloquially to having taken an ill-supported position that was therefore shamefully rejected.","Quemarse, refiriéndose de forma figurada y familiar al hecho de haber tomado una postura mal sustentada que por ello fue rechazada de manera vergonzosa.",states,,JLC,r.ya7ki  # na*7,,,kaya!7ki # na*7,,,,,2,2,Qué ñá'qui'dí' nà'be.,No se quemó su mano.,Qué ñá'qui' nà'dí'be.,No se quemó (i.e. no hizo el ridículo).
ya7kibyaani,ria'qui'biaani',-y.a7ki=b.y.aani,EJG;JLC,vA~C:i,A~C,NO,2419,"To flash, to give off strong light like that of a lightning bolt.","Relampaguear, despedir luz fuerte como la de un rayo.",phenomena,,,r.ya7ki b.y.aani,,gu-ya7ki b.y.aani,ka-ya!7ki b.y.aani,,,,,3,1,Ria'qui'biaani' ràyu.,Relampaguea el rayo.,,
ya7kibelle,ria'qui'bele,-y.a7ki=belle,EJG,vA~C:i,A~C,NO,2420,To burn under strong flames.,Quemarse o arder en llamas.,states,,,,,,ka-ya!7ki=belle,,,n.ya!7ki=belle,,2,3,Cayá'qui'bele.,Está ardiendo el fuego.,Caya'qui'bele.,Está ardiendo y levantando llamarada.
ya7kinyee,ria'qui'ñee,-y.a7ki=nyee,EJG;JLC;ND,vA~C:i,A~C,NO,2421,To be cheated on by a romantic partner.,Ser engañado por la pareja romántica.,states,,EJG;JLC,r.y.a7ki nyee,,b.y.a7ki nyee,kaya!7ki nyee,,,,,3,5,Bia'qui'ñee Fán.,Se engañó a Juan. (lit. le quemaron la canilla a Juan),Cayá'qui' ñee Fán.,Le están poniendo los cuernos a Juan.
ya7pi,ria'pi',-y.a7pi,EJG;JLC;ND;RLC,vA~C:i,A~C,NO,2422,"To climb, to ascend, to mount. By extension, to have sex, to make love.","Subirse, treparse, encaramarse, montarse, ascender. Por extensión, tener sexo, hacer el amor.",actions,,,r.y.a7pi,ch.api!7; ~ g.y.a!7pi,b.y.a7pi; ~ gu-y.a7pi,ka-y.a!7pi ,,,ny.a!7pi,,5,4,(Gue)ndaria'pi'.,Un polvo (manera coloquial de referirse a tener sexo).,Mà ria'pi'be.,Ya está sexualmente activo.
ya7piike,ria'pi-ique',-y.a7pi=ike,RLC,vA~C:i,A~C,NO,2423,For saliva to rise to the head. Sudden ailment that some consider to be life-threatening.,Subírsele la saliva a la cabeza. Algunos consideran que esta afección repentina puede poner en riesgo la vida.,actions,,,,,b.ya7pi ike,,,,,,1,1,Bia'pi' ique.,Se le subió la saliva a la cabeza.,,
ya7pinisa,ria'pi'nisa,-y.a7pi=nisa,EJG;JLC;ND;RLC;VC;VP,vA~C:i,A~C,NO,2424,"For liquid to rise, ex. when water evaporates, when having acid reflux. This also refers to the action of lightning without rain based on the idea that rain is still accumulating.","Elevarse un líquido, ej. al evaporarse el agua, al tener reflujo gástrico. También se refiere a la acción de relampaguear sin llover por la idea de que la lluvia se está acumulando.",actions,,EJG;JLC;RGL;RLC,r.ya7pi nisa,g.ya!7pi (),b.ya7pi,,,,,,3,5,Cayá'pi'nisa xa(gu)ibá'.,Se está acumulando la lluvia en el cielo.,Neegue' bia'pi'nisa stàlè.,Ayer relampagueó mucho.
ya7ri,ria'ri',-y.a7ri,EJG;JLC;ND;RGL;RLC;VP,vA:i,A,NO,2425,"To be washed. By extension, to be cleaned out.","Lavarse. Por extensión, desvalijarse.",change of state,,JLC,r.ya7ri,g.ya!7ri (),"b.ya7ri; ~ b.ya7ri + ""pcp""",ka-ya!7ri,,z.y.a7ri,nya!7ri,,6,6,Guiá'ri'nèni.,Se lava con eso.,Má bia'ri'be.,Se quedó sin un peso.
yabiri,riabirì,-y.a=bi-ri*,JLC;RLC,vA:i,A,NO,2426,To have a tingling sensation after an extremity of the body becomes numb.,Tener una sensación de hormigueo como cuando se entume una extremidad del cuerpo.,wellness,,JLC;RLC,r.ya! bi-ri*,g.ya! bi-ri*,b.ya! bi-ri*,,,,,,3,4,Biabirì ñee Fán.,Juan siente un hormigueo en su pie.,Biabirì ñee Fán.,Se entumió el pie de Juan.
yaadxa,riaadxa',-y.aadxa,EJG;JLC;ND;RGL;VP,vA:a,A,NO,2427,"To lack, to be lacking, to be short of, to not show up.","Faltar, faltarle.",states,,,r.yaadxa,g.ya!adxa (),b.yaadxa,,,z.y.aadxa,,,4,6,Cayáadxa'.,Está faltando (alguien).,Riaadxa' bidxichi laa.,Le falta de dinero.
yaadxala7dxido7,riaadxa' la'dxi'do',-y.aadxa la7dxi=do7,RLC,vA:i,A,NO,2428,To lack courage (lit. for the heart to be lacking).,"Tener pena, faltarle valor (lit. faltarle el corazón).",behavior,,RLC,,,,,,,,,0,1,Biaadxa'ladxido'be.,Le dio pena.,,
yaagi,riaagui',-y.aagi,RLC,vA:i,A,NO,2429,"To be quiet, to be slow in reacting, possibly due to a cognitive disability.","Estar callado, ser lento en reaccionar, posiblemente debido a una discapacidad cognitiva.",character attributes,,,ri-yaagi,gi-y.a!agi,bi-y.aagi,,,,,,3,1,Riyaagui'.,Se asonsa.,,
yaana,riaana',-y.aana,EJG;JLC;ND;VP,vA:i,A,NO,2430,"To plow, to clear the vegetation in a plot of land.","Barbecharse, abrirse surco, limpiarse un terreno de siembra.",cultivation,,,r.y.aana,g.y.a!ana,b.y.aana,,,z.y.aana,,,4,5,Biaana.,Se barbechó.,Biaanà' jmá (gu)endaró.,Quedó más comida.
yaana-2,riaanà',-y.aana*,EJG;JLC;ND;RGL;RLC;VP,vA:i,A,NO,2431,"To remain, to be left behind.","Quedar, quedarse, permanecer.",states,,,r.y.aana*,g.y.aa*na* (I),"b.y.aana* + ""pcp""",ka-yaa^na*,,z.y.aana*,,,5,6,"Ca biza'na' Lulú rieca' saa, laa riaana rapa yoo.","Los hermanos de Lulú van a la fiesta, ella se queda a cuidar la casa.",Chonnà guiree chupà guiaànà tobi.,De tres salen dos queda uno.
yaanalugubidxa,riaanà' lu gubidxa,-y.aana* # lu gu-bidxa,JLC,vA:i,A,NO,2432,To end up in poverty (lit. to be left under the sun).,Quedar en la pobreza (lit. quedar bajo el sol).,change of state,,,,,bi.aana* lu gu-bidxa,,,,,,1,1,Biaanà' Fán lu gubidxa.,Juan quedó en la pobreza (lit. expuesto al sol).,,
yaananeza,riaanà' neza,-y.aana* # neza,JLC,vA:i,A,NO,2433,"To be stuck on the way, to stay or fall behind.","Quedarse en el camino, atrasarse.",states,,,r.y.aana* # neza,,bi.aana* ne^za,,,,,,2,1,Riaanà' Fán neza.,Se queda Juan en el camino.,,
yaanatobisi,riaanà' tobisì,-y.aana* # tobi +si*,EJG;JLC;ND;RGL;RLC;VP,vA:i,A,NO,2434,To be in agreement.,Quedar de acuerdo.,states,,,r.y.aana*# tobi +si*,g.y.aa*na* # tobi +si*,b.y.aana* # tobi +si*,,,,,,3,1,Biaanà' nèbe laa tobisì.,Se pusieron de acuerdo.,,
yaanazhyeladi,riaanà' xièladi,-y.aana* # zhye*=ladi,JLC;RLC,vA:i,A,NO,2435,To end up naked.,Quedarse desnudo.,change of state,,,,,b.y.aana* zhye* la^di,,,,,,1,2,Biaanà' Fán xiè ladi cana ucheèchè' biduaa.,Se quedó desnudo Juan y reparte plátano.,Biaanà' xièladi Fán.,Juan quedó desnudo.
yaanaka,riaanà'cà,-y.aana* +ka*,EJG;JLC,vA:i,A,NO,2436,"To be detained, to be suspended, to be interrupted.","Quedar detenido, quedar suspendido, ser interrumpido.",change of state,,EJG;JLC,r.yaana* ka*,,b.yaana*=ka*,,,,,,2,3,"Biaanà' cà clàse, má quí ñuu.","Se suspendieron las clases, no hubo.",Biaanà'cà Fán.,Se detuvo Juan.
yaanata7,riaanà'ta',-y.aana*=ta7,EJG;JLC,vA:i,A,NO,2437,"To be dumped on the ground. By extension, to be abandoned or left to one's own devices.","Quedarse tirado, quedarse botado. Por extensión, quedarse abandonado a su suerte.",position,,,r.yaana* ta7,,,,,,,,1,1,Riaanà'ta' Fán galahuí neza.,Se queda tirado Juan en medio del camino.,,
yaandala7dxi,riaanda'la'dxi',-y.aanda=la7dxi,EJG,vA:i,A,NO,2438,To forget.,Olvidarse.,cognition,,,r.yaanda na-la7dxi,,,,,,,,1,1,Qué ñáandala'dxi'dí'be.,No se le olvidó.,,
yaandezhuba7,riaande'(xubá'),-y.aande(=zhuba!7),EJG;JLC;VP,vA:i,A,NO,2439,For corn to be cooked.,Cocerse el maíz.,processes,,EJG;RLC,r.y.aande,g.ya!ande,b.y.aande,,,,,,3,1,Riaande' xubá'.,Se cuece el maíz.,,
yaandegyelu,riaandè' (guie) lu,-y.aande* # (gye) lu,EJG;JLC;VP,vA:i,A,NO,2440,For someone's eyes to be bulging or to be opened wide.,"Hacérsele los ojos saltones, abrírsele los ojos, pelársele los ojos.",change of state,,,r.yaande* # lu,g.yaa*nde* # lu (I),b.yaande* # lu,,,,ny.aa*nde*,,4,4,De biaandè' lu Fán.,Se le abrieron los ojos a Juan (de tanta sorpresa).,Quí ñaàndè'dí' lu Fán.,No se le hicieron los ojos grandes a Juan.
yaani,riaani',-y.aani,EJG;JLC;ND;RLC;VP,vA:i,A,NO,2441,"To light up, to become lit, to clear up thereby letting light in.","Alumbrarse, iluminarse, despejarse dejando entrar la luz.",change of state,,EJG;JLC;ND;RLC,r.y.aani,g.y.a!ani (),b.y.aani,ka-y.a!ani,,,n.y.a!ani,,5,6,Cayáani'.,Se está despejando.,Cayáani' guiba'.,Está llegando la claridad al cielo.
yaaniike,riaani' ique,-y.aani # ike,EJG;RLC;VC,vA:i,A,NO,2442,"This phrasal verb has the literal meaning for one's head to be cleared. This is interpreted in two ways: to go bald, and to have clarity of thought.","Este verbo de frase tiene como significado literal despejarse la cabeza. Esto se interpreta de dos maneras: quedarse calvo, y aclararse la mente.",change of state,,,r.y.aani # ike,,,,,,,,1,1,Qué ñáanidí' iquebe.,No se quedó calvo. (lit. no se le despegó la cabeza),,
yaanidxindxi,riaani'dxindxì,-y.aani=dxindxi*,EJG,vA:i,A,NO,2443,"To completely light up, become lit, or clear up.","Alumbrarse, iluminarse o despejarse por completo.",change of state,,RGL;RLC,r.y.aani dxindxi*,,,,,,,,1,2,Qué ñáanidxindxìdí'.,No se alumbró.,Rianidxindxì xtàlè.,Alumbra mucho (el sol).
yaapa,riaapa',-y.aapa,JLC;ND;VP,vA:i,A,NO,2444,"To be cared for, to be looked after, to be protected, to be guarded.","Cuidarse, resguardarse, custodiarse.",wellness,,,r.y.aapa,g.y.a!apa (),b.y.aapa,,,,,,3,5,Biaapa'.,Se cuidó.,Cayáapa Mariá gupà xiiñi'.,Están cuidando a María (porque acaba de tener a su hijo).
yaapabyaani,riaapa' biaani',-y.aapa # b.y.aani,EJG;JLC;ND;RLC;VP,vA:i,A,NO,2445,"This phrasal verb refers to activities related to a wake, in particular, guarding lighted candles during the nights of the ninth day and fortieth day after the passing of a loved one.","Este verbo de frase se refiere a las actividades en torno a un velorio, con énfasis en cuidar las velas encendidas durante las noches de los nueve días y de los cuarenta días posteriores al fallecimiento.",cultural practices,,,r.y.aapa # b.y.aani,,b.y.aapa ge7tu b.y.aani,,,,,,2,5,Neegue' biaapa' biaani'.,Ayer fue el velorio.,Neegue' quí ñáapadí' biaani'.,Ayer no fue el velorio.
yaapabenda,riaapa' benda,-y.aapa # benda,EJG;ND;VC,vA:i,A,NO,2446,"This phrasal verb refers to the communal activity that takes place during Lent and consists of guarding the dried or fried fish that will be offered in a meal after mass, so that no animal comes near them.","Este verbo de frase se refiere a la actividad comunitaria que se lleva a cabo durante la Cuaresma y consiste en cuidar los pescados secos o fritos que se van a ofrecer para comer después de la misa, para que no se los coma ningún animal.",cultural practices,,,r.y.aapa benda,,,,,,,,1,1,Qué ñáapadí'cabe benda.,No cuidaron los pescados.,,
yaapabere,riaapa' bere,-y.aapa # bere,RLC,vA:i,A,NO,2447,"This phrasal verb refers to the communal activity involving contribution, processing and cooking of chickens in the context of weddings. It involves each guest bringing a chicken to the wedding site on Saturday morning. All the chickens are slaughtered and hung on a rope next to the head of the bull that was also slaughtered. On Saturday night the chickens are prepared in mole sauce, which is then served on Sunday morning.","Este verbo de frase se refiere a la actividad comunitaria de contribución, procesamiento y cocción de pollos que se lleva a cabo en torno a las bodas. Consiste en que cada invitado traiga un pollo el sábado por la mañana al lugar donde se celebrará la boda. Todos los pollos se sacrifican y se cuelgan en una pita junto a la cabeza del ganado que también se sacrificó. El sábado por la noche se preparan los pollos en mole, el cual se sirve el domingo por la mañana.",cultural practices,,,,,,,,,,,0,2,Neegue' biaapa' bere.,Ayer se fue a dejar y procesar el pollo.,Neegue' quí ñápadí' bere.,Ayer no tuvo pollo.
yaapawagu,riaapa' huagu,-y.aapa wagu,EJG;VC,vA:i,A,NO,2448,"This phrasal verb refers to the communal activity that consists of guarding the foods that will be offered during a wedding, so that no animal comes near them.","Este verbo de frase se refiere a la actividad comunitaria que consiste en cuidar los alimentos que se van a ofrecer en una boda, para que no se los coma ningún animal.",cultural practices,,JLC;RLC,r.y.aapa wagu,,,,,,,,1,0,,,,
yaapawii,riaapa'huiì,-y.aapa=wii*,EJG;JLC;ND;VC,vA:i,A,NO,2449,This phrasal verb refers to the care that is offered to someone who is nearing death.,Este verbo de frase se refiere a los cuidados que se le otorgan a un moribundo.,cultural practices,,,r.y.aapa wii*,g.y.a!apa wii*,b.y.aapa wii*,,,,,,3,1,Riaapa' huiì xpiaani' Fán.,Se velan el incienso de Juan (quien ha fallecido).,,
yaapawiini,riaapa'huiini',-y.aapa=wiini,RLC,vA:i,A,NO,2450,This phrasal verb refers to the care that is offered to someone who is nearing death.,Este verbo de frase se refiere a los cuidados que se le otorgan a un moribundo.,cultural practices,,,,,b.y.aapa=wiini,,,,,,1,2,Biaapa' huiini' Fán.,Se veló a Juan (que estaba a punto de morir).,Quí ñáapahuiini'dí' Fán.,No se visitó a Juan (que estaba a punto de morir).
yaaxa,riaaxhà',-y.aaxa*,EJG;JLC;ND;RLC;VP,vA:i,A,NO,2451,"To be pulled out, to be torn off.","Arrancarse, zafarse.",change of state,,VC,r.yaaxa*,g.yaa*xa*,b.y.aaxa*,ka-yaa^xa*,,,,,4,6,Biaaxhà'ca' (bia'sì).,Se arrancaron (igual/juntos).,Biaaxhà' de xcu bizaa; Biaaxhà' bizaa de xcu.,Arrancaron el frijol desde la raiz.
yaaxayanni1,riaaxhà' yanni,-y.aaxa* # yanni,JLC;RLC,vA:i,A,NO,2452,To break one's neck.,Desnucarse.,wellness,,,,,,,,,,,0,1,Quí ñaàxhà'dí' yanni Fán.,No se desnucó Juan.,,
yaaxayanni2,riaaxhà' yanni,-y.aaxa* # yanni,JLC;RLC,vA:i,A,NO,2453,"To vomit, to throw up.",Vomitar.,wellness,,,r.y.aaxa* # yanni,,b.ya7xa # yanni,,,,,,2,6,Biaaxhà' bupu yanni Arno.,Le salió espuma por la boca a Arno.,Biaaxhà' nisa yanni Fán.,Juan vomitó el agua.
yaaze,riaaze',-y.aaze,EJG;JLC;ND;RGL;RLC;VP,vA:i,A,NO,2454,"To be inserted, as something that pierces or penetrates, submerges in liquid, or is introduced among people so that it may be shared.","Introducirse. Por extensión, encajarse, meterse, o sumergirse, así como introducirse de manera que se reparte.",position,,,r.yaaze; ~ r.y.aazi,g.y.a!aze (); ~ g.ya!azi,b.y.aaze; ~ b.y.aazi,,,,nya!azi,,4,6,Biaazi' benda ndaani' beñe.,El pez se metió en el lodo (ej. para protegerse).,Biaazi' bixugà nà' mixtú'.,Encajó la uña el gato.
yaazegubidxa,riaaze' gubidxa,-y.aaze # gu-bidxa,JLC,vA:i,A,NO,2455,For the sun to set.,Ocultarse el sol.,phenomena,,,,,,,,zi!-yaaze # gu-bidxa,,,1,2,Má biaaze' gubidxa.,Ya se metió el sol.,Quí ñáazedí' gubidxa.,No se ha metido el sol.
yaazi,riaazi',-y.aazi,VC,vA:i,A,NO,2456,"To be introduced. By extension, to be wedged, to get in, to be submerged, or to be introduced among people for sharing.","Introducirse. Por extensión, encajarse, meterse, sumergirse, o introducirse de manera que se reparte.",change of state,,EJG;JLC;RGL;RLC,,,,,,,,,0,1,Biaazi' nagá'nda.,Se repartieron refrescos.,,
yaba,riaba,-y.aba,EJG;JLC;ND;RGL;RLC;VP,vA:i,A,NO,2457,"To fall, to come down.","Caer, caerse.",change of state,,,r.y.aba,g.y.a!ba (),"b.yaba; ~ b.y.aba + ""pcp""",ka-y.a!ba,,z.y.aba,n.y.a!ba,,6,5,Biaba ti xcuidi ndaani' bizè.,Un niño se cayó en el pozo.,Guiza' ziaba guchachiguiiña' guxhiri'ne' yannadxi.,Qué buen provecho me hará el guisado de iguana enchilada que almorzaré hoy.
yabagi,riaba gui,-y.aba # gi,RGL;RLC,vA:i,A,NO,2458,To become inflamed (lit. for fire to come down).,Inflamarse (lit. caer el fuego).,actions,,,r.y.aba # gi,g.y.a^ba # gi (),b.y.aba # gi,,,,,,3,6,Biababe gui.,Se inflamó.,Biabacabe gui.,Se inflamaron.
yabamal,riaba mál,-y.aba # ma!l,RLC,vA:i,A,NO,2459,To be disliked.,Caer mal.,change of state,mal,,,,,,,,,,0,1,Biaba Fán mál.,Juan cayó mal (i.e. no le cayó bien a alguien).,,
yababelu,riababe lu,-y.aba be # lu,EJG;RLC,vA:i,A,NO,2460,To develop cataracts (lit. for mold to come down).,Desarrollarse cataratas en los ojos (lit. caer el moho).,wellness,,,r.yaba be # lu,,b.yaba be # lu,,,,,,2,1,Biaba be lu Fán.,Tiene cataratas Juan.,,
yababe,riababe,-y.aba=be,EJG;RLC,vA:i,A,NO,2461,"To become moldy. By extension, to develop cataracts (lit. for mold to come down).","Enmohecerse. Por extensión, desarrollarse cataratas en los ojos (lit. caer el moho).",wellness,,,,,,,,z.y.aba be,,,1,0,,,,
yababeenda,riababeenda',-y.aba=beenda,JLC;RLC,vA:i,A,NO,2462,For corn and other harvested plants to be stricken by disease.,Caerle una plaga a la milpa y a otras cosechas.,cultivation,,,r.y.aba be7nda,,b.y.aba=beenda,,,,,,2,1,Biaba beenda' lu guela.,Cayó culebra en la milpa.,,
yababi,riababi,-y.aba=bi,EJG,vA:i,A,NO,2463,For the wind to blow (lit. for the wind to come down).,Soplar el viento (lit. caer el viento).,phenomena,,,,,b.y.aba=bi,ka-ya!ba bi,,z.y.aba bi,,,3,1,Biaba biyooxho'.,Está pegando el (viento del) norte.,,
yababi7xu,riababi'xhu',-y.aba=bi7xu,EJG;RLC,vA:i,A,NO,2464,For plants to be stricken by disease causing atrophy and a grainy or bumpy texture.,Caerle una plaga a las plantas de manera que se atrofian y desarrollan una apariencia granulosa.,cultivation,,EJG;RLC,r.yaba bi7xu,,b.y.aba bi7xu,,,,,,2,1,Biaba bi'xhu' lu bichooxhè.,Le cayó una plaga al tomate.,,
yabageela,riabagueela',-y.aba=geela,JLC,vA:i,A,NO,2465,For night to fall.,"Anochecer, caer la noche.",phenomena,,,,,b.yaba=geela,,,,,,1,1,Biaba gueela'.,Anocheció.,,
yabagupa,riabagupa,-y.aba=gupa,EJG;RLC,vA:i,A,NO,2466,For dew to collect overnight.,Acumularse (lit. caer) el sereno o el rocío.,phenomena,,,ryaba gupa,,,,,z.y.aba gupa,,,2,3,Biaba gupa.,Cayó el sereno.,Biaba gupa lu guixi.,Cayó el sereno/rocío sobre la hierba.
yabakwe7,riabacue',-y.aba=kwe7,EJG;RLC,vA:i,A,NO,2467,To fall sideways.,Caerse de lado.,change of state,,JLC;RGL;RLC,r.yaba kwe7,,b.yaba!7 kwe!7,,,,,,2,1,Biabacue' Fán.,Se cayó de lado Juan.,,
yabalanixpido7,riabalanixpido',-y.aba=la-ni=x.pi-do7,EJG,vA:i,A,NO,2468,"For a birthday or onomastic to be celebrated. Onomastic celebrations are on the day of the Saint after whom a person is named. In fact, this lexeme literally means ""for the day of their saint to fall"".",Celebrarse un cumpleaños o un onomástico (lit. caer el día de su santo).,cultural practices,,,,,,ka-ya!ba la x.pi-do7,,z.y.aba la x.pi-do7,,,2,1,Ziaba lani xpido' gabrièla.,Va a ser el santo de Gabriela.,,
yabana7,riabanà',-y.aba=na*7,EJG;JLC;ND,vA:i,A,NO,2469,"To be excessive with a given action, to go overboard on something (lit. for the hand to come down). By extension, to be punished.","Írsele o pasársele la mano (lit. caer la mano). Por extensión, castigarse.",change of state,,,r.y.aba na*7,,b.yaba na^; b.y.aba na*7; <b.y.aba-na7>,,,z.y.aba na^,,,3,5,Biabanà'be.,Se le castigó.,Biabanà' Fán runi (gue)ndaruaadxe' xtì'.,Se le castigó a Juan por su tontería.
yabananda,riabananda,-y.aba=nanda,EJG,vA:i,A,NO,2470,"For cold weather to set in, to get cold (lit. for cold to come down).","Enfriarse, hacer frío (lit. caer el frío).",change of state,,,,,b.y.aba nanda,ka-ya!ba nanda,,z.y.aba nanda,,,3,1,Biaba nanda (yan)nadxi.,Se puso frío el día.,,
yabanisagye,riabanisaguie,-y.aba=nisa=gye,EJG;VP,vA:i,A,NO,2471,To rain (lit. for rain to come down).,Llover (lit. caer la lluvia).,phenomena,,EJG;RLC,r.yaba nisa!ie,,b.yaba nisa gye,ka-ya!ba nisa gye,,z.yaba nisa gye,,,4,1,Neegue' biaba nisaguie.,Ayer llovió.,,
yabarilu,riabarilu,-y.aba=ri+ lu,EJG,vA:i,A,NO,2472,To fall face-first.,Caerse de boca.,actions,,,r.yaba ri+ lu,,b.yaba ri+ lu,,,,,,2,1,Biaba ri lu Fàna (g)ulaà ruaa.,Se cayó Juana y se quebró la boca.,,
yabasa,riabasa,-y.aba=sa,EJG;JLC;RLC,vA:i,A,NO,2473,To fall backwards.,"Caerse para atrás, irse de espaldas.",actions,,EJG;JLC;RLC,r.yaba sa,,bi-aba sa,,,,,,2,1,Biabasa Fán tàntu cuxìdxì.,Se cayó de espalda Juan de tanto reírse.,,
yabata7,riabata',-y.aba=ta7,EJG,vA:i,A,NO,2474,To fall abruptly.,Caerse bruscamente.,actions,,,r.yaba ntaa,,b.y.aba ta7,,,,,,2,1,Biaba ta' ra cà suca riaba ta' gui'.,"Se dio un porrazo ahí, cayó como si fuera caca.",,
yabataata,riabataata',-y.aba=taata,EJG;RLC,vA:i,A,NO,2475,"To fall down out of carelessness. This is used in reference to someone old enough to pay attention to avoid falling down, not in reference to a young child.","Caerse por descuido, dicho de alguien que ya está en edad de poder poner atención para no caerse, y no de las infancias.",actions,,,r.yaba taata,,b.y.aba taata,,,,,,2,1,Biabataata' Fàna.,Se cayó Juana (por un descuido de persona mayor).,,
yacha,riacha,-y.acha,EJG;JLC;ND;RLC;VP,vA:i,A,NO,2476,"To lose consistency, to become soft, mushy or dispersed, as when corn kernels crack open when cooked, when the tip of the fingers become wrinkled do to water exposure, or when insects become agitated and swarm.","Perder consistencia, reblandecerse, disgregarse, como le ocurre al maíz cuando se cuece, a los dedos cuando pasan tiempo en el agua, cuando se hace un hervidero de insectos, etc.",change of state,,,r.yacha,g.ya!cha,b.yacha,,,z.ya7cha,,,4,6,De riacha ndebe òra gúuyabe nguiiu'.,Se alborota cuando ve hombres.,Má biacha (gu)ichaique.,Ya se le alborotó el cabello.
yachabinni,riacha binnì,-y.acha # binni*,EJG;RLC,vA:i,A,NO,2477,For people to crowd and mill around.,Arremolinarse la gente.,motion,,RLC,r.yacha # binni*,,,,,,,,1,1,Riacha binnì òra nuù ti saa.,Se alborota la gente cuando hay fiesta.,,
yachadxita,riacha dxita,-y.acha # dxita,EJG,vA:i,A,NO,2478,"To become foamy, to thicken up, like beaten eggs.","Espumarse, espesarse, como el huevo batido.",change of state,,,r.yacha # dxita,,,,,,,,1,1,Rusiacha Ròsa dxita.,Rosa bate el huevo.,,
yachabiri,riacha birì,-y.acha bi-ri*,RLC,vA:i,A,NO,2479,For a cooked item to reach the point where it is optimally soft (lit. for ants to swarm).,Cocerse bien un alimento y quedar suave (lit. hacerse un hervidero de hormigas).,change of state,,,,,b.yacha bi-ri*,,,,,,1,1,Má biacha birì bizaa.,Ya se coció el frijol.,,
yachagu7xu,riachagu'xhu',-y.acha=gu7xu,EJG,vA:i,A,NO,2480,For smoke to spread.,Extenderse el humo.,change of state,,RGL,r.yacha gu7xu,,,,,,,,1,1,Òra ruca guicabe guixi riacha gu'xhu'.,Cuando queman pasto seco se expande mucho el humo.,,
yachana7,riachanà',-y.acha=na*7,EJG;RLC,vA:i,A,NO,2481,"For the tips of the fingers to wrinkle up due to prolonged water exposure. By extension, to yield, in relation to a woman's effort to beat eggs to make a bread called marquesote, and whether the beaten eggs will yield enough to make the desired amount of bread.","Arrugarse la piel de los dedos de las manos por estar demasiado expuestos al agua. Por extensión, rendirle la mano, dicho de la labor de una mujer que bate huevos para la elaboración del pan llamado marquesote.",change of state,,,r.yacha na^,,,,,,,,1,2,Òra cueù' gaayu' casuleja marquesòte lá quí riacha dí noù'.,"Si sacas 5 casulejas de marquesote nada más, entonces no rindió tu mano (tu huevo que batiste).",Riacha nà' Ròsa tàntu rigapà gueta.,Se le arrugan las manos a Rosa de tanto tortear tortilla.
yachanisa,riachanisa,-y.acha=nisa,EJG,vA:i,A,NO,2482,For water to sprinkle out of control.,Salpicarse el agua.,change of state,,,r.yacha nisa,,,,,,,,1,1,Riachanisa òra xcuídi cayáze.,Salpica el agua cuando se bañan los niños (ej. en una alberca).,,
yachanyee,riachañee,-y.acha=nyee,EJG,vA:i,A,NO,2483,For the feet to wrinkle up due to prolonged water exposure.,Arrugarse la piel de los pies por estar demasiado expuestos al agua.,change of state,,JLC;RLC,r.yacha nyee,,,,,,,,1,1,Riachañee xcuídi huiini' òra cayáze.,Se les arrugan sus pies a los niñitos cuando se bañan.,,
yachaxo7,riachaxho',-y.acha=xo7,EJG,vA:i,A,NO,2484,For a smell to spread.,Extenderse el olor.,change of state,,,r.yacha xo7,,,,,,,,1,1,Riacha xho' maní' yuudxu'.,Se esparce el olor de los animales.,,
yachayu,riachayu,-y.acha=yu,EJG,vA:i,A,NO,2485,For a cloud of dust or dirt to form.,Hacerse una polvareda.,phenomena,,,r.yacha yu,,,,,,,,1,1,Òra nuù bi riacha yu.,Se levanta la tierra cuando sopla el aire.,,
yachayude,riachayu de,-y.acha=yu de,EJG,vA:i,A,NO,2486,For a cloud of dust or dirt to form.,Hacerse una polvareda.,phenomena,,,r.yacha de,,,,,,,,1,1,Òra nuù bi riacha yude.,Se levanta la tierra cuando sopla el aire.,,
yachazhuba7,riachaxubá',-y.acha=zhuba!7,EJG,vA:i,A,NO,2487,For corn kernels to soften as they are cooked.,Reblandecerse el maíz al cocerse.,change of state,,,r.yacha zhuba!7,,b.yacha zhuba!7,,,,,,2,1,Má biacha xubá'.,Ya está tierno (i.e. cocido) el maíz.,,
yachazhyaa,riachaxiaà,-y.acha=zhyaa*,EJG,vA:i,A,NO,2488,For the seed or fruit to develop a cotton-like structure and disperse in the wind (by anemochory).,"Esponjarse y dispersarse la semilla o el fruto, dicho de las plantas cuyos frutos (vilanos) están cubiertos de un material algodonoso para que sean transportados por el viento (propagación por anemocoria).",change of state,,RLC,r.yacha zhyaa* byo!ongo,,,,,,,,1,1,Riacha xhiaa bioongo'.,Se esponja el algodón del pochote (Ceiba aesculifolia).,,
yaka,riaca [2],-y.aka,EJG;JLC;ND;RLC;VP,vA:i,A,NO,2489,"To be made, to be manufactured. By extension, to take advantage or make the most of something.","Hacerse, elaborarse, fabricarse. Por extensión, hacerse de algo, aprovechar, aprovecharse.",processes,,RLC,r.y.aka,g.y.a!ka,b.y.aka,,,z.yaka,nya!ka,,5,6,Biaca.,Se elaboró.,Biacabe de biyaàbe.,Aprovechó para bailar (hasta hartarse).
yakalugya7,riaca lu(guià'),-y.aka # lu(-gya*7),EJG;JLC;ND;RLC;VP,vA:i,A,NO,2490,To take advantage or make the most of something.,"Hacerse de algo, aprovechar, aprovecharse.",behavior,,RLC,r.y.aka,g.y.a!ka,b.y.aka,,,z.yaka,nya!ka,,5,3,Biaca Chècha lu(guia') cuaana'naxhi beeda'nè Cha.,Chècha se aprovechó de la fruta que trajo Cha.,Cayáca tà Byé luguià' ti xandié naxiñà' rini.,El señor Bie se está satisfaciendo con una sandía roja como la sangre.
yakadxe7,riacadxe',-y.aka=dxe7,EJG;JLC;RLC,vA:i,A,NO,2491,"To overdo it, to go overboard on something.","Hacer algo de manera exagerada, excederse. Clavarse (en la jerga mexicana).",manner,,EJG;JLC;ND;RLC,r.yaka=dxe7,,b.yaka=dxe7,,,,,,2,2,Biacadxe' ba'du'.,Exageró el bebé (de tanto llorar).,Biacadxe' Fán ra lidxi Pèdru.,Abusó Juan en casa de Pedro.
yakadxita,riacadxita,-y.aka=dxita,JLC;VC;VP,vA:i,A,NO,2492,To become bone thin.,Adelgazar hasta los huesos.,wellness,,,r.y.aka=dxita,,b.y.aka=dxita,,,,,,2,2,Nabé riacadxita Fán.,Está muy delgado Juan.,Qué riacadxitadí' Fán.,No está muy delgado Juan.
yalle7,rialé',-y.alle!7,EJG;ND;RLC;VP,vA:i,A,NO,2493,"To open up, to become open.",Abrirse.,change of state,,,r.y.alle*; ~ r.y.alle!7; ~ r.yelle!7,g.yelle!7,b.yalle*; ~ b.yalle!7; ~ b.yelle!7,ka^yalle!7,,z.y.alle!7,,,5,1,Cayale; Cayele'.,Está floreando.,,
yalle,rialè,-y.alle*,JLC;ND;RLC,vA:i,A,NO,2494,"To originate, for an idea or an intention to come from within oneself.","Nacerle, ej. una idea, una consideración.",cognition,,JLC;RLC,r.y.alle*,g.y.a*lle* (I),b.y.alle*,,,,,,3,2,Bialèni de laabe.,Nació de ella.,"Pà rialè gùstu lii, gusúga'du' lá, gusúga'de'.","Si a ti te nace regalar, regala."
yallesee,rialèsee,-y.alle*=see,JLC;VC,vA:i,A,NO,2495,To be born premature.,"Nacer prematuro, nacer antes de tiempo.",wellness,,,r.y.alle*=see,,,,,,,,1,2,Rialèseecabe òra raca xu.,Nacen prematuros (los niños) cuando hay temblor.,Rialèsee; Gulèsee.,Nació prematuro.
yanda1,rianda,-y.anda,EJG;JLC;VP,vA:i,A,NO,2496,To cool down.,Enfriarse.,change of state,,JLC;RLC,r.y.anda,g.ya!nda (),b.yanda,,,,,,3,5,Biandabe.,Sanó.,De nanda; Nananda.,Siente el frío; Le sube el frio.
yanda2,rianda,-y.anda,EJG;JLC;RLC;VP,vA:i,A,NO,2497,"To heal, to recover from an illness, to become healthy again.","Sanar, curarse, mejorarse.",wellness,,,r.y.anda,g.ya!nda (),b.yanda,,,,,,3,5,Biandabe.,Sanó.,De nanda; Nananda.,Siente el frío; Le sube el frio.
yasa,riasa,-y.asa,EJG;JLC;ND;RGL;VP,vA:i,A,NO,2498,"To get up, to stand up.",Levantarse.,change of state,,JLC;RLC,r.y.asa,g.y.a!sa (),b.y.asa,,,,,,3,5,Biasa.,Levántate.,Biasanèbeni.,Se levantó por algo (que le sobresaltó).
yasalubakaanda,riasa lu bacaanda',-y.asa # lu ba-kaanda,JLC,vA:i,A,NO,2499,To sleepwalk (lit. to get up during sleep).,Ser sonámbulo (lit. levantarse durante el sueño).,states,,,r.y.asa # lu+ ba-kaanda,,,,,,,,1,2,Lu bacaanda' xtì Fán biasa.,Juan camina dormido,Riasa Fán lu bacaanda'.,Juan es sonámbulo (lit. se levanta dormido).
yasandi7,riasandì',-y.asa=ndi*7,EJG;RLC;VP,vA:i,A,NO,2500,To get up suddenly or abruptly.,"Levantarse de repente, súbitamente.",change of state,,JLC;RGL,r.yasa=ndi*7,g.ya!sa=ndi*7,b.yasa=ndi*7,,,,,,3,2,Biasa ndì' Ròsa púrr ti ridxi.,Rosa se despertó de repente por un ruido.,Qué ñásandì'dí' Rosa.,Rosa no se levantó de súbito.
yasasu,riasasu,-y.asa=su,EJG;RLC,vA:i,A,NO,2501,To get up suddenly or abruptly.,"Levantarse de repente, súbitamente.",change of state,,,r.y.asa=su,,b.y.asa=su,,,,n.ya!sa=su,,3,2,"Biasasu Rosa, bidxibi.",Se despertó Rosa de repente porque se asustó.,Qué ñásasudí' Ròsa.,Rosa no se levantó de súbito.
yasati,riasati,-y.asa=ti,EJG;VC,vA:i,A,NO,2502,"To originate, to begin.","Originar, empezar.",change of state,,,,,b.yasa=ti,,,,,,1,0,,,,
yasaxkaanda,riasaxcaanda',-y.asa=x.kaanda,EJG;JLC;RLC;VP,vA:i,A,NO,2503,To sleepwalk (lit. to get up during sleep).,Ser sonámbulo (lit. levantarse durante el sueño).,cognition,,,r.y.asa=x.kaanda,g.y.a!sa=x.kaanda (),b.y.asa=x.kaanda,,,,,,3,3,Riasacaanda'be.,Se levanta y habla en la noche.,Riasaxcaanda'be.,Camina dormido.
yasaxti7,riasaxtì',-y.asa=x.ti*7,JLC;ND,vA:i,A,NO,2504,"To originate, to begin.","Originar, empezar.",change of state,,RLC,,,<b.y.asa=ti>,,,,,,1,1,Biasaxtì' guenda ridindè òra guxudxi Fán.,La pelea se desató cuando Juan se emborrachó.,,
yasela7dxi,riasela'dxi',-y.ase=la7dxi,RLC,vA:i,A,NO,2505,"To feel compassion for, to feel pity.","Compadecer, tener compasión, sentir lástima.",emotion,,,r.yase=la7dxi,g.ya!se=la7dxi,b.yase=la7dxi,,,,,,3,3,Bilasela'dxi'be laa bidiibe ti bèxu.,Le dio lástima y le dio un peso.,"Nà Diós guiásela'dxi' gunaacà, cú' laabe.",Dios le tenga compasión a esa mujer y que lo meta de nuevo (en su casa).
yawi,riahuì,-y.awi*,EJG;JLC;ND;VP,vA:i,A,NO,2506,"To become full, to become impregnated, ex. with a smell, smoke, dust, or liquid.","Llenarse, impregnarse, ex. de un olor, de humo, de polvo o de algún líquido.",change of state,,,r.yawi*,g.ya*wi* (I),"b.yawi* + ""pcp""",,,,,,3,2,Biahuì nisa layu.,Se regó agua en la tierra (terreno).,Riahuì xho' xtì' maní' huiini'.,Se llena del olor del animal.
yazha,riaxa,-y.azha,EJG;JLC;ND;RGL;RLC;VP,vA:i,A,NO,2507,To be paid.,Ser pagado.,commerce,,EJG;JLC;RLC,r.y.azha,g.y.a!zha (),"b.yazha; ~ b.y.azha + ""pcp""",ka-ya!zha,,,nya!zha,,5,6,Biaxa biaani'.,Se pagó la luz.,Biaxa Fán nè xpixuaana'.,Juan fue pagado por su jefe.
yazhibeela,riaxibeelà',-y.azhi=beela*,RLC,vA:i,A,NO,2508,"For a wound or burn to heal, to scar over.",Cicatrizar.,wellness,,EJG;JLC;RLC,r.y.azhi=beela*,g.ya!zhi=beela*,b.y.azhi=beela*,,,,,,3,1,Má biaxibeelà'.,Ya cicatrizó.,,
yeechu,rieechu',-y.eechu,EJG;JLC;VP,vA:i,A,NO,2509,To bend.,Doblarse.,position,,,r.y.eechu,g.y.e!echu (),b.y.eechu,,,z.y.eechu,,,4,2,Bieechu'.,Se dobló.,Bieechu' ñeebe.,Se le torció el pie.
yeegu,rieegu',-y.eegu,EJG;JLC;VP,vA:i,A,NO,2510,"To close up, to become covered up or obstructed. By extension, to faint, to lose consciousness.","Cerrarse, taparse. Por extensión, privarse, desmayarse, perder el conocimiento.",change of state,,EJG;JLC;RLC,r.y.eegu,g.y.e!egu (),b.y.eegu,,,z.y.eegu,,,4,1,Bieegu'.,Se desmayó.,,
yeegulu,rieegu'lu,-y.eegu=lu,JLC,vA:i,A,NO,2511,For the eyes to close.,Cerrarse los ojos.,change of state,,,r.yeegu=lu,,b.yeegu lu,,,,,,2,2,Cayéegu' lu.,Se le están cerrando los ojos (de sueño).,Rieegu' lu Fán.,Juan cierra los ojos.
yeeguyoo,rieegu'yoo,-y.eegu=yoo,EJG;JLC;VP,vA:i,A,NO,2512,"To hunker down at home as a way to isolate oneself willingly. By extension, to be imprisoned.","Encerrarse en casa por voluntad propia. Por extensión, estar preso.",change of state,,,r.yeegu yoo,g.y.e!egu yoo,b.y.eegu yoo,,,,,,3,5,Bieguyoo gubaaná'.,Encerraron al ladrón.,Guiéguyoo gubaaná'.,Que encierren al ladrón.
yeeke,rieeque',-y.eeke,EJG;JLC;ND;RGL;VP,vA:i,A,NO,2513,"Undulate, sway, wave, oscillate.","Ondular, ondear, menearse, oscilar.",manner,,EJG;JLC;RLC,r.y.eeke,g.y.e!eke (),b.y.eeke,ka-ye!eke,,,,,4,5,Cayéeque'.,Se contonea.,Lu bieeque'sìcà.,Nomás en la vuelta.
yeekendaani,rieeque' ndaani',-y.eeke # ndaani,JLC;RLC,vA:i,A,NO,2514,"For the belly to ripple, as when the belly of a pregnant woman moves because of pressure applied by the fetus. By extension, for the belly to writhe, to have diarrhea.","Ondear la panza, como cuando la panza de una mujer embarazada se mueve por la presión del feto. Por extensión, retorcerse la panza o tener diarrea.",states,,,r.y.eeke ndaani,,,ka-y.e!eke,,,,,2,4,Quí cayéequedí' ndaani'.,No tiene diarrea.,Rieeque' ndaani' òra nuù ba'du'huiini'.,Se mueve la panza (de una mujer embarazada) cuando hay bebé (feto adentro).
yeekezha7na,rieeque' xa'na',-y.eeke # zha7na,JLC,vA:i,A,NO,2515,For the hips of a woman to sway.,"Menear las caderas, dicho de una mujer.",actions,,,r.yeeke # zha7na,,,,,,,,1,0,,,,
yelle7,rielé',-y.elle!7,EJG;JLC;ND;VP,vA:i vers,A,NO,2516,"To open up, to become open.",Abrirse.,change of state,,EJG;JLC;ND;RGL;RLC,r.y.elle!7,g.y.elle!7 (I),b.y.elle!7,ka-ye!lle!7,,z.y.elle!7,n.yelle!7,,6,6,Bielé'.,Se abrió (ej. en el caso de una herida).,Bielé' guie'.,Floreado.
yene,riene,-y.ene,EJG;JLC;ND;RGL;RLC;VP,vA:a,A,NO,2517,To understand.,Entender.,actions,,,r.yene,g.ye!ne (),"b.yene + ""pcp""",ka-y.e!ne,,z.yene,,,5,6,Biené'.,"Entendí, comprendí, asimilé.",Cayéné'.,Estoy entendiendo.
yenedyaga,rienediaga,-y.ene=dyaga,ND;RGL;RLC,vA:i,A,NO,2518,"To understand, to mind.","Entender, hacer caso.",cognition,,,r.yene=dyaga,"g.ye!ne=dyaga () [RGL03, RLC04]",b.yene=dyaga,,,,,,3,1,Rienediagabe.,Ella/él entiende.,,
yenene,rienenè,-y.ene=ne*,EJG;ND,vA:i,A,NO,2519,To be in agreement with someone.,Entenderse o ponerse de acuerdo con alguien.,communication,,,,,,ka-y.e!ne=ne*,,,,,1,2,Cayénenè.,Se está poniendo de acuerdo.,Cayénenè Fán Fàna.,Juan y Juana se están poniendo de acuerdo.
yete,riete,-y.ete,EJG;JLC;ND;RGL;RLC;VP,vA:i,A,NO,2520,"To go downwards, to come down. By extension, based on the notion of coming down (getting off/out) from a mode of transportation, this lexeme can refer to a stop during travel and even allude to lodging in the stopping place. Metaphorically, this can also refer to a reduction in intensity, as when colors become dull.","Ir hacia abajo, bajarse. Por extensión, y en alusión a bajar de un medio de transporte, se puede referir a hacer una parada durante un viaje e incluso implicar hospedaje en el lugar de la parada. También se puede hacer una referencia metafórica para referirse a una reducción de intensidad, como cuando un color baja de intensidad porque se despinta o se destiñe.",change of state,,,r.y.ete,g.y.e!te (),b.y.ete,ka-ye!te,,,,,4,6,Biete (g)ubà.,Bajó la inflamación.,Biete lu balaaga'.,Bajó de la balsa.
yetebi,riete bi,-y.ete # bi,EJG,vA:i,A,NO,2521,For the wind to start to blow (lit. for the wind to come down).,Empezar a soplar el aire (lit. bajar el aire).,change of state,,,r.yete # bi,,,,,,,,1,2,Quí ñétedí' bi.,No bajó el viento.,Riete bi.,Empieza a soplar (lit. baja) el viento.
yetela,riete la,-y.ete # la,EJG;ND,vA:i,A,NO,2522,"To do a roll call, to name names.","Pasar lista, nombrar nombres.",communication,,,r.y.ete # la,,,,,,n.y.e!te # la,,2,2,Cayéte la.,Está pasando lista.,Quí ñétedí' làlu',No llamaron tu nombre.
yetebani,riete ribani,-y.ete -bani,EJG;RLC,vA:i,A,NO,2523,To talk about a topic repeatedly or after a period in which it was forgotten (lit. to come down and awaken).,"Volver a hablar de un tema una y otra vez, o después de algún tiempo de estar en el olvido (lit. bajar y despertar).",change of state,,,r.yete ri-bani,,,,,,,,1,1,Riete ribani ru' xtiidxa' Fàna.,Todavía se habla de Juana.,,
yetenisalu,riete nisa lu,-y.ete nisa lu,EJG;ND,vA:i,A,NO,2524,For tears to come down.,Derramar lágrimas.,change of state,,VC,r.yete nisa lu,,,,,,,,1,1,Rietenisalu binnì òra cayúuna.,Derrama lagrimas la gente cuando llora.,,
yeterinizhii,riete rini xii,-y.ete rini zhii,RLC,vA:i,A,NO,2525,For the nose to bleed. This ailment is associated with heat. To stop the bleeding some resort to placing a hierba santa leaf on the forehead of the affected person.,Sangrar la nariz. Este malestar se considera caliente. Para detener la hemorragia se acostumbra poner una hoja de hierba santa en la frente de la persona afectada.,actions,,,,,,,,,,,0,1,Òra riete rini xiica'be.,Cuando sale sangre de la nariz.,,
yetesaka,riete saca,-y.ete saka,JLC,vA:i,A,NO,2526,For a price to come down.,Bajar de precio.,commerce,saca,,,,,,,,,,0,1,Biete saca bizaa.,Bajó de precio el frijol.,,
yetelu,rietelu,-y.ete=lu,JLC,vA:i,A,NO,2527,"To come down in reference to prices, to color or to intensity.","Bajar de precio, bajar de color, bajar de intensidad.",change of state,,,,,b.y.ete lu,,,,,,1,1,Biete lu beelà'.,"Le bajaron a la carne (precio, costo).",,
yetelulari,rietelulari,-y.ete=lu=lari,JLC,vA:i,A,NO,2528,To discolor.,Desteñirse.,change of state,,,r.y.ete lu lari,,b.y.ete lu lari,,,,,,2,2,Biete lu lari.,Se destiñó.,Biete xhabá'.,Se destiñó mi ropa.
yetenala7dxi,rietenala'dxi',-y.ete=na-la7dxi,EJG;JLC;ND;VP,vA:i,A,NO,2529,"To remember, to evoke, to reminisce.","Recordarse, acordarse, evocar.",cognition,,EJG;JLC,r.y.ete=na-la7dxi,,b.y.ete=na-la7dxi,,,,,,2,4,Nì bí'ya' Pèdru bietenala'dxi' de jñaà.,Lo que vio Pedro le hizo recordar a su mamá.,Quí rietenala'dxi'.,No se acuerda.
yetendaani,rietendaani',-y.ete=ndaani,JLC;RLC,vA:i,A,NO,2530,To menstruate.,"Menstruar, bajarle la regla.",states,,,r.y.ete ndaani,,,,,,,,1,2,Cayétendaani' Fàna.,Juana está menstruando.,Primé dxi de biete ndaani'.,Primer día que le bajó la regla.
yu7cha,riu'cha',-y.u7cha,EJG;JLC;ND;VP,vA:i,A,NO,2531,To be tossed or stirred.,"Revolverse, mezclarse.",states,,JLC;RLC,r.y.u7cha,g.y.u!7cha (),b.y.u7cha,,,z.y.u7cha,n.u7cha!; ~ n.u7cha,,5,4,Biu'cha' ca' xtiidxá'.,Se revolvieron mis datos (lit. palabras).,Jamón riu'cha' dxita.,Huevos revueltos con jamón.
yunda,riunda,-y.unda,EJG;JLC;VP,vA:i,A,NO,2532,"To be braided, to be twisted, especially in reference to cordage.","Trenzarse, torcerse, dicho sobre todo de la elaboración de riatas y cuerdas.",processes,,EJG;JLC;ND;RGL;RLC,r-y.unda,g-y.u!nda,b-y.unda,,,,,,3,1,Riunda doo lu nà'cabe.,Trenzan el mecate a mano.,,
yuu,riuu,-y.uu,EJG;JLC;ND;RGL;VP,vA~C:i,A~C,NO,2533,"To enter, to go inside.","Entrar, meterse.",actions,,RLC,r.y.uu,gi!yu; ~ g.y.u!u (); ~ chu!7 (I),b.y.uu; ~ gu-y.uu,ka-y.u!u,,z.y.uu,,,5,6,Cayúu stale binni ra lidxi Yèyu.,Está entrando mucha gente en la casa de Yeyo.,(G)uyuu binnì raca chupà semàna.,Llegó la gente hace dos semanas.
yuubyaani,riuu biaani',-y.uu # b.y.aani,EJG,vA~C:i,A~C,NO,2534,"For light to be cast over something, for electricity to be installed in a home or a community (lit. light is brought in).","Alumbrar, instalar el alumbrado (lit. meterse la luz).",actions,,,r.y.uu # b.y.aani,,,,,,n.yu!u # b.y.aani,,2,2,Mà' xadxi (g)uyuu biaani' La Ventosa.,Hace mucho que metieron luz eléctrica en La Ventosa.,Quí ñúudí' biaani'.,No metieron (i.e. instalaron) luz.
yuudiidxa,riuu diidxa',-y.uu # diidxa,EJG;JLC;VP,vA~C:i,A~C,NO,2535,To be married in a civil wedding (lit. word is brought in).,Casarse por lo civil (lit. meterse la palabra).,cultural practices,,RLC,r.y.uu diidxa,,,ka-y.u!u diidxa,,,,,2,4,Má biuu xtiidxa'be.,Ya se casó por lo civil.,Quí ñúudí' xtiidxa' Fán nè Fàna.,No se casan por el civil Juan y Juana.
yuudxi,riuu dxi,-y.uu # dxi,EJG,vA~C:i,A~C,NO,2536,For a date to arrive.,Llegar el día o la fecha.,time,,RLC,,,,,,z.y.uu dxi,,,1,3,Quí ziuudí' dxi gueèdà' ndà dxi guichaganà'cà.,Nunca llegará el día en que se case.,Ziuu dxi.,Llegará el día.
yuugunaa,riuu gunaa,-y.uu # gu-naa,EJG;RLC,vA~C:i,A~C,NO,2537,This verb phrase is used to refer to the act of a man taking his female partner to his family's home in order to establish themselves as a couple intending to marry. This is generally done in a consensual way.,"Esta frase verbal se utiliza para referirse al acto de un hombre de llevar a casa de su familia, a su pareja mujer a manera de establecerse como pareja con vistas al matrimonio. En castellano esta expresión se traduce como 'robarse a la mujer' aunque este acto suele ser consensuado.",cultural practices,,,,,b.yuu gu-naa,,,,,,1,1,Biuu gunaa ra lidxi bendá'.,"Robaron a la mujer en casa de mi hermana (i.e. en casa de mi hermana, uno de sus hijos trajo a su pareja para vivir juntos en su casa).",,
yuule7,riuu le',-y.uu # le7,EJG;JLC;ND,vA~C:i,A~C,NO,2538,"To be fenced in, to be encircled, to be besieged.","Cercarse, sitiarse, acorralarse.",states,,RLC,r.y.uu # le7,,b.y.uu # le7,,,z.y.uu # le7,,,3,5,Biuule' bidxiñà.,Se acorraló al venado.,Biuule' gui'xhi' xtì' Fán.,Se puso una cerca en el terreno de Juan.
yuulibana,riuu libanà,-y.uu # li-bana*,EJG;RLC,vA~C:i,A~C,NO,2539,"This verb phrase describes offering words of advice to the bride and groom during their wedding. Those chosen to sponsor and guide the couple during this important rite of passage perform this act, thereby acquiring an important kinship role.",Esta frase verbal describe el acto de ofrecer palabras de consejo por parte de los padrinos a los novios durante la boda de estos.,cultural practices,,,r.y.uu # li-bana*,,,,,,,,1,2,Quí ñúudí' libanà.,No se dio el sermón (a los novios donde la boda).,Riuu libanà ra guenda xeela'.,Se da el sermón (a los novios) donde la boda.
yuuxpyaani,riuu xpiaani',-y.uu # x.p.y.aani,EJG;RLC,vA~C:i,A~C,NO,2540,For consciousness or reason to be regained.,Volverle la razón o el conocimiento.,change of state,,,r.y.uu x.p.y.aani,,,,,,,,1,2,"Gaxhtí' xpiaani', (g)udiñèca'be laa, bidiica'be ti puñetiàda, de biuu xpiaani'.","No tiene juicio, lo golpearon, le dieron una puñeteada, y le volvió el juicio (aprendió la lección).",Quí ñúudí' xpiaani'.,No razonó.
yuuzhindxa7,riuu xindxá',-y.uu # zhi-ndxa!7,EJG,vA~C:i,A~C,NO,2541,For fever to set in.,Darle calentura.,wellness,,,r.y.uu zhi-ndxa!7,,b.y.uu # zhi-ndxa!7,,,,,,2,1,Biuu xiiñé' xindxá'.,Le dio calentura a mi hijo.,,
yuuzhindxaa,riuu xindxaà,-y.uu # zhi-ndxaa*,EJG,vA~C:i,A~C,NO,2542,"For a contribution to be made towards the costs associated with special occasions, such as weddings, wakes, and community festivities known as 'velas' in Spanish.","Entregarse la cooperación que se acostumbra ofrecer durante las ocasiones especiales como en bodas, velorios y las velas.",cultural practices,,,r.y.uu # zhi-ndxaa*,,,,,,n.yu!u # zhi-ndxaa*,,2,2,Quí ñúudí' xindxaà ra guenda xeela'.,Se lleva limosna a donde hay boda.,Riuu xindxaà ra guendaxheela'.,Se lleva limosna a donde hay boda.
yuuzhizaa,riuu xizaa,-y.uu # zhi-zaa,EJG;JLC;RLC;VP,vA~C:i,A~C,NO,2543,To worry (lit. for worry to enter someone).,Preocuparse (lit. entrarle la preocupación).,actions,,JLC;RLC,r.y.uu zhi-zaa; ~ ri.uu zhi-zaa,,,,,,,,1,1,Riuu Fán xizaa purr buèltu.,Está preocupado Juan por el dinero.,,
yuunu,riuunu',-y.uu +nu*,EJG;ND;RLC,vA~C:i,A~C,NO,2544,"To join, to come together, to work together, especially when it comes to organizing a festivity as a group.","Juntarse, reunirse, solidarizarse, sobre todo para colaborar o cooperar para una celebración.",actions,,,ryuu +nu*; ~ <r.y.uu nu>,,,,,z.y.uu +nu*,,,2,3,Amèlia nè naa riuunudu Chíca.,Amelia y yo nos acercamos a Chica.,Riuunu'du Chíca.,Nos acercamos nosotras a Chica.
yuubyeke,riuu bieque,-y.uu b.y.eke,EJG;JLC;VP,vA~C:i,A~C,NO,2545,"To twist, to writhe.","Torcerse, retorcerse.",motion,,,r.y.uu=b.y.eke,,,,,,n.y.u!u=b.y.eke,,2,3,(G)uyuu bieque ñeè' naa.,Me quedó chueco el pie (después del accidente).,Quí ñúu biequedí' doo.,No se torció el mecate.
yuubi1,riuu bi,-y.uu bi,RLC,vA~C:i,A~C,NO,2546,"For air to enter the body. This is a discomfort that is associated with heat and can affect different parts of the body. It occurs when the body is warm or hot and one is exposed abruptly to the cold. Arnica, avocado leaf baths, as well as cupping, are often used to relieve the discomfort. The importance of seeing a doctor is also recognized.","Meterse el aire en el cuerpo. Este es un malestar que se considera caliente y puede afectar diferentes partes del cuerpo. Ocurre cuando el cuerpo está caliente y uno se expone al frío. Para aliviar el malestar se suele recurrir al árnica, a los baños de hoja de aguacate, y a las ventosas. También se reconoce la importancia de acudir a un médico.",wellness,,,,,,,,,,,0,6,Biuu bi deche.,Se le metió aire en la espalda.,Biuu bi talòn.,Le entró aire en el talón.
yuubi2,riuu bi,-y.uu bi,EJG;JLC;ND;RGL;RLC,vA~C:i,A~C,NO,2547,"To jump, to hop, to take flight as when on a swing.","Brincar, saltar, agarrar vuelo como cuando uno se columpia.",actions,,,r.y.uu=bi,,b.y.uu=bi ~ gu-y.uu=bi,ka-y.u!u=bi,,z.y.uu=bi,,,4,5,Guyuubibe luni.,Lo saltó (ej. un árbol).,Quí ñúubidí' Fán layu.,No saltó Juan en el suelo.
yuubini,riuu bini,-y.uu bi-ni,EJG;ND;VP,vA~C:i,A~C,NO,2548,To sow seed.,Sembrar semilla.,cultivation,,,r.y.uu bi-ni,,,ka-y.u!u bi-ni,,,,,2,2,Quí ñúudí' bini.,No se sembró.,Riuu bini.,Siembra semilla.
yuubinnidxaba7,riuu binnìdxabá',-y.uu binni*=dxaba!7,VC,vA~C:i,A~C,NO,2549,For the devil to possess someone.,Metérsele el demonio.,spirituality,,RGL;RLC,,,,,,,,,0,2,Quí ñúudí' binnìdxabá' laabe.,No se le mete el demonio.,Riuu binnìdxabá' laabe.,Se le mete el demonio.
yuubya7,riuu bia',-y.uu bya7,EJG;JLC;ND;RLC;VP,vA~C:i,A~C,NO,2550,For something to be weighed.,"Medirse, pesarse.",measure and quantity,,,r.y.uu bya7,gu.yuu=bya7,,,,,,,2,3,Cayuubia' (biidxi').,Se está pesando (la semilla).,Guyuubia' Mariá.,María se pesó.
yuudyaga,riuu diaga,-y.uu dyaga,EJG;RGL;RLC,vA~C:i,A~C,NO,2551,To listen (lit. for the ear to enter).,Escuchar (lit. meterse el oído).,perception,,,r.y.uu=dyaga,chu!7=dyaga (I),gu-y.uu=dyaga,,,,,,3,1,Riuudiagabe.,Ella / él escucha.,,
yuugendazi7,riuu guendazì',-y.uu genda+ zi*7,RLC,vA~C:i,A~C,NO,2552,To jinx oneself.,Echarse la sal.,spirituality,,EJG;RLC,,,,,,,,,0,1,(G)uyuu Pèdru (gue)ndazì'.,Pedro ya se echó la sal (por haberle hecho una maldad a otra persona).,,
yuuguna,riuu guna,-y.uu guna,EJG;JLC;VC,vA~C:i,A~C,NO,2553,"For a contribution to be made towards the costs associated with special occasions, such as weddings, wakes, and community festivities known as 'velas' in Spanish.","Entregarse la cooperación que se acostumbra ofrecer durante las ocasiones especiales como en bodas, velorios y las velas.",cultural practices,,,r.y.uu guna,,b.yuu guna,,,,,,2,1,Biuu guna ra riaapa' biaani'.,Entró limosna donde están teniendo el velorio.,,
yuule,riuu lè,-y.uu le*,EJG;JLC;ND;RGL;RLC;VP,vA~C:i,A~C,NO,2554,To echo or resonate.,Tener eco o resonancia.,actions,,EJG;JLC;ND;RLC,r.y.uu=le*,g.y.u!u=le* (); ~ chu!7=le* (I),b.y.uu=le*; ~ gu-y.uu=le*,,,z.y.uu le*,,,4,6,(G)uyuu lè bixiaxí' Ròsa.,Hizo eco el estornudo de Rosa.,(g)uyuu lè xtiidxi' Fán ndaani' danì.,Se oyeron las palabras de Juan en el cerro.
yuunazhoo,riuu naxoo,-y.uu na-zhoo,EJG,vA~C:i,A~C,NO,2555,To become dangerous.,Hacerse peligroso.,change of state,,,,,,,,z.y.uu na-zhoo,,,1,1,(G)uyuu naxoo Xabizènde.,Se pusó peligroso en Juchitán.,,
yuundaaya,riuu ndaaya',-y.uu ndaaya,EJG;RLC,vA~C:i,A~C,NO,2556,To be blessed.,Bendecirse.,spirituality,,,r.y.uu ndaaya,,,,,,,,1,1,Riuu ndaaya' ra lidxi nòbia.,Dan la bendición en la casa de la novia.,,
yuunisa,riuu nisa,-y.uu nisa,EJG;JLC;RLC;VP,vA~C:i,A~C,NO,2557,"To be wetted. By extension, to be baptized.","Mojarse. Por extensión, bautizarse.",change of state,,RLC,r.y.uu nisa,,b.yuu nisa,,,,,,2,5,Biuunisa ba'du' neegue'.,Se bautizó ayer al niño.,Biuu nisa ra lidxi Fán.,Se metió agua en la casa de Juan.
yuuzhii,riuu xii,-y.uu zhii,EJG;JLC;ND;RGL;RLC;VP,vA~C:i,A~C,NO,2558,"To smell, to sniff. By extension, to suspect, to have a hunch.","Oler, olfatear, percibir un olor. Por extensión, presentir, sospechar.",perception,,EJG;JLC;RLC,r.y.uu=zhii,g.y.u!u=zhii,b.y.uu=zhii; ~ gu-yuu=zhii,ka-yu!u=zhii,,z.y.uu=zhii,,,5,4,Bi'cu' guuze' xtinne' riuuxii pa xiixa' naxoo nuu gaxha.,Mi perro cazador presiente cuando se aproxima algún peligro.,Riuuxiibe.,Huele algo.
yuuchaawi,riuuchaahui',-y.uu=chaawi,EJG;JLC;VP,vA~C:i,A~C,NO,2559,For something to be stored away carefully.,Guardarse con cuidado.,manner,,,r.y.uu chaawi; ~ r.y.uu cha7wi,,b.y.uu chaawi,,,,,,2,3,Biuu chaahui'.,Entra despacito. (imperativo),Biuuchaahui' buèltu.,Ahorra el dinero.
yuudi,riuudì,-y.uu=di*,EJG,vA~C:i,A~C,NO,2560,To be cursed at.,"Maldecirse, mentarse la madre.",communication,,,r.y.uu di*,,,ka-y.u!u di*,,,,,2,0,,,,
yuudxi-2,riuudxì,-y.uu=dxi*,EJG;JLC;ND;RLC;VP,vA~C:i,A~C,NO,2561,To stay still.,Estarse quieto.,actions,,EJG;RLC,r.y.uu=dxi*,g.y.u!u=dxi*,b.y.uu=dxi*,,,z.y.uu dxi*,,,4,6,Biuudxì.,Ya estate quieto.,Biuudxì.,¡Cálmate!
yuula7dxi,riuula'dxi',-y.uu=la7dxi,EJG;JLC;RLC;VP,vA~C:i,A~C,NO,2562,To like.,Gustarle.,actions,,,r.y.uu=la7dxi; ~ r.u=la7dxi,,b.y.uu=la7dxi; ~ (g)u-y.uu=la7dxi,,,,,,2,5,Cayúula'dxi' Fán Fàna.,A Juan le está gustando Juana.,Riuula'dxé' benda.,Me gusta el pescado.
yuuxpinni,riuuxpinnì,-y.uu=x.pinni*,EJG;RLC,vA~C:i,A~C,NO,2563,This verb phrase refers to the act of sending a delegation to ask for a woman's hand in marriage.,Esta frase verbal se refiere al acto de enviar emisarios a pedir la mano de una novia en matrimonio.,cultural practices,,RGL;RLC,r.y.uu x.pinni*,,,,,,,,1,1,Guyuu xpinnì yé nabá'cabe gunaa.,Fueron a pedir a la novia (los representantes del novio).,,
yuuya,riuuya,-y.uu=ya,JLC;RLC,vA~C:i,A~C,NO,2564,To ripen.,Madurarse.,change of state,,JLC;ND;RGL;RLC,ry.uu ya,,by.uu ya,,,,,,2,1,Biuuya' ca' cuaana'naxhi.,Se ponen a madurar las frutas.,,
yuuda,riuuda',-y.uuda,EJG;JLC;RLC;VP,vA:i,A,NO,2565,"To be braided, in relation to hair.","Trenzarse, dicho del cabello.",change of state,,,r.y.uuda,g.y.u!uda,b.y.uuda,ka-yu!uda,,,,,4,1,Riuuda' guichaique Fàna.,Se trenza el cabello de Juana.,,
yuudaguchachi7,riuuda' guchachi',-y.uuda gu-chachi7,EJG;RLC,vA:i,A,NO,2566,Intertwine the legs or nails of an iguana after catching it so that it does not escape.,Entrelazarse las patas o las uñas de la iguana después de atraparla para que no se escape.,processes,,EJG;JLC;ND;RLC,r.y.uuda guchachi7,,,,,,,,1,0,,,,
yuudaike,riuuda' ique,-y.uuda ike,EJG,vA:i,A,NO,2567,"To be braided, in relation to hair.","Trenzarse, dicho del cabello.",actions,,,r.y.uuda ike,,,,,,,,1,1,Riuuda' guichaique Fàna.,Se trenza el cabello de Juana.,,
yuunda,riuunda',-y.uunda,EJG;JLC;VP,vA:i,A,NO,2568,"To be sung, to be recited, to be read (especially out loud).","Cantarse, declamarse, leerse (sobre todo en voz alta).",cultural practices,,,r.y.uunda,g.y.u!unda,b.y.uunda,,,,,,3,1,Guixì' ziuunda' ti gui'chi' cà ti libana de diidxaza xtì' binnìza.,Mañana se va a leer poesía en zapoteco.,,
yuundu,riuundu',-y.uundu,JLC,vA:i,A,NO,2569,To wither.,Marchitarse.,plants,,,r.y.uundu,g.y.u!undu,b.y.uundu,,,,,,3,0,,,,
yuutu,riuutu',-y.uutu,EJG;JLC;ND;RGL;RLC;VP,vA:i,A,NO,2570,To be ground.,Molerse.,processes,,,r.y.uutu,g.y.u!utu,b.y.uutu,,,z.y.uutu,,,4,6,Cuyúutu'.,Está moliendo.,Guiiña' biúutu'.,Se molió el chile.
yuzhe,riuxe,-y.uzhe,EJG;JLC;ND;RLC;VP,vA:i,A,NO,2571,To wear out or to deteriorate due to aging or long-term use.,"Acabarse, desgastarse o deteriorarse por vejez o por el uso.",change of state,,RLC,r.y.uzhe,g.y.u!zhe (),b.y.uzhe,ka-yu!zhe,,,,,4,2,Biuxe gamixa' xti' Tinu.,Se rompió la camisa de Tino.,Cayúxe.,Se está desgastando.
ywi,riuì,-y.wi*,JLC;VC;VP,vA:i,A,NO,2572,"To be kneaded, to be made smooth. By extension, to digest.","Amasarse, hacerse fino o parejo. Por extensión, digerir.",change of state,,,r.y.wi*,g-y.wi*,b.y.wi*,,,,,,3,0,,,,
ywi7diidxa,riui' diidxa',-y.wi7 # diidxa,JLC,vA~B:t,A~B,NO,2575,"To chat, to explain, to advise.","Platicar, explicar, aconsejar.",actions,,,r.y.wi7 diidxa,g.wi*7 (I); ~ g.y.wi*7 diidxa,gu-y.wi7 (diidxa); ~ b.ywi7,,,,,,3,5,Cayuì' diidxa'.,Está platicando.,Riui' diidxa' neza.,Lo explica bien; Platica bien.
ywi71,riui',-y.wi7,EJG;JLC;ND;RLC;VP,vA:i,A,NO,2573,"For light (or similar) to go out. By extension, for someone to be discouraged.","Apagarse. Por extensión, desanimarse.",change of state,,EJG;RLC,ri-wi7; ~ r.ywi7,g.wi!7 (),"b.ywi7 + ""pcp""",ka-y.wi7,,,,,4,6,Biui' Rìlu ra bi'ya' dxà' yùzè lu xque'la'.,Rilo se desmoralizó cuando vio que su milpa estaba invadida por el ganado.,Biui' xhpiaani' gubidxa ra gudi'di' ti za lu.,Se apagó la luz del sol cuando una nube le cubrió el rostro.
ywi72,riui',-y.wi7,JLC;ND;RGL,vA~B:t,A~B,NO,2574,"To chat, to tell, to narrate.","Platicar, contar, narrar.",actions,,,r.ywi7,g.wi*7,gu-ywi7; ~ b.ywi7,,,,,,3,6,Biui' ti cuèntu.,Contó un cuento.,"Biui' xi cazaaca'lu', naa zucaadiaga' lii.","Platica lo que te sucede, yo te escucharé."
ya-2,rià,-ya*,EJG;JLC;ND;VP,vA:i vers,A,NO,2576,"To become clean, to be cleared out, to become uncluttered.","Limpiarse, asearse, despejarse, desescombrarse.",change of state,,,r.ya*,g.ya*,b.ya*,ka-ya*,,,n.ya*,,5,6,Caya guiiba' rucaania' lu gui'chi'.,Se está limpiando (aseando) la máquina de escribir que yo uso.,Nayà ladxido'.,Honrado.
ya7-3,rià',-ya*7,EJG;JLC;ND;VP,vA:t vers,A,NO,2577,To feel pity or compassion for someone.,"Tenerle lástima, compadecerse de, apiadarse de.",actions,,EJG;RGL;RLC,r.ya^; ~ r.ya*7,g.ya*7 (I),b.ya^; ~ b.ya*7,ka^-ya^7,,,nya^,,5,4,Bia' Benitu Juan.,Benito se compadeció de Juan.,Guiá'yá'.,Que tenga yo lástima.
ya7pizha7na,ria'pi'xa'na',-ya7pi=zha7na,EJG;JLC;ND,vA~C:i,A~C,NO,2578,"To be stubborn, to impose one's will.","Encapricharse, ponerse terco, imponer su voluntad.",actions,,JLC;RLC,r.ya7pi zha7na,,,,,,,,1,1,Ria'pixa'na' Fán.,Es un terco Juan.,,
yaa1,riaa,-yaa,EJG;ND;RLC;VP,vA:i,A,NO,2579,"To get hurt, to hurt oneself.",Lastimarse.,wellness,,,"r.yaa; ~ r.yaa + ""pcp""",g.ya7a; ~ g.ya!a (),[1s] b.ya!+a; ~ b.yaa,,,z.yaa,(1s/3s) nya!a,,5,1,Ziaa nà'lu' pà càpá'lu' ra tiicàsì.,Se lastimará tu mano si golpeas en cualquier parte.,,
yaa2,riaa,-yaa,EJG;JLC;ND;VP,vA:i,A,NO,2580,"To become accustomed, to get used to, to get comfortable (ex. in a new living situation, in a new city).","Acostumbrarse, hallarse, habituarse, ambientarse.",change of state,,,"r.yaa; ~ r.yaa + ""pcp""",g.ya7a; ~ g.ya!a (),[1s] b.ya^+a; ~ b.yaa,,,z.yaa,(1s/3s) nya!a,,5,5,Má cayaa' guxhiri'ne' bia' ra má ribi guí guiba'.,Ya me estoy acostumbrando a almorzar en la hora que el cielo se calienta (lit. cuando el fuego se sienta en el cielo).,Má' riaa riasa siado'.,Ya se acostumbró a levantarse temprano.
yaabi,riaabi',-yaabi,EJG;JLC;ND;RLC;VP,vA:i vers,A,NO,2581,"To become weakened because the item in question is rotten, worn out, eaten up inside (as in the case of plants), or saggy.","Debilitarse, ya sea por estar podrido, desgastado, carcomido, bofo, o desvencijado.",states,,EJG,r.yaabi,g.ya!abi (),b.yaabi,ka-ya!abi,,z.y.aabi,,,5,2,Cayáabi'.,Se está debilitando.,Ziaabi' yagacà pà guigaani' nisaguie.,Esa madera se pondrá bofa si le cae la lluvia.
yaadxala7dxi,riaadxa'la'dxi',-yaadxa=la7dxi,JLC,vA:i,A,NO,2582,To lack courage (lit. for the liver to be lacking).,"Tener pena, faltarle valor (lit. faltarle el hígado).",behavior,,,r.yaadxa la7dxi,,,,,,,,1,2,Biaadxa'la'dxi'be.,Le dio pena. (lit. se le bajó al estómago).,Cayáadxala'dxi' Fán.,Le da pena a Juan. (lit. a Juan le falta hígado).
yaadxaxpyaani,riaadxa'xpiaani',-yaadxa=x.p.y.aani,EJG;JLC;VP,vA:i,A,NO,2583,To lack intelligence or judgement.,Carecer de inteligencia o de juicio.,character attributes,,,r.yaadxa x.p.y.aani,,,,,,,,1,1,Riaadxa'xpiaani' Fán.,Juan no tiene juicio.,,
yaalla,riaalà',-yaalla*,EJG;RLC,vA:i vers,A,NO,2584,To become chewy.,Hacerse chicloso.,change of state,,,ri-yaalla*,gi-yaa*lla*,bi-yaalla*,ka-yaa*lla*,,,,,4,2,Biyaalà' quesiú.,Se hizo chicloso el quesillo.,Zaà (gu)iyaàlà' quesiú.,Que se ponga chicloso el quesillo.
yaanadxi,riaanà'dxì,-yaana*=dxi*,EJG,vA:i,A,NO,2585,"To remain calm, to remain motionless.","Quedar tranquilo, quedar inmóvil.",states,,,r.yaana* dxi*,,,,,,,,1,1,"Mà' biguè' remèdiu laabe, biaanà'dxìbe.",Tomó su medicina y se quedó tranquilo.,,
yaanda,riaanda',-yaanda,EJG;JLC;VP,vA:i,A,NO,2586,To forget.,Olvidarse.,cognition,,,r.yaanda,g.ya!anda (),b.yaanda,,,,,,3,1,Biaandá'.,Se olvidó.,,
yaapa-2,riaapà',-yaapa*,EJG;JLC;ND;RLC;VP,vA:i,A,NO,2587,"To go out of sight, in reference to an object that moves far away, is submerged in liquid, or covered by something.","Perderse de vista, ya sea por alejarse, por hundirse, o por taparse.",position,,,r.yaapa*,g.yaa*pa* (I),b.yaapa*,,,,,,3,1,Má biaapà'ca'.,Ya se perdieron de vista.,,
yaase,riaase',-yaase,EJG;JLC;ND;RLC;VP,vA:i vers,A,NO,2588,To turn black or dark-colored.,"Ennegrecerse, ponerse prieto.",change of state,,,ri.yaase,gi-ya!ase; ~ gi-yaase!7,bi-yaase;  za-yaase,ka-ya!ase,,,,,4,4,Biyaase'.,Se puso negro.,Zaà (gui)yáase'.,Que se ponga negro.
yaawi,riaahui',-yaawi,EJG;ND,vA:i,A,NO,2589,To wear out with use.,Gastarse con el uso.,change of state,,EJG;ND;RLC,r.yaawi; ~ ri-yaawi,g.ya!awi,b.yaawi,ka-ya!awi,,,,,4,1,Cayaahui'.,Se está gastando por el uso.,,
yaka-2,riaca [1],-yaka,EJG;ND;VC,vA:i,A,NO,2590,"To scrape the pulp out of a fruit such as a calabash (Crescentia alata), pumpkin or coconut. By extension, to drain a zit or other infected wound.","Despulpar un fruto como el morro (Crescentia alata), la calabaza o el coco. Por extensión, drenar un grano o herida infectada.",processes,,EJG;JLC;RGL;RLC,r.yaka,g.ya!ka,b.yaka,,,z.yaka,nya!ka,,5,2,Má biaca guituxiga bichuuguá' neegue'.,Ya se despulpó el morro que corté ayer.,Nyáca.,Se vaciase.
yana,riana,-yana,EJG;JLC;ND;RLC;VP,vA:i,A,NO,2591,"To sting, to burn, ex. when something is spicy, when pouring alcohol on a wound.","Arder, picar.",manner,,,ri-yana!7; ~ r.yana,g.ya!na,b.yana,,,z.yana,,,4,5,Biana ra biruugu' Cháyu.,Ardió la herida de Chayo.,Cayána.,Está ardiendo (ej. la herida).
yanala7dxido7,riana la'dxido',-yana # la7dxi=do7,JLC;RLC,vA:i,A,NO,2592,To have heartburn.,"Arder el pecho, como cuando tiene uno acidez estomacal.",wellness,,,r.yana # ladxi=do7,,,,,,,,1,2,Cádí' cayánadí' ladxido' Ròsa.,No tiene gastritis Rosa.,Riana ladxido' Ròsa.,Tiene agruras Rosa.
yanaxkixi7,riana xquixhí',-yana x.kixi!7,RLC,vA:i,A,NO,2593,"To burn when urinating. This ailment is associated with heat. There are infusions that are used to treat this ailment such as infusions of annatto, horsetail or cat's claw.","Arder al orinar. Esta afección se considera caliente. Para aliviarla, se acostumbran algunas infusiones ya sea de achiote, de cola de caballo o de uña de gato.",wellness,,,,,,,,,,,0,1,Cayána xquixhí'be.,Le arde cuando orina.,,
yaxizee,riaxhi zee,-yaxi zee,EJG;RGL,vA:i,A,NO,2594,"This verb phrase describes the process by which corn is stunted, becomes acrid and/or goes bad.","Esta frase verbal define lo que le ocurre al elote cuando se enjuta, se pone amargo, y/o se pone feo.",change of state,,EJG;JLC;ND,,,b.yaxi zee,ka-ya!xi zee,,,,,2,0,,,,
yaya,riaya,-yaya,EJG;JLC;ND;RLC;VP,vA:i vers,A,NO,2595,"To become agitated, to become unsettled, to stir. By extension, to disperse, to scatter, to break up.","Alborotarse. Por extensión, dispersarse, disgregarse.",actions,,EJG,r.yaya,g.ya!ya (),b.yaya,,,,,,3,3,Biayá'.,Me alboroté.,Cayáya.,Se está alborotando.
ye,rie,-ye,EJG;ND;RGL;VP,vC:i,C,NO,2596,To go away.,Irse.,motion,,,r.ye,che*7,ze*7,ka-ye!,,z.ye,,,5,5,Cayé Juan dxiiña' ca' dxidi'.,Juan está yendo a trabajar en estos días.,"Ñaa' ra nou' ca, que zanda huaxa gusaana' dxiiña' xhtinne'.","Iría a dónde tú dices, pero no puedo abandonar mi trabajo."
yegendabyaani,rie guendabiaani',-ye # genda+ b.y.aani,EJG;ND;VC,vA:t,A,NO,2597,"To lose consciousness, to lose one's capacity to reason (lit. for intelligence to go away).","Perder el conocimiento, perder el juicio (lit. irse la inteligencia).",wellness,,RLC,r.ye # genda+ b.yaani,,ze*7 genda+ b.yaani,,,,,,2,2,Bigòlabe nè qué riedí'be xpiaani'be.,Envejeció y nunca perdió la razón.,Qué riedí' guendabiaani' xtì'be.,No perdió el juicio.
yeguuze,rie guuze',-ye # gu.uze,RLC;VP,vC:i,C,NO,2598,To go hunting or fishing.,Ir de cacería o pesca.,actions,,,,,,,,,,,0,3,Qué ñédí'be guuze' beenda'.,No fue a pescar.,Zè'be guuze' beenda'.,Se fue a cazar culebras.
yexpi,rie xpi,-ye # x.pi,ND,vC:i,C,NO,2599,"To suffocate, to choke (lit. for one's air to go away).","Asfixiarse, ahogarse (lit. irse su aire).",wellness,,,,,,,,,,,0,3,Cayé xpi.,Se está asfixiando o está expirando.,Cayé xpi ti xhcuidi biaba lu ti yaga nasoo.,Está expirando un niño que se cayó de un árbol alto.
yexxye7,rie xhiee,-ye # x.xye7,EJG;JLC;ND,vC:i,C,NO,2600,"To suffocate, to choke (lit. for one's breath to go away).","Asfixiarse, ahogarse (lit. irse su aliento).",wellness,,,r.ye x.xye7,,gu-ye x.xye7,,,,,,2,2,Qué riedí' xhie'be.,No se ahogó.,Rie xhiee.,Se ahoga.
yetiserawa,rie (ti) seràhua,-ye (ti+) sera*wa,JLC;RLC,vC:i,C,NO,2601,To go to urinate.,Ir a orinar.,actions,hacer agua,,,,,,,,,,0,3,Guye ti seràhua.,Fue a orinar.,Rie seràhua.,Va a mear.
yeeeda,rie reedà',-ye -eeda*,EJG;RLC,vC:i,C,NO,2602,"To come and go, to swing.","Ir y venir, oscilar.",motion,,,r.ye r.eeda*,,,,,,,,1,2,Rie reedà' guixhe.,Va y viene la hamaca.,Zè' zeedà' la'dxi'duá'.,Estoy con incertidumbre (lit. mi corazón va y regresa).
yelu,rie lu,-ye lu,EJG,vC:i,C,NO,2603,"To go on, to continue, to persist.","Continuar, seguir, persistir.",actions,,JLC;RGL;RLC,,,,,,,,,0,1,Zè' lu.,Continuó y continuó.,,
yebii,rièbii,-ye*=bii,EJG;ND;VC,vC:i,C,NO,2604,To go back home.,Irse a casa.,motion,,,,,ye*=bi7,,,,,,1,2,Chuùbi'.,Vámonos a casa.,Qué' ñébi'dí'be.,No retornó a su casa.
yega,riyega,-ye=ga,EJG,vC:i,C,NO,2605,To go in the meantime.,Irse mientras tanto.,motion,,,,,,,,,ny.e!#ga,ze*7=ga,2,3,Guyéga.,Mientras vete.,Quí ñégadí'be.,Tardó para irse.
yeche7,rieché',-yeche!7,EJG;JLC;ND;RLC;VP,vA:i,A,NO,2606,"To be happy, to enjoy oneself.","Alegrarse, regocijarse, ponerse contento.",change of state,,EJG;RLC,r.yeche!7,g.yeche!7,b.yeche!7,[1s/3s] ka-ye!che!7,,z.yeche!7,,,5,2,Guendanayeché'.,La alegría.,Nayeché' runi dxiiña'.,Trabaja de buena gana.
yeche7la7dxi,rieché'la'dxi',-yeche!7=la7dxi,EJG;RLC,vA:i,A,NO,2607,To be or become wholeheartedly happy.,"Alegrarse, regocijarse, o ponerse contento de corazón.",emotion,,,r.yeche!7=la7dxi,,b.yeche!7=la7dxi,,,,n.yeche!7=la7dxi,,3,3,Bieché'ladxé' orà biiyá' xiiñé'.,Me alegré cuando vi a mi hijo.,Bieché'la'dxi' Gabrièla biiya' xiiñi'.,Se alegró Gabriela cuando vio a su hija.
yenye,rieñe,-yenye,JLC,vA:i,A,NO,2608,"To be destroyed, to be squashed.","Destrozarse, aplastarse, despanzurrarse.",change of state,,EJG,r.yenye,g.ye!nye (),b.yenye,,,,,,3,1,"Bieñe maní' huiini', (g)udi'di' càrru luguià'.","Se aplastó el pajarito, le pasó el carro encima.",,
yi7,riì',-yi*7,EJG;ND;VP,vA:i vers,A,NO,2609,"To become sour, to become acid or acrid.","Agriarse, ponerse ácido o acedo.",change of state,,,ri-yi*7,gi-yi*7,bi-yi*7,ka-yi*7,,za-yi*7,,,5,2,Bì'.,"Se puso agrio (ej. el mole, la leche).",Má caì'.,Se está agriando.
yo7xo,rio'xho',-yo7xo,EJG;JLC;ND;RGL;VP,vA:i vers,A,NO,2610,"To age, to grow old.",Envejecer.,change of state,,,r.yo7xo,g.yo!7xo,b.yo7xo,ka-yo!7xo,,,,,4,3,Cayó'xho'.,Viejo (de 40 años de edad para adelante).,Má bio'xho'.,Ya está viejo (de 60 años para adelante).
yonde,rionde,-yonde,EJG;JLC;RLC;VC;VP,vA:i vers,A,NO,2611,"This verb describes the formation of something long and thin, in analogy with the central fiber of a rope or the wick of a candle. Thus, this verb can describe the formation of a path in the undergrowth or on a stone due to the transit of animals, a strip of torn fabric, etc.","Este verbo describe la formación de algo largo y delgado, esto en analogía con la fibra central de una riata, o el pabilo de una vela. Así, este verbo puede describir la formación de una vereda entre la maleza o sobre una piedra por el tránsito de animales, la hilacha de alguna tela, etc.",change of state,,,r.yonde,g.yo!nde,b.yonde,ka-yo!nde,,,,,4,1,Má bionde doo.,Ya se deshilachó la riata.,,
yondelari,rionde lari,-yonde # lari,EJG,vA:i,A,NO,2612,This verb describes the process by which a fabric wears out leaving a loose thread or a strip.,Este verbo describe el proceso mediante el cual una tela se desgasta y se deshilacha.,processes,,RLC,,,,ka-yo!nde # lari,,,n.yo!nde # lari,,2,2,Cayónde lari.,Se está gastando la tela.,Quí ñóndedí' lari.,No se deshilachó la tela.
yondegu7xu,riondegu'xhu',-yonde=gu7xu,EJG;ND;RLC,vA:i,A,NO,2613,This verb is used to describe the formation of a thin line of smoke when a fire is first lit.,Este verbo se utiliza para describir la formación de una fina tira de humo cuando se enciende un fuego por primera vez.,manner,,,r.yonde gu7xu,,,ka-yo!nde gu7xu,,,,,2,2,Cayóndegu'xhu'.,Está humeando.,Cayónde gu'xhu' yaga lu de.,Está humeando la leña en el bracero.
yondegu7xuyu,riondegu'xhu'yu,-yonde=gu7xu=yu,EJG;VC,vA:i,A,NO,2614,For dust to become airborne. It is possible that this verb specifically describes this event when the dust rises forming a thin strip.,Levantarse una polvareda. Es posible que este verbo describa específicamente este evento cuando el polvo se levanta formando una delgada tira.,change of state,,,r.yonde gu7xu yu,,,,,,,,1,1,Rionde gu'xhu' yu òra biete bi.,Se levanta el polvo cuando pega el aire.,,
yondeyu,riondeyu,-yonde=yu,EJG;JLC;RLC,vA:i,A,NO,2615,"This verb describes how the ground is made smooth by some external force, e.g. rain. By association, it also describes the dust that is raised by performing an action that makes the ground smooth.","Este verbo describe cómo se hace lisa la tierra por alguna fuerza externa, ej. la lluvia. Por asociación, también describe la tira de polvo que se levanta al llevar a cabo una acción que alisa la tierra.",change of state,,RLC,r.yonde=yu,g.yo!nde=yu,b.yonde=yu,,,,,,3,3,Bionde yu.,Se levantó tierra.,Bionde yu tí biaba nisaguie.,Se alisó el camino porque llovió.
yondeyude,riondeyude,-yonde=yu=de,EJG;JLC,vA:i,A,NO,2616,"This verb describes how the ground is made smooth by some external force, e.g. rain. By association, it also describes the dust that is raised by performing an action that makes the ground smooth.","Este verbo describe cómo se hace lisa la tierra por alguna fuerza externa, ej. la lluvia. Por asociación, también describe la tira de polvo que se levanta al llevar a cabo una acción que alisa la tierra.",change of state,,JLC;RLC,r.yonde=yu=de,,b.yonde yu de,ka-yo!nde yu de,,,,,3,5,Bionde yu.,Se levantó tierra.,Bionde yude.,Se levantó tierra (ej. cuando pasó la aplanadora).
yonna,rionna,-yonna,EJG;ND,vA:i,A,NO,2617,To triple.,Triplicarse.,numerals,,,,(ra+) g.yo^nna;  r.yonna;  b.yonna,,,,,,,1,5,Chonnà.,Tres (3).,Guionná' .,Los tres.
yu,riu,-yu,ND;VC,vA:i vers,A,NO,2618,To turn into dirt.,Hacerse tierra.,change of state,,,,gi-yu!; ri-yu,bi-yu,,,,,,2,0,,,,
yu7chi,riu'chi',-yu7chi,EJG;ND;RLC,vA:i vers,A,NO,2619,"To become stunted, to become ugly, as in the case of plants, or of people who are unwell, especially women who after giving birth do not recover and appear unhealthy.","Atrofiarse, ponerse feo, como en el caso de plantas que no crecen bien, o de personas que no se encuentran bien, sobre todo las mujeres que después de un parto se demacran y no se recuperan.",change of state,,RLC,r.yu7chi,g.yu!7chi,b.yu7chi,,,,,,3,1,Biuché' purr tí' mà' gupá' ti xiiñé'.,Me puse fea porque tuve un hijo.,,
yuba,riuba,-yuba,EJG;ND;RLC;VP,vA:i,A,NO,2620,"To act rapidly, hurriedly, or even violently.","Actuar de manera rápida, apresurada, incluso violenta.",behavior,,,r.yuba,g.yu!ba,b.yuba,,,,,,3,2,Guiúba.,¡Que se apure!,Guiúba.,Que se apure.
yubi,riyubì,-yubi*,VC,vA:t,A,NO,2621,To look or search for something.,Buscarlo.,actions,,RGL;RLC,ri-yubi*,,bi-yubi*,,,,,,2,1,Riyubìbe ni gobe.,Busca él qué comer.,,
yuuba,riuuba',-yuuba,EJG;RGL;RLC;VP,vA:i vers,A,NO,2622,To hurt.,Doler.,states,,,r.yuuba,g.yu!uba,b.yuuba,ka-yu!uba; ~ ka-y.u*uba,,z.yuuba,,,5,5,Cayúuba' ndaani'.,Le está doliendo el estómago.,Cayúuba ndaani' chí xhanà.,Está teniendo dolores de parto.
yuubadxitazha7na,riuuba' dxita xa'na',-yuuba dxita zha7na,RLC,vA:i vers,A,NO,2623,For the lower back to hurt because of menstruation.,Doler la espalda baja y/o la cadera debido a la menstruación.,wellness,,,,,,,,,,,0,2,Cayúuba' dxitaxaná' chíguiéte ndaané'.,Me duele la cadera porque me va a bajar la regla.,Òra cayúuba dxita xa'na' chí guiéte ndaani'be.,"Cuando le duele la cadera, le va a bajar la regla."
yuudxu,riuudxu',-yuudxu,EJG;JLC;RGL;RLC;VP,vA:i vers,A,NO,2624,Process which causes corn stored in humid conditions to sprout making the corn unsuitable for consumption.,"Pudrirse, infectarse, descomponerse, corromperse. Proceso en el cual la mazorca guardada en la humedad genera retoños que evitan que pueda consumirse la mazorca.",wellness,,EJG;JLC;RLC,r.yu7dxu,g.yu!7dxu (),b.yu7dxu,ka-yu!7dxu,,,,,4,3,Biu'dxu' laya.,Se le pudrieron los dientes.,Biu'dxu' layabe.,Se le pudrieron los dientes.
zeegu,rizeegu',-z.eegu,EJG,vA:i,A,NO,2625,"To close up, to become covered up or obstructed. By extension, to faint, to lose consciousness.","Cerrarse, taparse. Por extensión, privarse, desmayarse, perder el conocimiento.",actions,,,ri-z.eegu,gi-ze!egu,bi-zeegu,,,,,,3,2,Guizéegu puertá'.,Que cierre la puerta.,Rizeegu' puertá'.,Se cierra la puerta.
zwi7,rizui',-z.wi7,EJG;JLC;RGL;RLC,vA:i,A,NO,2626,For light or a device to turn itself off.,Apagarse.,change of state,,,ri-zwi7,gi-zwi!7,bi-zwi7,ka-zwi!7,,,,,4,3,Bizui'.,Se apagó.,Cazuí'ni.,Se está apagando sólo.
zyuulla,riziuula',-z.yuulla,EJG;RLC,vA:i vers,A,NO,2627,"To lengthen, to stretch long.","Alargarse, estirarse a lo largo.",shape,,EJG;RLC,ri-z.yuulla7,gi-z.yu!ulla7,bi-z.yuulla7,,,z.yuulla7,,,4,1,Ziuula'.,Largo.,,
za,riza,-za,EJG;JLC;ND;RLC;VP,vC:i,C,NO,2628,"To walk, to walk around, to stroll around, to wander.","Andar, ir, caminar, pasear, recorrer.",motion,,RLC,ri-za,s.sa*7,gu-za,ka-za!,,za-za; (~ za*),,,5,6,Caza guie' chaachi' lu xla' zanui biduaa.,Las flores de cacaloxúchitl se están ensartando en los hilos de majagua.,Líla zaza neza ra yoola'hui'.,Lila caminará rumbo al palacio municipal.
zani,rizani,-za # +ni*,EJG;RLC,vC:i,C,NO,2629,For a fight to be in progress.,"Pelearse, haber pleito.",states,,,,,gu-za +ni*,,,,,,1,1,Guzani ra rí' nagasì.,Aquí se pelearon.,,
zabeguike,riza begù ique,-za # begu* ike,JLC;VP,vC:i,C,NO,2630,To comb (lit. for the comb to pass through).,Peinarse (lit. recorrer el peine).,actions,,VC,ri-za # begu* i^ke,,,,,,,,1,2,Riza begù ique Fàna.,Se peina Juana.,Ruzaà' begu iqué' laacà naa.,Yo mismo me peino.
zabichiinya,riza bichiiña',-za # bi-chiinya,EJG;VC,vC:i,C,NO,2631,For beer to be handed out continuously to keep all the guests at a celebration well served.,Servirse las cervezas de manera constante para mantener atendidos a todos los invitados a una celebración (lit. circular la cerveza).,cultural practices,,,,,,,,za-za # bi-chiinya,,,1,1,Qué nizádí' bichiiña'.,No se repartió la cerveza.,,
zabrama,riza bràma,-za # bra*ma,RLC,vC:i,C,NO,2632,To be in heat.,Andar en brama.,states,brama,JLC,,,,,,,,,0,1,Canazame bràma.,Anda en brama.,,
zabupu,riza bupu,-za # bupu,EJG;VC,vC:i,C,NO,2633,For a cacao-based drink to be served to guests at a celebration.,Servirse el pozol entre los invitados a una celebración.,cultural practices,,,,,,,,za-za # bupu,,,1,1,Qué nizádí' bupu.,No se repartió el bupu.,,
zagendare7,riza guendare',-za # genda+ r.e7,EJG,vC:i,C,NO,2634,For breakfast or drinks to be served.,"Servirse el desayuno, servir de beber.",actions,,,ri-za # genda+ re7,,,ka-za! # genda+ r.e7,,za-za # genda+ r.e7,,,3,1,Cazáni (gu)endare'.,Están tomando.,,
zagendaro,riza guendaro,-za # genda+ r.o,EJG,vC:i,C,NO,2635,For a meal to be served.,Servirse la comida.,actions,,RLC,ri-za genda+ r.o,,,,,za-za genda+ r.o,,,2,0,,,,
zagendaroxi,riza guendaro xhì,-za # genda+ r.o xi*,EJG,vC:i,C,NO,2636,For dinner to be served.,Servirse la cena.,actions,,EJG,,,,,,za-za # genda+ r.o xi*,,,1,2,Cazáni guendaroxhì.,Andan cenando.,Quí nizádí' guendaroxhì.,No hubo cena.
zagi1,riza gui,-za # gi,EJG;JLC;RLC,vC:i,C,NO,2637,"For fire to burn continually. By extension, for war to continue to be waged.","Continuar ardiendo el fuego. Por extensión, continuar la guerra.",states,,,ri-za # gi,,gu-za # gi,,,za-za # gi,ni-za! # gi,,4,2,Guza guiquè de ra lidxi Fán.,Continuó el fuego en la casa de Juan.,Riza gui.,Va caminando la lumbre (ej. cuando hay pasto seco que se prende y avanza la lumbre).
zagi2,riza gui,-za # gi,EJG,vC:i,C,NO,2638,"For the volume of something to increase, e.g., in the case of fruits as they ripen, or by friction, exposure to heat, or a process of dilation.","Aumentar de volumen, ej. en el caso de las frutas al madurar, o por dilatación, fricción, o exposición al calor.",change of state,,,ri-za gi,,gu-za gi,ka-za! gi,,za-za gi,,,4,0,,,,
zaguxirini,riza guxhirini,-za # guxi=rini,EJG;ND;VC,vC:i,C,NO,2639,For a meal to be served.,Servirse la comida.,actions,,,,,,,,za-za (gu) xi=rini,,,1,4,Cazáni ndà gu'xhú' rini .,Andan varios desayunando.,Qué nizádí' guxhirini.,No se repartió el almuerzo.
zageela,rizagueela',-za=geela,EJG;RLC,vC:i,C,NO,2640,"To be out late, to be up late.","Trasnochar, andar de noche.",states,,,,,,,,,,,0,2,Quí rizagueela'dí' Fán.,Juan no sale de noche.,Rizàgueela' Fán.,Juan sale de noche (a parrandear).
zala7dxi,rizala'dxi',-za=la7dxi,JLC;ND;VP,vC:t,C,NO,2641,To be attentive of or attend to someone or something (lit. for the liver to walk around).,Andar al pendiente o al tanto de alguien o algo (lit. andar el hígado).,perception,,EJG;ND;RGL;RLC,ri-za la7dxi,,bi-za la7dxi,,,,,,2,1,Rizala'dxi' Fán Fàna.,Le hace caso Juan a Juana.,,
zana7,rizanà',-za=na*7,EJG;JLC,vC:i,C,NO,2642,To crawl (lit. for the hand to walk).,Gatear (lit. andar la mano).,actions,,RGL;RLC,ri-za=na*7,,gu-za=na*7,,,,,,2,4,Quí rizanà'dí' ba'du' huiini'.,No gatea el niñito.,Rizanà' ba'du' huiini'.,El bebé anda gateando.
zananda,rizanandà,-za=nanda*,EJG;RLC,vC:t,C,NO,2643,"To follow, to go after (lit. to walk while hanging)","Seguirlo, perseguirlo (lit. andar colgado).",motion,,,,,gu-za na^nda*; ~ gu-za na*nda*,,,,,,1,1,Guzanàndà Fán Pédru.,Juan siguió a Pedro.,,
zaniru,rizanìrù,-za=ni*ru*,EJG;JLC;VP,vC:i,C,NO,2644,To walk ahead.,"Caminar adelante, adelantarse, ir primero.",motion,,,ri-za=ni*ru*,,gu-za=ni*ru*,,,za*=ni*ru*,,,3,3,Guzanìrù Fán.,Se adelantó Juan.,Quí nizánìrùdí' Fán.,No se adelantó Juan.
zanisa,rizanisa,-za=nisa,EJG;JLC;RLC;VP,vC:i,C,NO,2645,To rinse (lit. for water to pass through).,Enjuagarse (lit. pasar el agua).,actions,,JLC;ND;RGL;RLC,"ri-za=nisa; EJG,RLC09]",,gu-za=nisa,,,za!=nisa,,,3,3,Bizanisa lari.,Enjuaga la ropa. (imperativo),Ca bladú'dí' quí nizánisadíca'ni.,Estos platos no se lavaron.
zazha7na,rizaxa'na',-za=zha7na,JLC;RLC,vC:i,C,NO,2646,To crab crawl (as opposed to crawling on hands and feet).,Andar de nalgas como lo hacen algunos bebés en vez de gatear.,actions,,,ri-za zha7na,,,,,,ni-za!=zha7na,,2,2,"De nahuiini'be, guzaxa'na'.",De chiquita se arrastraba de nalguita.,"De nahuiini'be, quí nizáxa'na'dí'be.",De chiquita no se arrastraba de nalguita.
zazhibi,rizaxibi,-za=zhibi,EJG;JLC;RLC,vC:i,C,NO,2647,To walk on the knees as when asking for a miracle or for forgiveness.,Andar de rodillas como se hace al rogar por un milagro o pagar alguna penitencia.,spirituality,,RLC,ri-za=zhibi,,gu-za=zhibi,,,,ni-za!=zhibi,,3,2,Quí nizáxibidí'.,No caminó de rodillas.,Rizaxibi.,Camina de rodillas.
zaa,rizaa,-zaa,EJG;JLC;ND;VP,vC:i,C,NO,2648,"To be threaded. By analogy with the process of stringing a necklace until both ends are brought together, this verb can also mean to be completed and can refer to a cycle that closes.","Ensartarse, enhebrarse. Por analogía con el proceso de ensartado de un collar hasta juntar los dos extremos, este verbo también significa completarse o cumplirse.",change of state,,,ri-zaa,sa*7,gu-zaa,ka-za!a,,za-zaa,ni-za!a,,6,6,Má bizaa bidxichi naquiiñe' Yanque.,Ya se completó el dinero que Yanque necesita.,Nè ca guetadi' zazaa xquendarolo'.,Con estas tortillas se completará tu comida.
zaabi,rizaabi',-zaabi,EJG;JLC;ND,vA:i,A,NO,2649,"To take flight, to be launched into the air. By extension, to go into debt.","Echarse a volar, lanzarse al aire. Por extensión, endeudarse, endrogarse.",actions,,VC,ri-zaabi,gi-za!abi (),bi-zaabi,ka-za!abi,,za-zaabi,,,5,4,Bizaabi'.,Adeudó.,Cazáabi gueela'cahuì.,Nubes oscuras están en el aire.
zaabidiinye,rizaabi' diiñe',-zaabi # diinye,EJG,vA:i,A,NO,2650,To be in debt.,Entrar en deuda.,states,,VC,,,,kaza!abi diinye,,za-zaabi diinye,,,2,0,,,,
zaabigiiba,rizaabi' guiiba',-zaabi # giiba,JLC;RLC,vA:i,A,NO,2651,For a weapon to be pointed.,Apuntarse un arma.,position,,RLC,ri-zaabi giiba,,,,,,,,1,0,,,,
zaabi-2,rizaabì',-zaabi*,EJG;JLC;ND;VP,vA:t,A,NO,2652,For someone or something to draw or attract one.,Ser atraído hacia algo o alguien.,actions,,,ri-zaabi*,gi-zaa*bi*,bi-zaabi*,ka-zaa*bi*,,za-zaabi*,,,5,1,Rizaabì' nì laabe'.,Le atrae.,,
zaabinanda,rizaabi'nàndà,-zaabi*=nanda*,EJG;JLC,vA:t,A,NO,2653,To follow something or someone.,Seguirle.,actions,,,ri-zaabi*=nanda*,,gu-zaabi*=nanda*,ka-zaa*bi*=nanda*,,za-zaabi*=nanda*,,,4,0,,,,
zaabidiidxa,rizaabi'diidxa',-zaabi=diidxa,EJG;ND;RLC,vA:i,A,NO,2654,"To be announced, for information to be disseminated. By extension, for words of praise to be pronounced.","Anunciarse, difundirse la información. Por extensión, pronunciarse palabras de elogio.",communication,,,,,,kaza!abi diidxa,,za-zaabi diidxa,,,2,5,Bizaabi' diidxa'.,Ve a avisar.,Que zandaa zazaabi' diidxa' xhti' ca nguiiyu' ne gunaa cucaalu' ti guiasa guidxi xhtinu.,Pronto se elogiará a los hombres y las mujeres que están luchando para que nuestro pueblo progrese.
zaabila7dxi,rizaabi'la'dxi',-zaabi=la7dxi,EJG;RLC;VP,vA:i,A,NO,2655,For something to be craved.,Antojarse.,states,,,ri-zaabi=la7dxi,gi-za!abi=la7dxi,,ka-za!abi la7dxi,,,,,3,2,Bizaabi'la'dxi' ni cayó binnì.,Se le antojó lo que está comiendo la gente.,Rizaabi' la'dxi' ni cayó binnì.,Se le antoja lo que está comiendo la gente.
zaaka1,rizaacà',-zaaka*,EJG;JLC;ND;RLC;VP,vA~B:i,A~B,NO,2656,"To wish someone well whether by congratulating them, welcoming them, wishing them good health and good fortune, or by presenting one's condolences.","Expresarle buenos deseos a alguien, ya sea a manera de felicitaciones, para dar la bienvenida, para desear buena salud y suerte, o para dar el pésame.",communication,,EJG;RLC,ri-zaaka*,gi-zaa*ka* (I),gu-zaaka*; ~ bi-zaaka*,ka-zaa*ka*,,za-zaaka*,,,5,6,Cazaàcà'.,Se está condoliendo.,Cazaàcà'.,Está presentando sus respetos y sus buenos deseos.
zaaka2,rizaacà',-zaaka*,EJG;JLC;ND;VP,vA~B:i,A~B,NO,2657,"To happen, to occur, to take place.","Suceder, acontecer, pasar.",actions,,RLC,ri-zaaka*,gi-zaa*ka* (I),gu-zaaka*; ~ bi-zaaka*,ka-zaa*ka*,wa-zaaka*,za-zaaka*,,,6,6,Bizaacà.,Sucedió.,Bizaacà' xneza.,Resultó bien.
zaakala7dxi,rizaacà'la'dxi',-zaaka*=la7dxi,EJG;JLC,vA:i,A,NO,2658,For something to happen to someone.,"Sucederle, acontecerle, pasarle.",change of state,,RGL;RLC,,,,,,,,,0,2,Bizaacà'la'dxi' Fán.,Le ocurrió a Juan.,Rizaaca'la'dxi' Fán.,Le sucede a Juan.
zaakalu,rizaacà'lu,-zaaka*=lu,EJG;VP,vA:i,A,NO,2659,For something to happen to someone.,"Sucederle, acontecerle, pasarle.",experience,,,ri-zaaka* lu!,,,ka-zaa^ka^ lu!,,,,,2,4,Bizaacà'lu.,Le sucedió (algo).,Bizaacà'lube.,Le pasó algo.
zee,rizee,-zee,EJG;JLC;ND;RLC;VP,vA:i vers,A,NO,2660,"To become scattered or spread around. By extension, to irrigate. This verb is also used to describe the action of tracing designs with sugar on bread known as ""marquesote"".","Regarse, irrigarse. También se utiliza para describir la acción de trazar diseños con azúcar sobre el pan conocido como marquesote.",change of state,,,ri-zee,gi-ze!e (),bi-zee,ka-ze!e,,za-zee,,,5,1,Cazee guela xtì' Tin.,Se está irrigando la milpa de Tin.,,
zeelu,rizee lu,-zee # lu,EJG;JLC;VP,vA:i vers,A,NO,2661,"For designs to be traced with sugar on bread known as ""marquesote"".",Adornar el pan conocido como marquesote con diseños de azúcar.,change of state,,EJG;JLC;ND;RGL,ri-zee # lu,gi-ze!e # lu,bi-zee # lu,ka-ze!e # lu,,,,,4,2,Bizee dxiña lu pán.,Se adornó de azúcar el pan.,Rizee lu marquesòte.,Se adorna el marquesote.
zhalle7,rixalé',-zh.alle!7,EJG;JLC;ND;RGL;VP,vA:i vers,A,NO,2662,"To open up, to become open.",Abrirse.,change of state,,,ri-zhalle!7; ~ ri-zhelle!7; ~ <ri-zhale7>; ~ <ri-zhele7>,gi!-zha!lle!7; ~ gi-zhe!lle!7,bi-zhalle!7; ~ bi-zhelle!7,ka^-zhalle!7; ~ ka!zhe!:lle!7,,za-zh.alle!7; ~ za-zhelle!7,,,5,6,Bixalé'be; Bixelé'.,Se apartó / alejó.,Mou rixale' lade ca binnilidxi dxi ma' cadindeca'.,Mou se separa de su familia cuando están riñendo.
zhalle7ndaga,rixalé' ndaga,-zh.alle!7 # ndaga,JLC;RLC,vA:i,A,NO,2663,To become wide open as in the case of a door.,Abrirse de par en par.,change of state,,,ri-zhalle!7 # ndaga,gi!-zha!lle!7 # ndaga,bi-zh.alle!7 # ndaga,,,,ni-zh.alle!7 # ndaga,,4,3,Bixalé'ndaga ra puertá'.,Se abrió la puerta de par en par.,Quí nixalé'dí' ndaga puertá'.,No se abrió la puerta de par en par.
zhiinye,rixiiñe',-zh.iinye,EJG;JLC;ND;VP,vA:i,A,NO,2664,"To go out of order, to break down and no longer function.",Descomponerse.,change of state,,,ri-zh.iinye,gi-zh.i!inye (),bi-zh.iinye,,,,,,3,3,Bixiiñe'.,Se descompuso.,(Gu)ixíiñe'.,Que se descomponga.
zhya,rixia,-zh.y.a,JLC;ND;RLC;VP,vA:i,A,NO,2665,To disintegrate.,"Deshacerse, desintegrarse.",change of state,,EJG,ri-zhya,gi-zhya! (),bi-zhya (cf. bi-bya),,,,,,3,2,Bixia diidxa' bicaa Lina.,Se borraron las palabras que Lina escribió.,Bixia lidxi Lína.,Se desbarató la casa de Lina.
zha-3,rixa,-zha,EJG;ND;RLC;VP,vA:i,A,NO,2666,"To be erased. By extension, to be demolished, to disappear.","Borrarse. Por extensión, derrumbarse, desaparecer.",change of state,,,ri-zha,gi-zha!,bi-zha,ka-zha!,,za-zha,,,5,6,"Bixa la Min lu gui'chi', nga runi qué ñanda nibi xaique xti'.","Se borró el nombre de Min en la lista, por eso no pudo votar por su candidato.",Caxá guirà' ni bitiee ca binniyooxho' cue' yoo.,Todo lo que pintaron los viejos en las paredes de las casas se está borrando.
zhaata,rixaata',-zhaata,EJG;JLC;ND;VP,vA:i,A,NO,2667,"To become flattened. It could also mean to lose height, as this verb is used to describe the action of a tree falling.","Aplastarse. También podría significar perder altura, pues este verbo se usa para describir la acción de un árbol al tumbarse o caerse.",change of state,,RLC,ri-zhaata,<-zhaata> !gi-zha^ata,bi-zhaata; (),,,za-zhaata,,,4,2,Bixaata' yaga.,Se vino abajo el árbol.,Rixaata'.,Se tumba.
zhaatayubinni,rixaata' yu binnì,-zhaata yu binni*,EJG;RLC;VC,vA:i,A,NO,2668,For people to assemble into a crowd pressed up against each other.,Apretujarse un gentío.,manner,,,ri-zhaata yu binni*,,,,,,,,1,0,,,,
zhaatana,rixaata'nà,-zhaata=na*,EJG;VC,vA:i,A,NO,2669,"For food to be stuffed, especially as it relates to the intensive feeding of pigs for fast weight gain.","Embutirse la comida, sobre todo con relación a la alimentación intensiva de los marranos para acelerar su engorda.",manner,,JLC;RLC,ri-zhaata=na*7,,,,,,,,1,1,Qué nixáatanà'dí'me.,(El animal) no se atascó de comida.,,
zhadxe7,rixadxé',-zhadxe!7,EJG;RLC;VP,vA:i,A,NO,2670,To become untied.,"Desatarse, desamarrarse.",change of state,,,ri-zhadxe!7; ~ ri-zhedxe!7,gi-zha!dxe!7 ~ gi-zhe!dxe!7,bi-zhadxe!7 ~ bi-zhedxe!7,,,za-zhadxe!7 ~ za-zhedxe!7,,,4,3,Bixedxé' doo.,Se desató el mecate.,Guixédxé' doo.,Que se desate el mecate.
zhage7,rixagué',-zhage!7,EJG;RLC;VP,vA:i,A,NO,2671,To become untied.,"Desatarse, desamarrarse.",change of state,,,ri-zhege!7; ~ ri-zhage!7,gi-zhe!ge!7,bi-zhege!7,,,za-zhage!,,,4,6,Bixagué'me.,Se desató el animal.,Bixegué'.,Se desató.
zhana,rixana,-zhana,EJG;JLC;ND;RGL;RLC;VP,vC:t,C,NO,2672,"To give birth. By extension, to generate gossip.","Parir, dar a luz, aliviarse de un parto. Por extensión, inventar chismes.",actions,,,ri-zhana,x.xa*na (I),gu-zhana,ka-zha!na,,za-zhana,,,5,5,Chíxhaná' .,Me voy a aliviar (de parto).,Guxana pùru (ba'du')dxapahuiini'.,Tuvo puras niñas.
zheebe,rixeebe',-zheebe,EJG;VC,vA:i vers,A,NO,2673,"To turn dappled or mottled, as in the case of an animal, or of a person who has vitiligo or Pinta.","Ponerse pinto, como en el caso de un animal pinto, o de una persona con vitíligo o con mal de Pinto.",change of state,,EJG;RLC,ri-zhebe!7; ~ ri-zheebe,gi-zhe!ebe,bi-zheebe,,,,,,3,0,,,,
zheexe,rixeexhe',-zheexe,JLC;RLC,vA:i vers,A,NO,2674,"To go nuts, to become very excited. By extension, to be sexually aroused.","Alocarse, emocionarse demasiado. Por extensión, excitarse sexualmente.",behavior,,,ri-zheexe,gi-zhe!exe,bi-zheexe,,,,,,3,2,Nacùbixeexhe'.,Nuevecito.,Nayaàxeexhe'.,Todavía no madura (la fruta).
zhembe7,rixembé',-zhembe!7,JLC;VC,vA:i,A,NO,2675,"To move apart, to move out of the way.",Apartarse.,change of state,,JLC;RLC,ri-zhembe!7,gi-zhembe!7,bi-zhembe!7,,,,,,3,1,Bixembé' de rarí'.,Apártate de aquí.,,
zhi,rixi,-zhi,EJG;VP,vA:i,A,NO,2676,To become salty.,Hacerse salado.,food,,,ri-zhi,gi-zhi!,bi-zhi,,,za-zhi,,,4,2,Bixi quèsu.,Se puso salado el queso.,Caxí.,Se está salando.
zhinya,rixiña,-zhi-nya,EJG;ND;RLC;VP,vA:i vers,A,NO,2677,To turn red.,"Enrojecer, ponerse rojo.",change of state,,,ri-zhi-nya,gi-zhi!-nya +be*,bi-zhi-nya,,,,,,3,3,De bixiñabe.,Se puso rojo.,Rixiña Olìbia òra nanda'.,Se pone roja Olivia con el calor.
zhidxi,rixidxi,-zhidxi,EJG;JLC;VP,vC:i,C,NO,2678,To sound.,Sonar.,actions,,,ri-zhidxi,x.xi*dxi (I),gu-zhidxi,,,,ni-zhi!dxi,,4,5,Caxídxica dòpà yaga.,Están haciendo ruido al cortar la leña.,Caxídxi xade.,Está tronando el fogón.
zhidxisaa,rixidxi saa,-zhidxi # saa,JLC;RLC,vC:i,C,NO,2679,For the sound of a festivity to be heard.,Sonar a música de fiesta.,music and dance,,,,,,,,,ni-zhi!dxi # saa,,1,2,Neegue' guxidxi saa.,Ayer hubo ruido de fiesta.,Neegue' quí nixídxidí' saa.,Ayer no hubo ruido de fiesta.
zhidxidyaga,rixidxi diaga,-zhidxi dyaga,RLC,vC:i,C,NO,2680,For the ear to ring.,Sonarle los oídos.,wellness,,JLC;RLC,,,,,,,,,0,1,Rixidxi diaga.,Le suenan los oídos.,,
zhidxirayu,rixidxi ràyu,-zhidxi ra*yu,JLC,vC:i,C,NO,2681,For thunder to boom.,Tronar el rayo.,phenomena,rayo,,,,,,,,,,0,2,Caxídxi ràyu.,Está relampagueando.,Neegue' (g)uxidxi ràyu.,Anoche tronó el rayo.
zhidxigiba7,rixidxiguiba',-zhidxi=gi-ba7,JLC,vC:i,C,NO,2682,For the sky to thunder.,Tronar el cielo.,phenomena,,,,,,,,,,,0,1,Neegue' guxidxi guiba'.,Ayer tronó el cielo.,,
zhidxiike,rixidxi-ique,-zhidxi=ike,JLC;RLC,vC:i,C,NO,2683,To snore.,Roncar.,actions,,JLC;RLC,ri-zhidxi ike,,,,,,,,1,1,Rixidxi ique Fán.,Le zumba la cabeza a Juan (si se pego en la cabeza); Ronca Juan.,,
zhidxilaa,rixidxilaà,-zhidxi=laa*,EJG;JLC;RLC;VP,vC:i,C,NO,2684,"For something to sound broken, for a sound to be very loud.","Sonar a quebrado, sonar muy fuerte.",states,,,ri-zhidxi laa*,,,,,,,,1,2,Mbránga mbránga má zíxidxi laà guiiba'riza.,El coche está haciendo mbranga mbranga.,Rixidxilaà bòte layu.,Hace eco el bote al caerse en el suelo.
zhidxindaani,rixidxindaani',-zhidxi=ndaani,JLC;RGL,vC:i,C,NO,2685,For the stomach to rumble.,"Tronar la panza, sonar las tripas.",actions,,,ri-zhidxi ndaani,,,,,,,,1,1,Rixidxi ndaani' Fán.,Le truenan las tripas a Juan.,,
zhidxizhii,rixidxixii,-zhidxi=zhii,JLC,vC:i,C,NO,2686,"For the nose to make noise, whether due to heavy breathing or to snoring.","Sonar la nariz, ya sea por respirar con dificultad o fuerza, o por roncar.",wellness,,JLC;RGL;RLC,ri-zhidxi=zhii,,,,,,,,1,5,́Caxidxi xii.,Está sonando su nariz.,Caxídxi xii.,Le está sonando la nariz (porque le falta el aire).
zhigi7,rixiguí',-zhigi!7,JLC;VC,vA:i vers,A,NO,2687,"To be pleated, to be folded, as fabric that is folded for pleats and seams in clothing.","Plisarse, plegarse, como en el caso de la tela cuando se hacen tablones y costuras.",change of state,,,ri-zhigi!7,gi-zhigi!7,bi-zhigi!7,,,,,,3,1,Bixiguí'.,Tableado (como la ropa).,,
zhii,rixii,-zhii,EJG;JLC;ND;VP,vA:i,A,NO,2688,"To be squeezed tight. By extension, to be tied tight around the waist, to be wrung, to be milked.","Apretarse. Por extensión, ceñirse, exprimirse, ordeñarse.",change of state,,,ri-zhii,gi-zhi!i (),bi-zhii,ka-zhi!i,,za-zhii,,,5,6,Bixii ca yùzè xtì' Nícu.,Se ordeñaron las vacas de Nico.,Caxíi.,Se está exprimiendo. / Se está ordeñando.
zhiindaani,rixii ndaani',-zhii # ndaani,JLC;RLC;VP,vA:i,A,NO,2689,To be tied tight around the waist.,"Ceñirse, fajarse.",change of state,,,ri-zhii # ndaani,gi-zhi!i () ndaani!,bi-zhii # ndaani,,,,,,3,2,Rixii ndaani' Fàna.,Se amarra la panza Juana (porque se acaba de aliviar).,Ruxhii Fàna ndaani' xiiñi'.,Juana ciñe la pancita de su hijo.
zhiiyanni,rixii yanni,-zhii # yanni,JLC;RLC,vA:i,A,NO,2690,To be strangled.,Ahorcarse.,change of state,,,ri-zhii # yanni,gi-zhi!i # yanni,bi-zhii # yanni,,,,ni-zhi!i # yanni,,4,0,,,,
zhii-2,rixiì,-zhii*,EJG;JLC;ND;RGL;RLC;VP,vA:i vers,A,NO,2691,"To spill, to overflow, in reference to water.","Derramarse, tirarse, regarse, en referencia al agua.",change of state,,EJG;RLC,ri-zhii*,gi-zhii* (I),bi-zhii*,,,za-zhii*,,,4,5,Bixiì.,Se derramó.,Bixii niidxi' dá' ndaani' guisucà.,Se tiró la leche contenida en esa olla.
zhiirini,rixiì rini,-zhii* # rini,JLC;RGL;RLC,vA:i,A,NO,2692,To bleed (lit. for blood to be expressed).,Tener una hemorragia (lit. exprimirse la sangre).,actions,,JLC;RGL;RLC,ri-zhii* # ri^ni,gi-zhii* # ri^ni,bi-zhii* # ri^ni,,,,,,3,6,Caxiìbe rini.,Tiene una hemorragia.,Caxiì rini.,Le está saliendo sangre.
zhiidxiichidoo,rixiidxiichi' doo,-zhii=dxiichi # doo,EJG;RLC,vA:i,A,NO,2693,"This phrasal verb is the equivalent of to tighten the belt, as a way to talk about living in austerity.",Apretarse el cinturón a manera de ser austero.,subsistence,,,ri-zhii=dxiichi # doo,,,,,,ni-zhi!i=dxiichi # doo,,2,2,Quí nixíidxiichi'dí' doo ndaani'be.,No se aprieta duro el cinturón.,Rixiidxiichi' doo ndaani'be para gàpàbe xtì'be.,Se aprieta duro el cinturón para poder tener algo.
zhoo,rixoo,-zhoo,EJG;JLC;ND,vA:i vers,A,NO,2694,"To become urgent, to worsen.","Hacerse urgente, agravarse.",change of state,,,ri-zhoo,gi-zho^o,bi-zhoo,,,za-zhoo,,,4,2,Bixoo (g)endahuara xhtì' Mariá.,Empeoró la enfermedad de María.,Zaxoo.,Empeorará (de salud).
zhubindaani,rixubi ndaani',-zhubi # ndaani,RGL,vC:i,C,NO,2697,To slither belly down.,Arrastrarse de panza.,actions,,,ri-zhubi # ndaani,x.xu*bi # ndaani (I),gu-zhubi # ndaani,,,,,,3,4,Quí rixubidí' ndaani' beenda'.,No se arrastra la culebra.,Quí rixubi ndaani'dí' beenda'.,No se arrastra la culebra.
zhubinyee,rixubi ñee,-zhubi # nyee,RLC,vC:i,C,NO,2698,To drag a foot due to a disability.,Arrastrar el pie debido a alguna discapacidad.,actions,,,ri-zhubi # nyee,,,,,,,,1,4,Quí rixubidí' ñee Fán para sà'.,No arrastra el pie Juan.,Quí rixubi ñeedí' Fán para sà'.,No arrastra el pie Juan para caminar.
zhubi1,rixubi,-zhubi,EJG;RLC;VP,vA:i vers,A,NO,2695,"To lose its normal shape and become crooked or slanted, or to fall sideways.","Enchuecarse, ladearse, inclinarse.",change of state,,,ri-zhubi,gi-zhu!bi,bi-zhubi,,,,ni-zhu!bi,,4,4,Bixubi lari.,Se enchuecó la tela.,Quí nixúbidí' luni.,No se enchuecó.
zhubi2,rixubi,-zhubi,JLC;ND;RGL;RLC;VP,vC:t,C,NO,2696,To drag something.,Arrastrarlo.,actions,,,ri-zhubi,x.xu*bi (I),gu-zhubi,,,,,,3,7,Beenda' rixubi ndaani'.,La víbora se arrastra con la panza.,Caxúbibe lari.,Pasa el trapo (sobre algo para limpiarlo).
zhubideche,rixubideche,-zhubi=deche,JLC;RLC,vC:i,C,NO,2699,"To slither on one's back, to rub one's back against something.","Arrastrarse de espaldas, o frotarse la espalda contra algo.",actions,,,ri-zhubi # deche,,,,,,,,1,3,Rixubideche Fán cue'yoo.,Juan se frota la espalda en la pared.,Rixubideche Fán layu.,Se arrastra Juan sobre la espalda.
zhubidutu,rixubidutu,-zhubi=dutu,EJG;RLC,vC:t,C,NO,2700,"To rub something on repeatedly, to rub the necessary amount in the case of medication.","Untar repetidas veces, untar la cantidad necesaria en el caso de un medicamento.",wellness,,,ri-zhubi=dutu,,,,,,,,1,3,Na doctor xhùbidutu lu.,Dijo el doctor que se unte bien.,Ndì' lá guxubidutu Mariá za ladi.,Se embadurnó María de crema en la piel.
zhubina7,rixubinà',-zhubi=na*7,JLC;RGL;RLC,vC:t,C,NO,2701,"To caress, to massage, to rub.","Acariciarlo, sobarlo, frotarlo.",actions,,,ri-zhubi=na*7,x.xu*bi=na*7,gu-zhubi=na*7,,,,,,3,1,Ba'du'dí' quí nixúbinà'dí' Fán laabe.,A este niño no lo acarició Juan.,,
zhubiyu,rixubiyu,-zhubi=yu,EJG;JLC;RGL;RLC;VP,vC:t,C,NO,2702,To drag something on the ground.,Arrastrarlo por el piso.,actions,,,ri-zhubi=yu,x.xu*bi=yu,gu-zhubi=yu,,,,,,3,3,Guxubiyubeni.,Lo arrastró.,Guxubiyu Fán mexá'.,Juan arrastró la mesa.
zhudxi,rixudxi,-zhudxi,EJG;JLC;ND;RLC;VP,vC:i vers,C,NO,2703,To get drunk.,"Emborracharse, embriagarse.",actions,,EJG;JLC;ND;RGL;RLC,ri-zhudxi,xu*dxi,gu-zhudxi,ka-zhu!dxi,,za-zhudxi,,,5,6,Chúxhùdxi.,¡Vamos a emborracharnos!,Derú' caxúdxi.,Apenas se está emborrachando.
zhundxi,rixundxì,-zhundxi*,JLC;RLC,vA:i,A,NO,2704,"To scrunch up and wrinkle up from exposure to fire. By extension, to be born with shrunken or incomplete feet.","Encogerse y arrugarse por exposición al fuego. Por extensión, nacer con los pies encogidos o incompletos.",change of state,,,ri-zhundxi*,gi-zhu*ndxi* (I); ~ i-zhu*ndxi*,bi-zhundxi*,,,,,,3,2,Bixundxì nàylo.,Se encogió el plástico.,Rixundxì bandaga.,Se achicharran las hojas (por plaga).
zhupi,rixupi,-zhupi,JLC;ND;RGL;RLC;VP,vC:t,C,NO,2705,To lick.,"Chuparlo, lamerlo.",actions,,,ri-zhupi,x.xupi!7 (I),gu-zhupi,,,,,,3,1,Rixupi ba'du'cà palèta.,Chupa el niño la paleta.,,
zhupirwaa,rixupiruaa,-zhupi=rwaa,ND;RGL,vC:i,C,NO,2706,To lick one's lips to clean them.,Chuparse o lametearse los labios para limpiarlos.,actions,,,ri-zhupi,x.xupi!7 (I),gu-zhupi,,,,,,3,1,Guxupiruaabe.,Se chupó su labio.,,
zhuta7,xutá',-zhuta!7,ND,v:i vers,,NO,2707,"To become crippled, especially in relation to the loss of movement of a limb due to a disease such as poliomyelitis.","Tullirse o lisiarse, sobre todo en relación con la pérdida de movimiento de alguna extremidad debido a una enfermedad como la poliomielitis.",wellness,,,,,,,,,,,0,0,,,,
zhuubi,rixuùbì',-zhuu*bi*,EJG;JLC;ND;RLC;VP,vA:i vers,A,NO,2708,"To smear, to cover, ex. a house with plaster","Untarse, embadurnarse, cubrirse, ej. repellar una casa.",actions,,JLC;RGL;RLC,ri-zhuu*bi*,gi-zhuu*bi* (I),bi-zhuu*bi*,,,za-zhuu*bi*,,,4,3,Caxúbibeni layu.,Está trapeando el piso.,Guxubibe yuni.,Embarró la tierra.
zhuubabere,rixuuba' bere,-zhuuba # bere,EJG;VP,vA~C:i,A~C,NO,2711,For the hen to brood.,Empollar.,states,,,ri-zhuuba # bere,gi-zhu!uba # bere ~ x.xu!7ba # bere,bi-zhuuba # bere; ~ gu-zhuuba # bere,,,za-zhuuba # bere,ni-zhu!uba # bere,,5,1,Quí nixúubadí' bere.,No empolló la gallina.,,
zhuubageta,rixuuba' gueta,-zhuuba # geta,EJG;RLC,vA~C:i,A~C,NO,2712,For a tortilla to cook on a griddle.,Cocerse la tortilla en el comal.,processes,,,,,,,,za-zhuuba # geta,ni-zhu!uba # geta,,2,2,Quí nixúubadí' gueta lu dxia.,No se cuece la tortilla en el comal.,Rixuuba' gueta lu dxia.,Se cuece la tortilla en el comal.
zhuubaniza,rixuuba' niza,-zhuuba # niza,EJG;JLC;RGL;RLC;VP,vA~C:t,A~C,NO,2713,To break off dried corn kernels from the cob.,Desgranar maíz.,actions,,,ri-zhuuba # niza; ~ ri-zhuuba,x.xu!7ba (I),gu-zhuuba,,,,,,3,1,Rixuuba' Fán niza.,Desgrana Juan la mazorca.,,
zhuuba1,rixuuba',-zhuuba,JLC;ND;RGL;RLC;VC;VP,vA~C:i,A~C,NO,2709,"To lay down, in particular as it relates to hens as they lay down to brood eggs. This verb is also used in reference to other activities where an entity is extended, as in the case of tortillas extended over a griddle to cook, or seeds scattered over a griddle to toast. Similarly, this verb refers to the action of swimming, possibly in reference to the extension of the body needed for swimming.","Tenderse, particularmente con relación a las gallinas cuando se posan sobre sus huevos para empollarlos. También se aplica a otras actividades donde el sujeto se extiende, como en el caso de las tortillas extendidas sobre un comal, o semillas esparcidas sobre un comal para tostarse. De igual manera se refiere a la acción de nadar, posiblemente debido a la extensión del cuerpo al nadar.",position,,,ri-zhuuba,gi-zhu!uba; ~ x.xu!7ba,bi-zhuuba; ~ gu-zhuuba,,,,,,3,6,Má bixuuba' bere lu dxita.,Ya empolló sus huevos la gallina.,Neegue' guxuuba' Olivia lu nisa.,Ayer nadó Olivia en el agua.
zhuuba2,rixuuba',-zhuuba,JAR;JLC;ND;VP,vA~C:t,A~C,NO,2710,To break off dried corn kernels from the cob.,Desgranar maíz.,actions,,,ri-zhuuba,gi-zhu!uba; ~ x.xu!7ba,bi-zhuuba; ~ gu-zhuuba,,,ka-zhu!uba,,,4,5,Betu runi dxiiña' ra rixuuba' xuba'.,Beto trabaja donde se desgrana el maíz.,Bixuuba'ni.,Se gastó (lit. desgranó) (ej. una sierra cuyos dientes se desgastaron)
zhuubadonda,rixuuba'donda,-zhuuba=donda,VC,vA~C:i,A~C,NO,2714,"This verb phrase refers to the process of confession of guilt before the person known as bigaana, at the same time that the confessor prepares either the species of Sporobolus spartinus grass known as gizhi donda or totomoxtle as a guilt necklace to later splash it with blood and burn it.","Esta frase verbal se refiere al proceso de confesión de culpas ante la persona conocida como bigaana, al mismo tiempo que el confesante prepara ya sea la especie de pasto Sporobolus spartinus conocida como gizhi donda o totomoxtle a manera de collar de culpas para después salpicarlo de sangre y quemarlo.",cultural practices,,RLC,ri-zhuuba=donda,gi-zhu!uba=donda; ~ x.xu!7ba=donda,bi-zhuuba=donda; ~ gu-zhuuba=donda,,,,,,3,0,,,,
zhuubakwiini,rixuuba'cuiini',-zhuuba=kwiini,EJG;VC,vA~C:i,A~C,NO,2715,For the hem to be tucked in and sewn.,Meterse el dobladillo o la bastilla.,processes,,,ri-zhuuba=kwiini,,,,,,,,1,1,Qué nixúubacuiini'dí'ni.,No se metió dobladillo.,,
zhuubalaawa,rixuuba'laàhuà',-zhuuba=laa*wa*,EJG;JLC;RLC;VP,vA~C:i,A~C,NO,2716,To float on water.,Flotar en el agua.,states,,EJG;JLC;RLC,ri-zhuuba=laa*wa*,gi-zhu!uba=laa*wa*; ~ x.xu!7ba=laa*wa*,bi-zhuuba=laa*wa*; ~ gu-zhuuba=laa*wa*,,,za-zhuuba=laa*wa*,,,4,3,Cádi xuuba'laàhuà'dí'me lu nisa.,No está flotando el animal en el agua.,Rixubalaàhuà' yaga lu nisa.,Flota el árbol en el agua.
zhuubiyu,rixuubì'yu,-zhuubi*=yu,EJG;JLC;RLC,vA:i vers,A,NO,2717,To drag oneself on the ground.,Arrastrarse por la tierra.,actions,,,ri-zhuubi=yu,gi-zhuu*bi*=yu,bi-zhuubi=yu,,,,,,3,2,Guixuùbì'yu beenda'.,Que se arrastre a la culebra.,Quí zí xuubì'yudí' beenda'.,No se anda arrastrando la culebra.
zhuuna,rixuuna',-zhuuna,JLC;ND;RGL;VP,vC:i,C,NO,2718,"To defecate, to poop. By extension, to screw up.","Cagar, defecar, hacer popó. Por extensión, cagarla, en el sentido de haber hecho algo mal o de no lograr un objetivo.",actions,,,ri-zhuuna,x.xu!7na (I),gu-zhuuna,,,,,,3,5,Chíxhúuna'.,Voy a ir a cagar.,(G)uxuuna'.,Caga. (imperativo)
zhuunaberrde,rixuuna' bèrrde,-zhuuna # be*rrde,RLC,vC:i,C,NO,2719,"To have diarrhea that is green in color. This is considered to affect children who are suffering from indigestion or are teething, as well as mothers who have recently given birth and whose hips are thought to be too open still.","Tener diarrea verde. Se considera que esto le ocurre a los niños por empacho o cuando les va a salir un diente, o a las madres que recién han parido con base en la noción de que aún tienen la cadera abierta.",wellness,verde,,,,,,,,,,0,1,Caxúunabe verde.,Está cagando verde.,,
zhuunanaguchi,rixuuna' naguchi,-zhuuna # na-guchi,RLC,vC:i,C,NO,2720,To have diarrhea that is yellow in color. This is considered to affect children who are suffering from indigestion.,Tener diarrea amarilla. Se considera que esto le ocurre a los niños por empacho.,wellness,,EJG;JLC;ND;RGL;RLC,,,,,,,,,0,1,Caxúunabe naguchi.,Está con diarrea amarilla.,,
zhuunanakichi7,rixuuna' naquichí',-zhuuna # na-kichi!7,RLC,vC:i,C,NO,2721,To have diarrhea that is white in color. This is considered to affect children who are suffering from indigestion.,Tener diarrea blanca. Se considera que esto le ocurre a los niños por empacho.,wellness,,EJG;RGL;RLC,,,,,,,,,0,1,Caxúuna naquichí'.,Está con diarrea blanca.,,
zhuuzhe,rixuuxè',-zhuuzhe*,JLC;RLC,vA:t,A,NO,2722,To cut or break into pieces.,Despedazarlo.,actions,,,ri-zhuuzhe*,gi-zhuu*zhe* (I),bi-zhuuzhe*,,,,,,3,3,Berecà lá guiruùxè'me.,Se va a despedazar el pollo.,Má bixuuxè' Ròsa bere.,Rosa ya despedazó el pollo.
zhwi7,rixui',-zhwi7,JLC;ND;RLC;VC;VP,vA:i,A,NO,2723,"To be bought, to be purchased, to be acquired.","Comprarse, adquirirse.",change of state,,,ri-zhwi7,gi-zhwi!7 (),bi-zhwi7,,,,,,3,4,Caxuí'.,Se está comprando.,Ni bixui'.,Algo que se compró.
zhwi7lu,rixui' lu,-zhwi7 # lu,ND;RLC,vA:i,A,NO,2724,To imagine.,Imaginarse.,change of state,,,ri-zhwi7 # lu,gi-zhwi!7 # lu,bi-zhwi7 # lu,,,,,,3,1,Qué nixuí'dí'lube.,No imaginó él.,,
zhye7,rixié',-zhye!7,JLC;ND;RLC;VP,vA:i,A,NO,2725,"To be reduced, to become scarce, to become less and less, to diminish, to dwindle.","Reducirse en cantidad, hacerse poco o menos, escasear, mermar, menguar.",change of state,,,ri-zhye!7,gi-zhye!7 (),bi-zhye!7,,,,,,3,6,Bixié' (gu)enda ro (g)udo Fán gueta.,Se hizo poquito la comida porque ya comió Juan.,Bixié'nu.,Nos hicimos poquitos (ya habemos menos gente).
zhyee,rixieè,-zhyee*,JLC;ND;RLC;VP,vA:i vers,A,NO,2726,"To end up naked. By extension, and most commonly, to end up stripped or cleaned out, to become reduced as spinach does when cooked.","Quedar desnudo. Por extensión, el uso más común de este lexema es quedarse pobre, quedar despojado o desvalijado, quedar reducido como las espinacas al cocerse.",change of state,,,ri-zhyee*,gi-zhyee* (I),bi-zhyee*,,,,,,3,2,Bixiee'.,Fui despojado de todas mis pertenencias.,Bixieèbe.,"Se le acabó todo; Se quedó sin nada,"
zi7,rizi',-zi7,EJG;JLC;ND;RLC;VP,vC:t,C,NO,2727,"To buy, to purchase, to acquire.","Comprar, adquirir.",actions,,,ri-zi7,si*7,gu-zi7; ~ u-zi7,ka-zi!7,,za-zi7,,chi!+ si*7,6,6,Caziu'; Cazi'lu'.,Estás comprando.,(G)uzíu' lá.,¿Lo compraste?
zi7ngiiyu,rizi' nguiiyu',-zi7 # ngiiyu,EJG,vC:t,C,NO,2728,To buy the love of a man.,Comprar el cariño de un hombre.,actions,,,,,,ka-zi!7 ngiiyu,,,,,1,0,,,,
zi7xtiidxa,rizi' xtiidxa',-zi7 # x.tiidxa,JLC,vC:t,C,NO,2729,To take someone's word as truthful and making a commitment based on it.,Confiar en la palabra de alguien y adquirir un compromiso con base en ello.,actions,,JLC;RLC,ri-zi7 # x.tiidxa; ~ ri-zii # x.tiidxa,si!7 # x.tiidxa (),,,,,,,2,2,Guzi' xtiidxa' Fán (pur) xtóbi.,Juan confió en otro y se comprometió.,Rizii Fán xtiidxa' Pèdru; Rizi' Fán xtiidxa' Pèdru.,Se compromete Juan por Pedro.
zi7ligaa,rizi' li'gaa,-zi7 li-gaa,EJG;VC,vC:t,C,NO,2730,"Fulfill a duty or responsibility, ex. a work day.","Cumplir un compromiso, ej. una jornada de trabajo.",occupations,,,ri-zi7 li-gaa; ~ ri-zii li-gaa,,,,,,,,1,0,,,,
zi7bi,rizi' bi,-zi7=bi,VC,vC:i,C,NO,2731,To withstand (lit. to garner/gather air).,Aguantar (lit. adquirir aire).,states,,,,,,,,,,,0,3,Qué nizí'bidí' Fán.,No aguantó Juan.,Qué nizí'dí' bi Fán.,No aguantó Juan. (lit. Juan no inhaló suficiente aire.)
zi7bya7,rizi'bia',-zi7=bya7,EJG;JLC;ND;RLC,vC:t,C,NO,2732,"To find the way to convince, manipulate or deceive someone.","Lograr la manera de convencer, manipular o engañar a alguien.",actions,,,,si*7 bya7;  ri-zi7 bya7,gu-zi=bya7;  ka-zi!7 bya7,,,,,,2,2,Guzibia' Fán Fàna.,Juan ya midió a Juana.,Rizi'bia' Fán ni rutoo .,Le ve Juan la cara al que vende.
zi7ka,rizi'cà,-zi7=ka*,JLC,vC:t,C,NO,2733,To buy in cash.,Comprar al contado.,commerce,,,ri-zi=ka*,,,,,,,,1,1,Nizí'càbe.,Lo hubieran comprado.,,
zi7la7dxi,rizi'la'dxi',-zi7=la7dxi,EJG;JLC;RGL;RLC;VP,vA:i,A,NO,2734,To rest.,"Descansar, reposarse.",states,,,ri-zii=la7dxi; ~ ri-zi la7dxi,gi-zi! la7dxi (); ~ gi-zi!i=la7dxi,bi-zii=la7dxi; ~ bi-zi la7dxi,ka-zi!i=la7dxi,,,,,4,3,Cazíla'dxi' layudí' ti iza.,Este terreno está descansando un año.,Riziila'dxi'be.,Ella/él descansa.
zi7rwaa,rizi'ruaa,-zi7=rwaa,EJG;JLC;RLC;VC,vC:t,C,NO,2735,To take responsibility for a harmful act that one has committed.,Reconocer un daño que uno ha cometido.,actions,,,ri-zi7=rwaa,si*7=rwaa (),gu-zi7=rwaa;  k.a-zi!7=rwaa,,,,,,3,6,Biziruaa Fán xtonda.,Aceptó Juan su culpa.,Guzi'ruaa Fán.,Juan reconoció lo que hizo.
ziidi,riziidi',-ziidi,EJG;ND;VP,vA:a,A,NO,2736,To learn.,"Aprender, aprenderlo.",actions,,,ri-ziidi,gi-zi!idi,bi-ziidi,ka-zi!idi,,za-ziidi,,,5,5,Biziidi'.,Aprende. (imperativo),Caziidi'.,Está aprendiendo.
zinye,riziñe,-zinye,EJG;JLC;ND;RLC;VP,vC:t,C,NO,2737,"To whip, to mix, to stir. By extension, to bother, to pester.","Batir, mezclar, menear. Por extensión, molestar, importunar.",processes,,EJG;RGL;VC,ri-zinye,? s.si*nye (I),gu-zinye,ka-zi!nye,,,,,4,5,Ba'du' riziñe.,Chillón. (lit. niño que llora),Cazíñe.,Está distrayendo.
zu,rizu,-zu,ND;RLC;VC,vA:t,A,NO,2738,"To stand something up. By extension, to fuck or to fuck someone.","Pararlo. Por extensión, coger o cogerse a alguien, en el sentido de tener sexo con alguien.",actions,,,ri-zu,gi-zu!,bi-zu,,,,,,3,1,Bizu dxumicà racà.,"Para (coloca) ese cesto, allí.",,
zuzhyee,rizuxieè,-zu-zhyee*,EJG;RLC,vA:i,A,NO,2739,"To end up naked. By extension, to end up stripped or cleaned out.","Quedar desnudo. Por extensión, quedarse pobre, quedar despojado o desvalijado.",change of state,,RLC,ri-zu-zhyee*,gi-zu!-zhyee*,bi-zu-zhyee*,ka-zu!-zhyee*,,,,,4,0,,,,
zuna7,rizunà',-zu=na*7,EJG;JLC;ND,vB:t,B,NO,2740,"To massage, to rub for healing purposes (lit. for the hand to stand).","Sobar, dar masaje (lit. pararse la mano).",actions,,,ri-zu=na*7,gi-zu!=na*7,gu-zu=na*7,ka-zu* na*,,,,,4,4,Bizunà'.,Sobó.,Cazúnà'.,Da masaje.
zuzhibi,rizuxibi,-zu=zhibi,EJG;VP,vA:i,A,NO,2741,To kneel.,"Arrodillarse, hincarse.",actions,,,ri-zu-zhibi,,bi-zu=zhibi,,,,,,2,1,Bizuxibi Fán lu Fàna.,Se arrodilló Juan ante Juana.,,
zunu,rizunu,-zunu,RLC,vA:i vers,A,NO,2742,To pile up.,Amontonarse.,change of state,,,ri-zunu,gi-zu^nu,bi-zunu,,,,,,3,0,,,,
zuumba,rizuumba',-zuumba,RLC,vA:i,A,NO,2743,To pout.,Hacer puchero.,actions,,,ri-zuumba,gi-zu!umba,bi-zuumba,,,,,,3,1,Rizuumba ruaabe.,Hace puchero con los labios.,,
zwii,rizuiì,-zwii*,JLC;RLC;VC,vA:i,A,NO,2744,"To be kneaded, to be made smooth.","Amasarse, hacerse fino o parejo.",change of state,,EJG;JLC;RLC,ri-zwii*; ~  r.wii*,gi-zwii*,bi-zwii*,,,,,,3,1,Ruiì cuba pán.,Se amasa la masa para (hacer) pan.,,
zyaa,riziaa,-zyaa,EJG;ND;RLC;VP,vA:i,A,NO,2745,"To be hurt, to be injured.","Lastimarse, lesionarse.",wellness,,,ri-zyaa,gi-zya!a,bi-zyaa,,,,,,3,4,Biziaabe.,Ella/él se lastimó.,Guiziáabe.,Que se lastime.
andchuu,richuù,AND+ -chuu*,EJG;ND;RLC,v:and,,NO,2768,To intrude.,"Ir a entrometerse, ir de chismoso.",actions,,,,chu!7,ye+ chuu*,,,,,ri+ chuu*; ~ re+ chuu*,3,4,Irà' binnì zí di'di' lá yé chuùca yé guuyà' cà ra nexhé' gue'tu'.,Toda la gente que va pasando fue nomás a meterse a ver donde estaba el muertito.,Richuùbe ra lidxi binnì.,Se anda metiendo en casa de la gente.
andchuugu,richuugù',AND+ -chuugu*,EJG;ND,v:and,,NO,2769,To go to cut as in to go harvest or to go and clear a field that is overgrown.,Ir a cortar en el sentido de ir a cosechar o de ir a desmontar.,actions,,,ri+ chuugu*; ~ re+ chuugu*,,,,,,,,1,1,Richuugù'be guie'.,Va a cortar flores.,,
andbi7,ribí',AND+ bi!7,EJG;RLC;VP,v:and,,NO,2770,To go back home. It also refers to the first time a bride is dropped off at her partner's house where she will live from then on.,Ir de regreso a casa. También se refiere a la primera vez en que una novia es entregada a la casa de su pareja para vivir ahí a partir de ese momento.,motion,,,re+ b.i!7; ~ ri+ b.i!7,chi!+ bi!7,,,,zi+ bi!7,,,3,5,Má zíbí' ra lidxi.,Ya se fue a su casa (ej. después del trabajo).,Ribí'.,Se regresa a su casa (ej. una pareja que no se comprende y uno deja al otro y se va).
andbi7yoo,ribí' yoo,AND+ bi!7 # yoo,JLC,v:and,,NO,2771,To go shopping to Juchitán.,Ir de compras a Juchitán.,actions,,,ri+ bi!7 # yoo,chi!+ # bi!7 yoo,ye+ bi!7 # yoo; ~ bi-bi!7 # yoo,,,,,,3,4,Bibí' yoo.,Fue de compras a Juchitán.,Ribí' yoo.,Se va a casa / Juchitán.
andchaazi,richaazì',AND+ chaazi*,EJG;RLC,v:and,,NO,2772,To go stick one's nose in other people's business.,Ir a meterse en lo que no debe.,actions,,RLC,ri+ chaazi*; ~ re+ chaazi*,chi!+ chaaze*,ye+ chaaze*,,,,,,3,1,Richaazì'sì.,Nomás se fue a meter.,,
andgaana,rigaanà',AND+ g.aana*,EJG,v:and,,NO,2773,To go clean a plot of land of weeds and plant overgrowth.,Ir a limpiar un terreno o a cortar maleza.,cultivation,,RGL,re+ gaana*; ~ ri+ gaana*,chi!+ gaana*,ye+ gaana*,,,,,,3,2,Yégaanà'.,Fue a limpiar (su terreno).,Zè' gaanà'be.,Se fue a limpiar.
andganna,rigannà,AND+ g.anna*,EJG;JLC;RLC;VP,v:and,,NO,2774,To go visit.,Ir a visitar.,actions,,,ri+ g.anna*; ~ ri!+ ganna*; ~ re+ g.anna*; ~ re!+ ganna*,chi!+ ganna*,ye+ ganna*,,,ze!+ g.anna*; z.e*7+ g.anna*,,,4,3,Rígannàbe xñaabe.,Visita (seguido) a su mamá.,Yègannà Fán Mariá.,Juan visitó a María.
andgati,rigatì,AND+ g.ati*,EJG;RLC,v:and,,NO,2775,To be dying.,Andarse muriendo.,change of state,,EJG;RLC,ri+ g.ati*; ~ re+ g.ati*,chi!+ g.ati*,ye+ g.ati*,,,,,,3,5,Má chígatìbe.,Ya se va a morir.,Regati.,Va a morirse.
andge7,riguè',AND+ g.e*7,EJG,v:and,,NO,2776,"To go have breakfast, to go drinking alcohol.","Ir a desayunar, ir a tomar bebidas alcohólicas.",actions,,RLC,ri+ g.e*7; ~ re+ g. e!,chi!+ g.e*7,ye+ g.e*7,,,,,,3,1,Naa chígué'.,Voy a tomar.,,
andkanda,ricandà,AND+ kanda*,EJG;JLC;RGL;VP,v:and,,NO,2777,This verb describes the process of change in the quality of ambient light during twilight at both dawn and dusk.,Este verbo describe el proceso de cambio en la calidad de la luz ambiental durante el crepúsculo al amanecer y al anochecer.,phenomena,,,,,,,,zi!+ kanda*,,,1,2,Má zícandà.,Ya viene amaneciendo (5:30 - 6:00 am).,Zícandà.,Está entrando la noche.
andkwe7,ricue',AND+ kwe7,JLC;ND;VP,v:and,,NO,2778,"To go or fall sideways. By extensionón, to leave quietly as to be unnoticed.","Irse de lado. Por extensión, irse sigilosamente, sin que otros se den cuenta.",change of state,,JLC;RLC,,chi!+ kwe7,,,,,,,1,1,Chicue' chicue'.,Sigilosamente.,,
andnanda,rinandà,AND+ n.anda*,EJG;JLC;RLC;VP,v:and,,NO,2779,To go in pursuit of something or someone.,Andar siguiendo algo o a alguien.,motion,,,ri+ n.anda*; ~ re+ n.anda*,chi!+ n.anda*,ye+ n.anda*,,,,,,3,1,Zè'nandà.,Se fue a seguir (a alguien y no ha regresado).,,
andnda,rindà,AND+ nda*,EJG;RLC;VP,v:and,,NO,2780,To go reach a place.,Ir a llegar.,motion,,EJG;RLC,ri+ nda*,chi!+ nda*,ye+ nda*,,,zi+ nda*,nye!+ nda*; ~ ni!+ nda*,,5,6,Chíndà.,Que llegue.,Quí ñéndà.,No llegó.
andndagu,rindagù,AND+ ndagu*,EJG;RLC,v:and,,NO,2781,"To go around gleaning, to go around scavenging.","Andar repizcando, andar pepenando.",actions,,JLC;RGL;RLC,,,,,,,,ri-ndagu*,1,2,Canandagù.,Anda pizcando.,Chíndaguá'.,Voy a pepenar.
andndee,rindeè,AND+ ndee*,EJG;JLC;VC;VP,v:and,,NO,2782,"To be resembling someone, especially a family member.","Ir pareciéndose a alguien, sobre todo a un familiar.",kinship,,,ri+ ndee*,chi!+ ndee*,ye+ ndee*; ~ ye!+ ndee*,,,,,,3,6,Fán nè Pèdru rindeèsaaca'.,Juan y Pedro se parecen.,Rindeè Olivia bixhoze.,Olivia se parece a su papá.
andndeeneza,rindeè neza,AND+ ndee* # neza,EJG;RLC;VP,v:and,,NO,2783,"To go show someone the way, to go clear a path.","Ir a encaminar a alguien, ir a trazar camino.",motion,,,re+ ndee* # neza; ~ ri+ ndee* # neza,chi!+ ndee* # neza,ye+ ndee* # neza,,,,,,3,4,Rindeè Fán neza Pèdru.,Juan le muestra el camino a Pedro (i.e. encamina a Pedro).,Yendeè Fán neza.,Juan fue a trazar camino (y ya regresó).
andndeexkaanda,rindeèxcaanda',AND+ ndee*=x.kaanda,EJG;RLC,v:and,,NO,2784,To go on a night vigil.,Ir a hacer vigilia.,actions,,RLC,re+ ndee*=xka!anda; ~ ri+ ndee*=xkaanda,chi!+ + ndee*=x.kaanda,ye!+ ndee*=x.kaanda; ~ ye+ ndee*=x.kaanda,,,,,,3,1,Yé ndeè xcaanda' Ròsa ra ospitál.,Fue Rosa a hacer guardia en el hospital (y ya regresó).,,
andndi,rindì,AND+ ndi*,EJG;ND,v:and,,NO,2785,To go choose.,Ir a escoger.,actions,,,ri+ ndi*,chi!+ ndi*,ye+ ndi*,,,,,,3,1,Yéndì,Fue a escoger (algo).,,
andne,rinè,AND+ ne*,JLC;ND,v:and,,NO,2786,To be taking or bringing something along.,Ir llevando o trayendo algo consigo.,actions,,RLC,ri-ne*,,,,,,,,1,7,Bietenala'dxi' nènu rini xtì' binniza.,"Recuerda, traemos sangre zapoteca.",Birooté' (gu)irà' buèltu zí ñaá'.,Gasté todo el dinero que traía.
andnebazeendu,rinè bazeendu',AND+ ne* ba-zeendu,JLC;RLC,v:and,,NO,2787,For the devil to be taking someone away.,Estar el diablo llevándose a alguien.,spirituality,,,ri+ ne*=ba-zeendu; ~ re+ ne*=ba-zeendu,chi!+ ne*=ba-zeendu,ye+ ne*=ba-zeendu,,,,,,3,4,(Re/ri)nè bazeendu'.,Lo lleva el demonio.,Rinè binnìdxabá'.,Se lo lleva el demonio.
andnu,rinù,AND+ nu*,JLC;ND;RGL;VP,v:and,,NO,2788,To go take a look.,Ir a asomarse.,motion,,JLC;RGL;RLC,ri+ nu*,chi!+ nu*,ye+ nu*,,,,,,3,1,Nabé ricanu xcuidicà lii.,Ese niño con frecuencia está cerca de ti.,,
andsa7bi,risá'bi',AND+ sa!7bi,JLC;RLC;VC,v:and,,NO,2789,To go discard something.,Ir a tirar algo.,actions,,,ri+ sa!7bi,chi!+ sa!7bi,ye+ sa!7bi,,,,,,3,1,Yesá'bi'.,Vete a tirarlo.,,
andtaabi,ritaabì',AND+ t.aabi*,EJG,v:and,,NO,2790,To go give a massage.,Ir a sobar o dar un masaje.,actions,,,ri+ t.aabi*,chi!+ t.aabi*,ye!+ t.aabi*,,,zi!+ t.aabi*,,,4,3,Chítaabì',Que de masaje.,Ritaabi'; Retaabi'.,Va a sobar / dar masaje.
andto,rito,AND+ t.o,RLC,v:and,,NO,2791,To go eat.,Ir a comer.,actions,,,ri+ t.o*; ~ re+ t.o*,chi!+ t.o*,ye+ t.o*,,,,,,3,0,,,,
andtaa,ritaà,AND+ taa*,EJG;VP,v:and,,NO,2792,To go and saturate with water (ex. plants) or fill with water (ex. a receptacle).,"Ir a llenar de agua, ya sea regando algo o llenando un recipiente.",actions,,EJG;RLC,ri+ taa*; ~ re+ taa*,chi!+ taa*,ye+ taa*,,,,,,3,4,Chítaàbè nisa yaga huiini'.,Va a echar ella/él agua a las plantas.,Mà' yètaàbe nisa yaga huiini'.,¿Ya fue a echar agua a las plantas?
andza,rizà,AND+ za*,JLC;ND;VP,v:and,,NO,2793,To go on a walk.,Ir a pasear.,motion,,,,chi!+ za*;  re+ za*;  ye+ za*;  kana+ za*,,,,,,,1,6,Ana riza galahui'.,Ana pasea en el centro.,Bireezà.,Salió y se fue (ej. porque tal vez está enojado).
kiapaniidxi,quí rapà niidxì',ki!+ -apa* # niidxi*,RLC,vC:t:lf,C,NO,5423,"Reduction or elimination of breast milk flow post-partum. It is considered to occur when the person becomes frightened. To treat this condition, a drink made with of pumpkin seeds, roasted, ground and strained, is prepared and drunk for three days on an empty stomach. In the event that the person needs to stop lactating, some might place half a lime between the breasts or a black cloth inside the bra for one to three days.","Reducción o eliminación del flujo de la leche materna. Se considera que ocurre cuando la persona se asusta. Para resolverla, se suele preparar una bebida de semillas de calabaza, tostadas, molidas y coladas, que se bebe durante tres días en ayunas. Ahora bien, si la persona necesita interrumpir el flujo de la leche, se acostumbra poner la mitad de un limón entre los senos o bien un trapo negro en el brasier de uno a tres días.",wellness,,,,,,,,,,,0,2,Para mà' cádi gápú' niidxì'.,Para que ya no tengas (produzcas) leche.,Quí gapàbe niidxì'.,No tiene leche (ej. una mujer cuya leche materna deja de producirse).
ri7,rì',r.i*7,JLC;ND;RGL;RLC;VC;VP,vC:i,C,NO,7217,"In heaps, abundantly.","Amontonándose, en abundancia.",change of state,,,,,,,,,,,0,5,Racà rì'nì.,Por allá está esparcido.,Rì' binnì.,Está lleno de gente.
ri7ndani,rì' ndàni,r.i*7 nda*ni,EJG;RLC;VC,vC:i,C,NO,7218,"Piled up, in a pile.",Amontonado.,states,,,,,,,,,,,0,0,,,,
ri7sisi,rì' sisì,r.i*7 sisi*,JLC;VC;VP,vC:i,C,NO,7219,"As a swarm or a throng, ex. a swarm of bees or a throng of people.","Aglomerado, apelotonado, como una nube de abejas o un montón de gente.",manner,,,,,,,,,,,0,0,,,,
ri7xke7la,rì' xque'la',r.i*7 x.ke7la,EJG;JLC;RLC;VC;VP,vC:i,C,NO,7220,Abundant corn field (lit. her/his corn piles up).,Milpa abundante (lit. se amontona su maíz).,physical attributes,,JLC;RLC,,,,,,,,,0,0,,,,
ri7zhya,rì' xià,ri*7 zhya*,EJG;VC,vC:i,C,NO,7388,With residue settled at the bottom of a container.,Con residuos asentados en el fondo de un recipiente.,states,,,,,,,,,,,0,0,,,,
