ID,Language_ID,Headword,Part_Of_Speech,Attribution,Additional_Information,PDLMA
b,jzd,b́ˤ,smb,RGL;RLC,,!b:
bh,jzd,b̤́ˤ,smb,RGL;RLC,,!b: H
p,jzd,ṕˤ,smb,RGL;RLC,,!p:
rrunrrun,jzd,ŕrun rruń,smb,EJG;RLC,,!rrun rrun!
dingdingding,jzd,̃díng ̃díng ̃díng,smb,RLC,,&di!ng &di!ng &di!ng
gucha7chigiu,jzd,((g)(u)chachí') guíu,s,EJG;JLC;VP,,((g)(u)-cha7chí') gi!u
guchachi7orkidi,jzd,((g)(u)chachí') orquìdi,s,JLC,,((g)(u)-chachi!7) orki*di
hbabababammm,jzd,(̤)ba ba ba ba mmm,smb,RGL,,(H)ba ba ba ba mmm
bendalutapa7,jzd,(benda lu) tapá',s,JLC,,(benda lu) tapa!7
berezhiga,jzd,(bere)xìga,s,EJG;JLC;ND;RLC;VC;VP,,(bere=)zhi*ga
bigosebuubu,jzd,(bigosè) buùbù',s,EJG;JLC;ND;VC;VP,,(bi-gose*) buu*bu*
dunabe,jzd,(dú) nabé,av,EJG;JLC;ND;RLC;VP,,(du!) na+ be!
genda,jzd,(gu)(e)nda,nmr,EJG;ND;VP,,(g)(e)nda+
gendabyaani,jzd,(gu)(e)ndabiaani',nom,EJG;JLC;ND;RGL;RLC;VP,,(g)(e)nda+ b.y.aani
gendabinnigwe7,jzd,(gu)(e)ndabinnigüé',nom,EJG;RGL;RLC,,(g)(e)nda+ binni=gwe!7
gendagorrda,jzd,(gu)(e)ndagòrrda,nom,RLC,,(g)(e)nda+ go*rrda
gendakeryabayu,jzd,(gu)(e)ndaquériabayu,nom,RGL,,(g)(e)nda+ ke!+ r.yaba=yu
gendananna,jzd,(gu)(e)ndanannà,nom,RLC,,(g)(e)nda+ n.anna*
gendanalase7,jzd,(gu)(e)ndanalasé',nom,RGL;RLC,,(g)(e)nda+ na-lase!7
gendanaro7,jzd,(gu)(e)ndanaró',nom,RLC,,(g)(e)nda+ na-ro!7
gendanaro7ba,jzd,(gu)(e)ndanaró'ba',nom,RGL;VC,,(g)(e)nda+ na-ro!7ba
gendanawiini,jzd,(gu)(e)ndanahuiini',nom,RGL;RLC,,(g)(e)nda+ na-wiini
gendanayaawi,jzd,(gu)(e)ndanayaàhuì',nom,RGL;RLC,,(g)(e)nda+ na-yaa*wi*
gendanazhii,jzd,(gu)(e)ndanaxiì,nom,RGL;RLC,,(g)(e)nda+ na-zhii*
gendaranna1,jzd,(gu)(e)ndarannà,nom,RGL;VC,,(g)(e)nda+ r.anna*
gendaranna2,jzd,(gu)(e)ndarannà,nom,RGL;VC,,(g)(e)nda+ r.anna*
gendarasi,jzd,(gu)(e)ndarasi,nom,RGL;RLC,,(g)(e)nda+ r.asi
gendare7,jzd,(gu)(e)ndare',nom,EJG;JLC;ND;RGL;RLC;VP,,(g)(e)nda+ r.e7
gendarusya,jzd,(gu)(e)ndarusià,nom,RGL,,(g)(e)nda+ r.u-s.ya*
gendarusyaatrompu,jzd,(gu)(e)ndarusiaà tròmpu,nom,RLC,,(g)(e)nda+ r.u-syaa* tro*mpu
gendaruxyazhi7,jzd,(gu)(e)ndaruxhiaxí',nom,RGL,,(g)(e)nda+ r.u-x.ya=zhi!7
gendaruniwantar,jzd,(gu)(e)ndaruni huantár,nom,RGL;RLC,,(g)(e)nda+ r.uni wan-ta!r
gendaruwi7diidxa,jzd,(gu)(e)ndaruhui' diidxa',nom,ND;RGL,,(g)(e)nda+ r.uwi7 diidxa
gendarikaabi,jzd,(gu)(e)ndaricaà bi,nom,RGL;VC,,(g)(e)nda+ ri-kaa* bi
gendarindaabiike,jzd,(gu)(e)ndarindaabi' ique,nom,RGL;VC,,(g)(e)nda+ ri-ndaabi ike
gendasikaru,jzd,(gu)(e)ndasica rù,nom,RGL,,(g)(e)nda+ sika ru*
gendaxxeela,jzd,(gu)(e)ndaxheela',nom,EJG;ND;RLC;VP,,(g)(e)nda+ x.xeela
guchachi7,jzd,(g)(u)chachí',s,EJG;JLC;ND;RLC;VP,,(g)(u)-chachi!7
guchachi7giinya,jzd,(g)(u)chachí' guiiña',s,JLC,,(g)(u)-chachi!7 giinya
guchachi7gixe,jzd,(g)(u)chachí' guixhe,s,EJG;JLC;ND;VP,,(g)(u)-chachi!7 gixe
gaba,jzd,(g)ábá,av,EJG;JLC;RLC;VC,,(g)a!-ba!
gabati7,jzd,(g)ábátí',av,EJG;JLC;ND;RLC;VC;VP,av:loc,(g)a!-ba! +ti!7
gadxagaya7,jzd,(g)adxagaya',s,EJG;JLC;ND;RGL;VC;VP,,(g)a-dxaga=ya7
ganiw,jzd,(g)aníu,s,JLC;RGL;VP,,(g)a-ni!w
ganiwdechonnaarrgoya,jzd,(g)aníu de chonnà arrgòya,s,RGL,,(g)a-ni!w  de chonna* arrgo*ya
ganiwdegye,jzd,(g)aníu de guie,s,RGL;RLC,,(g)a-ni!w de gye
ganiwdemanita,jzd,(g)aníu de manìta,s,JLC;RGL;RLC,,(g)a-ni!w de mani*ta
ganiwderekwerrdu,jzd,(g)aníu de recuèrrdu,s,RGL;RLC,,(g)a-ni!w de rekwe*rrdu
gayugu,jzd,ga yùgu,s,RGL,,(g)a-yu*gu
gadxipigadxi7,jzd,(g)adxì pi gadxi',clq,EJG;ND;RGL;VC,,(g)adxi* pi gadxi7
gamusa,jzd,(g)amùsa,s,JLC,,(g)amu*sa
gendachipi,jzd,(gu)endachìpi,nom,RGL,,(g)enda+ chi*pi
gendananda7,jzd,(gu)endanandá',nom,EJG;JLC;ND;VP,,(g)enda+ na-nda!7
gendanayaabi,jzd,(gu)endanayaabi',nom,VC,,(g)enda+ na-yaabi
gendarulaa,jzd,(gu)endarulaa,nom,RGL;RLC,,(g)enda+ r.u-laa
gendaruru,jzd,(gu)endaruru,nom,RGL;RLC,,(g)enda+ r.u-ru
gendasinberwensa,jzd,(gu)endasinberhuènsa,nom,RGL,,(g)enda+ sinberwe*nsa
gendawara,jzd,(gu)endahuara,nom,EJG;JLC;RGL;RLC;VP,,(g)enda+ wa-ra
giru7ti7,jzd,(gu)írútí',prn,JLC;RLC;VP,prn:rel,(g)i! +ru!7 +ti!7
gigudxa,jzd,(Gu)igudxa,s,JLC,,(g)i-gudxa
gizii,jzd,(gu)izii,s,EJG;JLC;RLC;VP,,(g)i-zii
gichalaga,jzd,(gu)icha laga,s,EJG;JLC;ND;RGL;RLC;VP,,(g)icha laga
gidxaga,jzd,(gu)idxaga,s,EJG;JLC;ND;RGL;RLC;VC;VP,,(g)idxa=ga
gintiika,jzd,(gu)intiicà',prn,EJG;JLC;ND;RLC;VC;VP,prn:ndf-i,(g)in+ tii +ka*
gintiisi,jzd,(gu)intiisì',prn,JLC;ND;RLC;VC;VP,prn:ndf-i,(g)in+ tii +si*
gintarra,jzd,(gu)intàrra,s,RGL,,(g)inta*rra
guba1,jzd,(g)ubà,s,EJG;JLC;RGL;RLC;VP,,(g)u-ba*
guba2,jzd,(g)ubà,s,EJG;JLC;RGL;RLC;VP,,(g)u-ba*
gubinya,jzd,(g)ubìña,s,VP,,(g)u-bi*nya
guragu7,jzd,(g)uragú',s,JLC;RGL;RLC;VP,,(g)u-ragu!7
guragu7yaana,jzd,(g)uragú' yaana',s,EJG;JLC;RGL,,(g)u-ragu!7 yaana
guryanisado7,jzd,(g)uriá nisa do',s,JLC;RLC,s:rel,(g)u-rya! nisa do7
guxaru,jzd,(g)uxhàrù,s,EJG;JLC;ND;RGL;VP,,(g)u-xa*ru*
guxarudxinya,jzd,(g)uxhàrù dxiña,s,JLC,,(g)u-xa*ru* dxinya
guxaruyaa,jzd,(g)uxhàrù yaa,s,JLC,,(g)u-xa*ru* yaa
guxaruyu,jzd,(g)uxhàrù yu,s,JLC,,(g)u-xa*ru* yu
guyaga7,jzd,(g)uyagá',s,JLC,,(g)u-yaga!7
guzibayooxo,jzd,(g)uzibà yooxho',s,RLC,,(g)u-ziba* yooxo
gendarigite,jzd,(gue)(nda)riguite,nom,JLC;RGL,,(ge)(nda)+ ri-g.ite
gendaridxiichi,jzd,(gue)nda ridxiichì',nom,JLC,,(ge)nda ri-dxiichi*
gendabi7chi,jzd,(gue)ndabi'chi',nom,JLC,,(ge)nda+ bi7chi
gendacha7ka,jzd,(gue)ndachá'ca',nom,RGL,,(ge)nda+ cha!7ka
gendachago7la,jzd,(gue)ndachago'la',nom,RLC,,(ge)nda+ cha-go7la
gendaga7na,jzd,(gue)ndagá'na',nom,JLC,,(ge)nda+ ga!7na
gendagidxa,jzd,(gue)ndaguidxa,nom,EJG;JLC;ND,,(ge)nda+ gidxa
gendala7sisi,jzd,(gue)ndalá'si'sì,nom,RLC,,(ge)nda+ la!7si +si*
gendanananda,jzd,(gue)ndanananda,nom,JLC,,(ge)nda+ na-nanda
gendanazaaka,jzd,(gue)ndanazaacà',nom,JLC,,(ge)nda+ na-zaaka*
gendarakalu,jzd,(gue)ndaraca lu,nom,RLC,,(ge)nda+ r.aka lu
gendarannala7dxi,jzd,(gue)ndaranna la'dxi',nom,JLC,,(ge)nda+ r.anna la7dxi
gendarati,jzd,(gue)ndaratì,nom,JLC;VP,,(ge)nda+ r.ati*
gendaraze,jzd,(gue)ndaraze,nom,JLC,,(ge)nda+ r.aze
gendaro,jzd,(gue)ndaro,nom,EJG;JLC;ND;VP,,(ge)nda+ r.o
gendaroechu,jzd,(gue)ndaro èchu,nom,RGL,,(ge)nda+ r.o e*chu
gendarogeta,jzd,(gue)ndaro gueta,nom,JLC;RGL,,(ge)nda+ r.o geta
gendaroxxi,jzd,(gue)ndaroxhì,nom,JLC;ND;RGL;VP,,(ge)nda+ r.o=x.xi*
gendaroyaa1,jzd,(gue)ndaroyaa,nom,EJG;JLC;RLC,,(ge)nda+ r.o=yaa
gendaroyaa2,jzd,(gue)ndaroyaa,nom,EJG;JLC;RLC,,(ge)nda+ r.o=yaa
gendaruchaaze,jzd,(gue)ndaruchaaze',nom,,,(ge)nda+ r.u-ch.aaze
gendaruchaa,jzd,(gue)ndaruchaa,nom,JLC,,(ge)nda+ r.u-chaa
gendarukizhe,jzd,(gue)ndaruquixe,nom,JLC;RGL,,(ge)nda+ r.u-k.izhe
gendarule,jzd,(gue)ndarule,nom,,,(ge)nda+ r.u-le
gendaruzhidxi,jzd,(gue)ndaruxidxì,nom,JLC,,(ge)nda+ r.u-zhidxi*
gendaruzhoonye,jzd,(gue)ndaruxooñe',nom,JLC;ND,,(ge)nda+ r.u-zhoonye
gendaribiibiyaga,jzd,(gue)ndaribiibì' yaga,nom,JLC;RGL,,(ge)nda+ ri-b.iibi* yaga
gendaribagu,jzd,(gue)ndaribagu,nom,JLC,,(ge)nda+ ri-bagu
gendaridaabi,jzd,(gue)ndaridaabi',nom,JLC;RGL,,(ge)nda+ ri-d.aabi
gendaridinde,jzd,(gue)ndaridindè,nom,JLC,,(ge)nda+ ri-dinde*
gendaridxaga,jzd,(gue)ndaridxaga,nom,JLC,,(ge)nda+ ri-dxaga
gendaridxagaxkaanda,jzd,(gue)ndaridxaga xcaanda',nom,RGL;RLC,,(ge)nda+ ri-dxaga x.kaanda
gendaridxagayaa,jzd,(gue)ndaridxaga yaa,nom,RGL;RLC,,(ge)nda+ ri-dxaga yaa
gendarigaabi,jzd,(gue)ndarigaabi',nom,JLC,,(ge)nda+ ri-g.aabi
gendariguupallu,jzd,(gue)ndariguu pálu,nom,JLC,,(ge)nda+ ri-g.uu pa!llu
gendarikala7dxido7,jzd,(gue)ndarica la'dxido',nom,JLC,,(ge)nda+ ri-ka la7dxi=do7
gendarindaana,jzd,(gue)ndarindaanà',nom,JLC,,(ge)nda+ ri-ndaana*
gendariza,jzd,(gue)ndariza,nom,JLC,,(ge)nda+ ri-za
gendarizi7la7dxi,jzd,(gue)ndarizi'la'dxi',nom,JLC;RGL;RLC,,(ge)nda+ ri-zi7=la7dxi
gendaridxagayaa-2,jzd,(gue)ndaridxaga yaa,nom,JLC,,(ge)nda+ ri.dxaga yaa
gendarwaadxe7,jzd,(gue)ndaruaa dxe',nom,JLC,,(ge)nda+ rwaa dxe7
gendawarabidxi,jzd,(gue)ndahuara bidxi,nom,JLC;RLC,,(ge)nda+ wa-ra bidxi
gendawaradela7dxido7,jzd,(gue)ndahuara de la'dxido',nom,JLC,,(ge)nda+ wa-ra de+ la7dxi=do7
gendawaralu,jzd,(gue)ndahuara lu,nom,RLC,,(ge)nda+ wa-ra lu
gendayaawi,jzd,(gue)ndayaàhuì',nom,JLC,,(ge)nda+ yaa*wi*
gendarigitebaraja,jzd,(guenda)riguite baràja,nom,RGL;VC,,(genda+) ri-gite bara*ja
gendarigitepasalotengo,jzd,(guenda)riguite pasalotèngo,nom,RLC,,(genda+) ri-gite pasalote*ngo
gendarigitetala7chi,jzd,(guenda)riguite tala'chi',nom,RGL;RLC,,(genda+) ri-gite ta-la7chi
gendarigitetrompo,jzd,(guenda)riguitebe tròmpo,nom,RGL;RLC,,(genda+) ri-gite tro*mpo
gichazhayannimani7,jzd,(gui)cha (xa)yanni maní',s,JLC;RGL;RLC,,(gi)cha (zha+) yanni mani!7
giza7,jzd,(gui)zá',q,JLC;RGL;VC;VP,,(gi-)za!7
gichaikelaga,jzd,(guicha) ique laga,s,EJG;ND,,(gicha) ike laga
granpendeju,jzd,(grán) pendèju,a,JLC;RLC,,(gra!n) pende*ju
guzhaaya,jzd,(gu)xaàyà',s,VP,,(gu-)zhaa*ya*
ngangaruni,jzd,(ngà) ngà runi,dem,RLC;VP,,(n.ga*) n.ga* r.uni
nacha7wi,jzd,(na)chá'hui',a,EJG;ND;RGL;RLC;VP,a:sim,(na)-cha!7wi
nageenda,jzd,(na)gueèndà',a,EJG;RLC;VP,a:sim,(na)-gee*nda*
nanaande,jzd,(na)naande',a,EJG;JLC;RGL;RLC;VP,a:sim,(na)-naande
naro7,jzd,(na)ró',a,EJG;JLC;ND;RGL;RLC;VP,a:dv1sim,(na)-ro!7
nayati,jzd,(na)yatì,a,JLC;RLC,a:dv1sim,(na)-y.ati*
nazhalle7,jzd,(na)xalé',a,EJG;JLC;RGL;RLC;VP,a:sim,(na)-zh.alle!7
nabyuzhe,jzd,(na)biùxè,a,EJG;JLC;ND;VOT;VP,a:dv1sim,(na-)b.y.u*zhe*
nabaaza,jzd,(na)baazà',a,EJG;VP,a:sim,(na-)baaza*
naballi7,jzd,(na)balí',a,EJG;RLC;VP,a:sim,(na-)balli!7
nabapa,jzd,(na)bapa,a,EJG;JLC;ND;VC;VP,a:sim,(na-)bapa
nabata,jzd,(na)bata,a,EJG;JLC;ND;RGL;VC;VP,a:sim,(na-)bata
nabe7,jzd,(na)bè',a,EJG;JLC;ND;RGL;RLC;VP,a:sim,(na-)be*7
nabedxe,jzd,(na)bedxe,a,EJG,a:sim,(na-)bedxe
nabi7chu,jzd,(na)bí'chu',a,EJG;ND,a:sim,(na-)bi!7chu
nabidxu,jzd,(na)bìdxù,a,EJG;RLC;VP,a:sim,(na-)bi*dxu*
nabiru,jzd,(na)bìrù,a,JLC,a:sim,(na-)bi*ru*
nabidxi,jzd,(na)bidxi,a,EJG;JLC;ND;RGL;RLC;VP,a:sim,(na-)bidxi
nabo7nyo,jzd,(na)bó'ño',a,JLC;RLC,a:sim,(na-)bo!7nyo
nabumbu,jzd,(na)bumbù,a,EJG;JLC;ND;VP,a:sim,(na-)bumbu*
nacha7ka,jzd,(na)chá'ca',a,JLC;RGL,a:sim,(na-)cha!7ka
nachaaba,jzd,(na)chaaba',a,EJG;JLC;ND;RGL;RLC;VP,a:sim,(na-)chaaba
nachaacha,jzd,(na)chaacha',a,EJG;JLC;ND;RGL;RLC;VP,a:sim,(na-)chaacha
nachaande,jzd,(na)chaande',a,EJG;JLC;ND;RGL,a:sim,(na-)chaande
nachaani,jzd,(na)chaani',a,EJG;RLC;VP,a:sim,(na-)chaani
nachacha7,jzd,(na)chachá',a,EJG;JLC;RLC;VC;VP,a:sim,(na-)chacha!7
nachanda,jzd,(na)chandà,a,JLC;RLC,a:sim,(na-)chanda*
nachanga,jzd,(na)changà,a,JLC,a:sim,(na-)changa*
nachangalu,jzd,(na)changàlu,a,RGL;RLC,a:sim,(na-)changa*=lu
nachangazha7na,jzd,(na)changàxa'na',a,EJG,a:sim,(na-)changa*=zha7na
nachangu,jzd,(na)changù,a,RLC,a:dvsim,(na-)changu*
nachendxe,jzd,(na)chendxè,a,ND,a:dvsim,(na-)chendxe*
nachi7,jzd,(na)chì',a,RGL,a:sim,(na-)chi*7
nachichi,jzd,(na)chichì,a,EJG;JLC;ND;RGL;VP,a:sim,(na-)chichi*
nachidxi,jzd,(na)chidxì,a,JLC;RGL;RLC,a:sim,(na-)chidxi*
nachiitulu,jzd,(na)chiìtù' lu,a,RLC,a:dvsim,(na-)chii*tu* # lu
nachiita,jzd,(na)chiità',a,JLC;RGL;RLC,a:sim,(na-)chiita*
nachipa,jzd,(na)chipa,a,EJG;JLC;ND;RLC;VP,a:sim,(na-)chipa
nachipalaga,jzd,(na)chipalaga,a,VC,a:sim,(na-)chipa=laga
nachonga,jzd,(na)chonga,a,EJG;JLC;ND;RGL;RLC;VP,a:dvsim,(na-)chonga
nachoore,jzd,(na)choore',a,EJG;JLC;RGL,a:sim,(na-)choore
nachuga,jzd,(na)chuga,a,EJG;JLC;ND;RGL;VP,a:sim,(na-)chuga
nachuku,jzd,(na)chucu,a,EJG;JLC;ND;RGL;RLC;VP,a:sim,(na-)chuku
nachuuchu,jzd,(na)chuuchu',a,EJG;VC,a:sim,(na-)chuuchu
nachuundu,jzd,(na)chuundu',a,EJG;JLC;ND;RGL;RLC;VP,a:sim,(na-)chuundu
nachwi7,jzd,(na)chui',a,EJG;JLC;ND;RGL;VP,a:sim,(na-)chwi7
nada7gu,jzd,(na)dá'gu',a,EJG;JLC;RGL;VP,a:dv1sim,(na-)d.a!7gu
nada,jzd,(na)dà,a,EJG;JLC;ND;RGL;VP,a:sim,(na-)da*
nadachi,jzd,(na)dachì,a,EJG;JLC;RGL;VC;VP,a:sim,(na-)dachi*
nadidi,jzd,(na)didì,a,JLC;RGL,a:dvsim,(na-)didi*
nadidirwaa,jzd,(na)didìruaa,a,FSL;JLC;ND;RGL;RLC,a:dvsim,(na-)didi*=rwaa
nadipa7,jzd,(na)dipá',a,EJG;JLC;RGL;RLC;VP,a:dv1sim,(na-)dipa!7
nado7,jzd,(na)do',a,EJG;JLC;ND;RGL;RLC;VP,a:sim,(na-)do7
nado7dxita,jzd,(na)do' dxita,a,JLC;RGL;RLC,a:sim,(na-)do7 dxita
nadopa,jzd,(na)dopà,a,EJG;JLC;ND;RGL;VP,a:sim,(na-)dopa*
naduxu7,jzd,(na)duxhú',a,JLC;ND;RGL;RLC;VP,a:dv1sim,(na-)duxu!7
naduxu7bizu,jzd,(na)duxhú' bizu,a,JLC;RGL,a:dv1sim,(na-)duxu!7 bizu
naduxu7lu,jzd,(na)duxhú' lu,a,RGL;RLC,a:dv1sim,(na-)duxu!7 lu
nadxi7badi,jzd,(na)dxi'ba' dì,a,FSL,a:dvsim,(na-)dx.i7ba di*
nadxa7,jzd,(na)dxá',a,EJG;JLC;VC,a:dv1sim,(na-)dxa!7
nadxaa,jzd,(na)dxaà,a,EJG;ND;RGL;RLC;VP,a:sim,(na-)dxaa*
nadxaaga,jzd,(na)dxaàgà',a,EJG;JLC;ND;RGL;VP,a:dv1sim,(na-)dxaa*ga*
nadxaba7,jzd,(na)dxabá',a,JLC;RGL;RLC;VP,a:sim,(na-)dxaba!7
nadxe7,jzd,(na)dxe',a,EJG;JLC;ND;RGL;RLC;VP,a:sim,(na-)dxe7
nadxi7nya,jzd,(na)dxí'ña',a,EJG;JLC;RGL;RLC;VP,a:sim,(na-)dxi!7nya
nadxiibi,jzd,(na)dxiìbì',a,EJG;VP,a:dvsim,(na-)dxii*bi*
nadxiichi,jzd,(na)dxiìchì',a,JLC;RGL,a:dv1sim,(na-)dxii*chi*
nadxiibi-2,jzd,(na)dxiibi',a,EJG;JLC;VC;VP,a:sim,(na-)dxiibi
nadxunu7,jzd,(na)dxunú',a,EJG;JLC;RGL;RLC;VP,a:dv1sim,(na-)dxunu!7
naga7nda,jzd,(na)gá'nda',a,EJG;JLC;ND;RGL;RLC;VP,a:dv1sim,(na-)g.a!7nda
nagete7,jzd,(na)gueté',a,RLC,a:dv1sim,(na-)g.ete!7
naga7chi,jzd,(na)gá'chi',a,EJG;JLC;ND;RGL;VP,a:dv1sim,(na-)ga!7chi
nagaa,jzd,(na)gaa,a,EJG;JLC;RGL;RLC;VP,a:sim,(na-)gaa
nagidxa,jzd,(na)guìdxa,a,EJG;RGL;RLC;VP,a:sim,(na-)gi*dxa
nagibi7,jzd,(na)guibí',a,EJG;RLC;VP,a:dv1sim,(na-)gibi!7
nagola,jzd,(na)gòla,a,JLC;RGL;VP,a:sim,(na-)go*la
nagudaa,jzd,(na)gudaà,a,JLC,a:sim,(na-)gu-daa*
naguude,jzd,(na)guùdè',a,EJG;RGL;RLC,a:dv1sim,(na-)guu*de*
naguudxi,jzd,(na)guùdxì',a,EJG;ND;RGL;VP,a:sim,(na-)guudxi*
nagwi,jzd,(na)güí,a,EJG;JLC;RGL;RLC;VP,a:dv1sim,(na-)gwi!
nakaanga,jzd,(na)caanga',a,EJG;JLC;RGL;VC;VP,a:sim,(na-)kaanga
nakaawa,jzd,(na)caahua',a,ND;RGL;RLC,a:sim,(na-)kaawa
nakawi,jzd,(na)cahuì,a,EJG;JLC;ND;RGL;RLC;VP,a:sim,(na-)kawi*
nakeebe,jzd,(na)queebe',a,EJG;JLC;RGL;RLC;VC;VP,a:sim,(na-)keebe
nakubi,jzd,(na)cùbi,a,EJG;JLC;ND;RLC;VP,a:sim,(na-)ku*bi
nakuuxu,jzd,(na)cuuxhu',a,EJG;JLC;ND;RGL;VP,a:sim,(na-)kuuxu
nakwaatadyaga,jzd,(na)cuaata' diaga,a,EJG;JLC;RGL;VP,a:sim,(na-)kwaata dyaga
nakwanda,jzd,(na)cuandà,a,EJG;RLC;VP,a:sim,(na-)kwanda*
nakwexke,jzd,(na)cuexhquè,a,EJG;JLC,a:sim,(na-)kwexke*
nala,jzd,(na)là,a,EJG;JLC;ND;RLC;VP,a:sim,(na-)la*
nalagalu,jzd,(na)laga (lu),a,EJG;RLC;VP,a:dvsim,(na-)laga (lu)
nalase7,jzd,(na)lasé',a,EJG;RGL;RLC;VP,a:dv1sim,(na-)lase!7
nalisu,jzd,(na)lìsu,a,JLC;RGL;RLC;VP,a:sim,(na-)li*su
naliibi,jzd,(na)liìbì',a,JLC;ND;RGL,a:dv1sim,(na-)lii*bi*
nalilli,jzd,(na)lilì,a,EJG;JLC;ND;RGL;VC;VP,,(na-)lilli*
nalollo,jzd,(na)lolò,a,VC,a:sim,(na-)lollo*
nalote,jzd,(na)lotè,a,EJG;JLC;ND;RGL;VP,a:sim,(na-)lote*
nalugu7,jzd,(na)lugú',a,EJG,a:sim,(na-)lugu!7
naluzhu,jzd,(na)luxu,a,EJG;JLC;ND;RGL,a:sim,(na-)luzhu
nama7,jzd,(na)má',a,RLC;VC,a:sim,(na-)ma!7
namboolo,jzd,(na)mboolo',a,EJG;JLC;ND;RGL;VP,a:sim,(na-)mboolo
namiizi,jzd,(na)miìzì',a,EJG;JLC;ND;RLC;VP,a:sim,(na-)mii*zi*
namona,jzd,(na)mòna,a,JLC;ND;RGL;RLC;VP,a:sim,(na-)mo*na
namono,jzd,(na)mòno,a,EJG;JLC;ND;RGL;VP,a:sim,(na-)mo*no
nananda,jzd,(na)nanda,a,EJG;JLC;RLC;VP,a:dvsim,(na-)n.anda
nanwi,jzd,(na)nuì,a,EJG;JLC;ND;VP,a:sim,(na-)n.wi*
nanaa,jzd,(na)naà,a,EJG;JLC;ND;RGL;RLC;VP,a:dvsim,(na-)naa*
nanaadi,jzd,(na)naadi',a,EJG;JLC;RGL;RLC;VP,a:sim,(na-)naadi
nanana,jzd,(na)nanà,a,EJG;JLC;RLC;VP,a:sim,(na-)nana*
nanaxi,jzd,(na)naxhi,a,EJG;ND;RLC;VP,a:sim,(na-)naxi
nanazha,jzd,(na)naxà,a,RLC,a:sim,(na-)nazha*
nandase,jzd,(na)ndase,a,EJG;FSL;JLC;ND;RGL;RLC,a:sim,(na-)nd.ase
nanda7,jzd,(na)ndá',a,EJG;JLC;ND;RGL;RLC;VP,a:sim,(na-)nda!7
nanda7-2,jzd,(na)ndà',a,EJG;RLC;VP,a:sim,(na-)nda*7
nandaawi,jzd,(na)ndaàhuì',a,JLC;RLC;VP,a:sim,(na-)ndaa*wi*
nandaaga,jzd,(na)ndaaga',a,VP,a:sim,(na-)ndaaga
nandi7,jzd,(na)ndì',a,EJG;FSL;VC,a:sim,(na-)ndi*7
nandi7do7lu,jzd,(na)ndì' do' lu,a,EJG;VC,a:sim,(na-)ndi*7 do7 lu
nandi7na7,jzd,(na)ndì' nà',a,VP,a:sim,(na-)ndi*7 na*7
nandxo7,jzd,(na)ndxó',a,JLC;RGL;VP,a:sim,(na-)ndxo!7
nani7di,jzd,(na)ní'di',a,EJG;JLC;RGL;VP,a:sim,(na-)ni!7di
napaaparwaa,jzd,(na)paapa' ruaa,a,EJG;JLC;ND;RGL;VP,a:sim,(na-)paapa rwaa
napaaxu,jzd,(na)paaxhù',a,EJG;JLC;ND;RGL;RLC;VP,a:sim,(na-)paaxu*
napandu,jzd,(na)pandu,a,EJG;JLC;ND;RGL;RLC;VP,a:sim,(na-)pandu
napiirri,jzd,(na)piìrrì',a,JLC;RGL,a:sim,(na-)pii*rri*
napiixku,jzd,(na)piìxhcù',a,EJG,a:sim,(na-)pii*xku*
napiizi,jzd,(na)piìzì',a,JLC;ND;VP,a:sim,(na-)pii*zi*
napiipi,jzd,(na)piipì',a,EJG;JLC;ND;VP,a:sim,(na-)piipi*
napiiru,jzd,(na)piiru',a,EJG;VP,a:sim,(na-)piiru
napoota,jzd,(na)poòtà',a,EJG,a:sim,(na-)poo*ta*
napuupu,jzd,(na)puupu',a,JLC;ND;VP,a:sim,(na-)puupu
naridxi7,jzd,(na)ridxí',a,EJG;RLC;VC;VP,a:sim,(na-)r.idxi!7
naraa,jzd,(na)raà,a,EJG,a:sim,(na-)raa*
naraaya,jzd,(na)raaya',a,EJG;JAR;RGL;RLC;VP,a:sim,(na-)raaya
naracha,jzd,(na)racha,a,EJG;JLC;ND;RGL;RLC;VP,a:sim,(na-)racha
narangu,jzd,(na)rangù,a,EJG;VC;VP,a:sim,(na-)rangu*
narazhi,jzd,(na)raxi,a,JLC;RLC;VC;VP,a:sim,(na-)razhi
narenda,jzd,(na)rèndà,a,EJG;JLC;RGL;VP,a:dv1sim,(na-)re*nda*
naredxe7,jzd,(na)redxé',a,EJG;JLC;ND;RGL;RLC,a:sim,(na-)redxe!7
nareeche,jzd,(na)reèchè',a,JLC;RGL;VP,a:dv1sim,(na-)ree*che*
nareela,jzd,(na)reelà',a,EJG;RLC;VP,a:sim,(na-)reela*
nari7ni,jzd,(na)rí'ni',a,EJG;JLC;ND;RGL;RLC;VP,a:sim,(na-)ri!7ni
naripi,jzd,(na)ripi,a,EJG,a:sim,(na-)ripi
nariri7,jzd,(na)rirí',a,EJG,"a:sim, dsp",(na-)riri!7
naro7ba,jzd,(na)ró'ba',a,EJG;JLC;RGL;RLC;VP,a:dv1sim,(na-)ro!7ba
narolla,jzd,(na)rolà,a,EJG,a:sim,(na-)rolla*
naroo,jzd,(na)roo,a,EJG;ND;RGL,a:sim,(na-)roo
narrechu,jzd,(na)rrèchu,a,EJG;VC,a:sim,(na-)rre*chu
narreempa,jzd,(na)rreèmpà',a,EJG;JLC;RLC,a:sim,(na-)rree*mpa*
naruzaa,jzd,(na)ruzaà,a,EJG;RLC;VP,a:sim,(na-)ru-zaa*
naruku,jzd,(na)rucu,a,EJG;JLC;ND;RGL;RLC,a:sim,(na-)ruku
narungu,jzd,(na)rungù,a,JLC;RGL;VC,a:sim,(na-)rungu*
naruuzhe,jzd,(na)ruùxè',a,EJG;JLC;RGL,a:dv1sim,(na-)ruu*zhe*
naruxi,jzd,(na)ruxhì,a,EJG;RLC,a:sim,(na-)ruxi*
narwaalaga,jzd,(na)ruaalàga,s,RGL;RLC,,(na-)rwaa=la*ga
nasa,jzd,(na)sa,a,EJG;JLC;ND;RGL;RLC;VP,"a:sim, dsp",(na-)sa
nasa7mpa,jzd,(na)sá'mpa',a,JLC;RLC,a:sim,(na-)sa!7mpa
nasapi,jzd,(na)sàpi,a,JLC;RLC,a:sim,(na-)sa*pi
nasee,jzd,(na)see,a,JLC;RGL;VC,a:sim,(na-)see
nasisi,jzd,(na)sisi,a,EJG;JLC;ND;RGL;RLC;VP,a:sim,(na-)sisi
nasu,jzd,nasu,a,EJG;RLC;VC;VP,a:sim,(na-)su
nataaba,jzd,nataaba',a,EJG;JLC;ND;RGL;RLC;VP,a:sim,(na-)taaba
nataadxi,jzd,(na)taadxi',a,EJG;ND;RLC;VP,a:sim,(na-)taadxi
nataaka,jzd,(na)taacà',a,EJG;JLC;ND;RLC;VC,a:sim,(na-)taaka*
nataala,jzd,(na)taalà',a,EJG;JLC;ND;RGL;VP,a:sim,(na-)taala*
nataata,jzd,(na)taata',a,EJG;JLC;ND;RGL;VC;VP,a:sim,(na-)taata
nate,jzd,nate,a,EJG;RGL;RLC;VP,a:sim,(na-)te
natende,jzd,(na)tendè,a,EJG;JLC;ND;RGL;VP,a:sim,(na-)tende*
natilapa7,jzd,(na)ti lapá',a,JLC;RLC;VC,a:dv1sim,(na-)ti+ lapa!7
natigu,jzd,natigu,a,EJG;RLC;VP,a:sim,(na-)tigu
natiiba,jzd,(na)tiiba',a,EJG;RGL;VC,a:sim,(na-)tiiba
natiki,jzd,(na)tiqui,a,FSL;VC,a:sim,(na-)tiki
natipi,jzd,(na)tipi,a,EJG;ND;VP,a:sim,(na-)tipi
natunku,jzd,(na)tùncu,a,JLC;RLC,a:sim,(na-)tu*nku
natuucha,jzd,(na)tuucha',a,EJG;JLC;ND;VP,a:sim,(na-)tuucha
natuumbu,jzd,(na)tuumbu',a,EJG;JLC;ND;RLC;VP,a:sim,(na-)tuumbu
natuutu,jzd,(na)tuutu',a,RGL,a:sim,(na-)tuutu
nawati,jzd,(na)huatì,a,EJG;ND;RGL;RLC;VP,a:sim,(na-)wati*
naweku,jzd,(na)huècu,a,RGL,a:sim,(na-)we*ku
nawera,jzd,(na)huèra,a,RLC,a:sim,(na-)we*ra
naweru,jzd,(na)huèru,a,RGL,a:sim,(na-)we*ru
nawiini,jzd,(na)huiini',a,EJG;ND;VP,a:sim,(na-)wiini
naxtrooko,jzd,(na)xtroocò',a,EJG;VP,a:sim,(na-)x.trooko*
naxaaya,jzd,(na)xhaaya',a,VC,a:sim,(na-)xaaya
naxadxi,jzd,(na)xhadxi,a,EJG;ND;VC,a:sim,(na-)xadxi
naxaku,jzd,(na)xhacu,a,EJG;ND;VC;VP,a:sim,(na-)xaku
naxeembe,jzd,(na)xheembe',a,EJG,a:sim,(na-)xeembe
naxeta,jzd,(na)xheta,a,EJG;VP,a:sim,(na-)xeta
naxii,jzd,(na)xhii,a,EJG;JLC;ND;RGL;VP,a:sim,(na-)xii
naxiidi,jzd,(na)xhiidi',a,RLC,a:sim,(na-)xiidi
naxiiwi,jzd,(na)xhiihui',a,EJG;ND,a:sim,(na-)xiiwi
naxoka,jzd,(na)xhoca,a,EJG;VC;VP,a:sim,(na-)xoka
naxondanyee,jzd,(na)xhondà ñee,a,EJG;ND,a:sim,(na-)xonda* nyee
naxuuni,jzd,(na)xhuuni',a,VP,a:sim,(na-)xuuni
naxuuta,jzd,(na)xhuuta',a,VC,a:sim,(na-)xuuta
naxuxu,jzd,(na)xhuxhù,a,EJG;ND;RLC;VP,a:sim,(na-)xuxu*
nayaandelu,jzd,(na)yelé',a,EJG;VP,a:dv1sim,(na-)y.aande* lu
nayache,jzd,(na)yachè,a,EJG;JLC;ND;RLC;VP,a:sim,(na-)y.ache*
nayelle7,jzd,(na)yelé',a,EJG;ND;RGL;RLC;VC;VP,a:sim,(na-)y.elle!7
nayuudxu,jzd,(na)yuudxu',a,EJG;JLC;ND;RGL;VP,a:sim,(na-)y.uudxu
naya7nda,jzd,(na)yá'nda',a,JLC;RGL,a:sim,(na-)ya!7nda
naya7ni,jzd,(na)yá'ni',a,EJG;ND;RGL;VP,a:dv1sim,(na-)ya!7ni
naya,jzd,(na)yà,a,EJG;JLC;ND;RGL;RLC;VP,a:sim,(na-)ya*
nayaachi,jzd,(na)yaàchì',a,VC,a:sim,(na-)yaa*chi*
nayaawi,jzd,(na)yaàhuì',a,EJG;RGL;RLC;VC;VP,a:sim,(na-)yaa*wi*
nayaabi,jzd,(na)yaabi',a,EJG;ND;RGL;RLC;VP,a:sim,(na-)yaabi
nayaalla,jzd,(na)yaalà',a,EJG;FSL;VP,a:sim,(na-)yaalla*
nayachi7,jzd,(na)yachí',a,EJG;RLC,a:sim,(na-)yachi!7
nayana7,jzd,(na)yaná',a,EJG;RGL;VP,a:dv1sim,(na-)yana!7
nayaya,jzd,(na)yayà,a,EJG;JLC;RGL;VP,a:sim,(na-)yaya
nayeche7,jzd,(na)yeché',a,EJG;RGL;RLC;VP,a:dvsim,(na-)yeche!7
nayi7,jzd,(na)yì',a,EJG;JLC;RGL;RLC;VP,a:sim,(na-)yi*7
nayooxo,jzd,(na)yooxho',a,EJG;VP,a:sim,(na-)yooxo
nayu7la,jzd,(na)yú'la',a,EJG;ND;RGL;RLC;VP,a:sim,(na-)yu!7la
nayuu,jzd,(na)yuù,a,EJG;ND;RGL;VP,a:sim,(na-)yuu*
nayuxu7,jzd,(na)yuxhú',a,EJG;ND;VC;VP,a:sim,(na-)yuxu!7
nazanda,jzd,(na)zandà,a,EJG,a:sim,(na-)z.anda*
nazyuula,jzd,naziuula',a,EJG;VP,a:sim,(na-)z.yuula
nazhada,jzd,(na)xáda,a,EJG;JLC;ND;RLC;VP,a:sim,(na-)zha!da
nazhebe7,jzd,(na)xebé',a,EJG;JLC;ND,a:dv1sim,(na-)zhebe!7
nazhenzhe,jzd,(na)xenxè,a,EJG;VC,a:sim,(na-)zhenzhe*
nazhi,jzd,(na)xi,a,EJG;RGL;VP,a:sim,(na-)zhi
nazhigi7,jzd,naxiguí',a,JLC;VC,a:sim,(na-)zhigi!7
nazhii,jzd,(na)xiì,a,JLC;RLC,a:sim,(na-)zhii*
nazhubi,jzd,(na)xubi,a,EJG;JLC;RGL;RLC;VP,a:sim,(na-)zhubi
nazhyela,jzd,(na)xiéla,a,JLC;RGL;RLC,a:sim,(na-)zhye!la
naziizi,jzd,(na)ziìzì',a,EJG;ND;RLC,a:sim,(na-)zii*zi*
nazya7,jzd,(na)zia',a,EJG;JLC;ND;RLC;VP,a:sim,(na-)zya7
ninkezha,jzd,(nin) quéxà,itj,EJG,,(nin) ke! +zha*
nisabenyeyuudxu,jzd,(nisa) beñe yuudxu',s,JLC;RLC;VC,,(nisa) benye yuudxu
nisachiirri,jzd,(nisa) chiìrrì',s,EJG;VC,,(nisa) chii*rri*
nisaxinni,jzd,(nisa) xhìnnì,s,EJG;JLC;ND;RGL;RLC;VP,,(nisa) xi*nni*
uxwakatedepoyo,jzd,(uxh) huacate de poyo,itj,RGL,,(ux) waka=te de poyo
xtkutchi,jzd,(xht) cútchi,smb,RGL,,(xt) ku!tchi
yabedeestilsu,jzd,riaase',s,JAR;RGL;RLC,,(ya*be de e)sti*lsu
yagabyaagetacha7wibyaagetachaawibyaawiini,jzd,(yaga) biaà gueta chá'hui' ~ biaà gueta chaahui' ~ biaà huiini',s,,,(yaga) byaa* geta cha!7wi ~ byaa* geta chaawi ~ byaa* wiini
zhumaleyaga,jzd,(xu)màle yaga,s,RLC,s:pos,(zh.u)ma*le yaga
be,jzd,be,prn,JLC;RLC,prn:3r,+be*
di7,jzd,dí',dem,ND;RLC,,+di!7
du,jzd,du,av,EJG,,+du
du-2,jzd,du,prn,JLC;RLC,prn:4X,+du*
dutu,jzd,dutu,av,EJG;JLC;ND;RLC,,+dutu
ka7,jzd,cá',prt,,,+ka!7
ka,jzd,cà,dem,JLC;ND;RLC;VP,,+ka*
ke,jzd,què,dem,ND;VP,,+ke*
keka,jzd,quècà,dem,ND;VP,,+ke* +ka*
lu7,jzd,lu',prn,JLC;RLC,prn:2,+lu7
me,jzd,me,prn,,prn:3n-r,+me*
ni,jzd,ni,prn,ND;RLC;VP,prn:3i,+ni*
ni7,jzd,ni',prn,EJG;JLC;RLC;VP,prn:3n,+ni7
nu,jzd,nu,prn,JLC;RLC,prn:4I,+nu*
pe7,jzd,pe',enf,EJG;ND;RGL;RLC,,+pe7
ru7,jzd,rú',prt,ND;VP,,+ru!7
si,jzd,sì,prt,JLC;VP,,+si*
ti7,jzd,tí',av,VC,,+ti!7
tu,jzd,tu,prn,RLC,prn:5,+tu*
ya7,jzd,yá',prn,,prn:1,+ya!7
zha,jzd,xá,prt,VC;VP,"prt, xcl",+zha!
zha-2,jzd,xà,prn,VC;VP,prn:3m,+zha*
zhe,jzd,xè,prn,VC;VP,prn:3ch,+zhe*
ywa7,jzd,rua'  ~ riua',v,JLC;ND;RGL;RLC;VP,vA~B:t,-(y.)wa7
a,jzd,ra,v,EJG;RLC;VP,vA:i,-a
a7de,jzd,ra'de',v,EJG;JLC;ND;VP,vC:t,-a7de
a7ga,jzd,ra'ga',v,EJG;JLC;ND;VP,vC:i,-a7ga
a7gi,jzd,ra'gui',v,EJG;JLC;ND;RGL;VP,vC:i,-a7gi
a7sa1,jzd,ra'sa',v,EJG;JLC;ND;RGL;RLC;VP,vC:t,-a7sa
a7sa2,jzd,ra'sa',v,EJG;JLC;ND;RLC,vC:i,-a7sa
a7ta,jzd,ra'ta',v,EJG;JLC;ND;RGL;RLC;VP,vC:i,-a7ta
a7taninyu,jzd,ra'ta' nìñu,v,EJG;RLC,vC:i,-a7ta ni*nyu
a7tabidxichi,jzd,ra'ta'bidxichi,v,EJG;ND;RLC,vC:i,-a7ta=bi-dxichi
a7tabweltu,jzd,ra'ta'buèltu,v,EJG;ND;RLC,vC:i,-a7ta=bwe*ltu
a7tadxi,jzd,ra'ta'dxi,v,EJG;ND;RLC,vC:i,-a7ta=dxi
a7tadxi-2,jzd,ra'ta'dxì,v,EJG;ND;RLC,vC:i,-a7ta=dxi*
a7tagudaa,jzd,ra'ta'gudaà,v,EJG;JLC;ND;RGL;VP,vC:i,-a7ta=gu-daa*
a7takwe7,jzd,ra'ta'cue',v,EJG;JLC;ND;RGL;RLC,vC:i,-a7ta=kwe7
a7tana,jzd,ra'ta'na,v,EJG;JLC;ND;RGL;RLC;VP,vC:i,-a7ta=na
a7tarilu,jzd,ra'ta'rilu,v,EJG;JLC;RGL;RLC;VC,vC:i,-a7ta=ri+ lu
a7tasa,jzd,ra'ta'sa,v,EJG;JLC;ND;RGL;RLC,vC:i,-a7ta=sa
a7tata7,jzd,ra'ta'ta',v,EJG;RLC,vC:i,-a7ta=ta7
a7tazhya,jzd,ra'ta'xià,v,RLC,vC:i,-a7ta=zhya*
aana,jzd,raana',v,EJG;JLC;ND;RLC;VP,vB:t,-aana
aande,jzd,raande',v,VC,vA:i,-aande
aani,jzd,raani',v,EJG;JLC;ND;VC;VP,vB:t,-aani
aanina7,jzd,raani'nà',v,EJG;JLC;ND;RLC;VC;VP,vC:t,-aani=na*7
abi,jzd,rabi,v,EJG;JLC;ND;RLC;VP,vCirr:a,-abi
abidiidxagidxa,jzd,rabi diidxa' guìdxa,v,JLC,vCirr:t,-abi # diidxa gi*dxa
abi-2,jzd,rabì,v,EJG;JLC;ND;RGL;RLC;VP,vC:a,-abi*
abiabisi,jzd,rabì rabìsì,v,RGL;RLC,vC:a,-abi* -abi* +si*
ache,jzd,rache,v,EJG;JLC;ND;RGL;RLC;VP,vC:i,-ache
achelu,jzd,rache lu,v,EJG;ND;RGL;RLC;VC,vC:i,-ache # lu
achereza,jzd,rache rireza,v,JLC,vC:i # vB:i,-ache -reza
ache-2,jzd,rachè,v,EJG;JLC;ND;RLC;VP,vC:i,-ache*
achextiidxa,jzd,rachè xtiidxa',v,RLC,vC:i,-ache* # x.tiidxa
achelu-2,jzd,rachelu,v,EJG;JLC;ND;VP,vC:t,-ache=lu
achendu,jzd,rachendu,v,EJG;ND;RLC;VC,vC:i,-ache=ndu
achenisarwaa,jzd,rachenisa ruaa,v,EJG;RLC,vC:i,-ache=nisa # rwaa
achexki7,jzd,rachexqui',v,EJG;JLC,vC:i,-ache=x.ki7
achexki7xkula7,jzd,rachexqui' xculà',v,RLC,vC:i,-ache=x.ki7 x.ku-la*7
acheyuuba,jzd,racheyuuba',v,EJG;JLC;VP,vC:i,-ache=yuuba
achezhniidxi,jzd,rachexniìdxì',v,EJG;RGL;RLC,vC:i,-ache=zh.nii*dxi*
ade,jzd,radè,v,EJG;JLC;ND;RGL;RLC;VP,vC:i,-ade*
adexxaga,jzd,radè xhaga,v,EJG;JLC;RLC,vC:i,-ade* # x.xaga
adxe,jzd,radxe,v,EJG;JLC;RLC;VP,vC:i,-adxe
adxena7,jzd,radxe nà',v,EJG;ND;RLC,vC:i,-adxe # na*7
adxi,jzd,radxi,v,EJG;JLC;RGL;RLC;VP,vC:t,-adxi
aka,jzd,raca,v,EJG;JLC;ND;RLC;VP,vC:i,-aka
akabatayar,jzd,raca batayár,v,RGL;RLC,vC:i,-aka # bata-ya!r
akabi,jzd,raca bi,v,JLC,vC:i,-aka # bi
akabibu,jzd,raca bìbu,v,RGL;RLC,vC:i vers,-aka # bi*bu
akabigu,jzd,raca bigù,v,EJG;RLC;VP,vC:i,-aka # bi-gu*
akabupu,jzd,raca bupu,v,JLC,vC:i vers,-aka # bupu
akachingiili,jzd,raca chinguiìlì',v,RGL,vC:i,-aka # chi-ngii*li*
akade,jzd,raca de,v,EJG;JLC;RLC;VP,vC:i vers,-aka # de
akadeyu,jzd,raca de yu,v,RLC,vC:i,-aka # de+ yu
akage7la,jzd,raca gue'la',v,JLC;RLC,vC:i vers,-aka # ge7la
akagi,jzd,raca gui,v,EJG,vC:i,-aka # gi
akaike,jzd,raca ique,v,RLC,vC:i,-aka # ike
akanabyuzhe,jzd,raca nabiùxè,v,EJG,vC:i vers,-aka # na-byu*zhe*
akanadipa7,jzd,raca nadipá',v,JLC;ND;RLC,vC:i vers,-aka # na-dipa!7
akanaduxu7,jzd,raca naduxhú',v,RLC;VP,vC:i vers,-aka # na-duxu!7
akanadxaba7,jzd,raca nadxabá',v,JLC;RLC;VC,vC:i vers,-aka # na-dxaba!7
akanala,jzd,raca nalà,v,JLC;RLC,vC:i vers,-aka # na-la*
akananene,jzd,raca nanenè,v,JLC;RLC,vC:i vers,-aka # na-nene*
akanawati,jzd,raca nahuatì,v,EJG;RLC,vC:i vers,-aka # na-wati*
akaniza,jzd,raca niza,v,RLC,vC:i vers,-aka # niza
akaposa,jzd,raca pòsa,v,,vC:i vers,-aka # po*sa
akapura,jzd,raca purá,v,EJG;JLC;RGL;VP,vC:i,-aka # pu-ra!
akaraya,jzd,raca ràya,v,JLC;VP,vC:t,-aka # ra*ya
akatira,jzd,raca tirá,v,EJG;ND;RLC,vC:i,-aka # ti-ra!
akatobisi,jzd,raca tobisì,v,RLC;VP,vC:i vers,-aka # tobi +si*
akawadxi,jzd,raca huadxi,v,RGL;RLC,vC:i,-aka # wa-dxi
akaxkaani,jzd,raca xcaani',v,EJG;JLC;RLC;VP,vC:i,-aka # x.kaani
akaxti7,jzd,raca xtì',v,RGL,vC:i,-aka # x.ti*7
akalanixpido7,jzd,raca lani xpido',v,ND,vC:i,-aka la-ni x.pi-do7
akaugar,jzd,raca ugár,v,RLC,vC:i,-aka u-ga!r
akaayar,jzd,raca-ayá'r,v,RLC,vC:i,-aka=a-ya!r
akabelle,jzd,racabele,v,RLC,vC:i vers,-aka=belle
akabenye,jzd,racabeñe,v,JLC;RLC,vC:i vers,-aka=benye
akabiidi,jzd,racabiidi',v,EJG;JLC;VP,vC:i vers,-aka=biidi
akabya7,jzd,racabia',v,EJG;VP,vC:t,-aka=bya7
akachaawi,jzd,racachaahui',v,EJG;JLC;RLC;VP,vC:i vers,-aka=chaawi
akachanda,jzd,racachandà,v,EJG;JLC;RGL;RLC;VC,vC:i,-aka=chanda*
akaditi,jzd,racaditi,v,EJG;JLC;ND;RGL,vC:i,-aka=diti
akadxiinya,jzd,racadxiiña',v,EJG,vC:i,-aka=dxiinya
akadxita,jzd,racadxita,v,EJG;JLC;ND,vC:i vers,-aka=dxita
akafew,jzd,racaféu,v,RGL,vC:i vers,-aka=fe!w
akafewla7dxido7,jzd,racaféu la'dxi'do',v,RLC,vC:i vers,-aka=fe!w # la7dxi=do7
akaflijir,jzd,racaflijír,v,RLC,vC:i,-aka=fli-ji!r
akaga,jzd,racaga,v,EJG;RLC,vC:i,-aka=ga
akagela,jzd,racaguela,v,EJG;RLC,vC:i vers,-aka=gela
akajubilar,jzd,racajubilár,v,RGL;RLC,vC:i,-aka=jubi-la!r
akakejar,jzd,racaquejár,v,RGL,vC:i,-aka=ke-ja!r
akakonfyar,jzd,racaconfiár,v,RGL;RLC,vC:i,-aka=ko-nfya!r
akakurar,jzd,racacurár,v,JLC;RLC,vC:i,-aka=ku-ra!r
akakwajar,jzd,racacuajár,v,RGL;RLC,vC:i,-aka=kwa-ja!r
akala7dxi,jzd,racala'dxi',v,EJG;JLC;ND;VP,vC:t,-aka=la7dxi
akalu,jzd,racalu,v,EJG;JLC;RLC;VC;VP,vC:i,-aka=lu
akalugu7,jzd,racalugú',v,JLC;RLC;VC,vC:i,-aka=lugu!7
akamanchar,jzd,racamanchár,v,RLC;VP,vC:i,-aka=ma-ncha!r
akananda,jzd,racananda,v,EJG;RGL;VP,vC:i vers,-aka=n.anda
akana,jzd,racana,v,EJG;JLC;RLC;VP,vC:i vers,-aka=na
akanaga7nda,jzd,racanagá'nda',v,RLC,vC:i vers,-aka=na-g.a!7nda
akananala7dxi,jzd,racananala'dxi',v,JLC;RGL;RLC,vC:t vers,-aka=na-na=la7dxi
akanananda,jzd,racanananda,v,JLC;RLC,vC:i vers,-aka=na-nanda
akananda7,jzd,racanandá',v,EJG;JLC;RGL;RLC;VP,vC:i vers,-aka=na-nda!7
akanawiini,jzd,racanahuiini',v,JLC;RLC,vC:i vers,-aka=na-wiini
akane,jzd,racanè,v,EJG;JLC;ND;RGL;VP,vC:t,-aka=ne*
akapasar1,jzd,racapasár,v,RGL;RLC,vC:i,-aka=pa-sa!r
akapasar2,jzd,racapasár,v,RGL;RLC,vC:i,-aka=pa-sa!r
akaprobechar,jzd,racaprobechár,v,RGL;RLC,vC:i,-aka=probe-cha!r
akaracha7,jzd,racarachá',v,EJG;JLC;RLC,vC:i vers,-aka=racha!7
akarrayar,jzd,racarrayár,v,RLC,vC:i,-aka=rra-ya!r
akarretirar,jzd,racarretirár,v,RGL;RLC,vC:i,-aka=rreti-ra!r
akasaa,jzd,racasaa,v,EJG;RLC,vC:i,-aka=saa
akasigura,jzd,racasigurá,v,JLC;RLC,vC:t,-aka=sigu-ra!
akatrasar,jzd,racatrasár,v,JLC;ND;RLC,vC:i,-aka=tra-sa!r
akawara,jzd,racahuara,v,EJG;JLC;RGL;VP,vC:i,-aka=wa-ra
akawati,jzd,racahuatì,v,ND,vC:i vers,-aka=wati*
akawii,jzd,racahuiì,v,VC,vC:i,-aka=wii*
akawiiwi,jzd,racahuiìhuì',v,EJG;JLC;RLC,vC:i,-aka=wii*wi*
akayaxi,jzd,racayaxhi,v,EJG;RGL;VC,vC:i,-aka=yaxi
akaza,jzd,racaza,v,EJG;RLC,vC:i vers,-aka=za
akazheexe,jzd,racaxeexhe',v,EJG;JLC;ND,vC:i vers,-aka=zheexe
akazhiroo,jzd,racaxiroo,v,EJG;JLC;VP,vC:i,-aka=zhi-roo
akazhiinyi,jzd,racaxiiñi',v,RLC,vC:i vers,-aka=zhiinyi
akazhoo,jzd,racaxoo,v,EJG;JLC;RGL;RLC,vC:i vers,-aka=zhoo
akazhu,jzd,racaxu,v,EJG;JLC;RLC,vC:i vers,-aka=zhu
aku,jzd,racu,v,EJG;JLC;ND;RGL;VP,vC:t,-aku
alla,jzd,rala,v,EJG;JLC;ND;RGL;RLC;VP,vC:i,-alla
allalu,jzd,rala lu,v,EJG;RLC;VC,vC:i,-alla # lu
allazee,jzd,ralazee,v,EJG;RGL,vC:i,-alla=zee
alle,jzd,ralè,v,EJG;JLC;ND;RLC;VP,vC:i,-alle*
alleati,jzd,ralè rati,v,EJG;JLC;RLC,vC:i,-alle* # -ati
allesee,jzd,ralèsee,v,EJG;JLC;ND;RLC;VP,vC:i,-alle*=see
anda1,jzd,randà,v,EJG;JLC;ND;RLC;VP,vC:i,-anda*
anda2,jzd,randà,v,EJG;JLC;ND;RGL;RLC;VP,vC:i,-anda*
anda3,jzd,randà,v,EJG;JLC;ND;RLC;VP,vC:a,-anda*
andadyaga,jzd,randàdiaga,v,VC,vC:i,-anda*=dyaga
annadiinye,jzd,rannà diiñe',v,RLC,vC:t,-anna* # diinye
annadxiibi,jzd,rannà dxiìbì',v,EJG;JLC;RLC,vC:t,-anna* # dxii*bi*
anna1,jzd,rannà,v,EJG;JLC;ND;RGL;RLC,vC:t,-anna*
anna2,jzd,rannà,v,EJG;ND;RLC,vC:t,-anna*
annadyaga,jzd,rannàdiaga,v,ND;RLC;VC,vC:t,-anna*=dyaga
annaga,jzd,rannàga,v,EJG;RLC,vC:t,-anna*=ga
annalu,jzd,rannàlu,v,EJG;RLC,vC:t,-anna*=lu
annaxii,jzd,rannàxhiì,v,EJG;JLC;ND;VP,vC:t,-anna*=xii*
apa,jzd,rapa,v,EJG;JLC;ND;RLC;VP,vC:t,-apa
apabyaani,jzd,rapa biaani',v,EJG;JLC;ND;VC,vC:t,-apa # b.y.aani
apapaskwa,jzd,rapa pàscua,v,RLC,vC:t,-apa # pa*skwa
apa-2,jzd,rapà,v,EJG;JLC;ND;VP,vC:t,-apa*
apagendabyaani,jzd,rapà guendabiaani',v,EJG,vC:t,-apa* # genda+ b.y.aani
apalu,jzd,rapàlu,v,EJG;VC,vC:t,-apa*=lu
asi,jzd,rasi,v,EJG;JLC;ND;RGL;RLC;VP,vC:i,-asi
asinextobi,jzd,rasinè xtóbi,v,JLC,vC:i,-asi=ne* # x.to!bi
ati,jzd,rati,v,JLC;ND;RGL;RLC;VP,vC:i,-ati
atibani,jzd,rati ribanì,v,EJG;ND,vC:i,-ati # -bani*
atibeewu,jzd,rati beeù',v,JLC;RGL;RLC,vC:i,-ati # beewu*
atigiigu,jzd,rati guiigu',v,EJG;JLC;ND;VP,vC:i,-ati # giigu
atinisa,jzd,ratì nisa,v,EJG;JLC;ND;RLC;VP,vC:i,-ati* # nisa
atigubinya,jzd,ratìgubiña,v,EJG;VC,vC:i,-ati*=gu-binya
atide,jzd,ratide,v,EJG;JLC;ND;RLC,vC:i,-ati=de
atinaadxi,jzd,ratinaadxi',v,EJG;ND,vC:i,-ati=naadxi
atiriluzhe,jzd,ratiriluxe,v,EJG;JLC;ND;RLC,vC:i,-ati=ri-luzhe
atiwaa,jzd,ratihuaa,v,EJG;RLC,vC:i,-ati=waa
atixxyee,jzd,ratixhiee,v,EJG;JLC;ND;RGL;RLC;VP,vC:i,-ati=x.xyee
atizheexe,jzd,ratixeexhe',v,EJG;JLC;ND,vC:i,-ati=zheexe
atizhyana,jzd,ratixiana,v,EJG;JLC,vC:i,-ati=zhyana
atizi7,jzd,ratizì',v,EJG;JLC;ND;RLC;VP,vC:i,-ati=zi*7
awi,jzd,rahuì,v,EJG;JLC;ND;RLC;RLL;VC;VP,vC:t,-awi*
awinisa,jzd,rahuì nisa,v,EJG;RLC;VC,vC:t,-awi* # nisa
axa,jzd,raxha,v,EJG;JLC;ND;RGL;RLC;VP,vC:t,-axa
axadela7dxido7,jzd,raxha de la'dxi'do',v,RLC,vC:t,-axa # de+ la7dxi=do7
axadexku,jzd,raxha de xcu,v,JLC,vC:t,-axa # de+ x.ku
axabelle,jzd,raxhabele,v,RLC,vC:i,-axa=belle
axaike,jzd,raxhaique,v,JLC;VC,vC:i,-axa=ike
axalu,jzd,raxhalu,v,VC,vC:i,-axa=lu
axane,jzd,raxhanè,v,RGL,vC:t,-axa=ne*
axanyee,jzd,raxhañee,v,ND;RLC;VC,vC:i,-axa=nyee
axaxtuxu,jzd,raxhaxtuxhu,v,RLC,vC:i,-axa=x.tuxu
aze,jzd,raze,v,EJG;JLC;ND;RLC;VP,vC:i,-aze
azebiga7,jzd,raze biga',v,EJG;JLC;RGL;RLC,vC:i,-aze # bi-ga7
ba7ki,jzd,riba'qui',v,EJG;JLC;ND;RLC;VP,vD(p>l):t,-b.a7ki
ba7kitile7,jzd,riba'qui' (ti) le',v,JLC,vD(p>l):t,-b.a7ki # (ti+) le7
ba7kidiidxaza,jzd,riba'qui' diidxaza,v,JLC,vD(p>l):t,-b.a7ki # diidxa=za
ba7kidxi,jzd,riba'qui' dxi,v,EJG,vD(p>l):t,-b.a7ki # dxi
ba7kidxita,jzd,riba'qui' dxita,v,JLC,vD(p>l):t,-b.a7ki # dxita
ba7kigi,jzd,riba'qui' gui,v,EJG,vD(p>l):t,-b.a7ki # gi
ba7kilari,jzd,riba'qui' lari,v,EJG;JLC,vD(p>l):t,-b.a7ki # lari
ba7kimezha7,jzd,riba'qui' mexá',v,JLC,vD(p>l):t,-b.a7ki # mezha!7
ba7kixti7,jzd,riba'qui' xtì',v,RLC,vD(p>l):t,-b.a7ki # x.ti*7
ba7kibya7,jzd,riba'qui'bia',v,JLC;RLC,vD(p>l):t,-b.a7ki=bya7
ba7kichaawi,jzd,riba'qui'chaahui',v,JLC;RLC,vD(p>l):t,-b.a7ki=chaawi
ba7kigudaa,jzd,riba'qui'gudaà,v,JLC;VC,vD(p>l):t,-b.a7ki=gu-daa*
ba7kiike,jzd,riba'qui'ique',v,EJG;RLC,vD(p>l):t,-b.a7ki=ike
ba7kikwe7,jzd,riba'qui'cue',v,EJG;ND;RLC,vD(p>l):a,-b.a7ki=kwe7
ba7kila,jzd,riba'qui'la,v,JLC;RLC,vD(p>l):t,-b.a7ki=la
ba7kilu,jzd,riba'qui'lu,v,EJG,vD(p>l):t,-b.a7ki=lu
ba7kina,jzd,riba'qui'na,v,EJG;ND,vD(p>l):t,-b.a7ki=na
ba7kineza,jzd,riba'qui'neza,v,JLC;RLC,vD(p>l):t,-b.a7ki=neza
ba7kirilu,jzd,riba'qui'rilu,v,EJG;ND;RLC,vD(p>l):t,-b.a7ki=ri+ lu
ba7kisa,jzd,riba'qui'sa,v,EJG;JLC;RLC,vD(p>l):t,-b.a7ki=sa
ba7kita7,jzd,riba'qui'ta',v,EJG,vD(p>l):t,-b.a7ki=ta7
ba7kixti,jzd,riba'qui'xti,v,EJG;RLC,vD(p>l):t,-b.a7ki=x.ti
ba7na,jzd,riba'na',v,EJG;JLC;ND;RGL;VP,vD(p>l):t,-b.a7na
ba7nana7,jzd,riba'na'nà',v,EJG;RLC,vD(p>l):i,-b.a7na=na*7
bagu,jzd,ribagu,v,EJG;JLC;VP,vD(p>l):t,-b.agu
bagugiiche,jzd,ribagu guiichè',v,EJG,vD(p>l):i,-b.agu # giiche*
baguike,jzd,ribagu ique,v,JLC;VP,vD(p>l):i,-b.agu # ike
bee,jzd,ribeè,v,EJG;JLC;ND;RGL;VP,vD(p>l):t,-b.ee*
beebatee,jzd,ribeè bateè,v,JLC,vD(p>l):t,-b.ee* # ba-tee*
beeba7du,jzd,ribeè ba'du',v,RLC,vD(p>l):t,-b.ee* # ba7du
beebelle,jzd,ribeè bele,v,JLC,vD(p>l):t,-b.ee* # belle
beebiidi,jzd,ribeè biidi',v,JLC,vD(p>l):t,-b.ee* # biidi
beebiidxi,jzd,ribeè biidxi',v,JLC,vD(p>l):t,-b.ee* # biidxi
beediidxa,jzd,ribeè diidxa',v,JLC,vD(p>l):t,-b.ee* # diidxa
beediidxala7dxi,jzd,ribeè diidxa'la'dxi',v,EJG;VP,vD(p>l):t,-b.ee* # diidxa=la7dxi
beedoope,jzd,ribeè doopè',v,JLC,vD(p>l):t,-b.ee* # doope*
beeduubi,jzd,ribeè duubi',v,JLC,vD(p>l):t,-b.ee* # duubi
beegana,jzd,ribeè gàna,v,JLC;RLC,vD(p>l):t,-b.ee* # ga*na
beegela1,jzd,ribeè guela,v,EJG;JLC;RGL,vD(p>l):t,-b.ee* # gela
beegela2,jzd,ribeè guela,v,EJG;VC,vD(p>l):t,-b.ee* # gela
beegidi,jzd,ribeè guidi,v,JLC,vD(p>l):t,-b.ee* # gidi
beegidiladi,jzd,ribeè guidi ladi,v,JLC,vD(p>l):t,-b.ee* # gidi ladi
beegunaa,jzd,ribeè gunaa,v,EJG,vD(p>l):t,-b.ee* # gu-naa
beejneza,jzd,ribeè jneza,v,JLC;RLC,vD(p>l):t,-b.ee* # j.neza
beejnezakwenta,jzd,ribeè jnezacuènta,v,JLC,vD(p>l):t,-b.ee* # j.neza=kwe*nta
beekruda,jzd,ribeè krùda,v,RLC,vD(p>l):t,-b.ee* # kru*da
beelari,jzd,ribeè lari,v,JLC,vD(p>l):t,-b.ee* # lari
beelu,jzd,ribeè lu,v,EJG;JLC;RLC;VC;VP,vD(p>l):t,-b.ee* # lu
beeneza,jzd,ribeè neza,v,JLC;RLC,vD(p>l):t,-b.ee* # neza
beerronda,jzd,ribeè rònda,v,JLC;RGL;RLC,vD(p>l):t,-b.ee* # rro*nda
beesaka,jzd,ribeè saca,v,EJG,vD(p>l):t,-b.ee* # saka
beexkaanda,jzd,ribeè xcaanda',v,EJG;JLC;VP,vD(p>l):t,-b.ee* # x.kaanda
beexkiichi,jzd,ribeè xquiichì',v,EJG;RGL;RLC,vD(p>l):t,-b.ee* # x.kiichi*
beexkwi,jzd,ribeè xcui,v,EJG;VC,vD(p>l):t,-b.ee* # x.kwi
beexkye,jzd,ribeè xquie,v,EJG;JLC,vD(p>l):t,-b.ee* # x.kye
beeyabe,jzd,ribeè yàbe,v,JLC;RGL,vD(p>l):t,-b.ee* # ya*be
beezhyeke,jzd,ribeè xieque,v,EJG,vD(p>l):t,-b.ee* # zh.y.eke
beezidi,jzd,ribeè zidi,v,EJG,vD(p>l):t,-b.ee* # zidi
beendu,jzd,ribeè ndu,v,,vD(p>l):t,-b.ee* ndu
beezhaike,jzd,ribeè(xa)ique,v,EJG;VC,vD(p>l):t,-b.ee*=(zha+) ike
beebyeke,jzd,ribeèbieque,v,EJG;JLC;RLC;VP,vD(p>l):t,-b.ee*=b.y.eke
beebiitu,jzd,ribeèbiitù',v,JLC;RGL;RLC,vD(p>l):t,-b.ee*=biitu*
beebya7,jzd,ribeèbia',v,EJG;JLC,vD(p>l):t,-b.ee*=bya7
beechu,jzd,ribeèchù',v,EJG;JLC,vD(p>l):t,-b.ee*=chu*
beechuuchi,jzd,ribeèchuùchì',v,RGL,vD(p>l):t,-b.ee*=chuu*chi*
beechwi7,jzd,ribeèchui',v,,vD(p>l):t,-b.ee*=chwi7
beeguuna,jzd,ribeèguuna',v,EJG;RGL;VC;VP,vD(p>l):t,-b.ee*=guuna
beeka,jzd,ribeècà',v,EJG,vD(p>l):t,-b.ee*=ka*
beekwe7,jzd,ribeècue',v,EJG;JLC,vD(p>l):t,-b.ee*=kwe7
beela7dxi,jzd,ribeèla'dxi',v,EJG;RGL;VC,vD(p>l):t,-b.ee*=la7dxi
beelu-2,jzd,ribeèlu',v,EJG;JLC;RLC;VC;VP,vD(p>l):i,-b.ee*=lu
beena7beenyee,jzd,ribeènà' ribeèñee,v,EJG;VC,vD(p>l):i,-b.ee*=na*7 # -b.ee*=nyee
beendate,jzd,ribeèndate,v,EJG;JLC;ND;VC,vD(p>l):t,-b.ee*=ndate
beendu-2,jzd,ribeèndu',v,EJG;RLC,vD(p>l):t,-b.ee*=ndu
beenyee,jzd,ribeèñee,v,JLC,vD(p>l):t,-b.ee*=nyee
beerwaadiidxa,jzd,ribeèruaa diidxa',v,EJG;VC,vD(p>l):t,-b.ee*=rwaa # diidxa
beexkiinde,jzd,ribeèxquiindè',v,EJG;VC,vD(p>l):t,-b.ee*=x.kiinde*
beeya,jzd,ribeèya,v,EJG,vD(p>l):t,-b.ee*=ya
beeyaande,jzd,ribeèyaàndè',v,EJG;JLC;VP,vD(p>l):t,-b.ee*=yaa*nde*
beeza,jzd,ribeèzà,v,EJG,vD(p>l):t,-b.ee*=za*
beezha7na,jzd,ribeèxa'na',v,EJG;JLC;RLC;VC,vD(p>l):t,-b.ee*=zha7na
beza,jzd,ribezà,v,EJG;JLC;VP,vD(p>l):t,-b.eza*
bezayuze,jzd,ribezà yùzè,v,EJG;JLC;VP,vD(p>l):t,-b.eza* # yu*ze*
bezadxi,jzd,ribezàdxì,v,EJG;JLC;ND,vD(p>l):i,-b.eza*=dxi*
bezadxibezageela,jzd,ribezàdxi ribezàgueela',v,,vD(p>l):t,-b.eza*=dxi= -b.eza*=geela
bezala7,jzd,ribezàla',v,EJG,vD(p>l):i,-b.eza*=la7
bezanesi,jzd,ribezànèsì,v,EJG,vD(p>l):i,-b.eza*=ne* +si*
bi,jzd,ribi,v,EJG;JLC;ND;VP,vD(p>r):i,-b.i
bidxiichi,jzd,ribi dxiichi',v,EJG,vD(p>r):i,-b.i # dxiichi
biikenyee,jzd,ribi ique ñee,v,RGL;RLC,vD(p>r):i,-b.i # ike nyee
bikwe7,jzd,ribi cue',v,EJG,vD(p>r):i,-b.i # kwe7
bi-2,jzd,ribì,v,EJG;JLC;ND;RGL;VP,vD(p>r):t,-b.i*
bibiichi,jzd,ribibiichì',v,EJG,vD(p>r):i,-b.i=biichi*
bidxi,jzd,ribidxì,v,EJG;JLC;ND;RLC;VP,vD(p>r):i,-b.i=dxi*
bigi,jzd,ribigui,v,EJG;JLC;ND;RGL;RLC;VP,vD(p>r):i,-b.i=gi
bigidi,jzd,ribiguidi,v,RGL;RLC,vD(p>r):i,-b.i=gidi
bindani,jzd,ribindàni,v,EJG;JLC;VP,vD(p>r):i,-b.i=nda*ni
bindi7,jzd,ribindì',v,EJG;JLC;RLC;VP,vD(p>r):i,-b.i=ndi*7
binduni,jzd,ribindùni,v,JLC,vD(p>r):i,-b.i=ndu*ni
bine,jzd,ribinè,v,JLC;RLC,vD(p>r):i,-b.i=ne*
bisa,jzd,ribisa,v,EJG;RLC,vD(p>r):i,-b.i=sa
bita7,jzd,ribita',v,EJG;ND;RGL;RLC,vD(p>r):i,-b.i=ta7
biwati,jzd,ribihuatì,v,EJG;ND;RLC,vD(p>r):i,-b.i=wati*
bixke7la,jzd,ribixque'la',v,EJG;JAR;JLC;RLC;VC;VP,vD(p>r):i,-b.i=x.ke7la
bizhya,jzd,ribixià,v,EJG;JLC;ND;VP,vD(p>r):i,-b.i=zhya*
bizisi,jzd,ribizisi,v,EJG;JLC,vD(p>r):i,-b.i=zisi
bidxi-2,jzd,ribidxì,v,EJG;JLC;ND;VP,vD(p>l):t,-b.idxi*
bya,jzd,ribia,v,EJG;JLC;ND;VP,vA:i,-b.y.a
byabiri,jzd,ribiabirì,v,EJG;RGL;RLC;VP,vA:i,-b.y.a=bi-ri*
baa,jzd,ribaà,v,EJG;VC,vA:i,-baa*
baagu,jzd,ribaagù',v,EJG;RLC;VP,vA:i,-baagu*
baaza,jzd,ribaazà',v,JLC,vA:i vers,-baaza*
baba,jzd,ribaba,v,EJG;JLC;ND;VP,vA:i,-baba
balli7,jzd,ribalí',v,RGL,vA:i vers,-balli!7
bana7,jzd,ribaná',v,EJG;JLC;ND;VP,vA:t,-bana!7
bani,jzd,ribani,v,EJG;ND;RGL;RLC;VP,vA:i,-bani
bani-2,jzd,ribanì,v,EJG;RGL;RLC;VP,vA:i,-bani*
banila7dxi,jzd,ribanìla'dxi',v,EJG;JLC;ND;RGL;RLC,vA:i,-bani*=la7dxi
banilu,jzd,ribanilu,v,EJG;VC,vA:i,-bani=lu
banixkaanda,jzd,ribanixcaanda',v,EJG;RLC,vA:i,-bani=x.kaanda
banixpi,jzd,ribanixpi,v,EJG,vA:i,-bani=x.pi
banixprama,jzd,ribanixpràma,v,RGL;RLC;VP,vA:i,-bani=x.pra*ma
bapa,jzd,ribapa,v,VC,vA:i vers,-bapa
be7,jzd,ribè',v,EJG;ND;VP,vA:i vers,-be*7
bezabezaga,jzd,ribezà ribezà ga,v,EJG;RLC,vD(p>l):t,-beza*= -beza* ga
bidxu,jzd,ribìdxù,v,RLC,vA:i vers,-bi*dxu*
biru,jzd,ribìrù,v,JLC,vA:i vers,-bi*ru*
bi7xi,jzd,ribi'xhi',v,EJG;JLC;ND;VP,vA:i,-bi7xi
bi7xila7dxi,jzd,ribi'xhi'la'dxi',v,EJG;JLC;ND;RGL;RLC;VP,vA:i,-bi7xi=la7dxi
bi7xu,jzd,ribi'xhu',v,EJG;ND;VP,vA:i,-bi7xu
bidxyaa,jzd,ribidxiaa,v,EJG;JLC;ND;RGL;VP,vA:i,-bi=dxyaa
bidxi-3,jzd,ribidxi,v,EJG;JLC;RGL;RLC;VP,vA:i vers,-bidxi
bii,jzd,ribii,v,EJG;JLC;ND;VP,vA:i,-bii
biigeta7,jzd,ribiigue'tá',v,EJG;JLC;ND;RGL;RLC;VP,vA:i,-bii=geta!7
biibi,jzd,ribiibì',v,EJG;JLC;ND;VP,vA:i,-biibi*
biidi,jzd,ribiidi',v,RGL,vA:i vers,-biidi
byaa,jzd,ribiaà,v,EJG;RGL;RLC;VP,vA:i vers,-byaa*
chaande,jzd,richaande',v,EJG;JLC;ND;RLC,vA:i vers,-ch.aande
chaanderwaa,jzd,richaande'ruaa,v,ND,vA:i vers,-ch.aande=rwaa
chaaze,jzd,richaaze',v,ND,vA:t,-ch.aaze
cheza,jzd,richeza,v,EJG;JLC;ND;RGL;RLC;VP,vB:caus,-ch.eza
chaaba,jzd,richaaba',v,EJG;JLC;ND,vA:i vers,-chaaba
chaacha,jzd,richaacha',v,EJG;JLC;ND;RLC;VP,vA:i vers,-chaacha
chaani,jzd,richaani',v,EJG;JLC,vA:i vers,-chaani
chacha7,jzd,richachá',v,JLC;ND,vA:i vers,-chacha!7
chagana7,jzd,richaganà',v,JLC;ND;RGL;RLC;VP,vA:i,-chaga=na*7
changa,jzd,richangà,v,EJG;JLC,vA:i vers,-changa*
changalu,jzd,richangàlu,v,EJG;RLC,vA:i vers,-changa*=lu
changazha7na,jzd,richangàxa'na',v,EJG;RLC,vA:i vers,-changa*=zha7na
changu,jzd,richangù,v,JLC;RLC,vA:i vers,-changu*
cheepa,jzd,richeepa',v,JLC;ND,vA:i vers,-cheepa
cheepalu,jzd,richeepa'lu,v,EJG,vA:i vers,-cheepa=lu
chesa,jzd,richesa,v,EJG;JLC;ND;VP,vB:i,-chesa
chezalayu,jzd,richeza layu,v,EJG;JLC;ND;VP,vB:caus,-cheza # la=yu
chezabi,jzd,richeza bi,v,RGL;RLC,vB:caus,-cheza bi
chichi,jzd,richichì,v,EJG;JLC;ND;VC;VP,vA:i vers,-chichi*
chidxi,jzd,richidxì,v,JLC,vA:i vers,-chidxi*
chidxilaya,jzd,richidxì laya,v,EJG;ND;VP,vA:i,-chidxi*=laya
chidxilu,jzd,richidxì=lu,v,EJG;RLC,vA:i,-chidxi*=lu
chiirru,jzd,richiìrrù',v,JLC;VP,vA:i vers,-chii*rru*
chiitulu,jzd,richiìtù' lu,v,RLC,vA:i vers,-chii*tu* # lu
chiita,jzd,richiità',v,JLC;RLC,vA:i vers,-chiita*
chipa,jzd,richipa,v,EJG,vA:i vers,-chipa
chipalaga,jzd,richipà laga,v,EJG;JLC;ND;RGL;RLC,vA:i vers,-chipa* laga
chonga,jzd,richonga,v,EJG;ND;VP,vA:i,-chonga
chuga,jzd,richuga,v,EJG;RLC,vA:i vers,-chuga
chuku,jzd,richucu,v,EJG;JLC;ND;VP,vA:i vers,-chuku
chuuchi,jzd,richuuchì',v,EJG;JLC;ND,vA:i vers,-chuuchi*
chuuchu,jzd,richuuchu',v,EJG;JLC;ND;RLC;VC,vA:i vers,-chuuchu
chuundu,jzd,richuundu',v,EJG;ND;VP,vA:i vers,-chuundu
chuundulu,jzd,richuundu'lu,v,EJG,vA:i vers,-chuundu=lu
chuupi,jzd,richuupì',v,EJG;RGL;RLC,vA:i vers,-chuupi*
chwi7,jzd,richui',v,EJG;RLC,vA:i vers,-chwi7
da7na,jzd,rida'na',v,EJG;JLC;ND;VP,vA:i,-d.a7na
daabi,jzd,ridaabi',v,EJG;JLC;ND;RGL;RLC;VP,vA:i,-d.aabi
daagu,jzd,ridaagu',v,EJG;JLC;RLC;VP,vA:i,-d.aagu
daaguyoo,jzd,ridaagu'yoo,v,EJG;RLC,vA:i,-d.aagu=yoo
daanye,jzd,ridaañè',v,EJG;JLC;ND;VP,vA:i,-d.aanye*
daapa,jzd,ridaapà',v,EJG;JLC;ND;VP,vA:i,-d.aapa*
daapabinni,jzd,ridaapà' binnì,v,EJG;RLC,vA:i,-d.aapa* # binni*
daapazinya,jzd,ridaapà' ziña,v,JLC;ND;RLC,vA:i,-d.aapa* # zinya
daaparwaa,jzd,ridaapà'ruaa,v,JLC;ND,vA:i,-d.aapa*=rwaa
daapayu,jzd,ridaapà'yu,v,EJG;JLC;ND;RLC,vA:i,-d.aapa*=yu
dalle,jzd,ridalè,v,EJG;JLC;ND;RLC;VP,vA:i,-d.alle*
dapi,jzd,ridapì,v,EJG;JLC;ND;RLC;VP,vA:i,-d.api*
deegu,jzd,rideegu',v,JLC;RGL;RLC,vA:i,-d.eegu
diiba,jzd,ridiiba',v,EJG;JLC;ND;VP,vA:i,-d.iiba
diinye,jzd,ridiiñe',v,EJG;JLC;ND;VP,vA:i,-d.iinye
diinye-2,jzd,ridiiñè',v,EJG;JLC;ND;VP,vA:i,-d.iinye*
diinyebyaani,jzd,ridiiñè' biaani',v,RLC,vA:i,-d.iinye* # b.y.aani
diinyentaa,jzd,ridiiñè'ntaa,v,JLC;RLC,vA:i,-d.iinye*=ntaa
diinyeyu,jzd,ridiiñè'yu,v,RLC,vA:i,-d.iinye*=yu
du7ba,jzd,ridu'ba',v,EJG;JLC;ND;VP,vA~B:i,-d.u7ba
du7bayu,jzd,ridu'ba'yu,v,EJG;RLC;VP,vA:i,-d.u7ba=yu
duunye,jzd,riduuñe',v,EJG;JLC;RLC;VP,vA:i,-d.uunye
duunye-2,jzd,riduuñè',v,EJG;JLC;ND;VP,vA:i,-d.uunye*
dye,jzd,ridie,v,JLC,vA:i,-d.ye
da,jzd,ridà,v,EJG;JLC;ND;VP,vA:i,-da*
daa,jzd,ridaa,v,EJG;JLC;ND;RGL;RLC;VP,vA:i,-daa
daabindaanilaya,jzd,ridaa bi ndaani' laya,v,RLC,vA:i,-daa # bi ndaani laya
daadyaga,jzd,ridaa diaga,v,EJG;RLC;VC,vA:i,-daa # dyaga
daanyee,jzd,ridaa ñee,v,RLC,vA:i,-daa # nyee
daazha7na,jzd,ridaa xa'na',v,EJG;RLC,vA:i,-daa # zha7na
daazhii,jzd,ridaa xii,v,EJG;VC,vA:i,-daa # zhii
daabi-2,jzd,ridaabì',v,EJG;JLC;ND;RGL;RLC;VP,vA:i,-daabi*
daadxi,jzd,ridaadxi',v,JLC,vA:i,-daadxi
dachi,jzd,ridachì,v,EJG;JLC;ND;VP,vA:i vers,-dachi*
dallexpidxichi,jzd,ridalèxpidxichi,v,JLC;RLC,vA:i,-dalle*=x-pi-dxichi
dapa,jzd,ridapa,v,JLC,vA:i vers,-dapa
de,jzd,ride,v,EJG;RLC,vA:i vers,-de
deendela7dxi,jzd,rideende'la'dxi',v,EJG;RGL,vA:i,-deende=la7dxi
di7di,jzd,ridi'di',v,EJG;JLC;ND;RGL;VP,vC:i,-di7di
di7dixkaapalu,jzd,ridi'di' xcaàpà' lu,v,EJG;RLC,vC:i,-di7di x.kaa*pa* lu
di7dibi,jzd,ridi'di'bi,v,EJG;VC,vC:i,-di7di=bi
di7didxi,jzd,ridi'di'dxi,v,EJG;RLC,vC:i,-di7di=dxi
di7didxi-2,jzd,ridi'di'dxì,v,EJG;RLC,vC:i,-di7di=dxi*
di7dilaaga,jzd,ridi'di'laaga',v,EJG;JLC;RGL;RLC;VP,vC:i,-di7di=laaga
di7dilu,jzd,ridi'di'lu,v,EJG;JLC;ND,vC:t,-di7di=lu
di7dina7,jzd,ridi'di'nà',v,EJG;ND;RLC,vC:i,-di7di=na*7
di7dindaani,jzd,ridi'di'ndaani',v,EJG,vC:i,-di7di=ndaani
di7disu,jzd,ridi'di'su,v,EJG,vC:i,-di7di=su
di7dixi,jzd,ridi'di'xhi,v,RLC,vC:i,-di7di=xi
di7diya,jzd,ridi'di'ya,v,EJG;RLC,vC:i,-di7di=ya
di7dizhiinyi,jzd,ridi'di'xiiñi',v,EJG;ND;RLC,vC:i,-di7di=zhiinyi
didi,jzd,rididì,v,JLC,vA:i vers,-didi*
dinde,jzd,ridindè,v,EJG;JLC;RGL;RLC;VP,vC:i,-dinde*
dindebeewunegubidxa,jzd,ridindè beeù' nè gubidxa,v,RLC,vC:i,-dinde* beewu* ne* gu-bidxa
dindediidxa,jzd,ridindèdiidxa',v,RGL;RLC;VP,vC:i,-dinde*=diidxa
dindegubidxa,jzd,ridindègubidxa,v,RLC,vC:i,-dinde*=gu-bidxa
dindene,jzd,ridindènè,v,EJG;JLC;RGL;RLC;VP,vC:t,-dinde*=ne*
dipa,jzd,ridipa,v,JLC;ND;RGL,vA:i,-dipa
do7,jzd,rido',v,EJG;JLC;ND;VP,vA:i vers,-do7
do7la7dxi,jzd,rido'la'dxi',v,EJG;RGL,vA:i vers,-do7=la7dxi
doo,jzd,ridoo,v,EJG;ND;VP,vA:i,-doo
dopa,jzd,ridopà,v,EJG;JLC;ND;RGL;RLC;VP,vA:i,-dopa*
dopalu,jzd,ridopàlu,v,EJG;JLC;ND;VP,vA:i,-dopa*=lu
dopazisi,jzd,ridopàzisi,v,EJG;RLC,vA:i,-dopa*=zisi
dubi,jzd,ridubi,v,EJG;JLC;ND;VP,vA:i,-dubi
duuba,jzd,riduuba',v,EJG;JLC;ND;RGL;VP,vA:i,-duuba
duuna,jzd,riduunà',v,EJG;JLC;ND;RGL;RLC,vA:i,-duuna*
duunadxiibi,jzd,riduunà' dxiìbì',v,EJG;RGL;RLC;VP,vA:t,-duuna* # dxii*bi*
duunandanu,jzd,riduunà' ndànu,v,ND,vA:i,-duuna* nda* +nu*
duunaxii,jzd,riduunà'xhiì,v,EJG;ND;RLC,vA:i,-duuna*=xii*
duxu,jzd,riduxhu,v,EJG;JLC;ND;RGL;VP,vA:i,-duxu
duxu-2,jzd,riduxhù,v,EJG;JLC;ND;RGL;VP,vA:i,-duxu*
dxa,jzd,ridxa,v,EJG;JLC;ND;RGL;VP,vA:i,-dxa
dxabi,jzd,ridxa bi,v,EJG;RLC,vA:i,-dxa # bi
dxabumbu,jzd,ridxa bumbù,v,EJG,vA:i,-dxa # bumbu*
dxagi,jzd,ridxa gui,v,EJG;JLC;VP,vA:i,-dxa # gi
dxandaani,jzd,ridxandaani',v,EJG;RLC,vA:i,-dxa=ndaani
dxatipa,jzd,ridxatipa,v,EJG,vA:i,-dxa=tipa
dxaa,jzd,ridxaa,v,EJG;JLC;ND;VP,vA:i,-dxaa
dxaa-2,jzd,ridxaà,v,EJG;ND;VP,vA:i vers,-dxaa*
dxaaga,jzd,ridxaagà',v,EJG;JLC;ND;VP,vA:t,-dxaaga*
dxaagabenda,jzd,ridxaagà' benda,v,EJG;VC,vA:i,-dxaaga* # benda
dxaaganiza,jzd,ridxaagà' niza,v,EJG;VC,vA:i,-dxaaga* # niza
dxaagalu,jzd,ridxaagà'lu,v,EJG;JLC;ND;RLC;VP,vA:i,-dxaaga*=lu
dxaawi,jzd,ridxaahui',v,EJG;JLC;RGL;VP,vA:i,-dxaawi
dxaba7,jzd,ridxabá',v,JLC,vA:i vers,-dxaba!7
dxaga,jzd,ridxaga,v,EJG;JLC;ND;RLC;VP,vA:i,-dxaga
dxagadxe7,jzd,ridxagadxe',v,EJG;ND,vA:i,-dxaga=dxe7
dxagakinde,jzd,ridxagaquìndè,v,EJG;RGL;RLC,vA:i,-dxaga=ki*nde*
dxaganesa,jzd,ridxaganèsà,v,EJG;RLC,vA:i,-dxaga=ne*sa*
dxagaxkaanda,jzd,ridxagaxcaanda',v,EJG;JLC;RLC;VP,vA:i,-dxaga=x.kaanda
dxagaxuuna,jzd,ridxagaxhuùnà',v,EJG;ND;RLC,vA:i,-dxaga=xuu*na*
dxagayaa,jzd,ridxagayaa,v,EJG;JLC;ND;VP,vA:i,-dxaga=yaa
dxe,jzd,ridxe,v,EJG;ND;RGL;RLC;VP,vA:i vers,-dxe
dxe7,jzd,ridxe',v,JLC;ND,vA:i vers,-dxe7
dxeike,jzd,ridxeique,v,EJG;ND;RLC;VP,vA:i vers,-dxe=ike
dxelu,jzd,ridxelu,v,EJG;ND;RLC,vA:i vers,-dxe=lu
dxezha7na,jzd,ridxexa'na',v,EJG;ND;RLC,vA:i vers,-dxe=zha7na
dxela,jzd,ridxela,v,EJG;RLC;VP,vA~B:t,-dxela
dxelasaa,jzd,ridxelasaa,v,EJG;RLC;VP,vA:a,-dxela=saa
dxi,jzd,ridxi,v,EJG;ND;VC;VP,vA:i,-dxi
dxilayu,jzd,ridxi layu,v,RLC;VC,vA:i,-dxi la=yu
dxi7ba,jzd,ridxi'ba',v,EJG;JLC;ND;RGL;RLC;VP,vA:t,-dxi7ba
dxibi,jzd,ridxibi,v,EJG;JLC;ND;RGL;RLC;VP,vA:a,-dxibi
dxiga7,jzd,ridxigá',v,RLC,vA:t,-dxiga!7
dxii,jzd,ridxii,v,EJG;JLC;ND;VP,vA:t,-dxii
dxiilayu,jzd,ridxii layu,v,EJG;ND;RLC,vA:i,-dxii la=yu
dxii-2,jzd,ridxiì,v,JLC;ND,vA:t,-dxii*
dxiibi,jzd,ridxiibi',v,EJG;JLC;RLC;VP,vA:i vers,-dxiibi
dxiichi,jzd,ridxiichì',v,EJG;JLC;ND;RGL;RLC;VP,vA:i,-dxiichi*
dxiichila7dxi,jzd,ridxiichì'la'dxi',v,EJG;RLC,vA:i,-dxiichi*=la7dxi
dxiinyaxpakaanda,jzd,ridxiiña' xpacaanda',v,VC,vA:i,-dxiinya # x.pa-kaanda
dxiinyala7dxi,jzd,ridxiiña'la'dxi',v,EJG;JLC;ND;VC;VP,vA~B:i,-dxiinya=la7dxi
dxinya,jzd,ridxiña,v,EJG;JLC;ND;RGL;VP,vA:i,-dxinya
dxunu,jzd,ridxunu,v,EJG;JLC;ND;VP,vA:i,-dxunu
dxuuninisa,jzd,ridxuuni' nisa,v,EJG,vA:i,-dxuuni # nisa
dxuuni1,jzd,ridxuuni',v,EJG;JLC;ND;RGL;RLC;VP,vA:i,-dxuuni
dxuuni2,jzd,ridxuuni',v,EJG;JLC;ND;RGL;RLC;VP,vA:i,-dxuuni
dxuunidxa7cha,jzd,ridxuuni'dxa'cha',v,EJG;RLC,vA:i,-dxuuni=dxa7cha
dxwi7,jzd,ridxui',v,EJG;JLC;ND;RGL;RLC;VP,vA:i,-dxwi7
dxyee,jzd,ridxiee,v,ND;RLC,vA:i,-dxyee
dye-2,jzd,ridie,v,EJG;JLC;ND;VP,vA~B:i,-dye
dyeni,jzd,ridieni,v,ND,vA:i,-dye +ni*
dyee,jzd,ridiee,v,EJG;JLC;ND;VP,vA:i vers,-dyee
e7,jzd,re',v,EJG;JLC;ND;RGL;RLC;VP,vC:t,-e7
e7xo7,jzd,re' xho',v,RLC,vC:t,-e7 # xo7
e7diti,jzd,re'di'ti,v,JLC;RLC,vC:t,-e7=diti
e7kaadxiga,jzd,re'caadxì'ga,v,ND;RGL;RLC,vC:t,-e7=kaadxi*=ga
e7lugu7,jzd,re'lugú',v,ND;RGL;RLC,vC:t,-e7=lugu!7
e7ne,jzd,rè'nè',v,ND,vC:t,-e7=ne*
e7taata,jzd,re'taata',v,EJG;RLC,vC:t,-e7=taata
e7waawa,jzd,re'huaahua',v,EJG;RLC,vC:t,-e7=waawa
e7zya7,jzd,re'zia',v,ND;RGL;RLC,vC:t,-e7=zya7
eeda,jzd,reedà',v,EJG;JLC;ND;RGL;RLC;RLL;VP,vA:i,-eeda*
eedananda,jzd,reedà' nandà,v,EJG;RLC,vA:i,-eeda* # n.anda*
eedaxxye7,jzd,reedà' xhie',v,EJG;ND,vA:i,-eeda* # x.xye7
eedarageela,jzd,reedà' ra gueela',v,VP,vA:i,-eeda* (ra) geela
eedasilu,jzd,reedà'sìlu,v,EJG;JLC;RGL;RLC;VP,vA:i,-eeda* +si*=lu
eedabii,jzd,reedà'bii,v,ND;RLC,vA:i,-eeda*=bii
eedadxinya,jzd,reedà'dxiña,v,RLC,vA:i,-eeda*=dxinya
eedala7dxi,jzd,reedà'la'dxi',v,JLC,vA:i,-eeda*=la7dxi
eedalu,jzd,reedà'lu,v,EJG;RLC,vA:i,-eeda*=lu
eedamalaya,jzd,reedà'malàya,v,JLC;RLC;VP,vA:i,-eeda*=mala*ya
eedanda,jzd,reedà'ndà,v,EJG;RLC;VP,vA:i,-eeda*=nda*
eedane,jzd,reedà'nè,v,ND;VP,vA:i,-eeda*=ne*
eedanu,jzd,reedà'nù,v,EJG;ND;VC,vA:i,-eeda*=nu*
eedatidxi,jzd,reedà'tìdxì,v,RLC,vA:i,-eeda*=ti*dxi*
eedaxpyaani,jzd,reedà'xpiaani',v,EJG;RLC,vA:i,-eeda*=x.p.y.aani
eedaxpeewu,jzd,reedà'xpeeù',v,EJG,vA:i,-eeda*=x.peewu*
eedaxyuuba,jzd,reedà'xhiuuba',v,EJG;ND,vA:i,-eeda*=x.yuuba
eedaxo7,jzd,reedà'xho',v,EJG;ND;RLC,vA:i,-eeda*=xo7
eedaza,jzd,reedà'zà,v,EJG;RLC,vA:i,-eeda*=za*
eedazhoo,jzd,reedà'xoo,v,EJG;RLC,vA:i,-eeda*=zhoo
ga7na,jzd,riga'na',v,EJG;JLC;ND;RGL;VP,vD(k>t):t,-g.a7na
gaa,jzd,rigaa [2],v,EJG;JLC;ND,vD(k>t):t,-g.aa
gaadyaga,jzd,rigaa diaga,v,RLC,vD(k>t):t,-g.aa # dyaga
gaabi,jzd,rigaabi',v,EJG;JLC;RGL;RLC;VP,vD(k>t):t,-g.aabi
gaabina7,jzd,rigaabi'nà',v,EJG;VC,vD(k>t):t,-g.aabi=na*7
gaanda,jzd,rigaanda',v,EJG;JLC;RGL;VP,vA:i,-g.aanda
gaanye,jzd,rigaañè',v,EJG;JLC;ND;VP,vD(k>t):t,-g.aanye*
gapa,jzd,rigapà,v,EJG;JLC;ND;RGL;VP,vD(k>t):t,-g.apa*
gapana7,jzd,rigapànà',v,JLC,vD(k>t):i,-g.apa*=na*7
gapaxxyaa,jzd,rigapàxhiaà,v,JLC,vD(k>t):i,-g.apa*=x.xyaa*
gapayu,jzd,rigapàyu,v,EJG;ND,vD(k>t):t,-g.apa*=yu
gapazha7na,jzd,rigapàxa'na',v,EJG;RLC,vD(k>t):i,-g.apa*=zha7na
gapi,jzd,rigapì,v,EJG;JLC;ND;RLC;VP,vD(k>t):t,-g.api*
gi7ba,jzd,rigui'ba',v,EJG;JLC;RGL;VP,vD(k>ch):i,-g.i7ba
gi7bamani7,jzd,rigui'ba' maní',v,JLC;RLC,vD(k>ch):i,-g.i7ba # mani!7
gi7batinanda,jzd,rigui'ba' ti nanda,v,JLC;RLC,vD(k>ch):i,-g.i7ba ti+ n.anda
gi7babiidxi,jzd,rigui'ba'biidxi',v,EJG;RLC,vD(k>ch):i,-g.i7ba=biidxi
gi7balu,jzd,rigui'ba'lu,v,RLC,vD(k>ch):i,-g.i7ba=lu
gi7basaka,jzd,rigui'ba'saca,v,JLC;RGL;RLC,vD(k>ch):i,-g.i7ba=saka
giba,jzd,riguibà,v,EJG;JLC;RGL;VP,vD(k>t):t,-g.iba*
gibi,jzd,riguibi,v,EJG;JLC;RGL;VP,vD(k>ch):t,-g.ibi
gibixxyaa,jzd,riguibi xhiaà,v,EJG;ND;RLC;VP,vD(k>ch):t,-g.ibi # x.xyaa*
gibilaga,jzd,riguibilaga,v,EJG;RLC,vD(k>ch):i,-g.ibi=laga
giche,jzd,riguiche,v,EJG;JLC;RGL;RLC;VP,vD(k>t):t,-g.iche
gicheberewiini,jzd,riguiche bere huiini',v,EJG;RLC,vD(k>t):t,-g.iche # bere wiini
gichebizaari7ni,jzd,riguiche bizaa ri'ni',v,EJG;RLC,vD(k>t):t,-g.iche # bi-zaa ri7ni
gichebiichi,jzd,riguiche biichì',v,EJG,vD(k>t):t,-g.iche # biichi*
gichebiitu,jzd,riguiche biitù',v,JLC;VC;VP,vD(k>t):t,-g.iche # biitu*
gichegeebegi,jzd,riguiche gueebe' gui,v,EJG;VC,vD(k>t):t,-g.iche # geebe gi
gichegeeregi,jzd,riguiche gueere'gui,v,EJG;JLC,vD(k>t):t,-g.iche # geere=gi
gichenisarwaa,jzd,riguiche nisa ruaa,v,EJG;RLC,vD(k>t):t,-g.iche # nisa rwaa
gicherwaa,jzd,riguiche ruaa,v,EJG;JLC;RLC,vD(k>t):t,-g.iche # rwaa
gichextuxugubidxa,jzd,riguiche xtuxhu gubidxa,v,RLC,vD(k>t):t,-g.iche # x.tuxu gu-bidxa
gicheyaalla,jzd,riguiche yaalà',v,EJG;RLC,vD(k>t):t,-g.iche # yaalla*
gicheyuuba,jzd,riguiche yuuba',v,EJG;RLC,vD(k>t):t,-g.iche # yuuba
giche-2,jzd,riguichè,v,EJG;JLC;ND;VP,vD(k>t):t,-g.iche*
gichebya7,jzd,riguichèbia',v,EJG;JLC;VP,vD(k>t):t,-g.iche*=bya7
gichekwinina7,jzd,riguichecuininà',v,RLC,vD(k>t):i,-g.iche=kwini=na*7
gichekwininyee,jzd,riguiche cuiniñee,v,RLC,vD(k>t):i,-g.iche=kwini=nyee
gichena7,jzd,riguichenà',v,EJG,vD(k>t):i,-g.iche=na*7
gichexki7,jzd,riguichexqui',v,EJG;JLC;RGL;RLC,vD(k>t):t,-g.iche=x.ki7
gichezhibi,jzd,riguichexibi,v,EJG;RLC,vD(k>t):i,-g.iche=zhibi
gichezhiinyi,jzd,riguichexiiñi',v,EJG;JLC;ND;RGL;VP,vD(k>t):i,-g.iche=zhiinyi
giibi,jzd,riguiibi',v,EJG;JLC;RGL;RLC;VP,vD(k>t):t,-g.iibi
giibizhuba7,jzd,riguiibi' xubá',v,JLC;RLC,vD(k>t):t,-g.iibi # zhuba!7
giichi,jzd,riguiichi',v,EJG;JLC;ND;RGL;VP,vA:i,-g.iichi
giide,jzd,riguiidè',v,EJG;JLC;RGL;VP,vD(k>ch):t,-g.iide*
giidxi,jzd,riguiidxì',v,EJG;JLC;VP,vD(k>t):t,-g.iidxi*
giidxina7,jzd,riguiidxì'nà',v,JLC;RGL,vD(k>t):i,-g.iidxi*=na*7
giinye,jzd,riguiiñe',v,EJG;JLC;ND;VP,vD(k>t):t,-g.iinye
giize,jzd,riguiize',v,EJG;JLC;RGL;VP,vD(k>t):t,-g.iize
ginde,jzd,riguinde,v,JLC;RGL;RLC,vD(k>t):i,-g.inde
ginye,jzd,riguiñè,v,EJG;JLC;ND;VP,vD(k>t):t,-g.inye*
ginyezhale7,jzd,riguiñè xale',v,JLC,vD(k>t):t,-g.inye* # zha+ le7
ginyelaga,jzd,riguiñèlaga,v,EJG;JLC;ND;RLC,vD(k>t):i,-g.inye*=laga
ginyena7,jzd,riguiñènà',v,JLC;RGL;VP,vD(k>t):t,-g.inye*=na*7
ginyentaa,jzd,riguiñèntaa,v,JLC;RLC;VP,vD(k>t):t,-g.inye*=ntaa
ginyenyee,jzd,riguiñèñee,v,RGL;RLC,vD(k>t):t,-g.inye*=nyee
ginyeyu,jzd,riguiñèyu,v,EJG;JLC;ND;VP,vD(k>t):t,-g.inye*=yu
ginyezhiinyi,jzd,riguiñèxiiñi',v,EJG;ND;RLC,vD(k>t):t,-g.inye*=zhiinyi
giru,jzd,riguiru,v,EJG;JLC;ND;RGL;VP,vD(k>ch):t,-g.iru
girudyaga,jzd,riguiru diaga,v,JLC,vD(k>ch):t,-g.iru # dyaga
gite,jzd,riguite,v,EJG;JLC;ND;RGL;RLC;VP,vD(k>ch):t,-g.ite
giteike,jzd,riguite ique,v,EJG;RLC,vD(k>ch):t,-g.ite # ike
giteuzulu,jzd,riguite (ru)zulu,v,EJG,vD(k>ch):t,-g.ite (-u-)zu-lu
gitebweltu,jzd,riguite buèltu,v,JLC;RGL,vD(k>ch):t,-g.ite bwe*ltu
gitekarrera,jzd,riguite carrèra,v,RLC,vD(k>ch):t,-g.ite karre*ra
gixe,jzd,riguixhe,v,EJG;JLC;ND;VP,vD(k>t):t,-g.ixe
gixedxi,jzd,riguixhe dxi,v,EJG,vD(k>t):t,-g.ixe # dxi
gixelu,jzd,riguixhe lu,v,EJG;ND;RGL;RLC,vD(k>t):t,-g.ixe # lu
gixexti7,jzd,riguixhe xtì',v,ND;RLC,vD(k>t):t,-g.ixe # x.ti*7
gixechaawi,jzd,riguixhechaahui',v,EJG;ND;RGL,vD(k>t):t,-g.ixe=chaawi
gixediinye,jzd,riguixhediiñe',v,EJG;VC,vD(k>t):t,-g.ixe=diinye
gixedxi-2,jzd,riguixhedxì,v,EJG;RLC,vD(k>t):t,-g.ixe=dxi*
gixegi,jzd,riguixhegui,v,EJG;ND,vD(k>t):t,-g.ixe=gi
gixeike,jzd,riguixheique,v,EJG;RLC,vD(k>t):t,-g.ixe=ike
gixekwe7,jzd,riguixhecue',v,EJG;ND;RLC,vD(k>t):t,-g.ixe=kwe7
gixena,jzd,riguixhena,v,EJG;JLC;ND;RLC;VP,vD(k>t):t,-g.ixe=na
gixerilu,jzd,riguixherilu,v,EJG;JLC;ND;RGL,vD(k>t):t,-g.ixe=ri+ lu
gixesa,jzd,riguixhesa,v,EJG;ND,vD(k>t):t,-g.ixe=sa
gixexti,jzd,riguixhexti,v,EJG;RLC,vD(k>t):t,-g.ixe=x.ti
gizhe,jzd,riguixe,v,EJG;JLC;RLC;VP,vD(k>t):t,-g.izhe
gizhechaawiga,jzd,riguixe chaahui' ga,v,JLC;RLC,vD(k>t):t,-g.izhe # chaawi ga
gu7ba,jzd,rigu'ba',v,EJG;JLC;VP,vD(k>t):t,-g.u7ba
gu7babi,jzd,rigu'ba' bi,v,EJG;JLC;RLC;VP,vD(k>t):t,-g.u7ba # bi
gu7bageza,jzd,rigu'ba' gueza,v,EJG;RLC,vD(k>t):t,-g.u7ba # geza
gu7bagizhi,jzd,rigu'ba' guixi,v,EJG;RLC,vD(k>t):t,-g.u7ba # gizhi
gu7barwaa,jzd,rigu'ba' ruaa,v,JLC,vD(k>t):t,-g.u7ba # rwaa
gu7bayuze,jzd,rigu'ba' yùzè,v,JLC;RLC,vD(k>t):t,-g.u7ba # yu*ze*
gu7bana7,jzd,rigu'ba'nà',v,EJG;RLC,vD(k>t):t,-g.u7ba=na*7
gu7bandaani,jzd,rigu'ba'ndaani',v,EJG;JLC;ND;RLC;VC,vD(k>t):t,-g.u7ba=ndaani
gu7banyee,jzd,rigu'ba'ñee,v,EJG;ND;RLC,vD(k>t):i,-g.u7ba=nyee
gu7barwaa-2,jzd,rigu'ba'ruaa,v,JLC;RLC,vD(k>t):t,-g.u7ba=rwaa
gu7bayu,jzd,rigu'ba'yu,v,JLC;VP,vD(k>t):t,-g.u7ba=yu
gu7bazhii,jzd,rigu'ba'xii,v,JLC;RLC,vD(k>t):t,-g.u7ba=zhii
guu,jzd,riguu,v,EJG;JLC;ND;RLC;VP,vD(k>l):t,-g.uu
guubyaani,jzd,riguu biaani',v,EJG;RLC,vD(k>l):t,-g.uu # b.y.aani
guubikwini,jzd,riguu bicuini,v,RLC,vD(k>l):t,-g.uu # bi-kwini
guubini,jzd,riguu bini,v,EJG;JLC;VP,vD(k>l):t,-g.uu # bi-ni
guudi,jzd,riguu dì,v,EJG;JLC;ND;VP,vD(k>l):t,-g.uu # di*
guudiidxa,jzd,riguu diidxa',v,EJG;JLC,vD(k>l):t,-g.uu # diidxa
guudxiibi,jzd,riguu dxiìbì',v,EJG,vD(k>l):t,-g.uu # dxii*bi*
guudxinya,jzd,riguu dxiña,v,EJG;ND,vD(k>l):t,-g.uu # dxinya
guudxinyarwaa,jzd,riguu dxiña ruaa,v,EJG;ND;VC,vD(k>l):t,-g.uu # dxinya rwaa
guufluuchi,jzd,riguu fluùchì',v,EJG;JLC;RLC;VP,vD(k>l):t,-g.uu # fluu*chi*
guugendazi7,jzd,riguu guendazì',v,JLC;RLC,vD(k>l):t,-g.uu # genda+ zi*7
guugeta,jzd,riguu gueta,v,JLC,vD(k>l):t,-g.uu # geta
guugidi,jzd,riguu guidi,v,EJG;RLC,vD(k>l):t,-g.uu # gidi
guugizhi,jzd,riguu guixi,v,JLC;RLC,vD(k>l):t,-g.uu # gizhi
guuguna,jzd,riguu guna,v,EJG;JLC;RLC,vD(k>l):t,-g.uu # guna
guujacha,jzd,riguu jàcha,v,JLC,vD(k>l):t,-g.uu # ja*cha
guule7,jzd,riguu le',v,EJG;ND;RLC,vD(k>l):t,-g.uu # le7
guulibana,jzd,riguu libanà,v,EJG;JLC;ND;RLC,vD(k>l):t,-g.uu # li-bana*
guundaaya,jzd,riguu ndaaya',v,EJG;JLC;RLC;VP,vD(k>l):t,-g.uu # ndaaya
guunduyu,jzd,riguu ndùyù,v,EJG;RLC,vD(k>l):t,-g.uu # ndu*yu*
guuneza,jzd,riguu neza,v,EJG;RLC,vD(k>l):t,-g.uu # neza
guuxkwagu,jzd,riguu xcuàgù,v,EJG,vD(k>l):t,-g.uu # x.kwa*gu*
guuxpyaani,jzd,riguu xpiaani',v,EJG;RLC,vD(k>l):t,-g.uu # x.p.y.aani
guuxpinni,jzd,riguu xpinnì,v,EJG;RLC,vD(k>l):t,-g.uu # x.pinni*
guuza,jzd,riguu za,v,EJG;RLC,vD(k>l):t,-g.uu # za
guuzhabu,jzd,riguu xabú,v,JLC,vD(k>l):t,-g.uu # zha-bu!
guuzhizaa,jzd,riguu xizaa,v,EJG;JLC;RLC;VP,vD(k>l):t,-g.uu # zhi+ zaa
guuzhidxaa,jzd,riguu xidxaà,v,JLC,vD(k>l):t,-g.uu # zhi-dxaa*
guuzhuubi,jzd,riguu xuùbì',v,JLC;RLC,vD(k>l):t,-g.uu # zhuu*bi*
guuzidi,jzd,riguu zidi,v,EJG,vD(k>l):t,-g.uu # zidi
guuchaawiduga,jzd,riguu chaahui' (du)(ga),v,EJG;JLC;RLC;VP,vD(k>l):t,-g.uu chaawi (du)(-ga)
guudejma,jzd,riguu de jmá,v,JLC;RLC,vD(k>l):t,-g.uu de+ jma!
guubyeke,jzd,riguubieque,v,EJG;JLC;RLC;VP,vD(k>l):t,-g.uu=b.y.eke
guubada,jzd,riguubàda,v,EJG;ND;VC,vD(k>l):t,-g.uu=ba*da
guubeedxe,jzd,riguubeedxe',v,EJG;JLC;ND;RLC;VP,vD(k>l):i,-g.uu=beedxe
guubi,jzd,riguubi,v,EJG;JLC;RLC,vD(k>l):t,-g.uu=bi
guubizaa,jzd,riguubizaa,v,EJG;RLC,vD(k>l):t,-g.uu=bi-zaa
guubya7,jzd,riguubia',v,EJG;JLC;ND;VP,vD(k>l):t,-g.uu=bya7
guudeche,jzd,riguudeche,v,JLC,vD(k>l):i,-g.uu=deche
guudutu,jzd,riguudutu,v,EJG;RLC,vD(k>l):t,-g.uu=dutu
guuginya,jzd,riguuguiña,v,RLC,vD(k>l):t,-g.uu=ginya
guuguna-2,jzd,riguuguna,v,EJG;VC,vD(k>l):t,-g.uu=guna
guuike,jzd,riguuique,v,VC,vD(k>l):i,-g.uu=ike
guule,jzd,riguulè,v,EJG;ND;VC,vD(k>l):i,-g.uu=le*
guuliibi,jzd,riguuliìbì',v,EJG;JLC;ND;RLC;VP,vD(k>l):i,-g.uu=lii*bi*
guulu,jzd,riguulu,v,EJG,vD(k>l):i,-g.uu=lu
guuna7,jzd,riguunà',v,EJG;RLC,vD(k>l):t,-g.uu=na*7
guunebini,jzd,riguunè bini,v,EJG,vD(k>l):t,-g.uu=ne* # bi-ni
guunisa,jzd,riguunisa,v,EJG;JLC;RGL;RLC;VP,vD(k>l):t,-g.uu=nisa
guunyee,jzd,riguuñee,v,EJG;JLC;ND;VP,vD(k>l):a,-g.uu=nyee
guurruuchi,jzd,riguurruùchì',v,EJG;JLC;VC,vD(k>l):t,-g.uu=rruu*chi*
guurwaa,jzd,riguuruaa,v,EJG;RLC,vD(k>l):i,-g.uu=rwaa
guutaata,jzd,riguutaata',v,EJG,vD(k>l):t,-g.uu=taata
guuxkachu,jzd,riguuxcàchu,v,JLC;VC,vD(k>l):t,-g.uu=x.ka*chu
guuxkiichi,jzd,riguuxquiichì',v,EJG,vD(k>l):i,-g.uu=x.kiichi*
guuxiiwi,jzd,riguuxhiihui',v,EJG;ND;RLC,vD(k>l):t,-g.uu=xiiwi
guuya,jzd,riguuya,v,EJG;JLC;RLC,vD(k>l):t,-g.uu=ya
guuzhaike,jzd,riguuxaique,v,JLC;VP,vD(k>l):t,-g.uu=zha+ ike
guunye,jzd,riguuñe',v,EJG;JLC;ND;VP,vA:i,-g.uunye
guunye-2,jzd,riguuñè',v,EJG;JLC;ND;RGL;RLC;VP,vD(k>t):t,-g.uunye*
guza,jzd,riguza,v,EJG;JLC;ND;RLC;VP,vD(k>l):t,-g.uza
gye,jzd,riguie,v,EJG;JLC;RGL;VP,vD(k>t):t,-g.ye
gyeyanni,jzd,riguie yanni,v,RLC,vD(k>t):t,-g.ye # yanni
ga,jzd,riga,v,EJG;JLC;RGL;VP,vA:i,-ga
gagichaike,jzd,riga (guicha) ique,v,EJG;RLC,vA:i,-ga (gicha) ike
ga7,jzd,riga',v,JLC;ND;RLC;VP,vA:i vers,-ga7
gaa-2,jzd,rigaa [1],v,EJG;JLC;ND;RGL;VP,vA:t vers,-gaa
gaa-3,jzd,rigaà,v,EJG;JLC;VP,vA:i,-gaa*
gaache,jzd,rigaachè',v,EJG;JLC;RGL;VP,vA:i,-gaache*
gaachexxita,jzd,rigaachè' xhita,v,JLC,vA:i,-gaache* x.xita
gaachi,jzd,rigaachi',v,EJG;JLC;ND;VP,vA:i,-gaachi
gaba7,jzd,rigabá',v,EJG;JLC;VP,vA:i vers,-gaba!7
gaba7ne,jzd,rigabá'nè,v,JLC;RLC,vA:i vers,-gaba!7=ne*
gani,jzd,riganì,v,EJG;JLC;RGL;RLC;VP,vA:i,-gani*
ganna,jzd,riganna,v,JLC,vA:i,-ganna
geenda,jzd,rigueèndà',v,JLC;RLC,vA:i vers,-gee*nda*
gidxa,jzd,riguìdxa,v,EJG;RLC,vA:i vers,-gi*dxa
gidxi,jzd,riguidxì,v,JLC;ND;RGL,vA:i vers,-gidxi*
gii,jzd,riguiì,v,EJG;VP,vA:i,-gii*
giidi,jzd,riguiidi',v,EJG;JLC;RGL;VP,vA:i,-giidi
gixeta7,jzd,riguixheta',v,EJG;ND;RLC,vD(k>t):t,-gixe=ta7
gola,jzd,rigòla,v,EJG;JLC;ND,vA:i vers,-go*la
guchi,jzd,riguchi,v,EJG;JLC;RLC;VP,vA:i vers,-guchi
guude,jzd,riguudè',v,EJG;JLC;ND;RLC;VP,vA:i,-guude*
guudxi,jzd,riguudxì',v,ND;RGL;VP,vA:i vers,-guudxi*
guundu,jzd,riguundu',v,EJG;JLC;ND;RLC;VP,vA:i,-guundu
gwi,jzd,rigüi,v,JLC;RLC,vA:i vers,-gwi
i7,jzd,rì',v,EJG;VC,vC:i,-i*7
kiinye,jzd,riquiiñe',v,EJG;JLC;ND;RGL;VP,vA:a,-k.iinye
ka-2,jzd,rica,v,EJG;JLC;ND;VP,vBirr:i,-ka
kabe,jzd,rica be,v,EJG;JLC;RLC;VC,vBirr:i,-ka # be
kabi,jzd,rica  bi,v,EJG;JLC;RGL;RLC;VP,vBirr:i,-ka # bi
kabixiidi,jzd,rica bixhiidi',v,EJG;ND;RGL,vBirr:i,-ka # bi-xiidi
kabi7xu,jzd,rica bi'xhu',v,EJG;RLC,vBirr:i,-ka # bi7xu
kala7dxido7,jzd,rica la'dxi'do',v,EJG;JLC;VP,vBirr:i,-ka # la7dxi=do7
kalugiiba,jzd,rica lu guiiba',v,JLC;RLC,vBirr:i,-ka # lu giiba
kanezaike,jzd,rica neza ique,v,RLC,vBirr:i,-ka # neza ike
kapuntal,jzd,rica puntál,v,RGL;RLC,vBirr:i,-ka # pu-nta!l
karidxi,jzd,rica ridxi,v,JLC;RLC,vBirr:i,-ka # r.idxi
kaxtwi,jzd,rica xtui,v,RLC,vBirr:i,-ka # x.twi
kayuubayaa,jzd,rica yuuba' yaa,v,RLC,vBirr:i,-ka # yuuba yaa
kabelu,jzd,ricabe lu,v,RLC,vBirr:i,-ka be # lu
karayu,jzd,rica ràyu,v,JLC,vBirr:i,-ka ra*yu
kazhibeewu,jzd,rica xì beeù',v,EJG;RLC,vBirr:i,-ka zhi* beewu*
kazhuba7,jzd,rica xubá',v,JLC,vBirr:i,-ka zhuba!7
kabyeke,jzd,ricabieque,v,EJG;JLC;VP,vBirr:i,-ka=b.y.eke
kabakaanda,jzd,ricabacaanda',v,JLC,vBirr:i,-ka=ba-kaanda
kagi,jzd,ricagui,v,EJG;JLC;RGL;RLC;VP,vBirr:i,-ka=gi
kagye7,jzd,ricaguie',v,EJG;VP,vBirr:i,-ka=gye7
kaike,jzd,ricaique,v,EJG;JLC,vBirr:i,-ka=ike
kalu,jzd,ricalu,v,EJG;JLC;VP,vBirr:i,-ka=lu
kana7,jzd,ricanà',v,EJG;JLC;RLC;VC;VP,vBirr:i,-ka=na*7
kanu,jzd,ricanù,v,EJG;JLC,vBirr:t,-ka=nu*
kayu,jzd,ricayu,v,JLC;RLC,vBirr:i,-ka=yu
kaa,jzd,ricaà,v,EJG;JLC;ND;RGL;RLC;VP,vBirr:t,-kaa*
kaanaaze,jzd,ricaà rinaaze',v,EJG;VC,"vBirr, lf",-kaa* # -n.aaze
kaadyuzhi,jzd,ricaà Dyú'xi,v,JLC;RLC,vBirr:t,-kaa* # Dyu!zhi
kaabi,jzd,ricaà bi,v,EJG;JLC;RGL;RLC;VP,vBirr:t,-kaa* # bi
kaajnizhe,jzd,ricaà xnìxè,v,JLC;RLC,vBirr:t,-kaa* # j.ni*zhe*
kaanezaike,jzd,ricaà neza ique,v,VC,vBirr,-kaa* # neza ike
kaasaa,jzd,ricaà saa,v,EJG;JLC;RLC;VP,vBirr,-kaa* # saa
kaaxtiidxa,jzd,ricaà xtiidxa',v,EJG,vBirr:t,-kaa* # x.tiidxa
kaaxxeela,jzd,ricaà xheela',v,EJG;RLC,vBirr:t,-kaa* # x.xeela
kaazhibeewu,jzd,ricaà xi beeù',v,ND;VC,"vBirr, lf",-kaa* zhi beewu*
kaala7dxi,jzd,ricaàla'dxi',v,EJG;JLC;ND;RLC;VP,vBirr:i,-kaa*=la7dxi
kaala7dxido7,jzd,ricaàla'dxi'do',v,RLC,vBirr:t,-kaa*=la7dxi=do7
kaaxku,jzd,ricaàxcu,v,JLC;RLC,vBirr:i,-kaa*=x.ku
kaayu,jzd,ricaàyu,v,EJG;JLC;RLC;VP,vBirr,-kaa*=yu
kabi-2,jzd,ricabì,v,EJG;ND;RGL;RLC;VP,vA:t,-kabi*
kabirwaa,jzd,ricabìruaa,v,EJG;RLC,vA:t,-kabi*=rwaa
kawi,jzd,ricahuì,v,EJG;JLC;ND;VP,vA:i vers,-kawi*
kawidyaga,jzd,ricahuì diaga,v,EJG,vA:i vers,-kawi* dyaga
kichi,jzd,riquichi,v,EJG;JLC;VP,vA:i,-kichi
kiite,jzd,riquiitè',v,EJG,vA:i,-kiite*
kiitela7dxi,jzd,riquiitè'la'dxi',v,EJG;JLC;VP,vA:i,-kiite*=la7dxi
kooko,jzd,ricooco,v,JLC,vA:i vers,-kooko
kuuxu,jzd,ricuuxhu',v,EJG;JLC;ND;VP,vA:i vers,-kuuxu
kwaatadyaga,jzd,ricuaata' diaga,v,EJG;JLC;ND;RLC;VP,vA:i vers,-kwaata # dyaga
kwanda,jzd,ricuandà,v,EJG;RGL;VP,vA:i vers,-kwanda*
kwexke,jzd,ricuexhquè,v,EJG;JLC,vA:i vers,-kwexke*
laa,jzd,rilaà,v,EJG;JLC;ND;RLC;VP,vB:i,-l.aa*
laawa,jzd,rilaahuà',v,EJG;RGL;VP,vA:i,-l.aawa*
ladi7,jzd,riladí',v,EJG;JLC;VP,vA~B:i,-l.adi!7
lase,jzd,rilase,v,EJG;JLC;RLC;VP,vA:i,-l.ase
lasela7dxi,jzd,rilase la'dxi',v,EJG;JLC;VC;VP,vA:i,-l.ase # la7dxi
liibi,jzd,riliibì',v,EJG;JLC;ND;RGL;RLC;VP,vA:i,-l.iibi*
luunye,jzd,riluuñè',v,EJG;ND,vA:i,-l.uunye*
luuza,jzd,riluuzà',v,EJG;JLC;ND;RLC;VP,vA:i,-l.uuza*
la,jzd,rila,v,EJG;JLC;ND;VP,vA:i,-la
la-2,jzd,rilà,v,EJG;JLC;ND;VP,vB:t vers,-la*
labi,jzd,rilàbi,v,EJG;RLC,vB:i vers,-la* bi
lagu,jzd,rilà gu,v,,vB:t vers,-la* gu
lasaa,jzd,rilàsaa,v,EJG;RLC,vB:t,-la*=saa
lazhoo,jzd,rilàxoo,v,EJG;JLC;RGL;RLC,vB:t,-la*=zhoo
la7sa,jzd,rila'sa',v,EJG;RLC,vA:i vers,-la7sa
laa-2,jzd,rilaa,v,EJG;ND;RLC;VP,vA:i,-laa
laagendaxxeela,jzd,rilaà guendaxheela',v,EJG,vB:i,-laa* # genda+ x.xeela
laaneza,jzd,rilaà neza,v,EJG,vB:i,-laa* # neza
laanezaike,jzd,rilaà neza ique,v,EJG;RLC,vB:i,-laa* # neza ike
laarwaa,jzd,rilaà ruaa,v,JLC;RLC,vB:i,-laa* # rwaa
laayanni,jzd,rilaà yanni,v,JLC;RLC,vB:i,-laa* # yanni
laasaa,jzd,rilaàsaa,v,RLC;VP,vB:i,-laa*=saa
laaxkesa,jzd,rilaàxquesa,v,RGL,vB:i,-laa*=x.kesa
laadxi,jzd,rilaadxi',v,JLC,vB:i,-laadxi
ladxi,jzd,riladxì,v,EJG;JLC;ND;RLC;VP,vB:t,-ladxi*
laga,jzd,rilaga,v,EJG;VP,vA:i,-laga
late,jzd,rilate,v,EJG;JLC;ND;RLC;VC;VP,vA~B:i,-late
loka,jzd,rilòca,v,RGL;RLC,vA:i vers,-lo*ka
loko,jzd,rilòco,v,RLC,vA:i vers,-lo*ko
lollo,jzd,rilolò,v,VC,vA:i vers,-lollo*
lote,jzd,rilotè,v,RLC,vA:i,-lote*
lugu7,jzd,rilugú',v,EJG,vA:i vers,-lugu!7
luuba,jzd,riluuba',v,EJG;JLC;ND;RGL;RLC;VP,vA:i,-luuba
luzhe,jzd,riluxe,v,EJG;ND;RGL;RLC;VP,vA:i,-luzhe
lwi7,jzd,rilui',v,EJG;JLC;ND;RLC,vA:i,-lwi7
lwi7la7dxi,jzd,rilui'la'dxi',v,RLC,vA:t,-lwi7=la7dxi
lya,jzd,rilia,v,EJG;ND,vA:t,-lya
ma7,jzd,rimá',v,VC,vA:i vers,-ma!7
mbiixku,jzd,rimbiìxhcù',v,EJG;ND;VC,vA:i,-mbii*xku*
mboota,jzd,rimboòtà',v,EJG;RLC,vA:i vers,-mboo*ta*
mboolo,jzd,rimboolo',v,EJG;JLC;ND;VP,vA:i vers,-mboolo
miizi,jzd,rimiìzì',v,JLC;ND;VP,vA:i vers,-mii*zi*
mudu,jzd,rimùdu,v,EJG,vA:i vers,-mu*du
muku,jzd,rimùcu,v,VP,vA:i vers,-mu*ku
naaze,jzd,rinaaze',v,RGL;RLC;VC;VP,vB:t,-n.aaze
niibi,jzd,riniibì',v,EJG;JLC;ND;RGL;VP,vA:i,-n.iibi*
na,jzd,rina,v,EJG;JLC;ND;VP,vB:i,-na
na-2,jzd,rinà,v,EJG;JLC;ND;RLC;VC;VP,vA~B:i,-na*
nadxi7chi,jzd,rinàdxi'chi',v,EJG;RLC,vA~B:i,-na*=dxi7chi
nadxindxi,jzd,rinàdxindxì,v,EJG,vA~B:i,-na*=dxindxi*
naa,jzd,rinaà,v,EJG;JLC;ND;VP,vA~B:i vers,-naa*
naala7dxi,jzd,rinaàla'dxi',v,EJG,vA~B:i,-naa*=la7dxi
naadi,jzd,rinaadi',v,JLC;RLC;VC,vA:i vers,-naadi
naande,jzd,rinaande',v,JLC,vA:i vers,-naande
naazebenda,jzd,rinaaze' benda,v,JLC;VP,vB:t,-naaze # benda
naazena7,jzd,rinaaze' nà',v,RLC,vB:t,-naaze # na*7
naaze-2,jzd,rinaazè',v,EJG;JLC;RGL;RLC;VP,vB:t,-naaze*
naazeba7du,jzd,rinaazè' ba'du',v,EJG;JLC,vB:t,-naaze* # ba7du
naba7,jzd,rinabá',v,EJG;JLC;ND;VP,vB:t,-naba!7
naba7gyuba,jzd,rinabá' guiúba,v,JLC;RLC,vB:t,-naba!7 # g.yu!ba
naba7ludyuzhi,jzd,rinabá' ludiúxi,v,EJG;JLC;RLC,vB:t,-naba!7 # lu=dyu!zhi
naba7diidxa,jzd,rinabá'diidxa',v,EJG;JLC;VP,vB:t,-naba!7=diidxa
nana,jzd,rinanà,v,EJG;JLC;ND;VP,vA:i vers,-nana*
ndaa,jzd,rindaà,v,EJG;JLC;ND;RGL;RLC;VP,vB:caus,-nd.aa*
ndadi7,jzd,rindadí',v,EJG;JLC;ND;VP,vB:caus,-nd.adi!7
ndase,jzd,rindase,v,EJG,vA:i vers,-nd.ase
ndete7,jzd,rindeté',v,EJG;JLC;ND;RGL;RLC;VP,vB:t,-nd.ete!7
ndete7lulari,jzd,rindeté' lu lari,v,RLC,vB:t,-nd.ete!7 # lu lari
nda7,jzd,rindá',v,EJG;JLC;ND;RLC;VP,vA:i vers,-nda!7
nda7-2,jzd,rindà',v,EJG;VP,vA:i vers,-nda*7
nda7-3,jzd,rinda',v,EJG;JLC;ND;VP,vA~B:i,-nda7
nda7yuudxu,jzd,rinda' yuudxu',v,EJG;JLC;RGL;RLC;VP,vA~B:i,-nda7 # y.uudxu
nda7ziizi,jzd,rinda' ziìzì',v,EJG;JLC;RLC;VP,vA~B:i,-nda7 # zii*zi*
nda7gixu7,jzd,rinda' guixhú',v,EJG;JLC;VP,vA~B:i,-nda7 (g)i-xu!7
nda7naadi,jzd,rinda' naadi',v,EJG,vA~B:i,-nda7 naadi
nda7gichi7,jzd,rinda'(gu)ichí',v,EJG;VC,vA~B:i,-nda7=(g)ichi!7
nda7duxu7,jzd,rinda'duxhú',v,JLC;RLC,vA~B:i,-nda7=duxu!7
nda7dxa,jzd,rinda'dxà,v,EJG;ND;RGL;RLC;VC,vA~B:i,-nda7=dxa*
nda7dxaba7,jzd,rinda'dxabá',v,EJG;JLC;RLC;VP,vA~B:i,-nda7=dxaba!7
nda7dxigaa,jzd,rinda'dxigaa,v,EJG;ND;VC,vA~B:i,-nda7=dxi-gaa
nda7lanna7,jzd,rinda'lanná',v,EJG;JLC;RGL;RLC;VP,vA~B:i,-nda7=lanna!7
nda7naxi,jzd,rinda'naxhi,v,EJG;JLC;ND;RGL;RLC;VP,vA~B:i,-nda7=naxi
nda7ya7ki,jzd,rinda'yaqui',v,EJG;JLC;RLC;VP,vA~B:i,-nda7=y.a7ki
nda7yu7,jzd,rinda'yù',v,JLC;RLC;VP,vA~B:i,-nda7=yu*7
ndaa-2,jzd,rindaa,v,EJG;JLC;ND;RGL;RLC;VP,vA:i,-ndaa
ndaalayu,jzd,rindaà layu,v,JLC;RLC,vB:caus,-ndaa* # la=yu
ndaane,jzd,rindaà nè,v,RGL,vB:caus,-ndaa* # ne*
ndaachezala7dxido7,jzd,rindaà richeza la'dxi'do',v,EJG;JLC;RLC,vB:caus,-ndaa* -cheza # la7dxi=do7
ndaaike,jzd,rindaàique,v,EJG,vB:caus,-ndaa*=ike
ndaaikene,jzd,rindaàiquenè,v,JLC;RLC;VP,vB:caus,-ndaa*=ike=ne*
ndaasaa,jzd,rindaà saa,v,EJG;RLC;VP,vB:caus,-ndaa*=saa
ndaabi,jzd,rindaabi',v,EJG;JLC;RGL;RLC;VP,vA:i,-ndaabi
ndaabigiba7,jzd,rindaabi' guiba',v,JLC,vA:i,-ndaabi # gi-ba7
ndaabibichiinyarwaa,jzd,rindaabi' bichiiña' ruaa,v,EJG;ND;RLC,vA:i,-ndaabi bi-chiinya rwaa
ndaabipechu,jzd,rindaabi' pèchu,v,RLC,vA:i,-ndaabi pe*chu
ndaabiike,jzd,rindaabiique',v,EJG;JLC;RLC,vA:i,-ndaabi=ike
ndaana,jzd,rindaanà',v,JLC;RGL;RLC;VP,vA:i,-ndaana*
ndadi7buton,jzd,rindadí' butón,v,RGL,vB:caus,-ndadi!7 # bu-to!n
ndadi7la7dxido7,jzd,rindadí' la'dxido',v,EJG;RLC,vB:caus,-ndadi!7 # la7dxi=do7
ndadi7niza,jzd,rindadí' niza,v,EJG;JLC;VP,vB:caus,-ndadi!7 # niza
ndani,jzd,rindani,v,EJG;JLC;RGL;VP,vB:i,-ndani
ndanigi7dxu,jzd,rindani gui'dxu',v,EJG,vB:i,-ndani # gi7dxu
ndaninisa,jzd,rindani nisa,v,EJG,vB:i,-ndani # nisa
ndanixti,jzd,rindani xti,v,RLC,vB:i,-ndani x.ti
ndani-2,jzd,rindanì,v,EJG;JLC;VP,vB:t,-ndani*
ndanigubidxa,jzd,rindanigubidxa,v,JLC;RLC,vB:i,-ndani=gu-bidxa
ndanilaya,jzd,rindanilaya,v,RGL;RLC,vB:i,-ndani=laya
ndaniti,jzd,rindaniti,v,EJG;ND;VC,vB:i,-ndani=ti
ndapi7,jzd,rindapí',v,JLC;RLC,vB:t,-ndapi!7
ndapi7zhii,jzd,rindapí'xii,v,JLC;RLC,vB:t,-ndapi!7=zhii
ndi7,jzd,rindì',v,JLC;ND,vA:i vers,-ndi*7
ndii,jzd,rindiì,v,EJG;JLC;ND;RLC;VP,vB:t,-ndii*
ndiilu,jzd,rindiì lu,v,EJG;RLC,vB:t,-ndii* # lu
ndiirwaa,jzd,rindiìruaa,v,ND;RGL;RLC,vB:i,-ndii*=rwaa
ndisa7,jzd,rindisá',v,EJG;JLC;VP,vB:t,-ndisa!7
ndisa7binni,jzd,rindisá' binnì,v,EJG;RLC,vB:t,-ndisa!7 # binni*
ndisa7tuju,jzd,rindisá' tùju,v,JLC,vB:t,-ndisa!7 # tu*ju
ndisa7zha7na,jzd,rindisá' xa'na',v,EJG;RLC,vB:t,-ndisa!7 # zha7na
ndisa7ike,jzd,rindisá'ique,v,EJG;JLC;RLC,vB:i,-ndisa!7=ike
ndisa7ne,jzd,rindisá'nè',v,RGL;RLC,vB:t,-ndisa!7=ne*
ndisa7xti,jzd,rindisá'xti',v,RLC,vB:t,-ndisa!7=x.ti
ne7,jzd,rine',v,EJG;JLC;ND;VP,vA:i,-ne7
nene,jzd,rinenè,v,JLC;ND,vA:i,-nene*
nesa,jzd,rinesa,v,EJG;JLC;VP,vB:i,-nesa
ngola,jzd,ringola,v,EJG;RLC;VP,vA:i vers,-ngola
ngweza,jzd,ringüèzà,v,JLC;RLC,vA:i vers,-ngwe*za*
ni7di,jzd,riní'di',v,EJG,vA:i vers,-ni!7di
ni7-2,jzd,rini',v,EJG;JLC;ND;RGL;VP,vB:a,-ni7
ni7binni,jzd,rini' binnì,v,EJG;JLC;RLC;VP,vB:t,-ni7 # binni*
ni7diidxa,jzd,rini' diidxa',v,EJG;RLC,vB:t,-ni7 # diidxa
ni7dxandi7,jzd,rini' dxandì',v,JLC,vB:t,-ni7 # dxa-ndi*7
ni7dxisiga,jzd,rini' dxisì ga,v,JLC,vB:t,-ni7 # dxi +si* ga
ni7dxidxiga,jzd,rini' dxidxì ga,v,EJG;JLC;VP,vB:t,-ni7 # dxidxi* ga
ni7radyaga,jzd,rini' ra diaga,v,JLC,vB:t,-ni7 # ra+ dyaga
ni7xtiidxa,jzd,rini' xtiidxa',v,EJG;RLC,vB:t,-ni7 # x.tiidxa
ni7zhadyaga,jzd,rini' xadiaga,v,RLC,vB:i,-ni7 # zha+ dyaga
ni7si,jzd,rini'sì',v,EJG;RLC,vB:i,-ni7 +si*
ni7dxi7nya,jzd,rini'dxí'ña',v,JLC;ND;RLC;VP,vB:t,-ni7=dxi!7nya
ni7dxichi,jzd,rini'dxichi,v,EJG;JLC,vB:i,-ni7=dxichi
ni7dxiinya,jzd,rini'dxiiña',v,EJG;VC;VP,vB:i,-ni7=dxiinya
ni7dxindxi,jzd,rini'dxindxì,v,EJG;RLC,vB:t,-ni7=dxindxi*
ni7ike,jzd,rini'ique,v,EJG;JLC;VP,vB:i,-ni7=ike
ni7lote,jzd,rini'lotè,v,EJG;VC,vB:i,-ni7=lote*
ni7naxi,jzd,rini'naxhi,v,VC,vB:i,-ni7=naxi
ni7ndazha,jzd,rini'ndaxa,v,RLC,vB:i,-ni7=nda=zha
ni7ne,jzd,rininè',v,JLC,vB:i,-ni7=ne*
ni7paapa,jzd,rini'paapa',v,EJG;RLC,vB:i,-ni7=paapa
ni7waawa,jzd,rini'huaahua',v,RLC,vB:i,-ni7=waawa
ni7wiini,jzd,rini'huiini',v,RGL;RLC,vB:i,-ni7=wiini
ni7xkaanda,jzd,rini'xcaanda',v,EJG;JLC;RGL;RLC;VP,vB:i,-ni7=x.kaanda
ni7xtiidxa-2,jzd,rini'xtiidxa',v,EJG;RLC,vB:i,-ni7=x.tiidxa
ni7xaatane,jzd,rini'xhaata'nè,v,EJG;ND;RLC,vB:i,-ni7=xaata=ne*
ni7xiiwi,jzd,rini'xhiihui',v,EJG;JLC;ND;RLC,vB:i,-ni7=xiiwi
niibidxacha,jzd,riniibì'dxacha,v,EJG;RLC,vA:i,-niibi*=dxacha
niipi,jzd,riniipì',v,JLC,vA:i,-niipi*
niisi,jzd,riniisì',v,EJG;JLC;RLC;VP,vA:i,-niisi*
nisa,jzd,rinisa,v,RLC,vA:i vers,-nisa
niti,jzd,riniti,v,EJG;JLC;ND;RGL;RLC;VP,vA:i,-niti
nitigendabyaani,jzd,riniti (gu)endabiaani',v,RLC,vA:i,-niti (g)enda+ b.y.aani
nitilu,jzd,rinitilu,v,EJG;JLC;ND;RLC;VP,vA:i,-niti=lu
nu-2,jzd,rinù,v,EJG;JLC;ND;RGL;RLC;VC;VP,vA:t,-nu*
nupi,jzd,rinupì,v,EJG;RLC,vA:i vers,-nupi*
nyanya,jzd,riñaña,v,EJG;VC,vA:i vers,-nyanya
o,jzd,ro,v,EJG;JLC;ND;RGL;RLC;VP,vD(0>t):a,-o
oba7dxi,jzd,ro bá'dxi',v,JLC;RLC,vD(0>t):t,-o # ba!7dxi
obizhidu7,jzd,ro bixidú',v,EJG;JLC;VP,vD(0>t):t,-o # bi-zhidu!7
onana,jzd,ro nana,v,JLC;RLC,vD(0>t):t,-o # na-na
oyu,jzd,ro yu,v,ND;RLC,vD(0>t):t,-o # yu
odi,jzd,rodì,v,EJG;JLC,vD(0>t):t,-o=di*
ola7na,jzd,rola'na',v,EJG;FSL;JLC;RLC;VC;VP,vD(0>t):t,-o=la7na
olaya,jzd,rolaya,v,RGL,vD(0>t):t,-o=laya
orwaa,jzd,roruaa,v,EJG;JLC;RLC,vD(0>t):t,-o=rwaa
otaata,jzd,rotaata',v,EJG,vD(0>t):t,-o=taata
oxti,jzd,roxtì,v,JLC,vD(0>t):t,-o=x.ti*
oxi,jzd,roxhì,v,EJG;JLC;ND;VP,vD(0>t):t,-o=xi*
oyaa,jzd,royaa,v,EJG;JLC;ND;RLC;VP,vD(0>t):t,-o=yaa
paampa,jzd,ripaàmpà',v,JLC,vA:i vers,-paa*mpa*
paaparwaa,jzd,ripaapa'ruaa,v,EJG;JLC;ND;VP,vA:i,-paapa=rwaa
paaxu,jzd,ripaaxhù',v,EJG;JLC;ND;RGL;VP,vA:i vers,-paaxu*
pandu,jzd,ripandu,v,EJG;JLC;ND;VP,vA:i vers,-pandu
papa,jzd,ripapa,v,EJG;JLC;ND;RGL;VP,vA:i,-papa
papala7dxido7,jzd,ripapala'dxido',v,RGL;RLC,vA:i,-papa=la7dxi=do7
peepe,jzd,ripeepe',v,EJG;ND,vA:i,-peepe
piizi,jzd,ripiìzì',v,EJG;ND,vA:i,-pii*zi*
piipi,jzd,ripiipì',v,EJG;JLC;ND;VC,vA:i,-piipi*
piipigiiru,jzd,ripiipì'guiiru',v,EJG;JLC;RLC,vA:i,-piipi*=giiru
piipilu,jzd,ripiipì'lu,v,EJG;JLC;ND;VC,vA:i,-piipi*=lu
piipiralaga,jzd,ripiipì'ralaga,v,RLC;VC,vA:i,-piipi*=ra=laga
piiru,jzd,ripiiru',v,EJG,vA:i,-piiru
poota,jzd,ripoòtà',v,RLC,vA:i,-poo*ta*
priiga,jzd,ripriiga',v,EJG;ND,vA:i,-priiga
ree,jzd,riree,v,EJG;JLC;ND;RGL;VP,vA:i,-r.ee
reegana,jzd,riree gàna,v,JLC;RLC,vA:i,-r.ee # ga*na
reejneza,jzd,riree jneza,v,EJG;RLC,vA:i,-r.ee # j.neza
reelu,jzd,riree lu,v,JLC,vA:i,-r.ee # lu
reemedida,jzd,riree medìda,v,RGL,vA:t,-r.ee # medi*da
reeka,jzd,rireecà',v,RLC;VC,vA:i,-r.ee +ka*
reeguuna,jzd,riree guuna',v,VC;VP,vA:i,-r.ee g.uuna
reeguniti,jzd,riree guniti,v,EJG,vA:i,-r.ee gu-niti
reeguzaabi,jzd,riree guzaabi',v,EJG;JLC,vA:i,-r.ee gu-zaabi
reeguudxizhii,jzd,riree guudxì' xii,v,RGL,vA:i,-r.ee guudxi* zhii
reenisabakaandarwaa,jzd,riree nisabacaanda' ruaa,v,RGL;RLC,vA:i,-r.ee nisa=ba-kaanda rwaa
reebyeke,jzd,rireebieque,v,EJG;JLC;VP,vA:i,-r.ee=b.y.eke
reebya7,jzd,rireebia',v,EJG;RLC,vA:i,-r.ee=bya7
reechu,jzd,rireechù,v,EJG;JLC;VP,vA:i,-r.ee=chu*
reechuuchi,jzd,rireechuùchì',v,EJG;JLC;VP,vA:i,-r.ee=chuu*chi*
reechwi7,jzd,rireechui',v,EJG;JLC;VP,vA:i,-r.ee=chwi7
reechwi7zha7na,jzd,rireechui' xa'na',v,RLC,vA:i,-r.ee=chwi7 zha7na
reedaabi,jzd,rireedaàbì',v,EJG;JLC;ND,vA:i,-r.ee=daa*bi*
reegite,jzd,rireeguite,v,EJG;ND,vA:i,-r.ee=g.ite
reegi,jzd,rireegui,v,RLC,vA:i,-r.ee=gi
reegidiladi,jzd,rireegui'di (ladi),v,JLC;RLC,vA:i,-r.ee=gidi (ladi)
reejneza-2,jzd,rireejneza,v,RLC,vA:i,-r.ee=j.neza
reekwe7,jzd,rireecue',v,JLC,vA:i,-r.ee=kwe7
reemudu,jzd,rireemudù,v,JLC;VP,vA:i,-r.ee=mudu*
reenaa,jzd,rireenaa,v,EJG;VC,vA:i,-r.ee=naa
reenanda,jzd,rireenà'ndà,v,EJG;JLC;RGL;VP,vA:t,-r.ee=nanda*
reendu,jzd,rireendu,v,EJG;JLC;VC,vA:i,-r.ee=ndu
reene,jzd,rireenè,v,EJG,vA:i,-r.ee=ne*
reenyee,jzd,rireeñee,v,EJG;ND;RLC,vA:i,-r.ee=nyee
reeri7ka7,jzd,rireerì'cá',v,EJG;RLC,vA:i,-r.ee=ri*7 +ka!7
reerronda,jzd,rireerrònda,v,JLC,vA:i,-r.ee=rro*nda
reexki7,jzd,rireexqui',v,EJG,vA:i,-r.ee=x.ki7
reexkwi,jzd,rireexcui,v,EJG;JLC;RGL;RLC,vA:i,-r.ee=x.kwi
reeyabe,jzd,rireeyàbe,v,JLC,vA:i,-r.ee=ya*be
reeyaande,jzd,rireeyaàndè',v,EJG;JLC;VP,vA:i,-r.ee=yaa*nde*
reeyati,jzd,rireeyati,v,EJG,vA:i,-r.ee=yati
reeza,jzd,rireezà,v,EJG,vA:i,-r.ee=za*
reezhyeke,jzd,rireexieque,v,EJG;JLC;VP,vA:i,-r.ee=zh.y.eke
reezhya,jzd,rireexià,v,RGL;RLC,vA:i,-r.ee=zhya*
ra,jzd,rira,v,EJG;JLC;ND;RGL;VP,vA:i,-ra
rageela,jzd,rira gueela',v,JLC;RLC,vA:i,-ra # geela
raru7,jzd,rirarú',v,EJG;VC,vA:i,-ra +ru!7
raa,jzd,riraà,v,EJG;JLC;ND;RGL;RLC;VP,vA:i vers,-raa*
raabenda,jzd,riraà benda,v,EJG,vA:t vers,-raa* # benda
raayaga,jzd,riraà yaga,v,EJG,vA:t vers,-raa* # yaga
raaya,jzd,riraaya',v,EJG;RLC,vA:i vers,-raaya
racha,jzd,riracha,v,EJG;RLC;VP,vA:i vers,-racha
rachagichaike,jzd,riracha guicha ique,v,EJG,vA:i vers,-racha # gicha ike
reeche,jzd,rireechè',v,EJG;JLC;ND;VP,vA:i,-reeche*
reechekwaananaxi,jzd,rireechè' cuaana'naxhi,v,EJG;RLC,vA:i,-reeche* # kwaana=naxi
reechena7,jzd,rireechè'nà',v,EJG,vA:t,-reeche*=na*7
reechendase,jzd,rireechè'ndase,v,EJG;JLC;ND;RLC;VP,vA:i,-reeche*=nd.ase
reela,jzd,rireelà',v,ND;VC,vA:i vers,-reela*
renda,jzd,rirendà,v,EJG;JLC;RGL;VP,vA:i,-renda*
rendanyee,jzd,rirendàñee,v,JLC,vA:i,-renda*=nyee
reza,jzd,rireza,v,EJG;JLC;RGL;RLC;VP,vB:i,-reza
riga,jzd,ririga,v,RLC,vA:i vers,-riga
riki7,jzd,ririquí',v,JLC;RLC,vA:i,-riki!7
rini,jzd,ririni,v,RLC,vA:i vers,-rini
ripi,jzd,riripi,v,EJG;ND,vA:i vers,-ripi
rolla,jzd,rirolà,v,JLC,vA:i vers,-rolla*
ronda7,jzd,rirondá',v,JLC,vA:i vers,-ronda!7
roo,jzd,riroo,v,EJG;JLC;ND;VP,vA:i vers,-roo
rooba,jzd,rirooba',v,EJG;JLC;ND;RGL;VP,vA:i,-rooba
roote,jzd,rirootè',v,EJG;JLC;ND,vA:i vers,-roote*
ropa,jzd,riropa,v,EJG;ND,vA:i,-ropa
ruba,jzd,rirubà,v,EJG;JLC;ND;RLC,vA:i,-ruba*
rubanisa,jzd,rirubà nisa,v,EJG;JLC;RLC,vA:i,-ruba* # nisa
ruche,jzd,riruche,v,EJG;RLC;VP,vA:i,-ruche
ruku,jzd,rirucu,v,EJG;JLC,vA:i vers,-ruku
rungu,jzd,rirungù,v,EJG;JLC,vA:i vers,-rungu*
ruugu,jzd,riruugu',v,EJG;RLC;VP,vA:i,-ruugu
ruuzhe,jzd,riruuxè',v,EJG;JLC;ND;VP,vA:i,-ruuzhe*
ruuzhedu,jzd,riruuxè'du,v,EJG;RLC,vA:i,-ruuzhe*=du
ruxi,jzd,riruxhì,v,EJG;JLC;ND;VP,vA:i vers,-ruxi*
sa7bi,jzd,risa'bi',v,VC,vA,-sa7bi
saka,jzd,risaca,v,EJG;RLC;VP,vA:i vers,-saka
sakazha,jzd,risacaxa,v,EJG;RLC;VC,vA:i vers,-saka +zha
sisi,jzd,risisi,v,EJG;JLC;VP,vA:i vers,-sisi
soo,jzd,risoo,v,EJG;JLC;ND;RGL;VP,vA:i vers,-soo
taaba,jzd,ritaaba',v,EJG;JLC;ND;VP,vA:i vers,-taaba
taadxi,jzd,ritaadxi',v,ND;RGL;RLC,vA:i,-taadxi
taala,jzd,ritaalà',v,EJG;ND,vA:i,-taala*
taata,jzd,ritaata',v,EJG;JLC;ND;RLC;VP,vA:i vers,-taata
te,jzd,rite,v,EJG;VP,vA:i vers,-te
teede,jzd,riteedè',v,EJG;ND;RGL,vA:i,-teede*
tende,jzd,ritendè,v,EJG;ND;RLC,vA:i vers,-tende*
tiiba,jzd,ritiiba',v,RGL,vA:i vers,-tiiba
tipi,jzd,ritipi,v,EJG;ND;VP,vA:i vers,-tipi
titi,jzd,rititì,v,EJG;ND;RLC,vA:i,-titi*
toope,jzd,ritoopè',v,EJG;VP,vA:i,-toope*
tubi,jzd,ritubì,v,EJG;JLC;ND;RGL;VP,vA:i,-tubi*
twilu,jzd,rituilu,v,EJG;JLC;ND;RGL;VP,vA:i,-twi=lu
uchaaze,jzd,ruchaaze',v,EJG;JLC;ND;RGL;RLC;VP,vA:caus,-u-ch.aaze
uchyacha,jzd,ruchiacha,v,EJG;JLC;ND;RGL;RLC;VP,vA:caus,-u-ch.y.acha
ucha,jzd,rucha,v,EJG;JLC;ND;RGL;RLC;VP,vA:caus,-u-cha
uchabi,jzd,rucha bi,v,EJG;JLC;ND;RLC;VP,vA:caus,-u-cha # bi
uchagi,jzd,rucha gui,v,EJG;JLC;VP,vA:caus,-u-cha # gi
uchagye,jzd,rucha guie,v,JLC,vA:caus,-u-cha # gye
uchanamboolo,jzd,rucha namboolo',v,EJG,vA:caus,-u-cha # na-mboolo
uchanaro7,jzd,rucha naró',v,EJG,vA:caus,-u-cha # na-ro!7
uchandaani,jzd,rucha ndaani',v,ND;RGL;RLC,vA:caus,-u-cha # ndaani
ucharwaa,jzd,rucha ruaa,v,EJG;RLC,vA:caus,-u-cha # rwaa
uchabumbu,jzd,ruchabumbù,v,EJG;RLC,vA:caus,-u-cha=bumbu*
uchana7,jzd,ruchanà',v,EJG;JLC;RGL;VP,vA:caus,-u-cha=na*7
uchaxinni,jzd,ruchaxhìnnì,v,EJG;JLC;ND;RGL;RLC;VP,vA:caus,-u-cha=xi*nni*
uchaa,jzd,ruchaa,v,EJG;JLC;ND;VP,vA:caus,-u-chaa
uchaaduubi,jzd,ruchaa duubi',v,JLC,vA:caus,-u-chaa # duubi
uchaalugar,jzd,ruchaa lugár,v,JLC;ND,vA:caus,-u-chaa # lu-ga!r
uchaaxxaba,jzd,ruchaa xhaba,v,JLC;RLC,vA:caus,-u-chaa # x.xaba
uchaa1,jzd,ruchaà,v,EJG;JLC;ND;RGL;VP,vA:caus,-u-chaa*
uchaa2,jzd,ruchaà,v,EJG;JLC;ND;RGL;VP,vA:caus,-u-chaa*
uchaacha,jzd,ruchaacha',v,EJG;JLC;ND;RLC,vA:caus,-u-chaacha
uchaaga1,jzd,ruchaagà',v,EJG;JLC;ND;VP,vA:caus,-u-chaaga*
uchaaga2,jzd,ruchaagà',v,EJG;JLC;ND;VP,vA:caus,-u-chaaga*
uchaagabya7,jzd,ruchaagà'bia',v,EJG;RLC,vA:caus,-u-chaaga*=bya7
uchaagalu,jzd,ruchaagà'lu,v,EJG;JLC;ND;RLC;VP,vA:caus,-u-chaaga*=lu
uchaagana7,jzd,ruchaagà'nà'',v,EJG;RLC,vA:caus,-u-chaaga*=na*7
uchaagani7di,jzd,ruchaagà'ní'di',v,EJG,vA:caus,-u-chaaga*=ni!7di
uchaagarwaa,jzd,ruchaagà'ruaa,v,EJG;ND;RLC;VP,vA:caus,-u-chaaga*=rwaa
uchaagazha7na,jzd,ruchaagà'xa'na',v,EJG;JLC;RLC,vA:caus,-u-chaaga*=zha7na
uchaawi,jzd,ruchaahui',v,EJG;JLC;ND;RGL;RLC;VP,vA:caus,-u-chaawi
uche,jzd,ruche',v,ND;VP,vA:caus,-u-che
uchelu,jzd,ruche lu,v,EJG;ND;VP,vA:caus,-u-che # lu
ucheike,jzd,ruche ique',v,EJG;VP,vA:caus,-u-che ike
uchee,jzd,ruchee,v,EJG;JLC;ND;VP,vA:caus,-u-chee
ucheeche,jzd,rucheechè',v,EJG;JLC;ND;RGL;RLC;VP,vA:caus,-u-cheeche*
ucheechena7,jzd,rucheechè'nà',v,EJG;RLC,vA:caus,-u-cheeche*=na*7
ucheechendase,jzd,rucheechè'ndase,v,EJG;JLC;ND;RLC;VP,vA:caus,-u-cheeche*=nd.ase
ucheela,jzd,rucheela',v,EJG;ND;VP,vA:caus,-u-cheela
ucheelasaa,jzd,rucheela' saa',v,EJG;RLC,vA:caus,-u-cheela saa
ucheelani7di,jzd,rucheela'ní'di',v,EJG;ND;RLC;VP,vA:caus,-u-cheela=ni!7di
ucheepa,jzd,rucheepa',v,EJG,vA:caus,-u-cheepa
uchenda,jzd,ruchendà,v,EJG;JLC;ND;RGL;RLC;VP,vA:caus,-u-chenda*
uchendanyee,jzd,ruchendà ñee,v,EJG;JLC;RGL;VP,vA:caus,-u-chenda* # nyee
uchendadoo,jzd,ruchendà doo,v,EJG,vA:caus,-u-chenda* doo
uchibi,jzd,ruchibi,v,EJG;JLC;ND;RGL;RLC;VP,vA:caus,-u-chibi
uchidxi,jzd,ruchidxì,v,EJG;RLC,vA:caus,-u-chidxi*
uchidxilaya,jzd,ruchidxì laya,v,EJG;JLC;ND;VP,vA:caus,-u-chidxi* # laya
uchii,jzd,ruchii,v,EJG;JLC;ND;RGL;VP,vA:caus,-u-chii
uchiichi,jzd,ruchiichì',v,EJG;JLC;ND;RLC;VP,vA:caus,-u-chiichi*
uchiinya,jzd,ruchiiña',v,EJG;JLC;ND;RLC;VP,vA:caus,-u-chiinya
uchiinyala7dxi,jzd,ruchiiña' la'dxi',v,RLC,vA:caus,-u-chiinya la7dxi
uchiita,jzd,ruchiità',v,EJG,vA:caus,-u-chiita*
uchinya,jzd,ruchiña,v,EJG;ND;RLC;VP,vA:caus,-u-chinya
uchonga,jzd,ruchonga,v,EJG,vA:caus,-u-chonga
uchuche,jzd,ruchuche,v,EJG;ND;RLC;VP,vA:caus,-u-chuche
uchuku,jzd,ruchucu,v,EJG,vA:caus,-u-chuku
uchungu,jzd,ruchungù,v,JLC,vA:caus,-u-chungu*
uchunyi,jzd,ruchuñi,v,EJG;ND,vA:caus,-u-chunyi
uchuuchu,jzd,ruchuuchu',v,EJG;JLC,vA:caus,-u-chuuchu
uchuugu,jzd,ruchuugu',v,EJG;ND;RGL;RLC;VP,vA:caus,-u-chuugu
uchuundulu,jzd,ruchuundu' lu,v,EJG;RGL,vA:caus,-u-chuundu # lu
uchuuni,jzd,ruchuuni',v,EJG;JLC;ND;RGL;RLC;VP,vA:caus,-u-chuuni
uchuuninisa,jzd,ruchuuni' nisa,v,EJG,vA:caus,-u-chuuni nisa
uchuunibidxi,jzd,ruchuuni'bidxi,v,EJG;JLC,vA:caus,-u-chuuni=bidxi
uchuupi,jzd,ruchuupì',v,EJG,vA:caus,-u-chuupi*
uchuurrya,jzd,ruchuurrià,v,EJG,vA:caus,-u-chuurrya*
uchuxi,jzd,ruchuxhì,v,EJG;JLC;ND;RGL;RLC;VP,vA:caus,-u-chuxi*
uchuxiniza,jzd,ruchuxhì niza,v,RLC,vA:caus,-u-chuxi* # niza
uchuxixkwi,jzd,ruchuxhìxcui,v,EJG;RLC,vA:caus,-u-chuxi*=x.kwi
uchwi,jzd,ruchui,v,EJG,vA:caus,-u-chwi
uchya,jzd,ruchia,v,EJG;JLC;ND;RGL;RLC;VP,vA:caus,-u-chya
uchyaa,jzd,ruchiaà,v,EJG;RGL;RLC;VP,vA:caus,-u-chyaa*
uchyaalu,jzd,ruchiaà lu,v,EJG;JLC,vA:caus,-u-chyaa* # lu
uchyaalaya,jzd,ruchiaàlaya,v,RGL;RLC,vA:caus,-u-chyaa*=laya
uchyaana7,jzd,ruchiaànà',v,RGL;RLC,vA:caus,-u-chyaa*=na*7
udye,jzd,rudie,v,RLC,vA:caus,-u-d.ye
ude,jzd,rudè,v,JLC;RLC,vA:caus,-u-de*
udii,jzd,rudii,v,EJG;JLC;ND;RGL;VP,vA:caus,-u-dii
udiitimanu,jzd,rudii (ti) mànu,v,JLC;RLC,vA:caus,-u-dii # (ti+) ma*nu
udiibyeke,jzd,rudii bieque,v,JLC,vA:caus,-u-dii # b.y.eke
udiibi,jzd,rudii bi,v,EJG;RLC,vA:caus,-u-dii # bi
udiibizhidu7,jzd,rudii bixidú',v,JLC;RLC,vA:caus,-u-dii # bi-zhidu!7
udiidiidxa,jzd,rudii diidxa',v,EJG,vA:caus,-u-dii # diidxa
udiidoo,jzd,rudii doo,v,EJG;JLC;VP,vA:caus,-u-dii # doo
udiidxi,jzd,rudii dxi,v,EJG,vA:caus,-u-dii # dxi
udiidxiinya,jzd,rudii dxiiña',v,EJG;JLC;ND;RLC,vA:caus,-u-dii # dxiinya
udiigo,jzd,rudii gó,v,RLC,vA:caus,-u-dii # g.o!
udiijneza,jzd,rudii jneza,v,JLC;RLC,vA:caus,-u-dii # j.neza
udiikwenta,jzd,rudii cuènta,v,JLC;RGL;RLC,vA:caus,-u-dii # kwe*nta
udiilugar,jzd,rudii lugár,v,JLC;RLC,vA:caus,-u-dii # lu-ga!r
udiindaga,jzd,rudii ndaga,v,JLC,vA:caus,-u-dii # ndaga
udiirreenke,jzd,rudii reènquè',v,,vA:caus,-u-dii # rree*nke*
udiixkizhe,jzd,rudii xquìxe,v,JLC,vA:caus,-u-dii # x.ki*zhe
udiixtipa,jzd,rudii xtipa,v,JLC;RLC,vA:caus,-u-dii # x.tipa
udiizhyana,jzd,rudii xiana,v,EJG,vA:caus,-u-dii # zh.yana
udiigelakawi,jzd,rudii (gue)la cahuì,v,RGL;RLC,vA:caus,-u-dii (ge)la kawi*
udiilisaa,jzd,rudii lisaa,v,EJG;JLC;RGL,vA:caus,-u-dii li-saa
udiitibista,jzd,rudii ti bìsta,v,VC,vA:caus,-u-dii ti+ bi*sta
udiitipunyete,jzd,rudii ti puñète,v,RLC,vA:caus,-u-dii ti+ punye*te
udiideche,jzd,rudiideche,v,JLC;RLC,vA:caus,-u-dii=deche
udiijneza-2,jzd,rudiijneza,v,JLC;RLC,vA:caus,-u-dii=j.neza
udiiligaa,jzd,rudiiligaa,v,EJG;VC,vA:caus,-u-dii=li-gaa
udiina7,jzd,rudiinà',v,EJG;JLC;ND;RLC,vA:caus,-u-dii=na*7
udiisaa,jzd,rudiisaa,v,RLC,vA:caus,-u-dii=saa
udiixtiidxa,jzd,rudiixtiidxa',v,JLC,vA:caus,-u-dii=x.tiidxa
udxii,jzd,rudxii,v,EJG;JLC;ND;VP,vA:caus,-u-dx.ii
udxiidiidxa,jzd,rudxii diidxa',v,JLC;RLC,vA:caus,-u-dx.ii # diidxa
udxiideche,jzd,rudxiideche,v,EJG;JLC;RLC,vA:caus,-u-dx.ii=deche
udxiigeta7,jzd,rudxiiguetá',v,EJG;JLC;ND;RLC;VP,vA:caus,-u-dx.ii=geta!7
udxiigeta7diidxa,jzd,rudxiiguetá' diidxa',v,JLC;RLC,vA:caus,-u-dx.ii=geta!7 # diidxa
udxiigeta7lu,jzd,rudxiiguetá'lu',v,EJG;JLC;RGL;RLC;VP,vA:caus,-u-dx.ii=geta!7=lu
udxiilu,jzd,rudxiilu',v,EJG;JLC;ND;RLC;VP,vA:caus,-u-dx.ii=lu
udxiiba,jzd,rudxiiba',v,EJG;JLC;ND;RGL;RLC;VOT;VP,vA:caus,-u-dx.iiba
udxiibabini,jzd,rudxiiba' bini,v,JLC,vA:caus,-u-dx.iiba # bi-ni
udxiibadonda,jzd,rudxiiba' donda,v,JLC;RLC,vA:caus,-u-dx.iiba # donda
udxiibaikeyoo,jzd,rudxiiba' ique yoo,v,JLC;RLC,vA:caus,-u-dx.iiba # ike yoo
udxiibi,jzd,rudxiibi',v,JLC,vA:caus,-u-dx.iibi
udxeela,jzd,rudxeelà',v,EJG;RLC;VP,vA:caus,-u-dxeela*
udxelasaa,jzd,rudxelasaa,v,RGL;RLC,vA:caus,-u-dxela=saa
udxiga7,jzd,rudxigá',v,EJG;JLC;RGL;VP,vA:caus,-u-dxiga!7
udxiirwaa,jzd,rudxiiruaa,v,EJG;ND,vA:caus,-u-dxii=rwaa
udxiibaike,jzd,rudxiiba' ique,v,RGL,vA:caus,-u-dxiiba # ike
udxwi7,jzd,rudxui',v,EJG;JLC;RLC;VP,vA:caus,-u-dxwi7
udxwi7gubidxa,jzd,rudxui' gubidxa,v,EJG,vA:caus,-u-dxwi7 # gu-bidxa
udxyee,jzd,rudxiee,v,EJG;JLC;RGL;RLC;VP,vA:caus,-u-dxyee
udxyeebikwini,jzd,rudxiee bicuini,v,RLC,vA:caus,-u-dxyee # bi-kwini
udxyeezhii,jzd,rudxiee xii,v,EJG,vA:caus,-u-dxyee # zhii
udxyeeguzaa,jzd,rudxiee guzaa,v,EJG,vA:caus,-u-dxyee gu-zaa
udxyeeya,jzd,rudxiee ya,v,EJG,vA:caus,-u-dxyee ya
udxyeezha7na,jzd,rudxiee xa'na',v,EJG,vA:caus,-u-dxyee zha7na
udxyeena7,jzd,rudxieenà',v,EJG;JLC;ND;VP,vA:caus,-u-dxyee=na*7
udxyeenyee,jzd,rudxieeñee,v,EJG;RLC,vA:caus,-u-dxyee=nyee
udxyeela,jzd,rudxieelà',v,ND,vA:caus,-u-dxyeela*
udye-2,jzd,rudie,v,EJG;JLC;ND;VP,vA:caus,-u-dye
udyenilaa,jzd,rudieni laa,v,EJG;RLC,"vA:caus, clq",-u-dye +ni* laa
uga7ga,jzd,ruga'ga',v,EJG;JLC;RLC;VP,vA:caus,-u-g.a7ga
uga7ta,jzd,ruga'ta',v,EJG;JLC;ND;RLC;VP,vA:caus,-u-g.a7ta
uga7tagudaa,jzd,ruga'ta'gudaà,v,RLC,vA:caus,-u-g.a7ta=gu-daa*
uga7takwe7,jzd,ruga'ta'cue',v,RLC,vA:caus,-u-g.a7ta=kwe7
uga7tana,jzd,ruga'ta'na,v,RLC,vA:caus,-u-g.a7ta=na
uga7tarilu,jzd,ruga'ta'rilu,v,RLC,vA:caus,-u-g.a7ta=ri+ lu
ugaagi,jzd,rugaagui',v,EJG;JLC;RGL;RLC;VP,vA:caus,-u-g.aagi
ugaagigiiba,jzd,rugaagui' guiiba',v,RGL,vA:caus,-u-g.aagi # giiba
ugaana,jzd,rugaana',v,EJG;JLC,vA:caus,-u-g.aana
ugaanda,jzd,rugaandà',v,EJG;JLC;RGL;RLC;VP,vA:caus,-u-g.aanda*
ugaani,jzd,rugaani',v,EJG;RLC,vA:caus,-u-g.aani
ugaasa,jzd,rugaasa',v,EJG;JLC;VP,vA:caus,-u-g.aasa
ugabi,jzd,rugabì,v,EJG;JLC,vA:caus,-u-g.abi*
ugadxe,jzd,rugadxe,v,EJG;JLC;VP,vA:caus,-u-g.adxe
ugadxena7,jzd,rugadxe nà',v,EJG;JLC;RLC,vA:caus,-u-g.adxe # na*7
ugadxi,jzd,rugadxi,v,EJG;JLC;RLC;VP,vA:caus,-u-g.adxi
ugaku,jzd,rugacu,v,EJG;JLC;VP,vA:caus,-u-g.aku
ugapa,jzd,rugapa,v,EJG;VC,vA:caus,-u-g.apa
ugapadyuzhi,jzd,rugapà diúxi,v,EJG;JLC;RLC;VP,vA:caus,-u-g.apa* # dyu!zhi
ugawi,jzd,rugahuì,v,EJG;JLC;RLC;VP,vA:caus,-u-g.awi*
ugawibizuudi,jzd,rugahuì bizuudi',v,EJG,vA:caus,-u-g.awi* # bi-zuudi
ugawinisa,jzd,rugahuì nisa,v,EJG;RLC,vA:caus,-u-g.awi* # nisa
ugaze,jzd,rugaze,v,EJG;VP,vA:caus,-u-g.aze
ugazegidi,jzd,rugaze guidi,v,EJG;RLC,vA:caus,-u-g.aze # gidi
ugazelayu,jzd,rugaze layu,v,EJG;RLC,vA:caus,-u-g.aze # la=yu
ugazena7,jzd,rugaze nà',v,EJG,vA:caus,-u-g.aze # na*7
ugazegi,jzd,rugazegui,v,EJG,vA:caus,-u-g.aze=gi
ugazenyee,jzd,rugazeñee,v,JLC;RLC;VP,vA:caus,-u-g.aze=nyee
uge7,jzd,rugue',v,EJG;JLC;VP,vA:caus,-u-g.e7
uge7benenu,jzd,rugue' benènu,v,RGL;RLC,vA:caus,-u-g.e7 # bene*nu
uge7gu7xu,jzd,rugue' gu'xhu',v,JLC;RLC,vA:caus,-u-g.e7 # gu7xu
ugu7babi,jzd,rugu'ba' bi,v,EJG;RLC,vA:caus,-u-g.u7ba # bi
ugu7bageza,jzd,rugu'ba' gueza,v,EJG,vA:caus,-u-g.u7ba # geza
ugu7bayu,jzd,rugu'ba'yu,v,EJG,vA:caus,-u-g.u7ba=yu
ugunadiidxa,jzd,ruguna diidxa',v,EJG;JLC;RLC,vA:caus,-u-g.una # diidxa
ugunye,jzd,ruguñe,v,JLC,vA:caus,-u-g.unye
uguu,jzd,ruguu,v,EJG;RGL;RLC,vA:caus,-u-g.uu
uguubyeke,jzd,ruguu bieque,v,RLC,vA:caus,-u-g.uu # b.y.eke
uguudi,jzd,ruguu dì,v,,vA:caus,-u-g.uu # di*
uguudxinya,jzd,ruguu dxiña,v,RLC,vA:caus,-u-g.uu # dxinya
uguugidi,jzd,ruguu guidi,v,,vA:caus,-u-g.uu # gidi
uguugiiyu,jzd,ruguu guiiyù',v,JLC,vA:caus,-u-g.uu # giiyu*
uguuguna,jzd,ruguu guna,v,RLC,vA:caus,-u-g.uu # guna
uguule7,jzd,ruguu le',v,RLC,vA:caus,-u-g.uu # le7
uguundaaya,jzd,ruguu ndaaya',v,EJG;RLC,vA:caus,-u-g.uu # ndaaya
uguunduyu,jzd,ruguu ndùyù,v,,vA:caus,-u-g.uu # ndu*yu*
uguuzidi,jzd,ruguu zidi,v,,vA:caus,-u-g.uu # zidi
uguugu7xu,jzd,ruguu gu'xhu',v,RLC,vA:caus,-u-g.uu gu7xu
uguunisa,jzd,ruguu nisa,v,,vA:caus,-u-g.uu nisa
uguusenya,jzd,ruguu sèña,v,RGL;RLC,vA:caus,-u-g.uu se*nya
uguubeedxe,jzd,ruguubeedxe',v,RLC,vA:caus,-u-g.uu=beedxe
uguubi,jzd,ruguubi',v,ND,vA:caus,-u-g.uu=bi
uguubya7,jzd,ruguubia',v,JLC;RGL;RLC,vA:caus,-u-g.uu=bya7
uguuchaawi,jzd,ruguuchaahui',v,JLC;RLC,vA:caus,-u-g.uu=chaawi
uguudaata,jzd,ruguudaata',v,,vA:caus,-u-g.uu=daata
uguudutu,jzd,ruguudu'tu,v,,vA:caus,-u-g.uu=dutu
uguufluuchi,jzd,ruguufluùchì',v,,vA:caus,-u-g.uu=fluu*chi*
uguugeta,jzd,ruguugueta,v,RLC,vA:caus,-u-g.uu=geta
uguugi,jzd,ruguugui,v,JLC;RGL;RLC,vA:caus,-u-g.uu=gi
uguujneza,jzd,ruguujneza,v,,vA:caus,-u-g.uu=j.neza
uguuna7,jzd,ruguunà',v,RLC,vA:caus,-u-g.uu=na*7
uguunyee,jzd,ruguuñee,v,,vA:caus,-u-g.uu=nyee
uguuxkachu,jzd,ruguuxcàchu,v,RLC,vA:caus,-u-g.uu=x.ka*chu
uguuxiiwi,jzd,ruguuxhiihui',v,,vA:caus,-u-g.uu=xiiwi
uguuya,jzd,ruguuya',v,RLC,vA:caus,-u-g.uu=ya
uguuzhaike,jzd,ruguuxaique,v,,vA:caus,-u-g.uu=zha+ ike
uguucha,jzd,ruguucha',v,EJG;JLC;ND;RGL;VP,vA:caus,-u-g.uucha
uguuda,jzd,ruguuda',v,EJG;JLC;ND;RGL;VP,vA:caus,-u-g.uuda
uguunye,jzd,ruguuñè',v,JLC;RLC,vA:caus,-u-g.uunye*
ugwa7,jzd,rugua',v,EJG;VP,vA:caus,-u-g.wa7
ugwa7ridxi,jzd,rugua' ridxi,v,EJG;JLC;RGL;VP,vA:caus,-u-g.wa7 # r.idxi
uga,jzd,ruga,v,EJG;RGL;VP,vA:caus,-u-ga
ugagichaike,jzd,ruga (guicha) ique,v,EJG;RGL;RLC,vA:caus,-u-ga # (gicha) ike
uga7tasa,jzd,ruga'ta'sa,v,RLC,vA:caus,-u-ga7ta=sa
ugaandana7,jzd,rugaandà'nà',v,EJG;RLC,vA:caus,-u-gaanda*=na*7
ugaba7,jzd,rugabá',v,EJG;JLC;RGL;RLC;VP,vA:caus,-u-gaba!7
ugaba7ne,jzd,rugabá'nè',v,RLC,vA:caus,-u-gaba!7=ne*
ugu7ba,jzd,rugu'ba',v,RLC,vA:caus,-u-gu7ba
ugu7bazhii,jzd,rugu'ba'xii,v,VP,vA:caus,-u-gu7ba=zhii
uguna,jzd,ruguna,v,JLC;RLC,vA:caus,-u-guna
ugunalisaa,jzd,ruguna lisaa,v,EJG,vA:caus,-u-guna li-saa
uguuxkwagu,jzd,ruguu xcuàgù,v,RLC,vA:caus,-u-guu # x.kwa*gu*
uguuchadoo,jzd,ruguucha' doo,v,EJG,vA:caus,-u-guucha doo
uguuchanaaze,jzd,ruguucha' naaze,v,EJG;ND,vA:caus,-u-guucha naaze
uguuchana7,jzd,ruguucha'nà',v,ND;RLC,vA:caus,-u-guucha=na*7
uguudaguchachi7,jzd,ruguuda' guchachí',v,EJG;RLC,vA:caus,-u-guuda # gu-chachi!7
uguudaike,jzd,ruguuda' ique,v,EJG;RLC,vA:caus,-u-guuda # ike
ukaache,jzd,rucaachè',v,EJG;JLC;ND;RGL;VP,vA:caus,-u-k.aache*
ukaachi,jzd,rucaachi',v,EJG;JLC;ND;RGL;VP,vA:caus,-u-k.aachi
ukapadyuzhi,jzd,rucapàdiúxi,v,JLC;RLC,vA:caus,-u-k.apa*=dyu!zhi
ukenda,jzd,ruquenda,v,JLC,vA:caus,-u-k.enda
ukidxa,jzd,ruquìdxa,v,EJG;RLC;VP,vA:caus,-u-k.i*dxa
ukidxi,jzd,ruquidxì,v,EJG;JLC;RGL;RLC;VP,vA:caus,-u-k.idxi*
ukiiba,jzd,ruquiiba',v,ND;VOT,vA:caus,-u-k.iiba
ukiibalu,jzd,ruquiiba' lu,v,RLC,vA:caus,-u-k.iiba # lu
ukiichi,jzd,ruquiichi',v,EJG;JAR;RGL;RLC;VP,vA:caus,-u-k.iichi
ukiichinyee,jzd,ruquiichi'ñee,v,JLC,vA:caus,-u-k.iichi=nyee
ukiidi,jzd,ruquiidi',v,EJG;JLC;ND;RGL;RLC;VP,vA:caus,-u-k.iidi
ukiidxi,jzd,ruquiidxì',v,EJG;JLC;RLC;VP,vA:caus,-u-k.iidxi*
ukiidxina7,jzd,ruquiidxì' nà',v,EJG,vA:caus,-u-k.iidxi* # na*7
ukinde,jzd,ruquinde,v,JLC,vA:caus,-u-k.inde
ukite,jzd,ruquite,v,JLC;RLC,vA:caus,-u-k.ite
ukizhe,jzd,ruquixe,v,EJG;JLC;ND;RGL;RLC;VP,vA:caus,-u-k.izhe
ukuude,jzd,rucuudè',v,EJG;JLC;ND;VP,vA:caus,-u-k.uude*
ukuudxi,jzd,rucuudxì',v,EJG;RGL;RLC;VP,vA:caus,-u-k.uudxi*
ukuunye,jzd,rucuuñe',v,EJG;JLC;ND;RLC;VP,vA:caus,-u-k.uunye
ukwa7kilari,jzd,rucua'qui' (lari),v,EJG;JLC;RLC;VP,vA:caus,-u-k.w.a7ki # (lari)
ukwindi7,jzd,rucuindì',v,JLC,vA:caus,-u-k.w.i=ndi*7
ukwaanila7dxi,jzd,rucuaani' la'dxi',v,RLC,vA:caus,-u-k.waani # la7dxi
ukwiidxi,jzd,rucuiidxi',v,EJG;JLC;RGL;RLC;VP,vA:caus,-u-k.wiidxi
uka,jzd,ruca,v,EJG;JLC;ND;RLC;VP,vA:caus,-u-ka
ukarwaa,jzd,ruca ruaa,v,RLC;VP,vA:caus,-u-ka rwaa
ukaa,jzd,rucaa,v,EJG;JLC;ND;RGL;VP,vA:caus,-u-kaa
ukaaaguzha7,jzd,rucaa aguxá',v,EJG;JLC;RLC,vA:caus,-u-kaa # aguzha!7
ukaabyeke,jzd,rucaa bieque,v,EJG;JLC;VP,vA:caus,-u-kaa # b.y.eke
ukaabakaanda,jzd,rucaa bacaanda',v,JLC;RLC,vA:caus,-u-kaa # ba-kaanda
ukaabi,jzd,rucaa bi,v,EJG;JLC;RLC;VP,vA:caus,-u-kaa # bi
ukaabixiidi,jzd,rucaa bixhiidi',v,RLC,vA:caus,-u-kaa # bi-xiidi
ukaabuton,jzd,rucaa butón,v,JLC;RLC,vA:caus,-u-kaa # bu-to!n
ukaadaa,jzd,rucaa daa,v,EJG;JLC;RLC,vA:caus,-u-kaa # daa
ukaadiidxa,jzd,rucaa diidxa',v,JLC;RLC,vA:caus,-u-kaa # diidxa
ukaafluuchi,jzd,rucaa fluùchì',v,RLC,vA:caus,-u-kaa # fluu*chi*
ukaagelagidinyee,jzd,rucaa guela guidi (ñee),v,EJG;JLC;RLC,vA:caus,-u-kaa # gela gidi (nyee)
ukaageta,jzd,rucaa gueta,v,JLC;RLC,vA:caus,-u-kaa # geta
ukaagi7chi,jzd,rucaa gui'chi',v,EJG;JLC;RLC;VP,vA:caus,-u-kaa # gi7chi
ukaagiiba,jzd,rucaa guiiba',v,EJG;JLC;RLC,vA:caus,-u-kaa # giiba
ukaagiibayu7du,jzd,rucaa guiiba'yu'du',v,EJG;JLC,vA:caus,-u-kaa # giiba=yu7.du
ukaagizhi,jzd,rucaa guixi,v,EJG,vA:caus,-u-kaa # gizhi
ukaaklabu,jzd,rucaa klàbu,v,RLC,vA:caus,-u-kaa # kla*bu
ukaaridxi,jzd,rucaa ridxi,v,EJG;JLC;VP,vA:caus,-u-kaa # r.idxi
ukaaridxilugiiba,jzd,rucaa ridxi lu guiiba',v,JLC,vA:caus,-u-kaa # ridxi lu giiba
ukaaseyu,jzd,rucaa sèyu,v,JLC;RLC,vA:caus,-u-kaa # se*yu
ukaaxtiipi,jzd,rucaa xtiìpì',v,EJG;RGL;RLC,vA:caus,-u-kaa # x.tii*pi*
ukaayaga,jzd,rucaa yaga,v,EJG;RLC,vA:caus,-u-kaa # yaga
ukaayuuba,jzd,rucaa yuuba',v,RLC,vA:caus,-u-kaa # yuuba
ukaazhibeewu,jzd,rucaa xì beeù',v,,vA:caus,-u-kaa # zhi* beewu*
ukaazhigidxa7,jzd,rucaa xiguidxá',v,RLC,vA:caus,-u-kaa # zhi+ gidxa!7
ukaachisu,jzd,rucaa chísu,v,JLC;RLC,vA:caus,-u-kaa chi!su
ukaafyerru,jzd,rucaa fièrru,v,RGL;RLC,vA:caus,-u-kaa fye*rru
ukaagidibo7konyee,jzd,rucaa guidi bo'co ñee,v,VP,vA:caus,-u-kaa gidi bo7ko nyee
ukaainyeksyon,jzd,rucaa inyección,v,VP,vA:caus,-u-kaa inyek-syo!n
ukaajalon,jzd,rucaa jalón,v,JLC,vA:caus,-u-kaa ja-lo!n
ukaala7dxi,jzd,rucaa la'dxi',v,EJG;JLC;VP,vA:caus,-u-kaa la7dxi
ukaana7doo,jzd,rucaanà' doo,v,EJG,vA:caus,-u-kaa na*7 doo
ukaaraya,jzd,rucaa ràya,v,JLC;RLC,vA:caus,-u-kaa ra*ya
ukaaremyendu,jzd,rucaa remièndu,v,JLC;RGL;RLC,vA:caus,-u-kaa remye*ndu
ukaaruuchi,jzd,rucaa ruùchì,v,EJG,vA:caus,-u-kaa ruu*chi*
ukaasyerre,jzd,rucaa sièrre,v,RGL;RLC,vA:caus,-u-kaa sye*rre
ukaatranka,jzd,rucaa trànca,v,JLC;RLC,vA:caus,-u-kaa tra*nka
ukaadeche,jzd,rucaadeche,v,JLC,vA:caus,-u-kaa=deche
ukaadoo,jzd,rucaadoo,v,EJG;JLC;RLC,vA:caus,-u-kaa=doo
ukaadyaga,jzd,rucaadiaga,v,EJG;JLC;RGL;RLC;VP,vA:caus,-u-kaa=dyaga
ukaagi,jzd,rucaagui,v,EJG;JLC;RGL;RLC;VP,vA:caus,-u-kaa=gi
ukaaike,jzd,rucaaique,v,EJG;RLC,vA:caus,-u-kaa=ike
ukaalu,jzd,rucaalu',v,JLC,vA:caus,-u-kaa=lu
ukaana7,jzd,rucaanà',v,EJG;JLC;RGL;RLC;VP,vA:caus,-u-kaa=na*7
ukaandaani,jzd,rucaandaani',v,JLC,vA:caus,-u-kaa=ndaani
ukaarwaa,jzd,rucaaruaa,v,EJG;RLC,vA:caus,-u-kaa=rwaa
ukaati7xi,jzd,rucaati'xhi',v,JLC;RLC,vA:caus,-u-kaa=ti7xi
ukaaxki7,jzd,rucaaxqui',v,JLC,vA:caus,-u-kaa=x.ki7
ukaaxtiidxa,jzd,rucaaxtiidxa',v,EJG,vA:caus,-u-kaa=x.tiidxa
ukaayu,jzd,rucaayu',v,JLC;RLC,vA:caus,-u-kaa=yu
ukaazhii,jzd,rucaaxii,v,EJG;RLC,vA:caus,-u-kaa=zhii
ukaabi-2,jzd,rucaabì',v,EJG;JLC;ND;RLC;VP,vA:caus,-u-kaabi*
ukaachige7tu,jzd,rucaachi' gue'tu',v,EJG;JLC;VP,vA:caus,-u-kaachi # ge7tu
ukaachiskwela,jzd,rucaachi' scuèla,v,VP,vA:caus,-u-kaachi skwe*la
ukaachilu,jzd,rucaachi'lu,v,EJG;JLC;ND;RLC;VP,vA:caus,-u-kaachi=lu
ukaachiludeskwela,jzd,rucaachi'lu de scuèla,v,JLC;RLC;VP,vA:caus,-u-kaachi=lu de+ skwe*la
ukaanarwaa,jzd,rucaana' ruaa,v,EJG,vA:caus,-u-kaana rwaa
ukabi,jzd,rucabì,v,ND,vA:caus,-u-kabi*
ukawi,jzd,rucahuì,v,JLC;RLC,vA:caus,-u-kawi*
uketa,jzd,ruqueta,v,RLC;VP,vA:caus,-u-keta
ukichi,jzd,ruquichi,v,JLC;RLC;VP,vA:caus,-u-kichi
ukidxina7,jzd,ruquidxìnà',v,JLC;RLC,vA:caus,-u-kidxi*=na*7
ukii,jzd,ruquiì,v,EJG;ND;VP,vA:caus,-u-kii*
ukiichilaya,jzd,ruquiichi'laya,v,RGL,vA:caus,-u-kiichi=laya
ukiinde,jzd,ruquiindè',v,EJG;JLC;ND;RLC;VP,vA:caus,-u-kiinde*
ukiindela7dxi,jzd,ruquiindè'la'dxi',v,EJG;JLC;ND;RLC;VP,vA:caus,-u-kiinde*=la7dxi
ukuuxu,jzd,rucuuxhu',v,EJG,vA:caus,-u-kuuxu
ukwaani,jzd,rucuaani',v,EJG;ND;RGL;RLC;VP,vA:caus,-u-kw.aani
ukweeza,jzd,rucueezà',v,EJG;JLC;RGL;VP,vA:caus,-u-kw.eeza*
ukweezarwaa,jzd,rucueezà' ruaa,v,JLC,vA:caus,-u-kw.eeza* # rwaa
ukweezadxi,jzd,rucueeza'dxì,v,JLC,vA:caus,-u-kw.eeza=dxi*
ukwi,jzd,rucui,v,EJG;JLC;ND;RGL;RLC;VC;VP,vA:caus,-u-kw.i
ukwibataadenrlc09,jzd,rucui bataà,v,JLC,vA:caus,-u-kw.i # ba-taa* DEN:RLC09
ukwide,jzd,rucui de,v,RLC,vA:caus,-u-kw.i # de
ukwigidi,jzd,rucui guidi,v,RLC,vA:caus,-u-kw.i # gidi
ukwigizhi,jzd,rucui guixi,v,JLC;RLC;VC,vA:caus,-u-kw.i # gizhi
ukwindani,jzd,rucui ndàni,v,EJG;JLC;RLC;VP,vA:caus,-u-kw.i # nda*ni
ukwinduni,jzd,rucui ndùni,v,JLC;RLC,vA:caus,-u-kw.i # ndu*ni
ukwiyoo,jzd,rucui yoo,v,EJG;JLC,vA:caus,-u-kw.i # yoo
ukwisa,jzd,rucui sa,v,VC,vA:caus,-u-kw.i sa
ukwizha7na,jzd,rucui xa'na',v,VC,vA:caus,-u-kw.i zha7na
ukwidxi,jzd,rucuidxì,v,EJG;JLC;RLC,vA:caus,-u-kw.i=dxi*
ukwixke7la,jzd,rucuixque'la',v,EJG;RLC,vA:caus,-u-kw.i=x.ke7la
ukwaagu,jzd,rucuaagù',v,EJG;VP,vA:caus,-u-kwaagu*
ukwaana,jzd,rucuaanà',v,EJG;ND;VC,vA:caus,-u-kwaana*
ukwaata,jzd,rucuaata',v,EJG,vA:caus,-u-kwaata
ukwaku,jzd,rucuacu,v,JLC,vA:caus,-u-kwaku
ulidxi,jzd,rulidxi,v,EJG;JLC;ND;VP,vA:caus,-u-l.idxi
ula,jzd,rula,v,EJG;JLC;ND;RLC;VP,vA:caus,-u-la
ulaa,jzd,rulaa,v,EJG;ND;RLC;VP,vA:caus,-u-laa
ulaadiidxa,jzd,rulaa diidxa',v,VC,vA:caus,-u-laa # diidxa
ulaaike,jzd,rulaaique,v,EJG;RLC;VC,vA:caus,-u-laa=ike
ulaana7,jzd,rulaanà',v,EJG;RGL;VP,vA:caus,-u-laa=na*7
ulaanyee,jzd,rulaañee,v,EJG;RLC;VC,vA:caus,-u-laa=nyee
ulaazha7na,jzd,rulaaxa'na',v,EJG;RLC;VC,vA:caus,-u-laa=zha7na
ulaazhi7ke,jzd,rulaaxi'que',v,VC,vA:caus,-u-laa=zhi7ke
ulaazhii,jzd,rulaaxii,v,VC,vA:caus,-u-laa=zhii
ulaadxi,jzd,rulaadxi',v,EJG;JLC;RLC;VP,vA:caus,-u-laadxi
ulaadxibi7ku,jzd,rulaadxi' bi'cu',v,EJG,vA:caus,-u-laadxi # bi7ku
ulaaga,jzd,rulaaga',v,EJG;JLC;RLC,vA:caus,-u-laaga
ulaaya,jzd,rulaayà',v,EJG,vA:caus,-u-laaya*
ulabi,jzd,rulabi,v,EJG;JLC;RGL;RLC;VP,vA:caus,-u-labi
ule,jzd,rule,v,ND;RGL;RLC,vA:caus,-u-le
uleyu,jzd,rule yu,v,EJG,vA:caus,-u-le yu
ulwi7,jzd,rului',v,EJG;JLC;ND;RGL;RLC;VP,vA:caus,-u-lwi7
ulwi7na7,jzd,rului' nà',v,RLC,vA:caus,-u-lwi7 na*7
ulwi7la7dxi,jzd,rului'la'dxi',v,EJG;JLC;RLC;VP,vA:caus,-u-lwi7=la7dxi
undaate,jzd,rundaate',v,EJG;JLC;RGL;RLC;VP,vA:caus,-u-n.daate
uniibi,jzd,runiibì',v,EJG;JLC;ND;RGL;RLC;VP,vA:caus,-u-n.iibi*
uniibiike,jzd,runiibì' ique,v,RGL;RLC,vA:caus,-u-n.iibi* # ike
undaawa,jzd,rundaahuà',v,EJG;RLC;VP,vA:caus,-u-nd.aawa*
undiibi,jzd,rundiibì',v,EJG;JLC;RGL;RLC;VP,vA:caus,-u-nd.iibi*
unduuba,jzd,runduuba',v,EJG;JLC;RGL;VP,vA:caus,-u-nd.uuba
unduuzhe,jzd,runduuxe',v,EJG;RGL;RLC;VP,vA:caus,-u-nd.uuzhe
undaa,jzd,rundaa,v,EJG;ND;RGL;RLC;VP,vA:caus,-u-ndaa
undaacha,jzd,rundaacha',v,JLC;RLC;VP,vA:caus,-u-ndaacha
undaachi,jzd,rundaachi',v,EJG;JLC;ND;RGL;RLC;VP,vA:caus,-u-ndaachi
undaachiskwella,jzd,rundaachi' scuèla,v,EJG;JLC;RLC,vA:caus,-u-ndaachi # skwe*lla
undaatexxiinya,jzd,rundaate' xhiiña',v,EJG;RLC,vA:caus,-u-ndaate # x.xiinya
undapizhii,jzd,rundapí'xii,v,EJG;JLC;ND;RLC;VP,vA:caus,-u-ndapi!'=zhii
undapi7,jzd,rundapí',v,EJG;JLC;ND;VP,vA:caus,-u-ndapi!7
undapi7dxita,jzd,rundapí'dxita,v,EJG;ND,vA:caus,-u-ndapi!7=dxita
undapi7kwaana,jzd,rundapí'cuaana',v,EJG;ND,vA:caus,-u-ndapi!7=kwaana
undizi7,jzd,rundizí',v,EJG;RLC,vA:caus,-u-ndizi!7
undubi,jzd,rundubì,v,EJG;JLC;RGL;RLC;VP,vA:caus,-u-ndubi*
undupixkaana,jzd,rundupì xcaana',v,EJG,vA:caus,-u-ndupi* x.kaana
une7,jzd,rune',v,EJG;JLC;ND;RLC;VP,vA:caus,-u-ne7
ungi,jzd,runguì,v,EJG,vA:caus,-u-ngi*
uniibidxacha,jzd,runiibì'dxacha,v,EJG;RLC,vA:caus,-u-niibi*=dxacha
uniibinyee,jzd,runiibì'ñee,v,JLC;RLC,vA:caus,-u-niibi*=nyee
uniidxi,jzd,runiidxì',v,EJG;JLC;ND;RGL;RLC;VC;VP,vA:caus,-u-niidxi*
uniipi,jzd,runiipì',v,EJG;JLC;ND;RGL;RLC;VP,vA:caus,-u-niipi*
uniti,jzd,runiti,v,EJG;JLC;ND;RLC;VP,vA:caus,-u-niti
unitigendabyaani,jzd,runiti guendabiaani',v,EJG;ND,vA:caus,-u-niti # genda+ b.y.aani
unitilu,jzd,runiti lu,v,EJG,vA:caus,-u-niti # lu
unitilu-2,jzd,runitilu,v,EJG;JLC;ND;RLC;VP,vA:caus,-u-niti=lu
uraa,jzd,ruraà,v,EJG;JLC;ND;RGL;RLC;VP,vA:caus,-u-raa*
uraaladi,jzd,ruraà ladi,v,JLC;RLC,vA:caus,-u-raa* # ladi
uraayaga,jzd,ruraà yaga,v,EJG;RLC,vA:caus,-u-raa* # yaga
urii,jzd,rurii,v,EJG;ND;VC,vA:caus,-u-rii
uriixi,jzd,ruriixhì',v,EJG;ND,vA:caus,-u-riixi*
uroote,jzd,rurootè',v,EJG;ND;RLC,vA:caus,-u-roote*
uru,jzd,ruru,v,EJG;JLC;ND;RGL;RLC;VP,vA:caus,-u-ru
uruba,jzd,rurubà,v,EJG;RGL;RLC;VP,vA:caus,-u-ruba*
urubanisa,jzd,rurubà nisa,v,EJG;RLC,vA:caus,-u-ruba* # nisa
urubanisandaaya,jzd,rurubà nisa ndaaya',v,EJG,vA:caus,-u-ruba* # nisa ndaaya
uruuxa,jzd,ruruuxha',v,EJG;JLC;ND;VP,vA:caus,-u-ruuxa
usyakadxita,jzd,rusiaca dxita,v,EJG;JLC;VP,vA:caus,-u-s-y.aka dxita
usaana,jzd,rusaanà',v,EJG;RGL;RLC;VP,vA:caus,-u-s.aana*
usaanaka,jzd,rusaanà'cà,v,JLC;RLC,vA:caus,-u-s.aana* +ka*
usaanata7,jzd,rusaanà'ta',v,,vA:caus,-u-s.aana*=ta7
usaba,jzd,rusaba,v,EJG;JLC;RGL;RLC;VP,vA:caus,-u-s.aba
usabayaga,jzd,rusaba yaga,v,VC,vA:caus,-u-s.aba # yaga
usabazhiinyi,jzd,rusaba xiiñi',v,VC,vA:caus,-u-s.aba # zhiinyi
usabana7,jzd,rusabanà',v,RLC,vA:caus,-u-s.aba=na*7
useegu,jzd,ruseegu',v,EJG;RLC;VP,vA:caus,-u-s.eegu
useeguyoo,jzd,ruseegu'yoo,v,EJG;JLC;VP,vA:caus,-u-s.eegu=yoo
useenda,jzd,ruseenda',v,EJG;RGL;RLC;VP,vA:caus,-u-s.eenda
useendagendare7,jzd,ruseenda' guendare',v,EJG;RLC,vA:caus,-u-s.eenda # genda+ r.e7
useendaxpinni,jzd,ruseenda' xpinnì,v,EJG;RLC,vA:caus,-u-s.eenda # x.pinni*
useendazhwaana,jzd,ruseenda' xuaana',v,EJG;RLC,vA:caus,-u-s.eenda # zhwaana
useendagidxi,jzd,ruseenda'guìdxì,v,EJG;RLC;VC,vA:caus,-u-s.eenda=gi*dxi*
useendakaa,jzd,ruseenda'caà,v,VC,vA:caus,-u-s.eenda=kaa*
useendatidxi,jzd,ruseenda'tìdxì,v,JLC;RLC;VP,vA:caus,-u-s.eenda=ti*dxi*
useendayubi,jzd,ruseenda'yùbì,v,EJG;RLC,vA:caus,-u-s.eenda=yu*bi*
usiidi,jzd,rusiidi',v,EJG;ND;RGL;RLC;VP,vA:caus,-u-s.iidi
uswi7,jzd,rusui',v,JLC;RGL;RLC;VP,vA:caus,-u-s.wi7
usyaabi,jzd,rusiaabi',v,EJG;JLC;RLC;VP,vA:caus,-u-s.y.aabi
usyaadxa,jzd,rusiaadxa',v,EJG;JLC;RLC;VP,vA:caus,-u-s.y.aadxa
usyaanda,jzd,rusiaanda',v,EJG;JLC;RGL;RLC;VP,vA:caus,-u-s.y.aanda
usyaande,jzd,rusiaandè',v,JLC;RLC,vA:caus,-u-s.y.aande*
usyaandelu,jzd,rusiaandè' lu,v,EJG;RGL,vA:caus,-u-s.y.aande* # lu
usyaani,jzd,rusiaani',v,EJG;RLC;VP,vA:caus,-u-s.y.aani
usyaaniike,jzd,rusiaani' ique,v,EJG;RLC,vA:caus,-u-s.y.aani # ike
usyaanilu,jzd,rusiaani lu,v,EJG,vA:caus,-u-s.y.aani lu
usyaapa,jzd,rusiaapà',v,EJG;JLC;ND;RLC;VP,vA:caus,-u-s.y.aapa*
usyaasi,jzd,rusiaasi',v,EJG,vA:caus,-u-s.y.aasi
usyacha,jzd,rusiacha,v,EJG;JLC;RLC;VP,vA:caus,-u-s.y.acha
usyaka,jzd,rusiaca,v,EJG;JLC;VC;VP,vA:caus,-u-s.y.aka
usyakawati,jzd,rusiaca huatì,v,EJG,vA:caus,-u-s.y.aka wati*
usyalle7,jzd,rusialé',v,EJG;JLC;RLC,vA:caus,-u-s.y.alle!7
usyana,jzd,rusiana,v,EJG;JLC;RLC;VP,vA:caus,-u-s.y.ana
usyanda,jzd,rusianda,v,EJG;JLC;RGL;RLC;VP,vA:caus,-u-s.y.anda
usyati,jzd,rusiatì,v,JLC;ND;VP,vA:caus,-u-s.y.ati*
usyatinisa,jzd,rusiatì nisa,v,EJG;JLC;VC;VP,vA:caus,-u-s.y.ati* # nisa
usyawi,jzd,rusiahuì,v,RLC,vA:caus,-u-s.y.awi*
usyene,jzd,rusiene,v,EJG;JLC;RLC;VP,vA:caus,-u-s.y.ene
usyete,jzd,rusiete,v,JLC;RLC,vA:caus,-u-s.y.ete
usyetenala7dxi,jzd,rusietenala'dxi',v,EJG;VP,vA:caus,-u-s.y.ete=na-la7dxi
usyu7dxu,jzd,rusiu'dxu',v,EJG;JLC;RLC;VP,vA:caus,-u-s.y.u7dxu
usyuzhe,jzd,rusiuxe,v,JLC;RLC,vA:caus,-u-s.y.uzhe
usya,jzd,rusia,v,EJG;JLC;RGL;VP,vA:caus,-u-s.ya
usyabiri,jzd,rusia birì,v,RLC,vA:caus,-u-s.ya # bi-ri*
usya-2,jzd,rusià,v,EJG;RGL;RLC;VP,vA:caus,-u-s.ya*
usyane,jzd,rusiànè,v,RGL;RLC,vA:caus,-u-s.ya*=ne*
usyaa1,jzd,rusiaa,v,EJG;RLC;VP,vA:caus,-u-s.yaa
usyaa2,jzd,rusiaa,v,EJG;RLC;VP,vA:caus,-u-s.yaa
usyaalubi,jzd,rusiaà lu bi,v,RLC,vA:caus,-u-s.yaa* # lu bi
usyaase,jzd,rusiaase',v,EJG;JLC;RLC;VP,vA:caus,-u-s.yaase
usyaya,jzd,rusiaya,v,EJG;JLC;RLC;VP,vA:caus,-u-s.yaya
usyeche7,jzd,rusieché',v,EJG;JLC;RLC;VP,vA:caus,-u-s.yeche!7
usyenedyaga,jzd,rusienediaga,v,EJG,vA:caus,-u-s.yene=dyaga
usyenye,jzd,rusieñe,v,JLC,vA:caus,-u-s.yenye
usyo7xo,jzd,rusio'xho',v,EJG;JLC;ND;RLC;VP,vA:caus,-u-s.yo7xo
usyonde,jzd,rusionde,v,EJG;RLC;VC,vA:caus,-u-s.yonde
usyonna,jzd,rusionna,v,JLC;VC,vA:caus,-u-s.yonna
usyu7chu,jzd,rusiu'chu',v,RLC,vA:caus,-u-s.yu7chu
usyubi,jzd,rusiubì,v,JLC;RLC,vA:caus,-u-s.yubi*
usyuuba,jzd,rusiuuba',v,EJG;RLC;VP,vA:caus,-u-s.yuuba
usa,jzd,rusa,v,EJG;JLC;RGL;RLC;VP,vA:caus,-u-sa
usa7bi,jzd,rusá'bi',v,EJG;JLC;RGL;RLC;VP,vA:caus,-u-sa!7bi
usa7bidxita,jzd,rusá'bi' dxita,v,EJG;RLC,vA:caus,-u-sa!7bi # dxita
usa7bixxeela,jzd,rusá'bi'xheela',v,EJG;ND,vA:caus,-u-sa!7bi=x.xeela
usane,jzd,rusanè,v,RLC,vA:caus,-u-sa=ne*
usaniru,jzd,rusanìrù,v,JLC,vA:caus,-u-sa=ni*ru*
usaa,jzd,rusaa,v,EJG;JLC;RLC;VP,vA:caus,-u-saa
usaabeewu,jzd,rusaa beeù',v,EJG,vA:caus,-u-saa # beewu*
usaaiza,jzd,rusaa iza,v,EJG,vA:caus,-u-saa # iza
usaaxtiidxa,jzd,rusaa xtiidxa',v,JLC;RLC,vA:caus,-u-saa # x.tiidxa
usaka,jzd,rusaca,v,EJG;RLC,vA:caus,-u-saka
usakawati,jzd,rusacahuatì,v,RLC,vA:caus,-u-saka=wati*
useendaganna,jzd,ruseenda' gànnà,v,EJG;RLC,vA:caus,-u-seenda # g.a*nna*
usibaa,jzd,rusibaà,v,RLC;VC,vA:caus,-u-si-baa*
usibaaza,jzd,rusibaazà',v,JLC;RLC,vA:caus,-u-si-baaza*
usibaba,jzd,rusibaba,v,EJG;JLC;RLC;VP,vA:caus,-u-si-baba
usiballi7,jzd,rusibalí',v,RLC,vA:caus,-u-si-balli!7
usibani,jzd,rusibanì,v,EJG;RLC;VP,vA:caus,-u-si-bani*
usibapa,jzd,rusibapa,v,VC,vA:caus,-u-si-bapa
usibe7,jzd,rusibè',v,EJG;JLC;RLC;VP,vA:caus,-u-si-be*7
usibiru,jzd,rusibìrù,v,JLC;RLC,vA:caus,-u-si-bi*ru*
usibiidi,jzd,rusibiidi',v,EJG;JLC;RGL;RLC,vA:caus,-u-si-biidi
usibumbu,jzd,rusibumbù,v,RLC,vA:caus,-u-si-bumbu*
usibumburwaa,jzd,rusibumbù ruaa,v,EJG;RLC,vA:caus,-u-si-bumbu* rwaa
usibupu,jzd,rusibupu,v,VC,vA:caus,-u-si-bupu
usichaaba,jzd,rusichaaba',v,EJG;JLC;ND;VP,vA:caus,-u-si-chaaba
usichaacha,jzd,rusichaacha',v,EJG;ND;RLC;VP,vA:caus,-u-si-chaacha
usichaani,jzd,rusichaani',v,JLC;RLC,vA:caus,-u-si-chaani
usichaawi,jzd,rusichaahui',v,EJG;JLC;ND;RLC;VC;VP,vA:caus,-u-si-chaawi
usichangalu,jzd,rusichangà lu,v,RLC;VC,vA:caus,-u-si-changa* # lu
usichangazha7na,jzd,rusichangà xa'na',v,RLC,vA:caus,-u-si-changa* # zha7na
usicheeche,jzd,rusicheeche',v,EJG;RLC,vA:caus,-u-si-cheeche
usichesa,jzd,rusichesa,v,EJG;JLC;ND;RLC;VP,vA:caus,-u-si-chesa
usichichi,jzd,rusichichì,v,RLC,vA:caus,-u-si-chichi*
usichidxilaya,jzd,rusichidxì laya,v,RLC;VP,vA:caus,-u-si-chidxi* # laya
usichiita,jzd,rusichiità',v,EJG;JLC,vA:caus,-u-si-chiita*
usichipa,jzd,rusichipa,v,EJG;ND;RLC,vA:caus,-u-si-chipa
usichipalaga,jzd,rusichipa laga,v,RGL,vA:caus,-u-si-chipa # laga
usichipalu,jzd,rusichipa lu,v,ND;RLC,vA:caus,-u-si-chipa # lu
usichonga,jzd,rusichonga,v,EJG;ND;RLC;VP,vA:caus,-u-si-chonga
usichuga,jzd,rusichuga,v,EJG;RLC,vA:caus,-u-si-chuga
usichungu,jzd,rusichungù,v,RLC,vA:caus,-u-si-chungu*
usichuuchu,jzd,rusichuuchu',v,EJG;JLC,vA:caus,-u-si-chuuchu
usichuundu,jzd,rusichuundu',v,EJG;ND;RGL;VP,vA:caus,-u-si-chuundu
usichwi7,jzd,rusichui',v,RLC,vA:caus,-u-si-chwi7
usiduutu,jzd,rusiduutu',v,JLC;RLC,vA:caus,-u-si-d.uutu
usida7da,jzd,rusidá'da',v,RLC,vA:caus,-u-si-da!7da
usida,jzd,rusidà,v,JLC;RLC,vA:caus,-u-si-da*
usidaa,jzd,rusidaa,v,JLC;RLC,vA:caus,-u-si-daa
usidachi,jzd,rusidachì,v,JLC;RLC,vA:caus,-u-si-dachi*
usidipa,jzd,rusidipa,v,RGL;RLC,vA:caus,-u-si-dipa
usido7,jzd,rusido',v,EJG;JLC;RLC;VP,vA:caus,-u-si-do7
usidubi,jzd,rusidubi,v,EJG;JLC;RGL;RLC;VP,vA:caus,-u-si-dubi
usidxaba7,jzd,rusidxabá',v,EJG;RLC,vA:caus,-u-si-dxaba!7
usidxaga,jzd,rusidxaga,v,EJG;RLC;VP,vA:caus,-u-si-dxaga
usidxeike,jzd,rusidxe ique,v,RLC,vA:caus,-u-si-dxe # ike
usidxe7,jzd,rusidxe',v,JLC,vA:caus,-u-si-dxe7
usidxi7ba,jzd,rusidxi'ba',v,EJG;JLC;RLC;VP,vA:caus,-u-si-dxi7ba
usidxiibi,jzd,rusidxiibi',v,RLC;VP,vA:caus,-u-si-dxiibi
usidxunu,jzd,rusidxunu,v,JLC;RLC,vA:caus,-u-si-dxunu
usiga7de,jzd,rusiga'de',v,EJG;RLC;VP,vA:caus,-u-si-g.a7de
usigaanda,jzd,rusigaanda',v,EJG;JLC;RGL;RLC;VP,vA:caus,-u-si-g.aanda
usigapa,jzd,rusigapà,v,JLC;VC;VP,vA:caus,-u-si-g.apa*
usiguuna,jzd,rusiguuna',v,EJG;JLC;RGL;RLC;VP,vA:caus,-u-si-g.uuna
usiguunda1,jzd,rusiguunda',v,EJG;RLC;VP,vA:caus,-u-si-g.uunda
usiguunda2,jzd,rusiguunda',v,EJG;RLC;VP,vA:caus,-u-si-g.uunda
usiga7,jzd,rusigá',v,JLC;RLC,vA:caus,-u-si-ga!7
usigaa,jzd,rusigaa,v,EJG;RGL;RLC;VP,vA:caus,-u-si-gaa
usigani,jzd,rusiganì,v,EJG;JLC;RLC;VP,vA:caus,-u-si-gani*
usiganna,jzd,rusiganna,v,JLC;RLC,vA:caus,-u-si-ganna
usige7dxe,jzd,rusigué'dxe',v,VC,vA:caus,-u-si-ge!7dxe
usigenda,jzd,rusiguenda,v,JLC;RLC;VP,vA:caus,-u-si-genda
usigendane,jzd,rusiguendanè,v,JLC;RLC,vA:caus,-u-si-genda=ne*
usigii,jzd,rusiguiì,v,EJG;JLC;RLC;VP,vA:caus,-u-si-gii*
usigola,jzd,rusigòla,v,EJG;RLC,vA:caus,-u-si-go*la
usiguudxi,jzd,rusiguudxì',v,EJG;RLC;VP,vA:caus,-u-si-guudxi*
usiguundage7tu,jzd,rusiguunda' gue'tu',v,JLC;VC;VP,vA:caus,-u-si-guunda # ge7tu
usiguundu,jzd,rusiguundu',v,EJG;JLC;RLC;VP,vA:caus,-u-si-guundu
usigwi,jzd,rusigüi,v,JLC,vA:caus,-u-si-gwi
usigye,jzd,rusiguie,v,RLC,vA:caus,-u-si-gye
usikuude,jzd,rusicuudè',v,RLC,vA:caus,-u-si-k.uude*
usikawi,jzd,rusicahuì,v,JLC;RLC,vA:caus,-u-si-kawi*
usikawidyaga,jzd,rusicahuì diaga,v,JLC;RLC,vA:caus,-u-si-kawi* # dyaga
usikichi,jzd,rusiquichi,v,EJG;RLC;VC;VP,vA:caus,-u-si-kichi
usikuuxu,jzd,rusicuuxhu',v,EJG;JLC;RGL;RLC;VP,vA:caus,-u-si-kuuxu
usikwaata,jzd,rusicuaata',v,EJG;JLC,vA:caus,-u-si-kwaata
usikwaatadyaga,jzd,rusicuaata' diaga,v,EJG;JLC;RLC;VP,vA:caus,-u-si-kwaata # dyaga
usikwanda,jzd,rusicuandà,v,RLC,vA:caus,-u-si-kwanda*
usikwexke,jzd,rusicuexhquè,v,RLC,vA:caus,-u-si-kwexke*
usikwixi7,jzd,rusicuixhi',v,EJG;ND;RLC,vA:caus,-u-si-kwixi!7
usilase,jzd,rusilase,v,EJG;JLC;RLC;VP,vA:caus,-u-si-l.ase
usila7dxi,jzd,rusila'dxi',v,RLC,vA:caus,-u-si-la7dxi
usilaga,jzd,rusilaga,v,EJG;JAR;VP,vA:caus,-u-si-laga
usilana,jzd,rusilana,v,VC,vA:caus,-u-si-lana
usilollo,jzd,rusilolò,v,VC,vA:caus,-u-si-lollo*
usimboota,jzd,rusimboòtà',v,RLC,vA:caus,-u-si-mboo*ta*
usimboolo,jzd,rusimboolo',v,RLC,vA:caus,-u-si-mboolo
usimuku,jzd,rusimúcu,v,RLC;VP,vA:caus,-u-si-mu!ku
usina,jzd,rusinà,v,EJG;JLC;RLC;VP,vA:caus,-u-si-na*
usinaa,jzd,rusinaà,v,JLC;RLC,vA:caus,-u-si-naa*
usinaadi,jzd,rusinaadi',v,RLC,vA:caus,-u-si-naadi
usinadxi,jzd,rusinadxì,v,EJG,vA:caus,-u-si-nadxi*
usinda7,jzd,rusindá',v,EJG;JLC;RLC;VP,vA:caus,-u-si-nda!7
usinda7-2,jzd,rusindà',v,EJG;RLC;VP,vA:caus,-u-si-nda*7
usinda7-3,jzd,rusinda',v,JLC;RLC,vA:caus,-u-si-nda7
usinda7yu7,jzd,rusinda'yù',v,RLC,vA:caus,-u-si-nda7=yu*7
usindaa,jzd,rusindaa,v,EJG;RLC;VP,vA:caus,-u-si-ndaa
usindaabi,jzd,rusindaabi',v,EJG;JLC;RLC;VP,vA:caus,-u-si-ndaabi
usindaana,jzd,rusindaanà',v,EJG;JLC;RLC;VP,vA:caus,-u-si-ndaana*
usindani,jzd,rusindani,v,JLC;RLC,vA:caus,-u-si-ndani
usinene,jzd,rusinenè,v,RLC,vA:caus,-u-si-nene*
usingiili,jzd,rusinguiìlì',v,EJG;JLC;RLC,vA:caus,-u-si-ngii*li*
usingola,jzd,rusingola,v,EJG;RLC;VP,vA:caus,-u-si-ngola
usingweza,jzd,rusingüèzà,v,JLC;RLC,vA:caus,-u-si-ngwe*za*
usini7,jzd,rusini',v,EJG;JLC;RLC;VP,vA:caus,-u-si-ni7
usinigi7ri,jzd,rusinigui'ri',v,EJG;RLC;VC;VP,vA:caus,-u-si-ni=gi7ri
usiniisi,jzd,rusiniisì',v,EJG;JLC;RLC;VP,vA:caus,-u-si-niisi*
usiniti,jzd,rusiniti,v,RGL;RLC,vA:caus,-u-si-niti
usipaampa,jzd,rusipaàmpà',v,RLC,vA:caus,-u-si-paa*mpa*
usipaapa,jzd,rusipaapa',v,JLC;RLC,vA:caus,-u-si-paapa
usipaaxu,jzd,rusipaaxhù',v,EJG;RLC;VP,vA:caus,-u-si-paaxu*
usipapa,jzd,rusipapa,v,RLC,vA:caus,-u-si-papa
usipoota,jzd,rusipoòtà',v,RLC,vA:caus,-u-si-poo*ta*
usira,jzd,rusira,v,EJG;RLC;VP,vA:caus,-u-si-ra
usiracha,jzd,rusiracha,v,EJG;RLC;VP,vA:caus,-u-si-racha
usiriga,jzd,rusiriga,v,VC,vA:caus,-u-si-riga
usirolla,jzd,rusirolà,v,JLC;RLC,vA:caus,-u-si-rolla*
usirooba,jzd,rusirooba',v,EJG;RLC;VP,vA:caus,-u-si-rooba
usiroote,jzd,rusirootè',v,JLC;ND;VC,vA:caus,-u-si-roote*
usiropa,jzd,rusiropa,v,EJG;ND;RLC;VP,vA:caus,-u-si-ropa
usiru,jzd,rusiru,v,JLC;RLC,vA:caus,-u-si-ru
usisyaasi,jzd,rusisiaasi',v,EJG;JLC;RLC;VP,vA:caus,-u-si-s.y.aasi
usisaka,jzd,rusisaca,v,EJG;JLC;RLC;VC;VP,vA:caus,-u-si-saka
usisisi,jzd,rusisisi,v,EJG;JLC;RLC;VP,vA:caus,-u-si-sisi
usisoo,jzd,rusisoo,v,EJG;RLC;VP,vA:caus,-u-si-soo
usitaaba,jzd,rusitaaba',v,EJG;ND;RLC;VP,vA:caus,-u-si-taaba
usitaaka,jzd,rusitaacà',v,EJG;ND,vA:caus,-u-si-taaka*
usitaata,jzd,rusitaata',v,EJG;RLC;VP,vA:caus,-u-si-taata
usiteede,jzd,rusiteedè',v,EJG;ND;RLC,vA:caus,-u-si-teede*
usitende,jzd,rusitendè,v,EJG;ND;RLC,vA:caus,-u-si-tende*
usitipa,jzd,rusitipa,v,EJG;JLC;ND;RLC;VP,vA:caus,-u-si-tipa
usitipi,jzd,rusitipi,v,EJG;RLC,vA:caus,-u-si-tipi
usituumbu,jzd,rusituumbu',v,RGL;RLC,vA:caus,-u-si-tuumbu
usituutu,jzd,rusituutu',v,EJG;ND;RLC,vA:caus,-u-si-tuutu
usitwilu,jzd,rusitui lu,v,EJG;RGL;RLC;VP,vA:caus,-u-si-twi # lu
usiwaawa,jzd,rusihuaahua',v,EJG;RLC;VP,vA:caus,-u-si-waawa
usiwati,jzd,rusihuatì,v,EJG;RLC;VP,vA:caus,-u-si-wati*
usiwelu,jzd,rusihuèlu,v,EJG;VC,vA:caus vers,-u-si-we*lu
usiwii,jzd,rusihuii,v,EJG;VC,vA:caus,-u-si-wii
usiwiini,jzd,rusihuiini',v,EJG;RLC;VP,vA:caus,-u-si-wiini
usiwinni,jzd,rusihuinnì,v,EJG;RLC;VP,vA:caus,-u-si-winni*
usixana,jzd,rusixhana,v,JLC;RLC;VC,vA:caus,-u-si-x.ana
usixidxi,jzd,rusixhidxi,v,RLC,vA:caus,-u-si-x.idxi
usixyazhi7,jzd,rusixhiaxí',v,JLC;RLC,vA:caus,-u-si-x.ya=zhi!7
usixakala7dxi,jzd,rusixhacala'dxi',v,JLC;RLC;VC;VP,vA:caus,-u-si-xaka=la7dxi
usixii,jzd,rusixhii,v,EJG;RLC,vA:caus,-u-si-xii
usixixi,jzd,rusixhixhì,v,JLC;RLC,vA:caus,-u-si-xixi*
usixuuna,jzd,rusixhuuna',v,EJG;JLC;RLC;VP,vA:caus,-u-si-xuuna
usixuxu,jzd,rusixhuxhù,v,EJG;RLC;VP,vA:caus,-u-si-xuxu*
usiyaa,jzd,rusiyaà,v,EJG;JLC;RLC;VP,vA:caus,-u-si-yaa*
usiyi7,jzd,rusiyì',v,EJG;RLC;VP,vA:caus,-u-si-yi*7
usizaani,jzd,rusizaani',v,RGL;RLC,vA:caus,-u-si-z.aani
usizabi,jzd,rusizabì,v,JLC;RLC,vA:caus,-u-si-zabi*
usizelle7,jzd,rusizelé',v,EJG;JLC;RLC;VP,vA:caus,-u-si-zelle!7
usizheexe,jzd,rusixeexhe',v,JLC;RLC,vA:caus,-u-si-zheexe
usizhi,jzd,rusixi,v,EJG;RLC,vA:caus,-u-si-zhi
usizhibi,jzd,rusixibi,v,VC;VP,vA:caus,-u-si-zhibi
usizhidxi,jzd,rusixidxì,v,EJG;JLC;RLC;VP,vA:caus,-u-si-zhidxi*
usizhoo,jzd,rusixoo,v,EJG;RLC,vA:caus,-u-si-zhoo
usizhoonye,jzd,rusixooñe',v,EJG;JLC;ND;RLC;VP,vA:caus,-u-si-zhoonye
usizhundxi,jzd,rusixùndxì,v,RLC,vA:caus,-u-si-zhu*ndxi*
usizhye7,jzd,rusixié',v,EJG;RLC,vA:caus,-u-si-zhye!7
usizhyee,jzd,rusixieè,v,EJG;RLC;VP,vA:caus,-u-si-zhyee*
usizuumba,jzd,rusizuumba',v,RLC,vA:caus,-u-si-zuumba
usizya7,jzd,rusizia',v,RLC,vA:caus,-u-si-zya7
usiiwi,jzd,rusiihui',v,EJG,vA:caus,-u-siiwi
usucheepa,jzd,rusucheepa',v,EJG;JLC;ND;RLC,vA:caus,-u-su-cheepa
usuchuku,jzd,rusuchucu,v,EJG;RLC;VP,vA:caus,-u-su-chuku
usude,jzd,rusude,v,EJG;JLC;ND;RLC;VC,vA:caus,-u-su-de
usugatinisa,jzd,rusugatì nisa,v,RLC,vA:caus,-u-su-g.ati* # nisa
usuginde,jzd,rusuguinde,v,JLC,vA:caus,-u-su-ginde
utaabi,jzd,rutaabì',v,EJG;JLC;ND;RLC;VP,vA:caus,-u-t.aabi*
utaabigiiba,jzd,rutaabì' guiiba',v,EJG,vA:caus,-u-t.aabi* # giiba
utaabigiichi,jzd,rutaabì' guiichì',v,EJG;RLC,vA:caus,-u-t.aabi* # giichi*
utaagu,jzd,rutaagu',v,EJG;JLC;ND;RLC;VP,vA:caus,-u-t.aagu
utaaguneza,jzd,rutaagu' neza,v,EJG;RLC,vA:caus,-u-t.aagu # neza
utaaguna7,jzd,rutaagu'nà',v,EJG,vA:caus,-u-t.aagu=na*7
utaagusaa,jzd,rutaagu'saa,v,EJG;RLC,vA:caus,-u-t.aagu=saa
utaaguyoo,jzd,rutaagu'yoo,v,EJG,vA:caus,-u-t.aagu=yoo
utaata,jzd,rutaata',v,JLC;RLC,vA:caus,-u-t.aata
utalle,jzd,rutalè,v,EJG;JLC;ND;VP,vA:caus,-u-t.alle*
uteegu,jzd,ruteegu',v,JLC;RGL;RLC,vA:caus,-u-t.eegu
utiinye,jzd,rutiiñe',v,EJG;JLC;ND;VP,vA:caus,-u-t.iinye
utinde,jzd,rutindè,v,EJG;JLC;ND;RLC;VP,vA:caus,-u-t.inde*
utoo,jzd,rutoo,v,EJG;JLC;ND;RLC;VP,vA:caus,-u-t.oo
utooya,jzd,rutooyà',v,RLC,vA:caus,-u-t.oo=ya*
utyee,jzd,rutiee,v,EJG;JLC;ND;RGL;RLC;VC;VP,vA:caus,-u-t.yee
utaaba,jzd,rutaaba',v,EJG,vA:caus,-u-taaba
utaadxi,jzd,rutaadxi',v,EJG;RLC,vA:caus,-u-taadxi
utaaka,jzd,rutaacà',v,EJG;RLC,vA:caus,-u-taaka*
utibi,jzd,rutibì,v,EJG,vA:caus,-u-tibi*
utiidi,jzd,rutiidi',v,EJG;JLC;ND;RGL;RLC;VP,vA:caus,-u-tiidi
utiidiba7du,jzd,rutiidi' ba'du',v,EJG;ND;RLC,vA:caus,-u-tiidi # ba7du
utiidinyee,jzd,rutiidi' ñee,v,ND;RGL;RLC,vA:caus,-u-tiidi # nyee
utiidilaaga,jzd,rutiidi'laaga',v,RLC,vA:caus,-u-tiidi=laaga
utiidina7,jzd,rutiidi'nà',v,EJG;VC,vA:caus,-u-tiidi=na*7
utiiki,jzd,rutiiquì',v,EJG;FSL;JLC;ND;VC;VP,vA:caus,-u-tiiki*
utiipi,jzd,rutiipì',v,EJG;JLC;ND;RLC;VP,vA:caus,-u-tiipi*
utiixi,jzd,rutiixhì',v,EJG;JLC;ND;VP,vA:caus,-u-tiixi*
utipa,jzd,rutipa,v,,vA:caus,-u-tipa
utopa,jzd,rutopà,v,EJG;JLC;ND;RLC;VP,vA:caus,-u-topa*
utopaba7du,jzd,rutopà ba'du',v,EJG;RLC,vA:caus,-u-topa* # ba7du
utopadiidxa,jzd,rutopà diidxa',v,EJG;ND;RLC,vA:caus,-u-topa* # diidxa
utopadiinye,jzd,rutopà diiñe',v,EJG;ND;RLC,vA:caus,-u-topa* # diinye
utopagizhi,jzd,rutopà guixi,v,EJG;JLC;ND;RLC,vA:caus,-u-topa* # gizhi
utopayaga,jzd,rutopà yaga,v,EJG,vA:caus,-u-topa* # yaga
utopala7si,jzd,rutopàla'sì',v,EJG;RLC,vA:caus,-u-topa* la7 +si*
utopagidxa,jzd,rutopàguidxa,v,EJG;ND;RLC,vA:caus,-u-topa*=gidxa
utopajlaagu,jzd,rutopàxlaagu',v,EJG;RLC,vA:caus,-u-topa*=j.laagu
utopalu,jzd,rutopàlu,v,EJG;JLC;ND;RLC;VC;VP,vA:caus,-u-topa*=lu
utopana7,jzd,rutopànà',v,EJG;ND;RLC,vA:caus,-u-topa*=na*7
utopazhoo,jzd,rutopàxoo,v,EJG,vA:caus,-u-topa*zhoo
utubi,jzd,rutubì,v,EJG;JLC;ND;RGL;RLC;VP,vA:caus,-u-tubi*
utubiyu,jzd,rutubì yu,v,EJG;ND,vA:caus,-u-tubi* # yu
utubina7,jzd,rutubìnà',v,EJG,vA:caus,-u-tubi*=na*7
utuuba,jzd,rutuuba',v,EJG;JLC;ND;RLC;VP,vA:caus,-u-tuuba
utuxu,jzd,rutuxhu,v,EJG;JLC;ND;RGL;RLC;VP,vA:caus vers,-u-tuxu
utuxubi7ku,jzd,rutuxhù (bi'cu'),v,EJG;JLC;ND;RLC;VC;VP,vA:caus,-u-tuxu* (# bi7ku)
utwilu,jzd,rutui lu,v,JLC;RLC,vA:caus,-u-twi # lu
utyeelu,jzd,rutiee lu,v,EJG;ND,vA:caus,-u-tyee # lu
uxaata,jzd,ruxhaata',v,EJG;JLC;ND;RLC;VC;VP,vA:caus,-u-x.aata
uxadxe7,jzd,ruxhadxé',v,EJG;ND;RLC;VP,vA:caus,-u-x.adxe!7
uxage7,jzd,ruxhagué',v,EJG;RLC;VP,vA:caus,-u-x.age!7
uxalle7,jzd,ruxhalé',v,EJG;JLC;ND;RGL;RLC;VP,vA:caus,-u-x.alle!7
uxedxe7,jzd,ruxhedxé',v,EJG,vA:caus,-u-x.edxe!7
uxidxi,jzd,ruxhidxi,v,EJG;JLC;ND;RGL;RLC;VC;VP,vA:caus,-u-x.idxi
uxii,jzd,ruxii,v,EJG;JLC;ND;RGL;RLC;VP,vA:caus,-u-x.ii
uxii-2,jzd,ruxhiì,v,EJG;JLC;ND;RGL;RLC;VP,vA:caus,-u-x.ii*
uxiinye,jzd,ruxhiiñe',v,EJG;JLC;ND;RLC;VC;VP,vA:caus,-u-x.iinye
uxudxi,jzd,ruxhudxi,v,EJG;JLC;ND;VP,vA:caus,-u-x.udxi
uxundxi,jzd,ruxhundxì,v,RLC,vA:caus,-u-x.undxi*
uxupi,jzd,ruxhupi,v,RLC,vA:caus,-u-x.upi
uxuubadonda,jzd,ruxhuuba'donda,v,EJG;JLC;ND;RLC;VC;VP,vA:caus,-u-x.uuba=donda
uxuubakwiini,jzd,ruxhuuba'cuiini',v,EJG;ND;RLC;VC;VP,vA:caus,-u-x.uuba=kwiini
uxuuna,jzd,ruxhuuna',v,EJG;ND;RLC,vA:caus,-u-x.uuna
uxa,jzd,ruxha,v,EJG;ND;RLC;VP,vA:caus,-u-xa
uxaatayuze,jzd,ruxhaata' yùzè,v,EJG;JLC;RLC;VP,vA:caus,-u-xaata # yu*ze*
uxaatana7,jzd,ruxhaata'nà',v,EJG;RLC;VC,vA:caus,-u-xaata=na*7
uxaatanyee,jzd,ruxhaata'ñee,v,EJG;JLC;RGL;RLC;VC;VP,vA:caus,-u-xaata=nyee
uxaku,jzd,ruxhacu,v,RLC,vA:caus,-u-xaku
uxeembe,jzd,ruxheembe',v,EJG;ND,vA:caus,-u-xeembe
uxeemberwaa,jzd,ruxheembe' ruaa,v,EJG,vA:caus,-u-xeembe # rwaa
uxexe,jzd,ruxhexhe,v,EJG;JLC;ND;RGL;VP,vA:caus,-u-xexe
uxirini,jzd,ruxhirini,v,EJG;JLC;ND;RLC;VP,vA:i,-u-xi=rini
uxidxina7,jzd,ruxhidxinà',v,EJG;JLC;ND;RLC;VP,vA:caus,-u-xidxi=na*7
uxidxirwaa,jzd,ruxhidxiruaa,v,EJG;JLC;RLC,vA:caus,-u-xidxi=rwaa
uxii-3,jzd,ruxii,v,EJG;JLC;ND;RGL;RLC;VP,vA:caus,-u-xii
uxiidoo,jzd,ruxhii doo,v,EJG,vA:caus,-u-xii # doo
uxiiike,jzd,ruxhii ique,v,EJG;RLC,vA:caus,-u-xii # ike
uxiindaani,jzd,ruxhii ndaani',v,EJG;JLC;VP,vA:caus,-u-xii # ndaani
uxiiyanni,jzd,ruxhii yanni,v,JLC;VP,vA:caus,-u-xii # yanni
uxiizhii,jzd,ruxhii xii,v,EJG;RGL;RLC;VP,vA:caus,-u-xii # zhii
uxiidi,jzd,ruxhiidi',v,RLC,vA:caus,-u-xiidi
uxuubabere,jzd,ruxhuuba' bere,v,EJG;JLC;ND;RLC;VC;VP,vA:caus,-u-xuuba # bere
uxuubageta,jzd,ruxhuuba' gueta,v,EJG;ND,vA:caus,-u-xuuba # geta
uxuubalaga,jzd,ruxhuuba' laga,v,EJG;ND;RGL;VC,vA:caus,-u-xuuba laga
uxuubalu,jzd,ruxhuuba' lu,v,VC,vA:caus,-u-xuuba lu
uxuubirii,jzd,ruxhuubì' rii,v,EJG;ND,vA:caus,-u-xuubi* rii
uxuunilu,jzd,ruxhuuni' lu,v,EJG;JLC;ND;RLC;VP,vA:caus,-u-xuuni # lu
uxuxu,jzd,ruxhuxhù,v,EJG;JLC;ND;RLC;VP,vA:caus,-u-xuxu*
uxya,jzd,ruxhia,v,EJG;JLC;RLC;VP,vA:caus,-u-xya
uyaa,jzd,ruyaà,v,EJG;JLC;ND;RGL;RLC;VP,vA:caus,-u-yaa*
uyaana,jzd,ruyaana',v,EJG;JLC;ND;RLC;VP,vA:caus,-u-yaana
uyaanaba7dxi,jzd,ruyaana' bá'dxi',v,RLC,vA:caus,-u-yaana # ba!7dxi
uyaanaxpinni,jzd,ruyaana' xhpinnì,v,JLC;RLC,vA:caus,-u-yaana # x-pinni*
uyaanaxi,jzd,ruyaana'xhì,v,JLC;RLC,vA:caus,-u-yaana=xi*
uyubi,jzd,ruyubì,v,EJG;JLC;ND;RLC;VC;VP,vA:caus,-u-yubi*
uyubidiidxa,jzd,ruyubì diidxa',v,JLC;RLC,vA:caus,-u-yubi* # diidxa
uyubimodogibani,jzd,ruyubì mòdo (gu)ibànì,v,JLC;RLC,vA:caus,-u-yubi* # mo*do (g)i-ba*ni*
uyubinezagibani,jzd,ruyubì neza guibànì,v,JLC;RLC,vA:caus,-u-yubi* # neza gi-ba*ni*
uza7,jzd,ruza',v,EJG;JLC;ND;RLC;VP,vA:caus,-u-z.a7
uzaaki,jzd,ruzaaqui',v,EJG;JLC;ND;RGL;RLC;VP,vA:caus,-u-z.aaki
uzaande,jzd,ruzaande',v,RGL;RLC;VP,vA:caus,-u-z.aande
uzaandezhuba7niyaa,jzd,ruzaande' xubá' niyaà,v,EJG;JLC;RLC,vA:caus,-u-z.aande # zhuba!7 ni-yaa*
uzaandenyeyaa,jzd,ruzaande' ñè yaa,v,EJG;RLC,vA:caus,-u-z.aande nye* yaa
uzaandezhubaande,jzd,ruzaande' xubáande,v,EJG,vA:caus,-u-z.aande zhub=a!ande
uzaani,jzd,ruzaani',v,EJG;JLC;ND;RGL;RLC;VP,vA:caus,-u-z.aani
uzaanitipa,jzd,ruzaani'tipa,v,EJG;JLC;ND,vA:caus,-u-z.aani=tipa
uzeechu,jzd,ruzeechu',v,EJG;JLC;ND;RLC;VP,vA:caus,-u-z.eechu
uzeechugizhi,jzd,ruzeechu' guixi,v,EJG;ND;VC;VP,vA:caus,-u-z.eechu # gizhi
uzeeke,jzd,ruzeeque',v,EJG;JLC;ND;RLC;VP,vA:caus,-u-z.eeke
uzeekendaani,jzd,ruzeeque'ndaani',v,JLC;RLC,vA:caus,-u-z.eeke=ndaani
uzeete,jzd,ruzeete',v,EJG;JLC;ND;RGL;RLC;VP,vA:caus,-u-z.eete
uzwiixkizhi,jzd,ruzuiì xquixi,v,EJG;RLC,vA:caus,-u-z.wii* # x.kizhi
uzanirumalaya,jzd,ruzanìrù malàya,v,JLC,vA:caus,-u-za=ni*ru* # ma-la*ya
uzaa,jzd,ruzaa,v,EJG;JLC;ND;RGL;RLC;VC;VP,vA:caus,-u-zaa
uzaabeguike,jzd,ruzaa begù (ique),v,EJG;JLC;RGL;RLC;VP,vA:caus,-u-zaa # begu* (ike)
uzaabizhuga,jzd,ruzaa bixugà,v,EJG;JLC;ND;RGL;RLC;VP,vA:caus,-u-zaa # bi-zhuga*
uzaafluuchi,jzd,ruzaa fluùchì',v,EJG;RLC;VC,vA:caus,-u-zaa # fluu*chi*
uzaanisa,jzd,ruzaa nisa,v,EJG;JLC;VP,vA:caus,-u-zaa # nisa
uzaayanni,jzd,ruzaa yanni,v,EJG;RLC,vA:caus,-u-zaa # yanni
uzaala7dxi,jzd,ruzaa la'dxi',v,EJG;VP,vA:caus,-u-zaa la7dxi
uzaabinabi,jzd,ruzaabi'nabì,v,EJG;RLC,vA:caus,-u-zaa=bi-nabi*
uzaana7,jzd,ruzaanà',v,EJG;RLC,vA:caus,-u-zaa=na*7
uzaarwaa,jzd,ruzaaruaa,v,EJG;JLC;RLC;VC,vA:caus,-u-zaa=rwaa
uzaabi,jzd,ruzaabi',v,EJG;JLC;ND;RLC;VP,vA:caus,-u-zaabi
uzaabidiidxa,jzd,ruzaabi' diidxa',v,EJG;JLC;VC;VP,vA:caus,-u-zaabi # diidxa
uzaabigiiba,jzd,ruzaabi' guiiba',v,EJG;RLC,vA:caus,-u-zaabi # giiba
uzaabigaa,jzd,ruzaabi'gaà,v,EJG;JLC;RLC,vA:caus,-u-zaabi=gaa*
uzaabila7dxi,jzd,ruzaabi'la'dxi',v,EJG;JLC;ND;VP,vA:caus,-u-zaabi=la7dxi
uzaabilu,jzd,ruzaabi'lu,v,EJG;RLC,vA:caus,-u-zaabi=lu
uzaabina7,jzd,ruzaabi'nà',v,EJG;JLC;ND;RLC;VP,vA:caus,-u-zaabi=na*7
uzana,jzd,ruzana,v,VC,vA:caus,-u-zana
uzee,jzd,ruzee,v,EJG;JLC;ND;RGL;RLC;VC;VP,vA:caus,-u-zee
uzeelu,jzd,ruzeelu',v,EJG;JLC;ND;RLC;VP,vA:caus,-u-zee=lu
uzeerwaa,jzd,ruzeeruaa,v,RLC,vA:caus,-u-zee=rwaa
uzeetela,jzd,ruzeete' la,v,EJG;ND,vA:caus,-u-zeete # la
uzeetenala7dxi,jzd,ruzeete'nala'dxi',v,JLC;RLC;VC,vA:caus,-u-zeete=na-la7dxi
uzelle7,jzd,ruzelé',v,EJG;JLC;ND;RGL;RLC;VP,vA:caus,-u-zelle!7
uzembe7,jzd,ruzembé',v,EJG;ND;RLC,vA:caus,-u-zembe!7
uzhanamani7,jzd,ruxana maní',v,RLC,vA:caus,-u-zhana # mani!7
uzhidxi,jzd,ruxidxì,v,EJG;JLC;ND;RGL;RLC;VP,vA:caus,-u-zhidxi*
uzhidxisa,jzd,ruxidxìsa,v,EJG;JLC;RLC,vA:caus,-u-zhidxi*=sa
uzhidxiwiini,jzd,ruxidxìhuiini',v,EJG;JLC;RLC,vA:caus,-u-zhidxi*=wiini
uzhoonye,jzd,ruxooñe',v,EJG;JLC;ND;RGL;RLC;VP,vA:caus,-u-zhoonye
uzhoonyelunisa,jzd,ruxooñe' lu nisa,v,RGL;RLC,vA:caus,-u-zhoonye # lu nisa
uzhoonyewiini,jzd,ruxooñe' huiini',v,,vA:caus,-u-zhoonye wiini
uzhoonyelu,jzd,ruxooñe'lu,v,EJG;JLC;VP,vA:caus,-u-zhoonye=lu
uzhoonyena7,jzd,ruxooñe'nà',v,EJG;RGL,vA:caus,-u-zhoonye=na*7
uzhoonyene,jzd,ruxooñe'nè,v,EJG;ND;RLC,vA:caus,-u-zhoonye=ne*
uzhoonyenyee,jzd,ruxooñe'ñee,v,EJG;ND;RGL;RLC,vA:caus,-u-zhoonye=nyee
uzhuubakwiini,jzd,ruxuuba' cuiini',v,JLC;VP,vA:caus,-u-zhuuba kwiini
uzhuubadonda,jzd,ruxuuba'donda,v,JLC,vA:caus,-u-zhuuba=donda
uzhuuzhe,jzd,ruxuuxè',v,EJG;JLC;ND;RGL;RLC;VP,vA:caus,-u-zhuuzhe*
uzhuuzhedu,jzd,ruxuuxè'du,v,EJG;JLC;ND;RGL;RLC,vA:caus,-u-zhuuzhe* +du
uzhwi7lu,jzd,ruxui'lu',v,JLC;VP,vA:caus,-u-zhwi7=lu
uzhyee,jzd,ruxieè,v,JLC;ND;RLC;VP,vA:caus,-u-zhyee*
uzigila7dxido7,jzd,ruzi gui la'dxido',v,RGL;RLC,vA:caus,-u-zi gi la7dxi=do7
uzigeda,jzd,ruzigueda,v,EJG;JLC;RLC;VP,vA:caus,-u-zi-geda
uzigeenda,jzd,ruzigueèndà',v,EJG;JLC;RLC,vA:caus,-u-zi-gee*nda*
uzigenda,jzd,ruziguenda,v,RLC;VC;VP,vA:caus,-u-zi-genda
uziguchi,jzd,ruziguchi,v,EJG;ND;RLC;VP,vA:caus,-u-zi-guchi
uzika,jzd,ruzicà,v,EJG;JLC;ND;RLC;VP,vA:caus,-u-zi-ka*
uzilu,jzd,ruzilu,v,EJG;JLC;ND;RLC;VC;VP,vA:caus,-u-zi-lu
uzinaande,jzd,ruzinaande',v,JLC,vA:caus,-u-zi-naande
uzindi7,jzd,ruzindì',v,EJG;JLC;RLC,vA:caus,-u-zi-ndi*7
uzinesa,jzd,ruzinesa,v,EJG;JLC;RLC;VP,vA:caus,-u-zi-nesa
uzinisa,jzd,ruzinisa,v,EJG;JLC;RLC;VP,vA:caus,-u-zi-nisa
uzipandu,jzd,ruzipandu,v,EJG;JLC;ND;RLC;VP,vA:caus,-u-zi-pandu
uziriki7,jzd,ruziriquí',v,EJG;JLC;ND;RLC;VP,vA:caus,-u-zi-riki!7
uziroo,jzd,ruziroo,v,EJG;RLC;VP,vA:caus,-u-zi-roo
uzi7la7dxi,jzd,ruzi' la'dxi',v,JLC,vA:caus,-u-zi7 # la7dxi
uzi7lu,jzd,ruzi'lu',v,RLC,vA:caus,-u-zi7=lu
uzi7rwaa,jzd,ruzi'ruaa,v,RLC,vA:caus,-u-zi7=rwaa
uziini,jzd,ruziini',v,EJG;JLC;ND;VP,vA:caus,-u-ziini
uzu,jzd,ruzu,v,RLC;VC,vA:caus,-u-zu
uzunisa,jzd,ruzu nisa,v,RLC,vA:caus,-u-zu nisa
uzuchuuchi,jzd,ruzuchuuchì',v,JLC;RLC,vA:caus,-u-zu-chuuchi*
uzugalla,jzd,ruzugala,v,RLC,vA:caus,-u-zu-galla
uzugenda,jzd,ruzuguenda,v,EJG;VC,vA:caus,-u-zu-genda
uzukwe7,jzd,ruzucue',v,EJG;ND;RLC,vA:caus,-u-zu-kwe7
uzundi7,jzd,ruzundì',v,RLC,vA:caus,-u-zu-ndi*7
uzunisa-2,jzd,ruzunisa,v,EJG,vA:caus,-u-zu-nisa
uzuzhibi,jzd,ruzuxibi,v,EJG;JLC;ND;RGL;RLC;VP,vA:caus,-u-zu-zhibi
uzulu,jzd,ruzulu,v,EJG;VP,vA:caus,-u-zu=lu
uzuna7,jzd,ruzunà',v,EJG;JLC;ND,vA:caus,-u-zu=na*7
uzuwaa,jzd,ruzuhuaa,v,EJG;JLC;RGL;RLC;VP,vA:caus,-u-zu=waa
uzuwaagichaladi,jzd,ruzuhuaa guicha ladi,v,EJG;VC,vA:caus,-u-zu=waa # gicha ladi
uzuwaaluxtiidxa,jzd,ruzuhuaa luxtiidxa',v,EJG;JLC;VP,vA:caus,-u-zu=waa # lu+ x.tiidxa
uzuwaandaaniyoo,jzd,ruzuhuaa ndaani' yoo,v,EJG,vA:caus,-u-zu=waa # ndaani yoo
uzuwaadxi,jzd,ruzuhuaadxì',v,EJG;RLC,vA:caus,-u-zu=waa=dxi*
uzuwaaikeyu,jzd,ruzuhuaaique yu,v,JLC;RLC,vA:caus,-u-zu=waa=ike # yu
uzuwaana7,jzd,ruzuhuaanà',v,RGL;RLC,vA:caus,-u-zu=waa=na*7
uzuwaanyee,jzd,ruzuhuaañee,v,RGL;RLC,vA:caus,-u-zu=waa=nyee
uzuuba,jzd,ruzuuba',v,EJG;JLC;ND;RLC,vA:caus,-u-zuuba
uzuubadiidxa,jzd,ruzuuba' diidxa',v,EJG;JLC;VP,vA:caus,-u-zuuba # diidxa
uzuumbarwaa,jzd,ruzuumba' ruaa,v,EJG;JLC;ND;RGL;RLC,vA:caus,-u-zuumba # rwaa
uzuunda,jzd,ruzuunda',v,EJG;RLC;VP,vA:caus,-u-zuunda
uzwi7la7dxi,jzd,ruzui'la'dxi',v,ND;RLC,vA:caus,-u-zwi7=la7dxi
uzwi7lu,jzd,ruzui'lu',v,RLC;VP,vA:caus,-u-zwi7=lu
uzwii,jzd,ruzuiì,v,EJG;JLC;ND;RGL;RLC;VC;VP,vA:caus,-u-zwii*
uzwiila7dxi,jzd,ruzuiì la'dxi',v,EJG;ND,vA:caus,-u-zwii* la7dxi
uzwiirwaa,jzd,ruzuiìruaa,v,EJG;ND;RLC;VP,vA:caus,-u-zwii*=rwaa
uzyaa,jzd,ruziaa,v,EJG;RLC;VP,vA:caus,-u-zyaa
usitaadxi,jzd,rusitaadxi',v,EJG;ND;RGL;RLC,vA:caus,-u.si-taadxi
usite,jzd,rusite,v,EJG;ND;RLC,vA:caus,-u.si-te
usizhoonyemani7,jzd,rusixooñe' maní',v,EJG;ND;RLC,vA:caus,-u.si-zhoonye mani!7
u7cha,jzd,ru'cha',v,EJG;JLC;ND;RGL;RLC;VP,vA:i,-u7cha
udu,jzd,rudù,v,EJG;JLC;ND;RGL;RLC;VP,vA:a,-udu*
uduyuuba,jzd,rudùyuuba',v,RGL;RLC,vA:t,-udu*=yuuba
una,jzd,runa,v,EJG;JLC;ND;RGL;RLC;VP,vA:a,-una
unadyaga,jzd,runadiaga,v,EJG;JLC;RGL;RLC;VP,vA:a,-una=dyaga
unda,jzd,runda,v,EJG;JLC;VP,vA:t,-unda
uni,jzd,runi,v,EJG;JLC;ND;RGL;VP,vA:t,-uni
uniayunu,jzd,runi ayùnu,v,JLC;RLC,vA:t,-uni # ayu*nu
unibigu,jzd,runi bigù,v,RLC;VP,vA:t,-uni # bi-gu*
unibirunguyaga,jzd,runi birungù yaga,v,JLC;RLC,vA:t,-uni # bi-rungu* yaga
unibisi,jzd,runi bisi,v,EJG;RLC,vA:t,-uni # bisi
uniburla,jzd,runi bùrla,v,RGL;RLC,vA:t,-uni # bu*rla
unichingiili,jzd,runi chinguiìlì',v,EJG;JLC;RGL;RLC,vA:t,-uni # chi-ngii*li*
unidxiinya1,jzd,runi dxiiña',v,EJG;JLC;VP,vA:t,-uni # dxiinya
unidxiinya2,jzd,runi dxiiña',v,RLC,vA:t,-uni # dxiinya
unigendaro,jzd,runi guendaro,v,EJG;JLC;RLC;VP,vA:t,-uni # genda+ r.o
uniguuze,jzd,runi guuze',v,JLC,vA:t,-uni # gu.uze
uniiketuuzha,jzd,runi ique tuùxà',v,EJG;RLC,vA:t,-uni # ike tuu*zha*
uniimbite,jzd,runi imbìte,v,JLC;ND;RLC;VP,vA:t,-uni # imbi*te
unijneza,jzd,runi jneza,v,RGL;RLC,vA:t,-uni # j.neza
unikarinyu,jzd,runi carìñu,v,RGL;RLC,vA:t,-uni # kari*nyu
unikwenta,jzd,runi cuènta,v,RLC,vA:t,-uni # kwe*nta
unimal,jzd,runi mál,v,JLC,vA:t,-uni # ma!l
uninanala7dxi,jzd,runi nanala'dxi',v,RLC,vA:t,-uni # na-na=la7dxi
uninawiini,jzd,runi nahuiini',v,,vA:t,-uni # na-wiini
uniplatika,jzd,runi plàtica,v,RLC,vA:t,-uni # pla*tika
unipratika,jzd,runi pràtica,v,RGL;RLC,vA:t,-uni # pra*tika
uniridxi,jzd,runi ridxi,v,RLC;VP,vA:t,-uni # r.idxi
unirwaa,jzd,runi ruaa,v,JLC;VC;VP,vA:t,-uni # rwaa
unisenya,jzd,runi sèña,v,RGL,vA:t,-uni # se*nya
unitobisi,jzd,runi tobisì,v,,vA:t,-uni # tobi +si*
unixkaani,jzd,runi xcaani',v,RLC,vA:t,-uni # x.kaani
unixtipa,jzd,runi xtipa,v,JLC;RGL;RLC,vA:t,-uni # x.tipa
uniyaya,jzd,runi yayà,v,EJG;JLC;RLC;VP,vA:t,-uni # yaya*
unizhigaberwaa,jzd,runi xigabe ruaa,v,RLC;VC,vA:t,-uni # zhiga=be # rwaa
unizhuba7,jzd,runi xubá',v,EJG;JLC,vA:t,-uni # zhuba!7
unisi,jzd,runisì,v,EJG;RLC;VC,vA:t,-uni +si*
uniperdonar,jzd,runi perdonár,v,RLC,vA:t,-uni perdo-na!r
unitiyaga,jzd,runi ti yaga,v,EJG,vA:t,-uni ti+ yaga
unibenye,jzd,runibeñe,v,EJG;RLC,vA:t,-uni=benye
unibiidi,jzd,runibiidi',v,EJG;JLC;ND,vA:t,-uni=biidi
unibupu,jzd,runibupu,v,RLC,vA:t,-uni=bupu
unibya7,jzd,runibia',v,EJG;JLC;ND;RGL;RLC;VP,vA:t,-uni=bya7
unichar,jzd,runichár,v,RGL;RLC,vA:t,-uni=cha!r
unichaawi,jzd,runichaahui',v,EJG;JLC;RGL;RLC;VP,vA:t,-uni=chaawi
unichanda,jzd,runichandà,v,RLC,vA:t,-uni=chanda*
unichuuchi,jzd,runichuuchì',v,RLC,vA:t,-uni=chuuchi*
unide,jzd,runide,v,EJG;JLC;RLC;VP,vA:t,-uni=de
uniditi,jzd,runiditi,v,JLC,vA:t,-uni=diti
unidxaba7,jzd,runidxabá',v,EJG;RLC,vA:t,-uni=dxaba!7
unidxi7nya,jzd,runidxí'ña',v,RLC,vA:t,-uni=dxi!7nya
unifew,jzd,runiféu,v,JLC;RGL;RLC,vA:t,-uni=fe!w
uniganar,jzd,runiganár,v,JLC;RGL,vA:t,-uni=gana!r
uniganna,jzd,runiganna,v,JLC;RLC,vA:i,-uni=ganna
unigotyar,jzd,runigotiár,v,RLC,vA:i,-uni=go-tya!r
uniindiresar,jzd,runi-indi'resár,v,RGL;RLC,vA:t,-uni=indire-sa!r
unikastigar,jzd,runicastigár,v,RLC,vA:t,-uni=kasti-ga!r
unikobrar,jzd,runicobrár,v,RGL;RLC,vA:t,-uni=ko-bra!r
unikolar,jzd,runicolár,v,RGL;RLC,vA:i,-uni=ko-la!r
unikombenir,jzd,runicombenír,v,RGL,vA:t,-uni=kombe-ni!r
unikompetir,jzd,runicompetír,v,RLC,vA:i,-uni=kompe-ti!r
unikre,jzd,runicré,v,EJG;JLC;RLC;VP,vA:t,-uni=kre!
unikuntajyar,jzd,runicuntajiár,v,RLC,vA:t,-uni=kunta-jya!r
unilu,jzd,runilu,v,EJG;RLC,vA:t,-uni=lu
uniluchar,jzd,runiluchár,v,RGL;RLC,vA:i,-uni=lu-cha!r
unilugu7,jzd,runilugú',v,RLC,vA:t,-uni=lugu!7
unina,jzd,runina,v,EJG;JLC;ND;RLC;VP,vA:t,-uni=na
uniplancha,jzd,runiplàncha,v,EJG;RGL;RLC;VP,vA:t,-uni=pla*ncha
unipura,jzd,runipurá,v,EJG;JLC;VP,vA:t,-uni=pu-ra!
uniracha7,jzd,runirachá',v,RLC,vA:t,-uni=racha!7
uniresa,jzd,runiresá,v,RGL;RLC,vA:i,-uni=re-sa!
unisaryar,jzd,runisariár,v,JLC;RGL;RLC,vA:t,-uni=sa-rya!r
unisentar,jzd,runisentár,v,RLC,vA:t,-uni=se-nta!r
uniseyar,jzd,runiseyár,v,RGL;RLC,vA:t,-uni=se-ya!r
unisentir,jzd,runisentír,v,JLC;RLC,vA:t,-uni=sen-ti!r
unisimbrar,jzd,runisimbrár,v,RGL;RLC,vA:i,-uni=si-mbra!r
unisufrir,jzd,runisufrír,v,RGL;RLC,vA:i,-uni=su-fri!r
unitira,jzd,runitirá,v,RLC,vA:i,-uni=ti-ra!
unitrapyar,jzd,runitrapiár,v,RLC,vA:i,-uni=tra-pya!r
uniwara,jzd,runihuara,v,EJG;JLC;RLC,vA:t,-uni=wa-ra
uniwantar,jzd,runihuantár,v,EJG;JLC;RGL;RLC,vA:t,-uni=wan-ta!r
unixti7,jzd,runixtì',v,EJG;JLC;RLC,vA:t,-uni=x.ti*7
unixixyar,jzd,runixhixhiár,v,RLC,vA:t,-uni=xi-xya!r
uniyu,jzd,runiyu,v,EJG;VC,vA:t,-uni=yu
uniza,jzd,runiza,v,EJG;ND,vA:t,-uni=za
unizheexe,jzd,runixeexhe',v,,vA:t,-uni=zheexe
unizhiroo,jzd,runixiroo,v,RLC,vA:t,-uni=zhi-roo
unizhoo,jzd,runixoo,v,EJG,vA:caus,-uni=zhoo
uuna,jzd,ruuna',v,EJG;JLC;ND;RGL;RLC;VP,vA:i,-uuna
uunare7nisa,jzd,ruuna' re' nisa,v,EJG,vA:i,-uuna re7 nisa
uunazi7,jzd,ruuna' zì',v,EJG;VC,vA:i,-uuna zi*7
uunagidxa,jzd,ruuna'guìdxa,v,EJG;RLC,vA:i,-uuna=gi*dxa
uunala7dxido7,jzd,ruuna'la'dxi'(do'),v,EJG;JLC;RLC;VC;VP,vA:i,-uuna=la7dxi(=do7)
uundagi7chi,jzd,ruunda' gui'chi',v,JLC,vA:i,-uunda # gi7chi
uunda1,jzd,ruunda',v,EJG;JLC;ND;RGL;RLC;VP,vA:i,-uunda
uunda2,jzd,ruunda',v,EJG;JLC;ND;RGL;RLC;VP,vA:i,-uunda
uundaxki7chidyuzhi,jzd,ruunda' xqui'chi' diúxi,v,JLC,vA:i,-uunda x.ki7chi dyu!zhi
uundawiini,jzd,ruunda'huiini',v,RGL;RLC;VC,vA:i,-uunda=wiini
uuti,jzd,ruutì',v,EJG;JLC;ND;VP,vA:caus:irr,-uuti*
uutigiigu,jzd,ruutì' guiigu',v,RLC,vA:caus:irr,-uuti* # giigu
uutide,jzd,ruutì'de,v,EJG;ND;RLC,vA:caus:irr,-uuti*=de
uutinati,jzd,ruutì'nàtì,v,EJG;JLC;ND;RLC;VP,vA:caus:irr,-uuti*=na*ti*
uutirini,jzd,ruutì'rini,v,JLC,vA:caus:irr,-uuti*=rini
uutisaa,jzd,ruutì'saa,v,EJG;ND,vA:caus:irr,-uuti*=saa
uutiwaa,jzd,ruutì'huaa,v,EJG;RLC,vA:caus:irr,-uuti*=waa
uutiwaauutizheexe,jzd,ruutì'huaa ruutì'xeexhe',v,EJG;RLC,"vA:caus:irr, clq",-uuti*=waa -uuti*=zheexe
uutixxyee,jzd,ruutì'xhiee,v,EJG;JLC;ND;RLC;VP,vA:caus:irr,-uuti*=x.xyee
uutiyaa,jzd,ruutì'yaa,v,EJG,vA:caus:irr,-uuti*=yaa
uutizheexe,jzd,ruutì'xeexhe',v,EJG;JLC;RLC,vA:caus:irr,-uuti*=zheexe
uutizhyana,jzd,ruutì'xiana,v,JLC;RLC,vA:caus:irr,-uuti*=zhyana
uutizi7,jzd,ruutì'zì',v,EJG;JLC;ND;RLC;VP,vA:caus:irr,-uuti*=zi*7
uutu,jzd,ruutu',v,EJG;JLC;ND;RGL;RLC;VP,vA:t,-uutu
uutude,jzd,ruutu' de,v,EJG;ND,vA:t,-uutu # de
uutuzhuba7,jzd,ruutu' xubá',v,JLC;RLC,vA:t,-uutu # zhuba!7
uutuna7,jzd,ruutu'nà',v,EJG;JLC;ND;RLC,vA:t,-uutu=na*7
uutunyee,jzd,ruutu'ñee,v,EJG;RGL,vA:t,-uutu=nyee
uuya,jzd,ruuya',v,EJG;JLC;ND;RGL;RLC;VP,vA:t,-uuya
uuyachuundu,jzd,ruuya'chuundu',v,RGL;RLC,vA:i,-uuya=chuundu
uuyadxi,jzd,ruuya'dxì,v,EJG;JLC;ND;RGL;RLC;VP,vA:t,-uuya=dxi*
uuyaga,jzd,ruuya'ga,v,EJG;RLC,vA:t,-uuya=ga
uuyala7na,jzd,ruuya'la'na',v,EJG;JLC;RGL;RLC;VP,vA:t,-uuya=la7na
uuyatuxu,jzd,ruuya'tuxhu,v,EJG;JLC;RGL;RLC;VP,vA:t,-uuya=tuxu
uwi7diidxa,jzd,rui' diidxa',v,EJG;ND;RGL;RLC;VP,vA:t,-uwi7 # diidxa
wa,jzd,rihuà,v,EJG;JLC;ND;RLC;VP,vA:i,-wa*
wa7,jzd,rihua',v,EJG;RGL;VP,vB:t,-wa7
wa7ridxi,jzd,rihua' ridxi,v,RLC;VP,vB:t,-wa7 # r.idxi
waawa,jzd,rihuaahua',v,EJG;ND;RLC;VP,vA:i vers,-waawa
wati,jzd,rihuatì,v,EJG;RLC,vA:i vers,-wati*
wi7,jzd,rihui',v,ND;RLC,vA:i,-wi7
wii,jzd,rihuii,v,VC,vA:i vers,-wii
wiini,jzd,rihuiini',v,EJG;JLC;ND;RLC;VP,vA:i vers,-wiini
winni,jzd,rihuinnì,v,EJG;JLC;RLC;VP,vA:i,-winni*
winnixtuxu,jzd,rihuinnì xtuxhu,v,JLC;RLC,vA:i,-winni* x.tuxu
xaaya,jzd,rixhaaya',v,EJG;ND,vA:i vers,-xaaya
xakala7dxi,jzd,rixhacala'dxi',v,EJG;JLC;ND;RLC;VP,vA:i,-xaka=la7dxi
xaku,jzd,rixhacu,v,EJG;JLC;ND;RLC,vA:i vers,-xaku
xama,jzd,rixhamà,v,EJG,vA:i vers,-xama*
xamalu,jzd,rixhamà lu,v,EJG;JLC;VC,vA:i vers,-xama* # lu
xeembe,jzd,rixheembe',v,EJG;JLC;ND,vA:i vers,-xeembe
xeemberwaa,jzd,rixheembe'ruaa,v,EJG;JLC;RLC,vA:i vers,-xeembe=rwaa
xii,jzd,rixhii,v,EJG;ND,vA:i vers,-xii
xiidi,jzd,rixhiidi',v,EJG;JLC;ND;RLC,vA:i,-xiidi
xiiwi,jzd,rixhiihui',v,EJG;ND,vA:i vers,-xiiwi
xinni,jzd,rixhinni,v,EJG;JLC;ND;RLC;VP,vA:i,-xinni
xixi,jzd,rixhixhì,v,EJG;JLC;ND;RLC;VC;VP,vA:i,-xixi*
xixilu,jzd,rixhixhì lu,v,EJG;VC,vA:i,-xixi* # lu
xoka,jzd,rixhoca,v,EJG;VC,vA:i vers,-xoka
xondanyee,jzd,rixhondà ñee,v,EJG;RLC,vA:i vers,-xonda* # nyee
xopa,jzd,rixhopà,v,EJG;JLC;ND;RLC;VP,vA:i vers,-xopa*
xuuni,jzd,rixhuuni',v,EJG;JLC,vA:i vers,-xuuni
xuxu,jzd,rixhuxhù,v,EJG;JLC;ND;RLC;VP,vA:i vers,-xuxu*
xya,jzd,rixhià,v,VC,vA:i,-xya*
ya,jzd,ria,v,EJG;JLC;ND;RGL;RLC;VP,vA:i,-y.a
yaladi,jzd,ria ladi,v,RLC,vA:i,-y.a ladi
ya7-2,jzd,ria',v,EJG;JLC;ND;VC;VP,vA~C:i,-y.a7
ya7de,jzd,ria'de',v,JLC;ND;VP,vA:t,-y.a7de
ya7ki,jzd,ria'qui',v,EJG;JLC;ND;RGL;VP,vA~C:i,-y.a7ki
ya7kina7,jzd,ria'qui' nà',v,EJG,vA~C:i,-y.a7ki # na*7
ya7kibyaani,jzd,ria'qui'biaani',v,EJG;JLC,vA~C:i,-y.a7ki=b.y.aani
ya7kibelle,jzd,ria'qui'bele,v,EJG,vA~C:i,-y.a7ki=belle
ya7kinyee,jzd,ria'qui'ñee,v,EJG;JLC;ND,vA~C:i,-y.a7ki=nyee
ya7pi,jzd,ria'pi',v,EJG;JLC;ND;RLC,vA~C:i,-y.a7pi
ya7piike,jzd,ria'pi-ique',v,RLC,vA~C:i,-y.a7pi=ike
ya7pinisa,jzd,ria'pi'nisa,v,EJG;JLC;ND;RLC;VC;VP,vA~C:i,-y.a7pi=nisa
ya7ri,jzd,ria'ri',v,EJG;JLC;ND;RGL;RLC;VP,vA:i,-y.a7ri
yabiri,jzd,riabirì,v,JLC;RLC,vA:i,-y.a=bi-ri*
yaadxa,jzd,riaadxa',v,EJG;JLC;ND;RGL;VP,vA:a,-y.aadxa
yaadxala7dxido7,jzd,riaadxa' la'dxi'do',v,RLC,vA:i,-y.aadxa la7dxi=do7
yaagi,jzd,riaagui',v,RLC,vA:i,-y.aagi
yaana,jzd,riaana',v,EJG;JLC;ND;VP,vA:i,-y.aana
yaana-2,jzd,riaanà',v,EJG;JLC;ND;RGL;RLC;VP,vA:i,-y.aana*
yaanalugubidxa,jzd,riaanà' lu gubidxa,v,JLC,vA:i,-y.aana* # lu gu-bidxa
yaananeza,jzd,riaanà' neza,v,JLC,vA:i,-y.aana* # neza
yaanatobisi,jzd,riaanà' tobisì,v,EJG;JLC;ND;RGL;RLC;VP,vA:i,-y.aana* # tobi +si*
yaanazhyeladi,jzd,riaanà' xièladi,v,JLC;RLC,vA:i,-y.aana* # zhye*=ladi
yaanaka,jzd,riaanà'cà,v,EJG;JLC,vA:i,-y.aana* +ka*
yaanata7,jzd,riaanà'ta',v,EJG;JLC,vA:i,-y.aana*=ta7
yaandala7dxi,jzd,riaanda'la'dxi',v,EJG,vA:i,-y.aanda=la7dxi
yaandezhuba7,jzd,riaande'(xubá'),v,EJG;JLC;VP,vA:i,-y.aande(=zhuba!7)
yaandegyelu,jzd,riaandè' (guie) lu,v,EJG;JLC;VP,vA:i,-y.aande* # (gye) lu
yaani,jzd,riaani',v,EJG;JLC;ND;RLC;VP,vA:i,-y.aani
yaaniike,jzd,riaani' ique,v,EJG;RLC;VC,vA:i,-y.aani # ike
yaanidxindxi,jzd,riaani'dxindxì,v,EJG,vA:i,-y.aani=dxindxi*
yaapa,jzd,riaapa',v,JLC;ND;VP,vA:i,-y.aapa
yaapabyaani,jzd,riaapa' biaani',v,EJG;JLC;ND;RLC;VP,vA:i,-y.aapa # b.y.aani
yaapabenda,jzd,riaapa' benda,v,EJG;ND;VC,vA:i,-y.aapa # benda
yaapabere,jzd,riaapa' bere,v,RLC,vA:i,-y.aapa # bere
yaapawagu,jzd,riaapa' huagu,v,EJG;VC,vA:i,-y.aapa wagu
yaapawii,jzd,riaapa'huiì,v,EJG;JLC;ND;VC,vA:i,-y.aapa=wii*
yaapawiini,jzd,riaapa'huiini',v,RLC,vA:i,-y.aapa=wiini
yaaxa,jzd,riaaxhà',v,EJG;JLC;ND;RLC;VP,vA:i,-y.aaxa*
yaaxayanni1,jzd,riaaxhà' yanni,v,JLC;RLC,vA:i,-y.aaxa* # yanni
yaaxayanni2,jzd,riaaxhà' yanni,v,JLC;RLC,vA:i,-y.aaxa* # yanni
yaaze,jzd,riaaze',v,EJG;JLC;ND;RGL;RLC;VP,vA:i,-y.aaze
yaazegubidxa,jzd,riaaze' gubidxa,v,JLC,vA:i,-y.aaze # gu-bidxa
yaazi,jzd,riaazi',v,VC,vA:i,-y.aazi
yaba,jzd,riaba,v,EJG;JLC;ND;RGL;RLC;VP,vA:i,-y.aba
yabagi,jzd,riaba gui,v,RGL;RLC,vA:i,-y.aba # gi
yabamal,jzd,riaba mál,v,RLC,vA:i,-y.aba # ma!l
yababelu,jzd,riababe lu,v,EJG;RLC,vA:i,-y.aba be # lu
yababe,jzd,riababe,v,EJG;RLC,vA:i,-y.aba=be
yababeenda,jzd,riababeenda',v,JLC;RLC,vA:i,-y.aba=beenda
yababi,jzd,riababi,v,EJG,vA:i,-y.aba=bi
yababi7xu,jzd,riababi'xhu',v,EJG;RLC,vA:i,-y.aba=bi7xu
yabageela,jzd,riabagueela',v,JLC,vA:i,-y.aba=geela
yabagupa,jzd,riabagupa,v,EJG;RLC,vA:i,-y.aba=gupa
yabakwe7,jzd,riabacue',v,EJG;RLC,vA:i,-y.aba=kwe7
yabalanixpido7,jzd,riabalanixpido',v,EJG,vA:i,-y.aba=la-ni=x.pi-do7
yabana7,jzd,riabanà',v,EJG;JLC;ND,vA:i,-y.aba=na*7
yabananda,jzd,riabananda,v,EJG,vA:i,-y.aba=nanda
yabanisagye,jzd,riabanisaguie,v,EJG;VP,vA:i,-y.aba=nisa=gye
yabarilu,jzd,riabarilu,v,EJG,vA:i,-y.aba=ri+ lu
yabasa,jzd,riabasa,v,EJG;JLC;RLC,vA:i,-y.aba=sa
yabata7,jzd,riabata',v,EJG,vA:i,-y.aba=ta7
yabataata,jzd,riabataata',v,EJG;RLC,vA:i,-y.aba=taata
yacha,jzd,riacha,v,EJG;JLC;ND;RLC;VP,vA:i,-y.acha
yachabinni,jzd,riacha binnì,v,EJG;RLC,vA:i,-y.acha # binni*
yachadxita,jzd,riacha dxita,v,EJG,vA:i,-y.acha # dxita
yachabiri,jzd,riacha birì,v,RLC,vA:i,-y.acha bi-ri*
yachagu7xu,jzd,riachagu'xhu',v,EJG,vA:i,-y.acha=gu7xu
yachana7,jzd,riachanà',v,EJG;RLC,vA:i,-y.acha=na*7
yachanisa,jzd,riachanisa,v,EJG,vA:i,-y.acha=nisa
yachanyee,jzd,riachañee,v,EJG,vA:i,-y.acha=nyee
yachaxo7,jzd,riachaxho',v,EJG,vA:i,-y.acha=xo7
yachayu,jzd,riachayu,v,EJG,vA:i,-y.acha=yu
yachayude,jzd,riachayu de,v,EJG,vA:i,-y.acha=yu de
yachazhuba7,jzd,riachaxubá',v,EJG,vA:i,-y.acha=zhuba!7
yachazhyaa,jzd,riachaxiaà,v,EJG,vA:i,-y.acha=zhyaa*
yaka,jzd,riaca [2],v,EJG;JLC;ND;RLC;VP,vA:i,-y.aka
yakalugya7,jzd,riaca lu(guià'),v,EJG;JLC;ND;RLC;VP,vA:i,-y.aka # lu(-gya*7)
yakadxe7,jzd,riacadxe',v,EJG;JLC;RLC,vA:i,-y.aka=dxe7
yakadxita,jzd,riacadxita,v,JLC;VC;VP,vA:i,-y.aka=dxita
yalle7,jzd,rialé',v,EJG;ND;RLC;VP,vA:i,-y.alle!7
yalle,jzd,rialè,v,JLC;ND;RLC,vA:i,-y.alle*
yallesee,jzd,rialèsee,v,JLC;VC,vA:i,-y.alle*=see
yanda1,jzd,rianda,v,EJG;JLC;VP,vA:i,-y.anda
yanda2,jzd,rianda,v,EJG;JLC;RLC;VP,vA:i,-y.anda
yasa,jzd,riasa,v,EJG;JLC;ND;RGL;VP,vA:i,-y.asa
yasalubakaanda,jzd,riasa lu bacaanda',v,JLC,vA:i,-y.asa # lu ba-kaanda
yasandi7,jzd,riasandì',v,EJG;RLC;VP,vA:i,-y.asa=ndi*7
yasasu,jzd,riasasu,v,EJG;RLC,vA:i,-y.asa=su
yasati,jzd,riasati,v,EJG;VC,vA:i,-y.asa=ti
yasaxkaanda,jzd,riasaxcaanda',v,EJG;JLC;RLC;VP,vA:i,-y.asa=x.kaanda
yasaxti7,jzd,riasaxtì',v,JLC;ND,vA:i,-y.asa=x.ti*7
yasela7dxi,jzd,riasela'dxi',v,RLC,vA:i,-y.ase=la7dxi
yawi,jzd,riahuì,v,EJG;JLC;ND;VP,vA:i,-y.awi*
yazha,jzd,riaxa,v,EJG;JLC;ND;RGL;RLC;VP,vA:i,-y.azha
yazhibeela,jzd,riaxibeelà',v,RLC,vA:i,-y.azhi=beela*
yeechu,jzd,rieechu',v,EJG;JLC;VP,vA:i,-y.eechu
yeegu,jzd,rieegu',v,EJG;JLC;VP,vA:i,-y.eegu
yeegulu,jzd,rieegu'lu,v,JLC,vA:i,-y.eegu=lu
yeeguyoo,jzd,rieegu'yoo,v,EJG;JLC;VP,vA:i,-y.eegu=yoo
yeeke,jzd,rieeque',v,EJG;JLC;ND;RGL;VP,vA:i,-y.eeke
yeekendaani,jzd,rieeque' ndaani',v,JLC;RLC,vA:i,-y.eeke # ndaani
yeekezha7na,jzd,rieeque' xa'na',v,JLC,vA:i,-y.eeke # zha7na
yelle7,jzd,rielé',v,EJG;JLC;ND;VP,vA:i vers,-y.elle!7
yene,jzd,riene,v,EJG;JLC;ND;RGL;RLC;VP,vA:a,-y.ene
yenedyaga,jzd,rienediaga,v,ND;RGL;RLC,vA:i,-y.ene=dyaga
yenene,jzd,rienenè,v,EJG;ND,vA:i,-y.ene=ne*
yete,jzd,riete,v,EJG;JLC;ND;RGL;RLC;VP,vA:i,-y.ete
yetebi,jzd,riete bi,v,EJG,vA:i,-y.ete # bi
yetela,jzd,riete la,v,EJG;ND,vA:i,-y.ete # la
yetebani,jzd,riete ribani,v,EJG;RLC,vA:i,-y.ete -bani
yetenisalu,jzd,riete nisa lu,v,EJG;ND,vA:i,-y.ete nisa lu
yeterinizhii,jzd,riete rini xii,v,RLC,vA:i,-y.ete rini zhii
yetesaka,jzd,riete saca,v,JLC,vA:i,-y.ete saka
yetelu,jzd,rietelu,v,JLC,vA:i,-y.ete=lu
yetelulari,jzd,rietelulari,v,JLC,vA:i,-y.ete=lu=lari
yetenala7dxi,jzd,rietenala'dxi',v,EJG;JLC;ND;VP,vA:i,-y.ete=na-la7dxi
yetendaani,jzd,rietendaani',v,JLC;RLC,vA:i,-y.ete=ndaani
yu7cha,jzd,riu'cha',v,EJG;JLC;ND;VP,vA:i,-y.u7cha
yunda,jzd,riunda,v,EJG;JLC;VP,vA:i,-y.unda
yuu,jzd,riuu,v,EJG;JLC;ND;RGL;VP,vA~C:i,-y.uu
yuubyaani,jzd,riuu biaani',v,EJG,vA~C:i,-y.uu # b.y.aani
yuudiidxa,jzd,riuu diidxa',v,EJG;JLC;VP,vA~C:i,-y.uu # diidxa
yuudxi,jzd,riuu dxi,v,EJG,vA~C:i,-y.uu # dxi
yuugunaa,jzd,riuu gunaa,v,EJG;RLC,vA~C:i,-y.uu # gu-naa
yuule7,jzd,riuu le',v,EJG;JLC;ND,vA~C:i,-y.uu # le7
yuulibana,jzd,riuu libanà,v,EJG;RLC,vA~C:i,-y.uu # li-bana*
yuuxpyaani,jzd,riuu xpiaani',v,EJG;RLC,vA~C:i,-y.uu # x.p.y.aani
yuuzhindxa7,jzd,riuu xindxá',v,EJG,vA~C:i,-y.uu # zhi-ndxa!7
yuuzhindxaa,jzd,riuu xindxaà,v,EJG,vA~C:i,-y.uu # zhi-ndxaa*
yuuzhizaa,jzd,riuu xizaa,v,EJG;JLC;RLC;VP,vA~C:i,-y.uu # zhi-zaa
yuunu,jzd,riuunu',v,EJG;ND;RLC,vA~C:i,-y.uu +nu*
yuubyeke,jzd,riuu bieque,v,EJG;JLC;VP,vA~C:i,-y.uu b.y.eke
yuubi1,jzd,riuu bi,v,RLC,vA~C:i,-y.uu bi
yuubi2,jzd,riuu bi,v,EJG;JLC;ND;RGL;RLC,vA~C:i,-y.uu bi
yuubini,jzd,riuu bini,v,EJG;ND;VP,vA~C:i,-y.uu bi-ni
yuubinnidxaba7,jzd,riuu binnìdxabá',v,VC,vA~C:i,-y.uu binni*=dxaba!7
yuubya7,jzd,riuu bia',v,EJG;JLC;ND;RLC;VP,vA~C:i,-y.uu bya7
yuudyaga,jzd,riuu diaga,v,EJG;RGL;RLC,vA~C:i,-y.uu dyaga
yuugendazi7,jzd,riuu guendazì',v,RLC,vA~C:i,-y.uu genda+ zi*7
yuuguna,jzd,riuu guna,v,EJG;JLC;VC,vA~C:i,-y.uu guna
yuule,jzd,riuu lè,v,EJG;JLC;ND;RGL;RLC;VP,vA~C:i,-y.uu le*
yuunazhoo,jzd,riuu naxoo,v,EJG,vA~C:i,-y.uu na-zhoo
yuundaaya,jzd,riuu ndaaya',v,EJG;RLC,vA~C:i,-y.uu ndaaya
yuunisa,jzd,riuu nisa,v,EJG;JLC;RLC;VP,vA~C:i,-y.uu nisa
yuuzhii,jzd,riuu xii,v,EJG;JLC;ND;RGL;RLC;VP,vA~C:i,-y.uu zhii
yuuchaawi,jzd,riuuchaahui',v,EJG;JLC;VP,vA~C:i,-y.uu=chaawi
yuudi,jzd,riuudì,v,EJG,vA~C:i,-y.uu=di*
yuudxi-2,jzd,riuudxì,v,EJG;JLC;ND;RLC;VP,vA~C:i,-y.uu=dxi*
yuula7dxi,jzd,riuula'dxi',v,EJG;JLC;RLC;VP,vA~C:i,-y.uu=la7dxi
yuuxpinni,jzd,riuuxpinnì,v,EJG;RLC,vA~C:i,-y.uu=x.pinni*
yuuya,jzd,riuuya,v,JLC;RLC,vA~C:i,-y.uu=ya
yuuda,jzd,riuuda',v,EJG;JLC;RLC;VP,vA:i,-y.uuda
yuudaguchachi7,jzd,riuuda' guchachi',v,EJG;RLC,vA:i,-y.uuda gu-chachi7
yuudaike,jzd,riuuda' ique,v,EJG,vA:i,-y.uuda ike
yuunda,jzd,riuunda',v,EJG;JLC;VP,vA:i,-y.uunda
yuundu,jzd,riuundu',v,JLC,vA:i,-y.uundu
yuutu,jzd,riuutu',v,EJG;JLC;ND;RGL;RLC;VP,vA:i,-y.uutu
yuzhe,jzd,riuxe,v,EJG;JLC;ND;RLC;VP,vA:i,-y.uzhe
ywi,jzd,riuì,v,JLC;VC;VP,vA:i,-y.wi*
ywi7diidxa,jzd,riui' diidxa',v,JLC,vA~B:t,-y.wi7 # diidxa
ywi71,jzd,riui',v,EJG;JLC;ND;RLC;VP,vA:i,-y.wi7
ywi72,jzd,riui',v,JLC;ND;RGL,vA~B:t,-y.wi7
ya-2,jzd,rià,v,EJG;JLC;ND;VP,vA:i vers,-ya*
ya7-3,jzd,rià',v,EJG;JLC;ND;VP,vA:t vers,-ya*7
ya7pizha7na,jzd,ria'pi'xa'na',v,EJG;JLC;ND,vA~C:i,-ya7pi=zha7na
yaa1,jzd,riaa,v,EJG;ND;RLC;VP,vA:i,-yaa
yaa2,jzd,riaa,v,EJG;JLC;ND;VP,vA:i,-yaa
yaabi,jzd,riaabi',v,EJG;JLC;ND;RLC;VP,vA:i vers,-yaabi
yaadxala7dxi,jzd,riaadxa'la'dxi',v,JLC,vA:i,-yaadxa=la7dxi
yaadxaxpyaani,jzd,riaadxa'xpiaani',v,EJG;JLC;VP,vA:i,-yaadxa=x.p.y.aani
yaalla,jzd,riaalà',v,EJG;RLC,vA:i vers,-yaalla*
yaanadxi,jzd,riaanà'dxì,v,EJG,vA:i,-yaana*=dxi*
yaanda,jzd,riaanda',v,EJG;JLC;VP,vA:i,-yaanda
yaapa-2,jzd,riaapà',v,EJG;JLC;ND;RLC;VP,vA:i,-yaapa*
yaase,jzd,riaase',v,EJG;JLC;ND;RLC;VP,vA:i vers,-yaase
yaawi,jzd,riaahui',v,EJG;ND,vA:i,-yaawi
yaka-2,jzd,riaca [1],v,EJG;ND;VC,vA:i,-yaka
yana,jzd,riana,v,EJG;JLC;ND;RLC;VP,vA:i,-yana
yanala7dxido7,jzd,riana la'dxido',v,JLC;RLC,vA:i,-yana # la7dxi=do7
yanaxkixi7,jzd,riana xquixhí',v,RLC,vA:i,-yana x.kixi!7
yaxizee,jzd,riaxhi zee,v,EJG;RGL,vA:i,-yaxi zee
yaya,jzd,riaya,v,EJG;JLC;ND;RLC;VP,vA:i vers,-yaya
ye,jzd,rie,v,EJG;ND;RGL;VP,vC:i,-ye
yegendabyaani,jzd,rie guendabiaani',v,EJG;ND;VC,vA:t,-ye # genda+ b.y.aani
yeguuze,jzd,rie guuze',v,RLC;VP,vC:i,-ye # gu.uze
yexpi,jzd,rie xpi,v,ND,vC:i,-ye # x.pi
yexxye7,jzd,rie xhiee,v,EJG;JLC;ND,vC:i,-ye # x.xye7
yetiserawa,jzd,rie (ti) seràhua,v,JLC;RLC,vC:i,-ye (ti+) sera*wa
yeeeda,jzd,rie reedà',v,EJG;RLC,vC:i,-ye -eeda*
yelu,jzd,rie lu,v,EJG,vC:i,-ye lu
yebii,jzd,rièbii,v,EJG;ND;VC,vC:i,-ye*=bii
yega,jzd,riyega,v,EJG,vC:i,-ye=ga
yeche7,jzd,rieché',v,EJG;JLC;ND;RLC;VP,vA:i,-yeche!7
yeche7la7dxi,jzd,rieché'la'dxi',v,EJG;RLC,vA:i,-yeche!7=la7dxi
yenye,jzd,rieñe,v,JLC,vA:i,-yenye
yi7,jzd,riì',v,EJG;ND;VP,vA:i vers,-yi*7
yo7xo,jzd,rio'xho',v,EJG;JLC;ND;RGL;VP,vA:i vers,-yo7xo
yonde,jzd,rionde,v,EJG;JLC;RLC;VC;VP,vA:i vers,-yonde
yondelari,jzd,rionde lari,v,EJG,vA:i,-yonde # lari
yondegu7xu,jzd,riondegu'xhu',v,EJG;ND;RLC,vA:i,-yonde=gu7xu
yondegu7xuyu,jzd,riondegu'xhu'yu,v,EJG;VC,vA:i,-yonde=gu7xu=yu
yondeyu,jzd,riondeyu,v,EJG;JLC;RLC,vA:i,-yonde=yu
yondeyude,jzd,riondeyude,v,EJG;JLC,vA:i,-yonde=yu=de
yonna,jzd,rionna,v,EJG;ND,vA:i,-yonna
yu,jzd,riu,v,ND;VC,vA:i vers,-yu
yu7chi,jzd,riu'chi',v,EJG;ND;RLC,vA:i vers,-yu7chi
yuba,jzd,riuba,v,EJG;ND;RLC;VP,vA:i,-yuba
yubi,jzd,riyubì,v,VC,vA:t,-yubi*
yuuba,jzd,riuuba',v,EJG;RGL;RLC;VP,vA:i vers,-yuuba
yuubadxitazha7na,jzd,riuuba' dxita xa'na',v,RLC,vA:i vers,-yuuba dxita zha7na
yuudxu,jzd,riuudxu',v,EJG;JLC;RGL;RLC;VP,vA:i vers,-yuudxu
zeegu,jzd,rizeegu',v,EJG,vA:i,-z.eegu
zwi7,jzd,rizui',v,EJG;JLC;RGL;RLC,vA:i,-z.wi7
zyuulla,jzd,riziuula',v,EJG;RLC,vA:i vers,-z.yuulla
za,jzd,riza,v,EJG;JLC;ND;RLC;VP,vC:i,-za
zani,jzd,rizani,v,EJG;RLC,vC:i,-za # +ni*
zabeguike,jzd,riza begù ique,v,JLC;VP,vC:i,-za # begu* ike
zabichiinya,jzd,riza bichiiña',v,EJG;VC,vC:i,-za # bi-chiinya
zabrama,jzd,riza bràma,v,RLC,vC:i,-za # bra*ma
zabupu,jzd,riza bupu,v,EJG;VC,vC:i,-za # bupu
zagendare7,jzd,riza guendare',v,EJG,vC:i,-za # genda+ r.e7
zagendaro,jzd,riza guendaro,v,EJG,vC:i,-za # genda+ r.o
zagendaroxi,jzd,riza guendaro xhì,v,EJG,vC:i,-za # genda+ r.o xi*
zagi1,jzd,riza gui,v,EJG;JLC;RLC,vC:i,-za # gi
zagi2,jzd,riza gui,v,EJG,vC:i,-za # gi
zaguxirini,jzd,riza guxhirini,v,EJG;ND;VC,vC:i,-za # guxi=rini
zageela,jzd,rizagueela',v,EJG;RLC,vC:i,-za=geela
zala7dxi,jzd,rizala'dxi',v,JLC;ND;VP,vC:t,-za=la7dxi
zana7,jzd,rizanà',v,EJG;JLC,vC:i,-za=na*7
zananda,jzd,rizanandà,v,EJG;RLC,vC:t,-za=nanda*
zaniru,jzd,rizanìrù,v,EJG;JLC;VP,vC:i,-za=ni*ru*
zanisa,jzd,rizanisa,v,EJG;JLC;RLC;VP,vC:i,-za=nisa
zazha7na,jzd,rizaxa'na',v,JLC;RLC,vC:i,-za=zha7na
zazhibi,jzd,rizaxibi,v,EJG;JLC;RLC,vC:i,-za=zhibi
zaa,jzd,rizaa,v,EJG;JLC;ND;VP,vC:i,-zaa
zaabi,jzd,rizaabi',v,EJG;JLC;ND,vA:i,-zaabi
zaabidiinye,jzd,rizaabi' diiñe',v,EJG,vA:i,-zaabi # diinye
zaabigiiba,jzd,rizaabi' guiiba',v,JLC;RLC,vA:i,-zaabi # giiba
zaabi-2,jzd,rizaabì',v,EJG;JLC;ND;VP,vA:t,-zaabi*
zaabinanda,jzd,rizaabi'nàndà,v,EJG;JLC,vA:t,-zaabi*=nanda*
zaabidiidxa,jzd,rizaabi'diidxa',v,EJG;ND;RLC,vA:i,-zaabi=diidxa
zaabila7dxi,jzd,rizaabi'la'dxi',v,EJG;RLC;VP,vA:i,-zaabi=la7dxi
zaaka1,jzd,rizaacà',v,EJG;JLC;ND;RLC;VP,vA~B:i,-zaaka*
zaaka2,jzd,rizaacà',v,EJG;JLC;ND;VP,vA~B:i,-zaaka*
zaakala7dxi,jzd,rizaacà'la'dxi',v,EJG;JLC,vA:i,-zaaka*=la7dxi
zaakalu,jzd,rizaacà'lu,v,EJG;VP,vA:i,-zaaka*=lu
zee,jzd,rizee,v,EJG;JLC;ND;RLC;VP,vA:i vers,-zee
zeelu,jzd,rizee lu,v,EJG;JLC;VP,vA:i vers,-zee # lu
zhalle7,jzd,rixalé',v,EJG;JLC;ND;RGL;VP,vA:i vers,-zh.alle!7
zhalle7ndaga,jzd,rixalé' ndaga,v,JLC;RLC,vA:i,-zh.alle!7 # ndaga
zhiinye,jzd,rixiiñe',v,EJG;JLC;ND;VP,vA:i,-zh.iinye
zhya,jzd,rixia,v,JLC;ND;RLC;VP,vA:i,-zh.y.a
zha-3,jzd,rixa,v,EJG;ND;RLC;VP,vA:i,-zha
zhaata,jzd,rixaata',v,EJG;JLC;ND;VP,vA:i,-zhaata
zhaatayubinni,jzd,rixaata' yu binnì,v,EJG;RLC;VC,vA:i,-zhaata yu binni*
zhaatana,jzd,rixaata'nà,v,EJG;VC,vA:i,-zhaata=na*
zhadxe7,jzd,rixadxé',v,EJG;RLC;VP,vA:i,-zhadxe!7
zhage7,jzd,rixagué',v,EJG;RLC;VP,vA:i,-zhage!7
zhana,jzd,rixana,v,EJG;JLC;ND;RGL;RLC;VP,vC:t,-zhana
zheebe,jzd,rixeebe',v,EJG;VC,vA:i vers,-zheebe
zheexe,jzd,rixeexhe',v,JLC;RLC,vA:i vers,-zheexe
zhembe7,jzd,rixembé',v,JLC;VC,vA:i,-zhembe!7
zhi,jzd,rixi,v,EJG;VP,vA:i,-zhi
zhinya,jzd,rixiña,v,EJG;ND;RLC;VP,vA:i vers,-zhi-nya
zhidxi,jzd,rixidxi,v,EJG;JLC;VP,vC:i,-zhidxi
zhidxisaa,jzd,rixidxi saa,v,JLC;RLC,vC:i,-zhidxi # saa
zhidxidyaga,jzd,rixidxi diaga,v,RLC,vC:i,-zhidxi dyaga
zhidxirayu,jzd,rixidxi ràyu,v,JLC,vC:i,-zhidxi ra*yu
zhidxigiba7,jzd,rixidxiguiba',v,JLC,vC:i,-zhidxi=gi-ba7
zhidxiike,jzd,rixidxi-ique,v,JLC;RLC,vC:i,-zhidxi=ike
zhidxilaa,jzd,rixidxilaà,v,EJG;JLC;RLC;VP,vC:i,-zhidxi=laa*
zhidxindaani,jzd,rixidxindaani',v,JLC;RGL,vC:i,-zhidxi=ndaani
zhidxizhii,jzd,rixidxixii,v,JLC,vC:i,-zhidxi=zhii
zhigi7,jzd,rixiguí',v,JLC;VC,vA:i vers,-zhigi!7
zhii,jzd,rixii,v,EJG;JLC;ND;VP,vA:i,-zhii
zhiindaani,jzd,rixii ndaani',v,JLC;RLC;VP,vA:i,-zhii # ndaani
zhiiyanni,jzd,rixii yanni,v,JLC;RLC,vA:i,-zhii # yanni
zhii-2,jzd,rixiì,v,EJG;JLC;ND;RGL;RLC;VP,vA:i vers,-zhii*
zhiirini,jzd,rixiì rini,v,JLC;RGL;RLC,vA:i,-zhii* # rini
zhiidxiichidoo,jzd,rixiidxiichi' doo,v,EJG;RLC,vA:i,-zhii=dxiichi # doo
zhoo,jzd,rixoo,v,EJG;JLC;ND,vA:i vers,-zhoo
zhubindaani,jzd,rixubi ndaani',v,RGL,vC:i,-zhubi # ndaani
zhubinyee,jzd,rixubi ñee,v,RLC,vC:i,-zhubi # nyee
zhubi1,jzd,rixubi,v,EJG;RLC;VP,vA:i vers,-zhubi
zhubi2,jzd,rixubi,v,JLC;ND;RGL;RLC;VP,vC:t,-zhubi
zhubideche,jzd,rixubideche,v,JLC;RLC,vC:i,-zhubi=deche
zhubidutu,jzd,rixubidutu,v,EJG;RLC,vC:t,-zhubi=dutu
zhubina7,jzd,rixubinà',v,JLC;RGL;RLC,vC:t,-zhubi=na*7
zhubiyu,jzd,rixubiyu,v,EJG;JLC;RGL;RLC;VP,vC:t,-zhubi=yu
zhudxi,jzd,rixudxi,v,EJG;JLC;ND;RLC;VP,vC:i vers,-zhudxi
zhundxi,jzd,rixundxì,v,JLC;RLC,vA:i,-zhundxi*
zhupi,jzd,rixupi,v,JLC;ND;RGL;RLC;VP,vC:t,-zhupi
zhupirwaa,jzd,rixupiruaa,v,ND;RGL,vC:i,-zhupi=rwaa
zhuta7,jzd,xutá',v,ND,v:i vers,-zhuta!7
zhuubi,jzd,rixuùbì',v,EJG;JLC;ND;RLC;VP,vA:i vers,-zhuu*bi*
zhuubabere,jzd,rixuuba' bere,v,EJG;VP,vA~C:i,-zhuuba # bere
zhuubageta,jzd,rixuuba' gueta,v,EJG;RLC,vA~C:i,-zhuuba # geta
zhuubaniza,jzd,rixuuba' niza,v,EJG;JLC;RGL;RLC;VP,vA~C:t,-zhuuba # niza
zhuuba1,jzd,rixuuba',v,JLC;ND;RGL;RLC;VC;VP,vA~C:i,-zhuuba
zhuuba2,jzd,rixuuba',v,JAR;JLC;ND;VP,vA~C:t,-zhuuba
zhuubadonda,jzd,rixuuba'donda,v,VC,vA~C:i,-zhuuba=donda
zhuubakwiini,jzd,rixuuba'cuiini',v,EJG;VC,vA~C:i,-zhuuba=kwiini
zhuubalaawa,jzd,rixuuba'laàhuà',v,EJG;JLC;RLC;VP,vA~C:i,-zhuuba=laa*wa*
zhuubiyu,jzd,rixuubì'yu,v,EJG;JLC;RLC,vA:i vers,-zhuubi*=yu
zhuuna,jzd,rixuuna',v,JLC;ND;RGL;VP,vC:i,-zhuuna
zhuunaberrde,jzd,rixuuna' bèrrde,v,RLC,vC:i,-zhuuna # be*rrde
zhuunanaguchi,jzd,rixuuna' naguchi,v,RLC,vC:i,-zhuuna # na-guchi
zhuunanakichi7,jzd,rixuuna' naquichí',v,RLC,vC:i,-zhuuna # na-kichi!7
zhuuzhe,jzd,rixuuxè',v,JLC;RLC,vA:t,-zhuuzhe*
zhwi7,jzd,rixui',v,JLC;ND;RLC;VC;VP,vA:i,-zhwi7
zhwi7lu,jzd,rixui' lu,v,ND;RLC,vA:i,-zhwi7 # lu
zhye7,jzd,rixié',v,JLC;ND;RLC;VP,vA:i,-zhye!7
zhyee,jzd,rixieè,v,JLC;ND;RLC;VP,vA:i vers,-zhyee*
zi7,jzd,rizi',v,EJG;JLC;ND;RLC;VP,vC:t,-zi7
zi7ngiiyu,jzd,rizi' nguiiyu',v,EJG,vC:t,-zi7 # ngiiyu
zi7xtiidxa,jzd,rizi' xtiidxa',v,JLC,vC:t,-zi7 # x.tiidxa
zi7ligaa,jzd,rizi' li'gaa,v,EJG;VC,vC:t,-zi7 li-gaa
zi7bi,jzd,rizi' bi,v,VC,vC:i,-zi7=bi
zi7bya7,jzd,rizi'bia',v,EJG;JLC;ND;RLC,vC:t,-zi7=bya7
zi7ka,jzd,rizi'cà,v,JLC,vC:t,-zi7=ka*
zi7la7dxi,jzd,rizi'la'dxi',v,EJG;JLC;RGL;RLC;VP,vA:i,-zi7=la7dxi
zi7rwaa,jzd,rizi'ruaa,v,EJG;JLC;RLC;VC,vC:t,-zi7=rwaa
ziidi,jzd,riziidi',v,EJG;ND;VP,vA:a,-ziidi
zinye,jzd,riziñe,v,EJG;JLC;ND;RLC;VP,vC:t,-zinye
zu,jzd,rizu,v,ND;RLC;VC,vA:t,-zu
zuzhyee,jzd,rizuxieè,v,EJG;RLC,vA:i,-zu-zhyee*
zuna7,jzd,rizunà',v,EJG;JLC;ND,vB:t,-zu=na*7
zuzhibi,jzd,rizuxibi,v,EJG;VP,vA:i,-zu=zhibi
zunu,jzd,rizunu,v,RLC,vA:i vers,-zunu
zuumba,jzd,rizuumba',v,RLC,vA:i,-zuumba
zwii,jzd,rizuiì,v,JLC;RLC;VC,vA:i,-zwii*
zyaa,jzd,riziaa,v,EJG;ND;RLC;VP,vA:i,-zyaa
3bichiibu7naa,jzd,ɨ́>ːː bichiibu' naa,itj,RLC,,3!> :: bi-ch.iib.u7 naa
33,jzd,ɨɨːːːː,smb,RGL,,33:: ::
6dzx,jzd,ə > dz xhːːːːːː,smb,RLC,,6 > dz x :: :: ::
666n6h,jzd,ə́> ə́>ə́> n> ə̤,smb,RLC,,6!> 6!>6!> n> 6H
6,jzd,ə̰ːː,smb,RGL,,6'::
6zhi36zhi36zhi3,jzd,əxiɨ əxiɨ əxiɨ,smb,RLC,,6zhi3 6zhi3 6zhi3
7h7h7h,jzd,'̤ '̤ '̤,smb,RGL,,7H 7H 7H
7ahu,jzd,'ahúˤ,itj,JLC,,7a-hu:!
7aw7,jzd,'aaau',smb,JLC;RGL,,7a:w7
7ah,jzd,'a̤ːːːːːː,itj,RLC,,7aH :: :: ::
7au7,jzd,'au',smb,JLC;RGL,,7au7
7ay7,jzd,'ay',itj,JLC;RGL;RLC,,7ay7
7em,jzd,'eˤ̰́mˤ,smb,JLC,,7e:`!m:
7n,jzd,'ńːːːːːː,smb,RLC,,7n! :: :: ::
7okaka7,jzd,'óca +ca',itj,JLC,,7o!ka +ka7
7oka7,jzd,'óca',itj,JLC;RLC;VP,,7o!ka7
7uhu7uhu7uhu,jzd,'uhu 'uhu 'uhu,smb,RGL,,7uhu 7uhu 7uhu
7zhi77zhi7,jzd,'xi' 'xi',smb,RLC,,7zhi7 7zhi7
fa,jzd,fˤá,smb,RGL;RLC,,:fa!
kloxkloxkloxklox,jzd,cˤloxh cˤloxh cˤloxh cˤloxh,smb,RGL;RLC,,:klox :klox :klox :klox
papa-2,jzd,pˤapˤa,smb,RGL,,:pa-:pa
pla,jzd,pˤláːː,smb,RGL,,:pla!::
andchuu,jzd,richuù,v,EJG;ND;RLC,v:and,AND+ -chuu*
andchuugu,jzd,richuugù',v,EJG;ND,v:and,AND+ -chuugu*
andbi7,jzd,ribí',v,EJG;RLC;VP,v:and,AND+ bi!7
andbi7yoo,jzd,ribí' yoo,v,JLC,v:and,AND+ bi!7 # yoo
andchaazi,jzd,richaazì',v,EJG;RLC,v:and,AND+ chaazi*
andgaana,jzd,rigaanà',v,EJG,v:and,AND+ g.aana*
andganna,jzd,rigannà,v,EJG;JLC;RLC;VP,v:and,AND+ g.anna*
andgati,jzd,rigatì,v,EJG;RLC,v:and,AND+ g.ati*
andge7,jzd,riguè',v,EJG,v:and,AND+ g.e*7
andkanda,jzd,ricandà,v,EJG;JLC;RGL;VP,v:and,AND+ kanda*
andkwe7,jzd,ricue',v,JLC;ND;VP,v:and,AND+ kwe7
andnanda,jzd,rinandà,v,EJG;JLC;RLC;VP,v:and,AND+ n.anda*
andnda,jzd,rindà,v,EJG;RLC;VP,v:and,AND+ nda*
andndagu,jzd,rindagù,v,EJG;RLC,v:and,AND+ ndagu*
andndee,jzd,rindeè,v,EJG;JLC;VC;VP,v:and,AND+ ndee*
andndeeneza,jzd,rindeè neza,v,EJG;RLC;VP,v:and,AND+ ndee* # neza
andndeexkaanda,jzd,rindeèxcaanda',v,EJG;RLC,v:and,AND+ ndee*=x.kaanda
andndi,jzd,rindì,v,EJG;ND,v:and,AND+ ndi*
andne,jzd,rinè,v,JLC;ND,v:and,AND+ ne*
andnebazeendu,jzd,rinè bazeendu',v,JLC;RLC,v:and,AND+ ne* ba-zeendu
andnu,jzd,rinù,v,JLC;ND;RGL;VP,v:and,AND+ nu*
andsa7bi,jzd,risá'bi',v,JLC;RLC;VC,v:and,AND+ sa!7bi
andtaabi,jzd,ritaabì',v,EJG,v:and,AND+ t.aabi*
andto,jzd,rito,v,RLC,v:and,AND+ t.o
andtaa,jzd,ritaà,v,EJG;VP,v:and,AND+ taa*
andza,jzd,rizà,v,JLC;ND;VP,v:and,AND+ za*
bwoh,jzd,Buo̤ˤ,smb,RLC,,Bwo:H
dyuxkizhe,jzd,Diú xquìxe,clq,RLC,,Dyu! x.ki*zhe
hahaha,jzd,A̤ˤ A̤ˤ A̤ˤ,smb,RLC,,H:A H:A H:A
ha,jzd,a̤,smb,RGL,,Ha
haymm,jzd,á̤̀(i)mm,smb,RGL,,Ha!`(y)mm
hay,jzd,a̤i,smb,RGL,,Hay
hayhnahna,jzd,a̤i n̤a̤na,itj,,,Hay HnaHna
hmamh,jzd,m̤aːː M̤,smb,RGL,,Hma:: MH
ho,jzd,o̤ːː,smb,RGL,,Ho::
hrre,jzd,r̤re,smb,RGL,,Hrre
j5j5j5j5j5j5,jzd,↓5 ↓5 ↓5 ↓5 ↓5 ↓5,smb,RGL,,J!5 J!5 J!5 J!5 J!5 J!5
je7,jzd,↓Eˤ',smb,RGL,,J!E:7
jh,jzd,J̤́́,smb,RLC,,J!H!
ju,jzd,↓U,smb,RGL,,J!U
jwp,jzd,↓ʘ,smb,RLC,,J!Wp!
jay,jzd,↓ayːː,smb,RGL,,J!ay::
je,jzd,↓èˤːː,smb,RGL,,J!e*: ::
jfff,jzd,↓fff,smb,,,J!fff
jp,jzd,↓ṕ,smb,RGL,,J!p!
jsss,jzd,↓sss,smb,JLC,,J!sss
jwsjwsjwsjws,jzd,↓us ↓us ↓us ↓us,smb,RGL,,J!ws J!ws J!ws J!ws
joselucho,jzd,José Lucho,n,RLC,n:mas,Jose! Lucho
pancholeon,jzd,Pàncho León,n,VC,n:mas,Pa*ncho Leo!n
r3m,jzd,rrím,smb,JLC;RGL,,R3!m
rrawrrawrraw,jzd,RRáu RRáu RRáu,smb,RGL,,RRa!w RRa!w RRa!w
wps,jzd,p̹sːː,smb,JLC,,Wps::
wsss1,jzd,s̹ss,smb,JLC,,Wsss
wsss2,jzd,s̹ss,smb,JLC,,Wsss
wxwx,jzd,hux hux,smb,,,Wx Wx
aja,jzd,á̃jã,itj,JLC;RLC,,a!&ja&
aayo,jzd,Áayo,n,JLC,n:mas,a!ayo
ach,jzd,ách,smb,JLC;RGL;RLC,,a!ch
akesusimple,jzd,áquesu símple,clq,JLC;RLC,,a!ke+su si!mple
anfaru,jzd,ánfaru,s,RGL;RLC,,a!nfaru
au,jzd,áûːːːːːː,smb,JLC;RGL;RLC,,a!u^:: :: ::
ayay,jzd,áy áy,itj,RGL,,a!y a!y
aynanaaynana,jzd,áy na̰na̰ˤ áy na̰na̰ˤ,itj,RGL;RLC,,a!y na'na': a!y na'na':
abe,jzd,Àbe,n,JLC,n:mas,a*be
aju,jzd,àju,s,,,a*ju
ala,jzd,àla,prp,RLC,,a*la
alma,jzd,àlma,s,RLC,,a*lma
almakondenada,jzd,àlma condenàda,s,RLC,,a*lma kondena*da
almu,jzd,àlmu,q,JLC;RLC,q:med,a*lmu
ana,jzd,Àna,n,JLC,n:fem,a*na
andre,jzd,Àndre,n,JLC,n:mas,a*ndre
anjelachare,jzd,Ànjela Chàre,n,JLC,nn:fam,a*njela cha*re
apyu,jzd,àpiu,s,,,a*pyu
arrku,jzd,àrrcu,s,RGL;RLC,,a*rrku
arrnika,jzd,àrnica,s,,,a*rrni-ka
aru,jzd,àru,s,RGL;RLC,,a*ru
aruyubya,jzd,àru yùbia,s,RGL;RLC,,a*ru yu*bya
awra,jzd,Àhura,n,JLC,n:fem,a*wra
abril,jzd,abríl,s,RGL;RLC,,a-bri!l
abyon,jzd,abión,s,RGL;RLC,,a-byo!n
adyos,jzd,adiós,itj,RGL;RLC,,a-dyo!s
alu,jzd,alù,prp,EJG;VC,,a-lu*
aluridxaagalii,jzd,alù (ri)dxaàgà' lii,clq,EJG;VC,,a-lu* (ri-)dxaa*ga* lii
aluliigu7yu,jzd,alù lii gú'yu',clq,EJG;VC,,a-lu* lii gu!7yu
alupabya7ti7,jzd,alù pàbia'tí',int,EJG;VC,,a-lu* pa*+ bya7 +ti!7
aluparaati7,jzd,alù pàraatí',int,EJG;VC,,a-lu* pa*+ raa +ti!7
aluzakati7,jzd,alù zacàtí',clq,EJG;VC,,a-lu* za+ ka* +ti!7
ama,jzd,amá,s,JLC;ND;RGL;RLC;VP,,a-ma!
amabiida,jzd,amá biida',s,RGL;RLC,,a-ma! biida
amayoy,jzd,amá yóy,voc,ND;RGL;RLC,,a-ma! yo!y
amayoyo,jzd,amá yòyo,voc,ND;RGL;RLC,,a-ma! yo*yo
ama-2,jzd,amáːː,voc,RGL,,a-ma!::
apa-3,jzd,apá,voc,JLC;ND;RGL;RLC;VP,,a-pa!
apabiida,jzd,apá biida',voc,RGL;RLC,,a-pa! biida
apayoy,jzd,apá yóy,voc,RGL;RLC,,a-pa! yo!y
apayoyo,jzd,apá yòyo,voc,RGL,,a-pa! yo*yo
apye,jzd,apié,av,JLC,,a-pye!
arinda,jzd,arìnda,a,EJG;GB;VC,,a-ri*nda
arros,jzd,arrós,s,,,a-rro!s
aryel,jzd,ariél,s,RGL,,a-rye!l
asar,jzd,asár,s,RLC,,a-sa!r
asew,jzd,aséu,s,JLC,,a-se!w
atra,jzd,atrá,prp,JLC;RLC,prp:loc,a-tra!
ax,jzd,aˤxhˤ̰,itj,JLC;RLC,,a:x:'
abono,jzd,abòno,s,JLC;RLC,,abo*no
abogadu,jzd,abogàdu,s,RGL;RLC,,aboga*du
abulon,jzd,abulón,s,RLC,,abu-lo!n
agoxto,jzd,agòxhto,s,RGL;RLC,,ago*xto
aguzha7,jzd,aguxá',s,JLC;RGL;VC;VP,,aguzha!7
aguzha7ro7,jzd,aguxá' ró',s,JLC,,aguzha!7 ro!7
aguzha7tarraya,jzd,aguxá' tarràya,s,RGL,,aguzha!7 tarra*ya
aguzha7wiini,jzd,aguxá' huiini',s,JLC,,aguzha!7 wiini
aha7,jzd,ajá',av,RLC,,aha!7
alkol,jzd,alcól,s,JLC;RGL;RLC,,al-ko!l
altar,jzd,altár,s,RGL;RLC;VC,,al-ta!r
alambre,jzd,alàmbre,s,RGL;RLC,,ala*mbre
alambremagu7gi,jzd,alàmbre má gu'gui',s,JAR;RLC,,ala*mbre ma! gu7gi
alambrerekosidu,jzd,alàmbre recosìdu,s,RGL;RLC,,ala*mbre rekosi*du
alabibo,jzd,alabìbo,s,RGL;RLC;VC,,alabi*bo
albanil,jzd,albaníl,s,RGL;RLC,,alba-ni!l
alisyabaardu,jzd,Alìsia Báardu,n,JLC,nn:fam,ali*sya ba!ardu
alkanfor,jzd,alcanfór,s,,,alka-nfo!r
alkatras,jzd,alcatrás,s,,,alka-tra!s
almendra,jzd,almèndra,s,,,alme*ndra
almorranudu,jzd,almorranùdu,a,RLC,,almorranu*du
almwada,jzd,almuàda,s,RGL,,almwa*da
amamam,jzd,amˤ amˤ amˤ,smb,RGL,,am: am: am:
ambudu,jzd,ambùdu,s,JLC,,ambu*du
amiba,jzd,amìba,s,RLC,,ami*ba
amigu,jzd,amìgu,s,RLC,,ami*gu
andame,jzd,andàme,s,RLC,,anda*me
angina,jzd,anguìna,s,RGL;RLC,,angi*na
anisestreya,jzd,anís estrèya,s,,,ani!s estre*ya
anisaduzhuba7,jzd,anisàdu xubá',s,,,anisa*du zhuba!7
answellu,jzd,ansuèlu,s,JLC;RGL,,answe*llu
apendi,jzd,apèndi,s,RGL,,ape*ndi
apendisiti,jzd,apendisìti,s,RLC,,apendi-si*ti
arpon,jzd,arpón,s,RGL,,ar-po!n
aradu,jzd,aràdu,s,JLC,,ara*du
arete,jzd,arète,s,JLC;RLC,,are*te
arrmadu,jzd,arrmàdu,s,RGL;RLC,,arrma*du
arroyo,jzd,arròyo,s,JLC;RLC,,arro*yo
arryenda,jzd,arriènda,s,RGL,,arrye*nda
arryeru,jzd,arrièru,s,JLC,,arrye*ru
aseyte,jzd,asèyte,s,JLC;RGL,,ase*yte
aseytegendaro,jzd,asèyte guendaro,s,RGL,,ase*yte genda+ r.o
asidente,jzd,asidènte,s,RLC,,aside*nte
asyenda1,jzd,asiènda,s,JLC;RGL;RLC,,asye*nda
asyenda2,jzd,asiènda,s,JLC;RGL;RLC,,asye*nda
asyentu,jzd,asièntu,s,JLC;VC;VP,,asye*ntu
atake,jzd,atàque,s,RGL;RLC,,ata*ke
atzin,jzd,atzín,smb,RLC,,atzi!n
awarras,jzd,ahuarrás,s,JLC,,awa-rra!s
ayubu,jzd,ayùbu,s,JLC;RLC,,ayu*bu
ayunu,jzd,ayùnu,s,JLC;RLC,,ayu*nu
byaani,jzd,biaani',s,EJG;JLC;ND;RGL;RLC;VP,,b.y.aani
byaaniyoo,jzd,biaani' yoo,s,VC,,b.y.aani yoo
byaazibeela,jzd,biaazi' beelà',s,JLC,,b.y.aazi beela*
byabagi,jzd,biaba gui,s,RLC,,b.y.aba gi
byabagila7dxido7,jzd,biaba gui la'dxi'do',s,RLC,,b.y.aba gi la7dxi=do7
byabagindaani,jzd,biabagui ndaani',s,RLC,,b.y.aba=gi ndaani
byazhibeela,jzd,biaxibeelà',pcp,EJG;JLC;ND;VP,,b.y.azhi=beela*
byeechu,jzd,bieechu',pcp,RLC,,b.y.eechu
byeke,jzd,bieque,pcp,EJG;RGL;VP,,b.y.eke
byuzhe,jzd,biùxè,a,EJG;JLC;ND;VOT;VP,a:dv1a,b.y.u*zhe*
byasa,jzd,biàsà,s,EJG;JLC;ND;VP,,b.ya*sa*
bya7ki,jzd,bia'qui',s,EJG;JLC;VP,,b.ya7ki
byaa-2,jzd,biaa,itj,EJG;ND;RLC,,b.yaa
byaawa,jzd,biaahua,itj,EJG;ND;RLC,,b.yaa +wa
byaawatu,jzd,biaahua tù,itj,EJG;RLC,,b.yaa +wa tu*
byaawazhi,jzd,biaahua xì,itj,EJG;JLC;RLC,,b.yaa +wa zhi*
byaazhigi7,jzd,biaa xì gui',itj,JLC,,b.yaa zhi* gi7
byaa-3,jzd,biaà,s,,,b.yaa*
byaapi,jzd,biaapì',s,EJG;ND,,b.yaapi*
byaawi,jzd,biaahuì',s,,,b.yaawi*
byadxi,jzd,biadxi,s,,,b.yadxi
byadxikuradu,jzd,biadxi curàdu,s,RLC,,b.yadxi kura*du
byana,jzd,bianà,s,EJG;JLC;ND;VP,,b.yana*
byaxizee,jzd,biaxhì zee,s,EJG;RGL,,b.yaxi* zee
byazhi71,jzd,biaxí',s,EJG;JLC;ND;RGL;VC,,b.yazhi!7
byazhi72,jzd,biaxí',s,EJG;JLC;ND;RGL;VC,,b.yazhi!7
byondegu7xu,jzd,bionde gu'xhu',s,EJG,,b.yonde gu7xu
byu7lu,jzd,biú'lu',s,EJG;JLC;ND;VP,,b.yu!7lu
byu7chi,jzd,biu'chi',pcp,VC,,b.yu7chi
byuuza,jzd,biuuza',pcp,EJG;JLC;RLC;VP,,b.yuuza
byuzhi7,jzd,biuxí',s,EJG;JLC;ND;RLC;VP,,b.yuzhi!7
b4kb4kb4k,jzd,bac bac bac,smb,RGL,,b4k b4k b4k
ba,jzd,ba,s,EJG;JLC;ND,,ba
ba7dxi,jzd,bá'dxi',s,JLC;RLC,,ba!7dxi
ba7mba,jzd,bá'mba',s,JLC,,ba!7mba
baardu,jzd,Báardu,n,JLC,n:mas,ba!ardu
bafle,jzd,bàfle,s,RGL;RLC,,ba*fle
baka,jzd,bàca,s,JLC;RGL;RLC,,ba*ka
banda,jzd,bànda,s,RGL;RLC,,ba*nda
banka,jzd,bànca,s,RGL,,ba*nka
banu,jzd,Bànu,n,JLC,n:mas,ba*nu
banyu,jzd,bàñu,s,RLC,,ba*nyu
baraguba7ya,jzd,bàra (g)ubá'ya',s,RGL,,ba*ra (g)u-ba!7ya
bara1,jzd,bàra,s,JLC;RGL;RLC,,ba*ra
bara2,jzd,bàra,s,JLC;RGL;RLC,,ba*ra
baradyana,jzd,bàra diàna,s,RGL,,ba*ra dya*na
barakaja,jzd,bàra càja,s,RGL,,ba*ra ka*ja
barakarreta,jzd,bàra carrèta,s,RGL,,ba*ra karre*ta
baralu,jzd,bàra lu,s,JLC,,ba*ra lu
baramarimba,jzd,bàra marìmba,s,JLC;RGL,,ba*ra mari*mba
baranisa1,jzd,bàra nisa,s,JLC,,ba*ra nisa
baranisa2,jzd,bàra nisa,s,JLC,,ba*ra nisa
baratambora,jzd,bàra tambòra,s,RGL,,ba*ra tambo*ra
barku,jzd,bàrcu,s,JLC;RGL,,ba*rku
barrda,jzd,bàrrda,s,RGL,,ba*rrda
barryu,jzd,bàrriu,s,RGL;RLC,,ba*rryu
basextiyoo,jzd,bàse xtì' yoo,s,RGL;RLC,,ba*se x.ti*' yoo
baska,jzd,bàsca,s,RLC,,ba*ska
baskuladegandxu,jzd,bàscula de gàndxù,s,JAR,,ba*sku-la de ga*ndxu*
baskula,jzd,bàscula,s,RGL,,ba*skula
basu,jzd,bàsu,s,JLC;RGL;RLC,,ba*su
bayna,jzd,bàyna,s,JLC;RGL,,ba*yna
bacheeza,jzd,bacheeza',s,EJG;JLC;ND,,ba-ch.eeza
bachandxa,jzd,bachandxà,s,RGL;RLC,,ba-chandxa*
badya7,jzd,badià',s,EJG;JLC;VP,,ba-dya*7
baka7nda,jzd,bacá'nda',s,EJG;JLC;VP,,ba-ka!7nda
bakaanda,jzd,bacaanda',s,EJG;JLC;RGL;VP,,ba-kaanda
bakaandadxaba7,jzd,bacaanda' dxabá',s,RLC;VC,,ba-kaanda dxaba!7
bakaandafew,jzd,bacaanda' féu,s,JLC,,ba-kaanda fe!w
bakaandakanazasi,jzd,bacaanda' canazasì,s,RLC;VC,,ba-kaanda kana-za +si*
bakana7,jzd,bacaná',s,EJG;ND;RGL,,ba-kana!7
bakuzagi,jzd,bacùzà gui,s,EJG;JLC;VP,,ba-ku*za* gi
bakuuza,jzd,bacuùzà',s,JLC;ND;VP,,ba-kuu*za*
bakuuzha,jzd,bacuùxà',s,JLC,,ba-kuu*zha*
bakuugu,jzd,bacuugu',s,VC,,ba-kuugu
bakuzhu7,jzd,bacuxú',s,EJG;JLC;ND,,ba-kuzhu!7
bakwellaniza,jzd,bacuèlà (niza),s,,,ba-kwe*lla* (niza)
bakya,jzd,baquiá,s,JLC,,ba-kya!
balaaga,jzd,balaaga',s,EJG;JLC;RGL;VP,,ba-laaga
balaana,jzd,balaana',s,EJG;VC,,ba-laana
baladxi7,jzd,baladxí',s,,,ba-ladxi!7
balu7lu,jzd,balú'lu',s,VC,,ba-lu!7lu
bandase,jzd,bandase,s,EJG;JLC;ND;RGL;VP,,ba-nd.ase
banda7,jzd,bandà',s,EJG;JLC;VP,,ba-nda*7
bandaa1,jzd,bandaà,s,EJG;JLC;RLC;VP,,ba-ndaa*
bandaa2,jzd,bandaà,s,EJG,,ba-ndaa*
bandaawa,jzd,bandaàhuà',s,EJG;JLC,,ba-ndaa*wa*
bandadi7,jzd,bandadí',s,,,ba-ndadi!7
bandaga,jzd,bandaga,s,,,ba-ndaga
bandagabidwaa,jzd,bandaga biduaa,s,RLC,,ba-ndaga bi-dwaa
bandagagye7,jzd,bandaga guie',s,,,ba-ndaga gye7
bandagamudu,jzd,bandaga mudù,s,,,ba-ndaga mudu*
bandaganisa,jzd,bandaga nisa,s,,,ba-ndaga nisa
bandagayuwa,jzd,bandaga yuhua,s,,,ba-ndaga yuwa
bandwi7,jzd,banduì',s,,,ba-ndwi*7
basa,jzd,basa,s,EJG,,ba-sa
basoo,jzd,basoo,s,JLC;ND;VP,,ba-soo
baston,jzd,bastón,s,RGL,,ba-sto!n
bataana,jzd,bataànà',s,EJG;JLC;ND;RLC;VP,,ba-taa*na*
bataanadxita,jzd,bataànà' dxita,s,VP,,ba-taa*na* dxita
batee,jzd,bateè,s,EJG;JLC;ND;RGL;VP,,ba-tee*
bato7,jzd,bato',s,VC,,ba-to7
bato7yaga,jzd,bato' yaga,s,,,ba-to7 yaga
batuuza,jzd,batuuza',s,,,ba-tuuza
baxton,jzd,baxhtón,s,JLC;RGL,,ba-xto!n
bazeendu,jzd,bazeendu',s,EJG;JLC,,ba-zeendu
ba7,jzd,ba',s,EJG;JLC;ND;RLC;VP,,ba7
ba7yaa,jzd,ba' yaa,s,EJG;JLC;ND;VP,,ba7 yaa
ba7balu,jzd,ba'ba'lu,a,EJG;ND;VC,,ba7ba=lu
ba7du1,jzd,ba'du',s,JLC;ND;VP,,ba7du
ba7du2,jzd,ba'du',s,VC,,ba7du
ba7dubazeendu,jzd,ba'du' bazeendu',s,VC,,ba7du ba-zeendu
ba7dubidopasi,jzd,ba'du' bidopàsì,s,RGL;RLC;VC,,ba7du bi-dopa* +si*
ba7dubizabi,jzd,ba'du' bizabì,s,JLC;VP,,ba7du bi-zabi*
ba7dudxi7badi,jzd,ba'du' dxí'ba'dì,s,VC,,ba7du dxi!7ba=di*
ba7duleperu,jzd,ba'du' léperu,s,JLC,,ba7du le!pe+ru
ba7dulugidxi,jzd,ba'du' lu guidxi,s,JLC;VC,,ba7du lu gidxi
ba7dulugola,jzd,ba'du' lu gòla,s,VC,,ba7du lu go*la
ba7duprime,jzd,ba'du' primé,s,JLC,,ba7du pri-me!
ba7duridxi7,jzd,ba'du' ridxí',s,JLC;VC,,ba7du ridxi!7
ba7dusee,jzd,ba'du' see,s,JLC;VC,,ba7du see
ba7duzhiinyigabya,jzd,ba'du' xiiñi'gabia,s,JLC,,ba7du zhiinyi=ga-bya
ba7dudxaapa,jzd,ba'du'dxaapa',s,EJG;JLC;ND;RLC;VP,,ba7du=dxaapa
ba7dudxaapawiini,jzd,ba'du'dxaapa'huiini',s,JLC;ND;VC;VP,,ba7du=dxaapa=wiini
ba7dungiiyu,jzd,ba'du'nguiiyu',s,EJG;JLC;RGL;VC;VP,,ba7du=ngiiyu
ba7dungiiyugiza7,jzd,ba'du'nguiiyu' (gu)izá',s,JLC,,ba7du=ngiiyu (g)i-za!7
ba7dungiiyuwiini,jzd,ba'du'nguiiyu'huiini',s,JLC;VC;VP,,ba7du=ngiiyu=wiini
ba7duri7ni,jzd,ba'du'rí'ni',s,JLC;RGL;VC,,ba7du=ri!7ni
ba7duro7,jzd,ba'du'ró',s,EJG;ND;VC,,ba7du=ro!7
ba7duskwella,jzd,ba'du'scuèla,s,VC,,ba7du=skwe*lla
ba7duwiini,jzd,ba'du'huiini',s,JLC;RLC;VC;VP,,ba7du=wiini
ba7yistu,jzd,ba'yístu,s,JLC;RLC,,ba7yi!stu
baala,jzd,baàlà',s,JLC;ND,,baa*la*
baana,jzd,baànà',s,EJG;ND,,baa*na*
baaza-2,jzd,baàzà',s,JLC;RLC,,baa*za*
baalle,jzd,Baale',n,JLC,n:mas,baalle
baardu-2,jzd,Baardu',n,JLC,n:mas,baardu
baaza-3,jzd,baazà',a,EJG;VP,,baaza*
baba7,jzd,babá',s,EJG;JLC;ND;RGL;RLC;VP,,baba!7
bagayaa,jzd,bagayaa,a,ND;RLC;VC,,baga=yaa
bakagela,jzd,bacaguela,s,VP,,baka=gela
bakixaba,jzd,baquixhaba,s,EJG;JLC;ND;RGL;VC;VP,,baki=xaba
bakuna,jzd,bacùna,s,RLC,,baku*na
balson,jzd,balsón,s,RGL,,bal-so!n
balansa,jzd,balànsa,s,JAR,,bala*nsa
balasu,jzd,balàsu,s,RLC,,bala*su
baldibyesu,jzd,Baldibièsu,n,JLC,n:fam,baldibye*su
balli7-2,jzd,balí',a,EJG;RLC;VP,,balli!7
bam,jzd,bamˤ,smb,JLC,,bam:
bampiru,jzd,bampìru,s,RLC,,bampi*ru
bana7-2,jzd,baná',s,EJG;VC,,bana!7
banda-2,jzd,bandà,int,JLC;ND;RLC;VP,,banda*
bandera,jzd,bandèra,s,RGL;RLC,,bande*ra
bangu7,jzd,bangú',s,EJG;JLC;RGL;VP,,bangu!7
bangu7karreta,jzd,bangú' carrèta,s,RGL,,bangu!7 karre*ta
bapa-2,jzd,bapa,a,EJG;JLC;ND;VC;VP,,bapa
baratu,jzd,baràtu,a,JLC;RGL,,bara*tu
barateete,jzd,barateete',a,JLC;RLC;VC,,bara-t.eete
bariya,jzd,barìya,s,RGL,,bari*ya
bariyakarreta,jzd,barìya carrèta,s,RGL,,bari*ya karre*ta
barisela,jzd,barisèla,s,RLC,,barise*la
barraku,jzd,barràcu,a,JLC;RGL;RLC,,barra*ku
barranka,jzd,barrànca,s,JLC;RLC,,barra*nka
barrankawiini,jzd,barrànca huiini',s,RGL,,barra*nka wiini
barrenu,jzd,barrènu,s,JAR;RGL,,barre*nu
barreta,jzd,barrèta,s,JAR,,barre*ta
barrigera,jzd,barriguèra,s,RGL,,barrige*ra
barrotakarreta,jzd,barròta carrèta,s,RGL,,barro*ta karre*ta
barrote,jzd,barròte,s,RGL,,barro*te
baryable,jzd,bariàble,a,RLC;VC,,barya*ble
bata,jzd,bata,a,EJG;JLC;ND;RGL;VC;VP,,bata
batana7,jzd,bata nà',s,EJG;JLC;ND;RGL;RLC;VP,"s, q:med",bata na*7
batanyee,jzd,bata ñee,s,EJG;JLC;ND;RGL;RLC;VP,,bata nyee
baterya1,jzd,bateriá,s,JLC;RGL,,bate-rya!
baterya2,jzd,bateriá,s,JLC;RGL,,bate-rya!
baterya3,jzd,Bateriá,n,JLC,nn:mas,bate-rya!
batidor,jzd,batidór,s,RGL;RLC,,bati-do!r
bayu7,jzd,bayú',s,EJG;JLC;ND;RLC;VP,,bayu!7
bayu7maskada,jzd,bayú' mascàda,s,RGL,,bayu!7 maska*da
bayu7wiininakichi7,jzd,bayú' huiini' naquichí',s,RGL,,bayu!7 wiini na-kichi!7
bayu7zhinya7,jzd,bayú' xiñà',s,RGL,,bayu!7 zhinya*7
baza,jzd,bazà,s,EJG;ND;VC;VP,,baza*
bazandi7,jzd,bazà ndì',s,VC,,baza* ndi*7
be1,jzd,be,s,JLC;ND,,be
be2,jzd,be,s,JLC,,be
be3,jzd,be,s,JLC,,be
bebe,jzd,be be,a,EJG;JLC;ND,,be be
be7lma,jzd,Bé'lma',n,JLC,n:fem,be!7lma
be7nye,jzd,bé'ñe',s,EJG;JLC;ND;VP,,be!7nye
be7tu,jzd,Bé'tu',n,,n:mas,be!7tu
beenchu,jzd,Béenchu,n,JLC,n:mas,be!enchu
bembem,jzd,bém bém,smb,RGL,,be!m be!m
betubenda,jzd,Bétu Benda,n,JLC,nn:mas,be!tu benda
betubiwi,jzd,Bétu Bihui,n,JLC,nn:mas,be!tu biwi
betubolla,jzd,Bétu Bòla,n,JLC,nn:mas,be!tu bo*lla
betugidxa,jzd,Bétu Guìdxa,n,JLC,nn:mas,be!tu gi*dxa
betulinda,jzd,Bétu Lìnda,n,JLC,nn:mas,be!tu li*nda
betupeji,jzd,Bétu Pèji,n,JLC,nn:mas,be!tu pe*ji
be7-2,jzd,bè',a,EJG;JLC;ND;RGL;RLC;VP,,be*7
be7-3,jzd,bèˤ',smb,JLC;RGL;RLC,,be*:7
belapiipi,jzd,bèla piipi',s,JLC,,be*la piipi
bellu,jzd,bèlu,s,RLC,,be*llu
belu,jzd,bèlu,s,RGL,,be*lu
bem,jzd,bèm,smb,RLC,,be*m
bena,jzd,bèna,s,JLC;RGL,,be*na
benda,jzd,bènda,s,RGL;RLC,,be*nda
beni,jzd,Bèni,n,JLC,n:fem,be*ni
benijulyu,jzd,Bèni Jùliu,n,JLC,nn:fam,be*ni ju*lyu
bersu,jzd,bèrsu,s,RGL;RLC,,be*rsu
betu,jzd,Bètu,n,JLC,n:mas,be*tu
betubere,jzd,Bètu Bere,n,JLC,nn:mas,be*tu bere
betuwiini,jzd,Bètu Huiini',n,JLC,nn:mas,be*tu wiini
beya,jzd,Bèya,n,JLC,n:fem,be*ya
bezhu,jzd,bèxu,s,EJG;JLC;ND;RGL;RLC;VP,,be*zhu
berrda,jzd,berrdá,s,RLC;VP,,be-rrda!
be7te,jzd,be'te',s,EJG;JLC;ND;RGL;RLC;VP,,be7te
be7tegye7,jzd,be'te'guie',s,RGL,,be7te=gye7
be7za1,jzd,be'za',s,ND;VC,"s, q:med",be7za
be7za2,jzd,be'za',a,EJG;ND,,be7za
beche7,jzd,beché',s,JLC;ND;RGL;RLC;VP,,beche!7
bedxe,jzd,bedxe,a,EJG,,bedxe
beede,jzd,beèdè',a,EJG;ND;RGL;VC;VP,a:dv1a,bee*de*
beela,jzd,beèlà',s,EJG;VC,,bee*la*
beede-2,jzd,beedè',s,EJG;JLC;ND;RGL;RLC;VP,,beede*
beedxe1,jzd,beedxe',s,EJG;JLC;ND;RGL;VP,,beedxe
beedxe2,jzd,beedxe',s,VC,,beedxe
beedxe3,jzd,beedxe',s,EJG;VC,,beedxe
beedxechiinyu,jzd,beedxe' chiiñu',s,EJG;JLC;ND;VP,,beedxe chiinyu
beedxelase,jzd,beedxe'lase,s,EJG;JLC;ND;VC,,beedxe=l.ase
beedxetapa7,jzd,beedxe'tapá',s,EJG;ND;RGL;VC,,beedxe=tapa!7
beedxeyaga,jzd,beedxe'yaga,s,EJG;JLC;ND;VC;VP,,beedxe=yaga
beela-2,jzd,beelà',s,EJG;JLC;ND,,beela*
beelabizhuzhedu,jzd,beelà' bixuxè du,s,JLC,,beela* bi-zhuzhe* du
beelado7uryadu,jzd,beelà' do' uriàdu,s,JLC,,beela* do7 urya*du
beeladoogubaana,jzd,beelà' doo gubaana',s,JLC,,beela* doo gu-b.aana
beeladxita,jzd,beelà' dxita,s,RLC,,beela* dxita
beelagagi7lugi,jzd,beelà' gaguí' lu gui,s,RLC,,beela* g.agi!7 lu gi
beelakii,jzd,beelà' quiì,s,RLC;VC,,beela* kii*
beelaladi,jzd,beelà' ladi,s,JLC;VC,,beela* ladi
beelalaya,jzd,beelà' laya,s,RGL;RLC;VP,,beela* laya
beelalu,jzd,beelà' lu,s,RLC;VC,,beela* lu
beelarwaalaga,jzd,beelà' ruaa laga,s,RGL,,beela* rwaa laga
beelauryadu,jzd,beelà' uriàdu,s,JLC,,beela* urya*du
beelaya7se,jzd,beelà' yá'se',s,RLC,,beela* ya!7se
beelaza,jzd,beelà' za,s,VC,,beela* za
beelazhidxi,jzd,beelà' xidxi,s,RGL,,beela* zhidxi
beelabidxu7ni,jzd,beelà'(bi)dxú'ni',s,JLC;RGL;RLC;VC,,beela*=(bi-)dxu!7ni
beelabizabi1,jzd,beelà'bizabì,s,EJG;JLC;RGL;VC;VP,,beela*=bi-zabi*
beelabizabi2,jzd,beelà'bizabì,s,EJG;JLC;RGL;VC;VP,,beela*=bi-zabi*
beelabiwi,jzd,beelà'bihui,s,VC,,beela*=biwi
beelabiwibidxu7nibidxi,jzd,beelà'bihui bidxú'ni' bidxi,s,RLC,,beela*=biwi # bi-dxu!7ni bidxi
beelayuze,jzd,beelà'yùzè,s,JLC;VC,,beela*=yu*ze*
beelazha7na,jzd,beelà'xa'na',s,RGL;RLC;VC;VP,,beela*=zha7na
beenda,jzd,beenda',s,EJG;RGL;VP,,beenda
beendagubizigope7,jzd,beenda' gubizi gopé',s,JLC,,beenda gu-bizi go-pe!7
beendamangera,jzd,beenda' manguèra,s,,,beenda mange*ra
beendangalli7,jzd,beenda' ngalí',s,JLC;VC;VP,,beenda ngalli!7
beendabeedxe,jzd,beenda'beedxe',s,JLC;RGL;RLC;VC,,beenda=beedxe
beendabeedxenisa,jzd,beenda'beedxe' nisa,s,JLC,,beenda=beedxe nisa
beendaboladora,jzd,beenda'boladòra,s,JLC,,beenda=bolado*ra
beendabwaa,jzd,beenda'buaa,s,VC,,beenda=bwaa
beendagope7,jzd,beenda'gopé',s,EJG;JLC;ND;RGL;RLC;VC;VP,,beenda=gope!7
beendagubizi,jzd,beenda'gubizi,s,EJG;JLC;RGL;VP,,beenda=gu-bizi
beendaguuze,jzd,beenda'guuze',s,JLC;RGL;RLC;VC,,beenda=gu.uze
beendaguuzete,jzd,beenda'guuze' te,s,JLC;VC,,beenda=guuze te
beendaluba7,jzd,beenda'luba',s,JLC;RLC;VC,,beenda=lu-ba7
beendaniidxi,jzd,beenda'niidxì',s,JLC,,beenda=niidxi*
beendanisa,jzd,beenda'nisa,s,JLC,,beenda=nisa
beendayaa,jzd,beenda'yaa,s,JLC;RGL;RLC;VC,,beenda=yaa
beendayu1,jzd,beenda'yu,s,JLC;RGL;VC;VP,,beenda=yu
beendayu2,jzd,beenda'yu,s,JLC;RGL;VC;VP,,beenda=yu
beendayuze,jzd,beenda'yuze,s,EJG;VC,,beenda=yuze
beendazhigidi,jzd,beenda'xiguidi,s,EJG;RLC;VC,,beenda=zhi+ gidi
beendazhigidinisa,jzd,beenda'xiguidi nisa,s,JLC,,beenda=zhi+ gidi nisa
beendazhigidi7,jzd,beenda'xiguidí',s,EJG;RLC;VC,,beenda=zhi+ gidi!7
beendazhiinyigiiche,jzd,beenda'xiiñi'guiichè',s,JLC;VC;VP,,beenda=zhiinyi=giiche*
beewu,jzd,beeù',s,EJG;JLC;RGL;RLC;VP,,beewu*
beewubiyooxo,jzd,beeù' biyooxho',s,RGL;RLC,,beewu* bi=yooxo
beewugiza7,jzd,beeù' guizá',s,JLC,,beewu* gi-za!7
beewukandelarya,jzd,beeù' candelària,s,JLC;VC,,beewu* kandela*rya
beewulanixpido7,jzd,beeù' lani xpido',s,RGL;RLC,,beewu* la-ni x.pi-do7
beewunabaana,jzd,beeù' nabaànà',s,RGL;RLC,,beewu* na-baa*na*
beewunisagye,jzd,beeù' nisaguie,s,RGL;RLC,,beewu* nisa=gye
beewusantyaagu,jzd,beeù' santiáagu,s,JLC;RGL;RLC;VC,,beewu* san-tya!agu
beewusantarosa1,jzd,beeù' santa ròsa,s,JLC;RLC;VC,,beewu* santa-ro*sa
beewusantarosa2,jzd,beeù' santa ròsa,s,JLC;RLC;VC,,beewu* santa-ro*sa
beewuwiini,jzd,beeù' huiini',s,JLC;RLC;VC,,beewu* wiini
beewuzhandu7,jzd,beeù' xandú',s,RGL;VC,,beewu* zhandu!7
begu,jzd,begù,s,EJG;JLC;RGL;VP,,begu*
begubiichi,jzd,begù biìchì',s,JLC;RLC,,begu* bii*chi*
begunwi,jzd,begù nuì,s,RLC,,begu* n.wi*
bejiga,jzd,bejìga,s,JLC;RGL;VC,,beji*ga
beladora,jzd,beladòra,s,RGL;RLC,,belado*ra
belle,jzd,bele,s,EJG;JLC;ND;RGL;VP,,belle
bellegiflojo,jzd,bele (gui) flòjo,s,RGL;RLC;VC,,belle (gi) flo*jo
bellegi,jzd,bele gui,s,EJG;JLC;ND;RGL;RLC;VP,,belle gi
bellegisuplador,jzd,bele gui supladór,s,RGL;RLC,,belle gi supla-do!r
bellegiziyati,jzd,bele gui zíyati,s,JLC,,belle gi zi!+ y.ati
bellekru,jzd,bele krú,s,RGL;RLC,,belle kru!
bellebelle,jzd,"bele, bele",clq,RGL;VC,,"belle, belle"
beloryu,jzd,belòriu,s,JLC,,belo*ryu
benda-2,jzd,benda,s,EJG;JLC;VP,,benda
bendabidxu7ni,jzd,benda bidxú'ni',s,RLC,,benda bi-dxu!7ni
bendabidxi7,jzd,benda bidxí',s,JLC,,benda bidxi!7
bendabwaa,jzd,benda buaa,s,EJG;JLC;RGL;VP,,benda bwaa
bendabwaagukwadxitaladi,jzd,benda buaa (g)ucuà dxita ladi,s,RLC,,benda bwaa (g)u-kwa* dxita ladi
bendabwaapulpa,jzd,benda buaa pùlpa,s,RGL,,benda bwaa pu*lpa
bendagalli7,jzd,benda galí',s,EJG,,benda galli!7
bendagudyos,jzd,benda gudiós,s,JLC,,benda gu-dyo!s
bendaguragu7,jzd,benda gura gú',s,RLC,,benda gu-ra gu!7
bendalisa,jzd,benda lìsa,s,JLC,,benda li*sa
bendanyeesukii,jzd,benda ñee suquiì,s,JLC;VC,,benda nyee su-kii*
bendapaloma,jzd,benda palòma,s,JLC,,benda palo*ma
bendaramada,jzd,benda ramàda,s,JLC,,benda rama*da
bendaripapa,jzd,benda ripapa,s,JLC,,benda ri-papa
bendauryadu,jzd,benda uriàdu,s,JLC;RLC,,benda urya*du
bendaxki7ra,jzd,benda xquí'ra',s,RLC,,benda x.ki!7ra
bendayaa1,jzd,benda yaa,s,JLC,,benda yaa
bendayaa2,jzd,benda yaa,s,JLC,,benda yaa
bendayollo,jzd,benda yolo,s,FSL;JLC;ND,,benda yollo
benda-3,jzd,bendà,s,EJG;JLC;RGL;RLC;VP,,benda*
bendalugola,jzd,bendà lu gòla,s,RLC,,benda* lu go*la
bendanawiini,jzd,bendà nahuiini',s,JLC;RGL;RLC,,benda* na-wiini
bendawaniisi,jzd,bendà huaniisì',s,JLC,,benda* wa-niisi*
bendawiini,jzd,bendà huiini',s,RGL;RLC;VC,,benda* wiini
bendxu7,jzd,bendxú',s,JLC,,bendxu!7
benenu,jzd,benènu,s,JLC;RGL,,bene*nu
bentana,jzd,bentàna,s,RGL,,benta*na
bentanadespeju,jzd,bentàna de spèju,s,RGL,,benta*na de spe*ju
bentanaruzhoonye,jzd,bentàna ruxooñe',s,RGL,,benta*na r.u-zhoonye
bentosa,jzd,bentòsa,s,RGL;RLC,,bento*sa
benye,jzd,beñe,s,EJG;JLC;ND;VP,,benye
benyedo7,jzd,beñedo',s,VC,,benye=do7
benyegizhi,jzd,beñeguixi,s,RGL;VC,,benye=gizhi
benyenwi,jzd,beñenuì,s,RGL;VC,,benye=n.wi*
benyeraaya,jzd,beñeraaya',s,VC,,benye=raaya
berbena,jzd,berbèna,s,,,berbe*na
berbikin,jzd,berbiquín,s,JAR,,berbi-ki!n
bere,jzd,bere,s,EJG;JLC;ND;RGL;VP,,bere
berelukanda,jzd,bere lu candà,s,JLC;VC,,bere lu kanda*
berenucha7mayonesa,jzd,bere nuchá' mayonèsa,s,RGL;VC,,bere n.u-cha!7 mayone*sa
berenikaye7ke,jzd,bere ni cayé'que',s,RLC,,bere ni ka-y.e!7ke
berenyeesukii,jzd,bere ñee suquiì,s,RGL;VC,,bere nyee su-kii*
bereornyadu,jzd,bere orniàdu,s,RGL;VC,,bere ornya*du
berepelona,jzd,bere pelòna,s,JLC;VC,,bere pelo*na
beresekretarya,jzd,bere sekretària,s,RLC;VC,,bere sekreta*rya
bereya7se,jzd,bere yá'se',s,RLC;VC,,bere ya!7se
bereyaagi,jzd,bere yaagui',s,RGL;RLC,,bere yaagi
berechuga,jzd,berechuga,s,RLC;VC,,bere=chuga
beredxu7,jzd,beredxù',s,VC,,bere=dxu*7
beregidxa,jzd,bereguìdxa,s,EJG;JLC;ND;VP,,bere=gi*dxa
beregi7xi,jzd,beregui'xhi',s,JLC,,bere=gi7xi
berekooko,jzd,berecooco',s,JLC;RLC;VC,,bere=kooko
berekwixi7,jzd,berecuixhí',s,VC,,bere=kwixi!7
berela7chi,jzd,berela'chi',s,JLC;VC,,bere=la7chi
berelegu,jzd,berelégu,s,RLC,,bere=le!gu
berelelle,jzd,berelèlè,s,EJG;VP,,bere=le*lle*
berendru7,jzd,berendrù',s,JLC;VC;VP,,bere=ndru*7
berendxinga,jzd,berendxìngà,s,JLC;VP,,bere=ndxi*nga*
berengola,jzd,berengola,s,EJG;VC,,bere=ngola
berewala7dxi,jzd,berehualá'dxi',s,VC,,bere=wa-la!7dxi
bereyanniraa,jzd,bereyanniraà,s,JLC,,bere=yanni=raa*
berezhunazhi,jzd,berexunaxi,s,EJG;JLC;ND;RGL;RLC;VC;VP,,bere=zhu-nazhi
beserru,jzd,besèrru,s,JLC,,bese*rru
besina,jzd,besìna,s,RGL;RLC,,besi*na
besinu,jzd,besìnu,s,RGL,,besi*nu
bestidu,jzd,bestìdu,s,VP,,besti*du
bewa,jzd,behuà,s,JLC;RLC;VP,,bewa*
bewazhinya71,jzd,behuàxiñà',s,JLC;ND;RLC,,bewa*=zhi^-nya*7
bewazhinya72,jzd,behuàxiñà',s,RLC,,bewa*=zhi^-nya*7
bewu7,jzd,beù',s,,,bewu*7
bezalu,jzd,beza lu,s,EJG;JLC;ND;RGL;VP,,beza lu
bezalubenda,jzd,beza lu benda,s,RGL;RLC,,beza lu benda
bezha,jzd,bexà,s,EJG;JLC;ND;RGL;RLC;VP,,bezha*
bi-3,jzd,bi,s,EJG;JLC;ND;RLC;VP,,bi
bitalega,jzd,bi talèga,s,RLC;VC,,bi tale*ga
bi7chu,jzd,bí'chu',a,EJG;ND,,bi!7chu
bichi,jzd,bíchi,s,JLC;RLC;VP,,bi!chi
bikbikbik,jzd,bíc bíc bíc,smb,RGL,,bi!k bi!k bi!k
bimblim,jzd,bímːːblímːː,smb,RLC,,bi!m::bli!m::
binbinbin,jzd,bín bín bín,smb,RGL,,bi!n bi!n bi!n
bir,jzd,Bír,n,JLC,n:mas,bi!r
bibu,jzd,bìbu,a,RGL;RLC,,bi*bu
bidryu,jzd,bìdriu,s,JLC;RGL,,bi*dryu
bidxi-4,jzd,bìdxi,pcp,JLC,,bi*dxi
bidxu1,jzd,bìdxù,s,JLC,,bi*dxu*
bidxu2,jzd,bìdxù,s,JLC;ND;RLC;VP,,bi*dxu*
bidxu3,jzd,bìdxù,a,JLC;ND;RLC;VP,a:sim,bi*dxu*
bini,jzd,bìni,s,VC,,bi*ni
binu,jzd,bìnu,s,JLC,,bi*nu
birjenso7,jzd,Bìrjen Só',n,VC,nn:fem,bi*rjen so!7
birrya,jzd,Bìrria,n,JLC,n:ani,bi*rrya
biru1,jzd,bìrù,a,JLC,,bi*ru*
biru2,jzd,bìrù,s,EJG;ND;RGL;VC,s:der,bi*ru*
bita,jzd,Bìta,n,JLC,n:fem,bi*ta
bizi,jzd,bìzi,s,EJG;JLC;ND;VP,,bi*zi
bibya,jzd,bibiá,s,RGL,,bi-bya!
bichenda,jzd,bichèndà,s,JLC,,bi-che*nda*
bicheeche,jzd,bicheechè',pcp,RLC,,bi-cheeche*
bicheepaludebe,jzd,bicheepa' lu de be,pcp,RLC,,bi-cheepa lu de+ be
bichiisa1,jzd,bichiìsà',pcp,EJG,,bi-chii*sa*
bichiisa2,jzd,bichiìsà',s,VP,,bi-chii*sa*
bichiite,jzd,bichiìtè',s,EJG;VC,,bi-chii*te*
bichiinya,jzd,bichiiña',s,EJG;JLC;ND;VP,,bi-chiinya
bichiinyabupu,jzd,bichiiña' bupu,s,RLC,,bi-chiinya bupu
bichiki1,jzd,bichiqui,s,JLC,,bi-chiki
bichiki2,jzd,bichiqui,s,EJG;JLC;VP,,bi-chiki
bichipa,jzd,bichipa,pcp,EJG;ND,,bi-chipa
bichitagidxa,jzd,bichita (guìdxa),pcp,EJG;JLC;RLC;VP,,bi-chita (gi*dxa)
bichonna,jzd,bichònnà,s,RGL;RLC,,bi-cho*nna*
bichooxe,jzd,bichoòxhè',s,RGL;RLC;VC,,bi-choo*xe*
bichooxe-2,jzd,bichooxhè',s,,,bi-chooxe*
bichu7wiininucha7bere,jzd,bichú' huiini' nuchá' bere,s,RGL;RLC,,bi-chu!7 wiini nucha!7 bere
bichuga1,jzd,bichuga,pcp,JLC;ND;RGL,,bi-chuga
bichuga2,jzd,bichuga,s,RLC,s:der,bi-chuga
bichugabichu7,jzd,bichuga bichú',s,RGL;RLC,s:der,bi-chuga bichu!7
bichugaike,jzd,bichuga ique,s,JLC;VP,s:der,bi-chuga ike
bichuku,jzd,bichucu,pcp,JLC;ND;RLC;VP,,bi-chuku
bichya7,jzd,bichia',pcp,EJG,,bi-chya7
bidapi,jzd,bidapì,pcp,VC,,bi-d.api*
bidaani,jzd,bidaani',s,EJG;JLC;ND;RLC;VP,,bi-daani
bidaanigye7,jzd,bidaani' guie',s,RGL,,bi-daani gye7
bidaanikichi7,jzd,bidaani' quichí',s,EJG;JLC;RGL;RLC;VP,,bi-daani kichi!7
bidaanipiipi,jzd,bidaani' piipì',s,JLC;RGL;RLC,,bi-daani piipi*
bidaaniro7,jzd,bidaani' ró',s,EJG,,bi-daani ro!7
bidapa,jzd,bidapa,pcp,JLC;ND,"pcp, num:ord",bi-dapa
bidolla,jzd,bidòlà,pcp,EJG;JLC;ND,,bi-do*lla*
bidollagi7,jzd,bidòlà gui',pcp,EJG;JLC;VP,,bi-do*lla* gi7
bido7,jzd,bido',pcp,EJG;JLC;ND;RLC;VP,,bi-do7
bidopa,jzd,bidopà,pcp,JAR;RLC,,bi-dopa*
biduyu,jzd,bidùyù,s,JLC;RGL;RLC;VP,,bi-du*yu*
biduyusolitarya,jzd,bidùyù solitària,s,RLC,,bi-du*yu* solita*rya
biduyuza,jzd,bidùyù za,s,RGL,,bi-du*yu* za
bidubidxi,jzd,bidubi dxi,pcp,JLC,,bi-dubi dxi
bidunu,jzd,bidunu,s,EJG;JLC;ND;VP,,bi-dunu
bidununisa,jzd,bidunu nisa,s,JLC,,bi-dunu nisa
bidwaa,jzd,biduaa,s,,,bi-dwaa
bidxadxa,jzd,bidxàdxà,s,EJG;JLC;ND;RLC;VP,,bi-dxa*dxa*
bidxaa,jzd,bidxaà,pcp,EJG;JLC;ND;RLC;VP,,bi-dxaa*
bidxaana,jzd,bidxaana',s,EJG;ND;VC,,bi-dxaana
bidxi-5,jzd,bidxi,s,,,bi-dxi
bidxicha7wi,jzd,bidxi chá'hui',s,,,bi-dxi cha!7wi
bidxidxinya,jzd,bidxi dxiña,s,,,bi-dxi dxinya
bidxichi,jzd,bidxichi,s,EJG;JLC;ND;RLC;VP,,bi-dxichi
bidxichibisaanarigola,jzd,bidxichi bisaanà' rígola,s,JLC,,bi-dxichi bi-saana* ri! gola
bidxichiwana7,jzd,bidxichi huaná',s,VC;VP,,bi-dxichi wana!7
bidxii,jzd,bidxiì,s,EJG,,bi-dxii*
bidxiichi-2,jzd,bidxiichì',pcp,RGL;RLC,,bi-dxiichi*
bidxiichisi,jzd,bidxiichì'sì,pcp,RLC,,bi-dxiichi* +si*
bidxiide,jzd,bidxiidè',pcp,EJG;ND;RGL,,bi-dxiide*
bidxinya,jzd,bidxiñà,s,EJG;JLC;ND;RLC;VP,,bi-dxinya*
bidxu7ni,jzd,bidxú'ni',pcp,EJG;JLC;RLC,,bi-dxu!7ni
bidxu7nidebeelabyuzhe,jzd,bidxú'ni' de beelà' biùxè,pcp,RLC,,bi-dxu!7ni de beela* byu*zhe*
bidxwi7,jzd,bidxui',pcp,RLC,,bi-dxwi7
bigaraagudo7,jzd,biga raagu' do',s,EJG,,bi-ga raagu do7
bigadxe,jzd,bigàdxè,pcp,JLC;RGL;RLC;VP,,bi-ga*dxe*
biga7,jzd,biga',s,EJG;JLC;RGL;RLC;VP,,bi-ga7
biga7la7dxido7,jzd,biga'la'dxi'do',s,EJG;VC,,bi-ga7=la7dxi=do7
biga7yaase,jzd,biga'yaase',s,RGL;RLC;VC,,bi-ga7=yaase
biga7yanni,jzd,biga'ya'nni,s,EJG;RLC;VC,,bi-ga7=yanni
biga7gadiidxa,jzd,biga'ga' diidxa',s,EJG,,bi-ga7ga diidxa
bigaana,jzd,bigaana',s,EJG;VC,,bi-gaana
bigeda,jzd,bigueda,pcp,EJG;VC,,bi-geda
bigidi7,jzd,biguidì',pcp,EJG;JLC;RGL;RLC;VP,,bi-gidi*7
bigidi7ribeela,jzd,biguidì' rí beelà',pcp,EJG;JLC;RGL;RLC;VP,,bi-gidi*7 ri! beela*
bigiini,jzd,biguiini',s,EJG;VC,,bi-giini
bigitu,jzd,biguitu,pcp,ND;VC;VP,,bi-gitu
bigituri7ni,jzd,biguiturí'ni,pcp,JLC;ND;VC;VP,,bi-gitu=ri!7ni
bigose,jzd,bigosè,s,EJG;JLC;ND;RLC;VP,,bi-gose*
bigosegiiba,jzd,bigosè guiiba',s,EJG;JLC;RLC,,bi-gose* giiba
bigosegizhi7,jzd,bigosè guixí',s,EJG,,bi-gose* gizhi!7
bigu,jzd,bigù,pcp,EJG;JLC;VP,,bi-gu*
bigudxi,jzd,bigudxi,s,EJG;JLC;ND;RLC;VP,,bi-gudxi
biguna,jzd,biguna,pcp,RLC,,bi-guna
bigusi7,jzd,bigusí',s,EJG;RGL,,bi-gusi!7
bigye7,jzd,biguie',s,JLC;ND;RGL;RLC;VP,,bi-gye7
bikiiri,jzd,biquiiri',s,EJG,,bi-kiiri
bikiiridaapa,jzd,biquiiri' daàpà',s,EJG,,bi-kiiri daa*pa*
bikiixu,jzd,biquiixhù',s,EJG;JLC;ND;RGL;RLC;VP,,bi-kiixu*
bikudxe,jzd,bicùdxè,s,EJG;VP,,bi-ku*dxe*
bikutigicha,jzd,bicutí' guicha,s,JLC;RGL;RLC,,bi-kuti!' gicha
bikuti7,jzd,bicutí',s,EJG;JLC;ND;RGL;RLC;VP,,bi-kuti!7
bikuti7yu,jzd,bicutí' yu,s,,,bi-kuti!7 yu
bikuuni,jzd,bicuùnì',s,EJG;JLC;ND;VP,,bi-kuu*ni*
bikuugu,jzd,bicuugu',s,EJG;VC,,bi-kuugu
bikwini,jzd,bicuini,s,JAR;JLC;ND;VP,,bi-kwini
bikwinianiw,jzd,bicuini aníu,s,JLC,,bi-kwini a-ni!w
bikwinigalawi7,jzd,bicuini galahuí',s,RGL,,bi-kwini ga-lawi!7
bikwinikwe7bikwiniro7,jzd,bicuini cue' bicuini ro',s,RGL,,bi-kwini kwe7 bi-kwini ro7
bikwinikwe7bikwiniwiini,jzd,bicuini cue' bicuini huiini',s,RGL,,bi-kwini kwe7 bi-kwini wiini
bikwinina7,jzd,bicuini nà',s,JLC;RGL;VP,,bi-kwini na*7
bikwiningola,jzd,bicuini ngòla,s,RGL,,bi-kwini ngo*la
bikwininyee,jzd,bicuini ñee,s,JLC;RGL;VP,,bi-kwini nyee
bikwiniro7,jzd,bicuini ró',s,RGL,,bi-kwini ro!7
bikwiniro7kaa,jzd,bicuini ró' caà,s,JLC,,bi-kwini ro!7 kaa*
bikwiniwiini,jzd,bicuini huiini',s,,,bi-kwini wiini
bikye7,jzd,biquiè',s,VP,,bi-kye*7
bikye7bidxi,jzd,biquiè' bidxi,s,RLC;VC,,bi-kye*7 bidxi
bikye7nisa,jzd,biquiè' nisa,s,RLC;VC,,bi-kye*7 nisa
bikye7yaa,jzd,biquiè' yaa,s,RLC;VC,,bi-kye*7 yaa
bila,jzd,bila,pcp,RLC;VP,,bi-la
billollo,jzd,bilolò,pcp,EJG;ND;VC,,bi-llollo*
bilopa,jzd,bilopà,s,JLC,,bi-lopa*
bilopayoo,jzd,bilopàyoo,s,JLC;ND;VP,,bi-lopa*=yoo
binabi1,jzd,binabì,s,EJG;VC,,bi-nabi*
binabi2,jzd,binabì,s,EJG;VC,,bi-nabi*
bini1,jzd,bini,s,JLC;ND,,bi-ni
bini2,jzd,bini,s,ND,,bi-ni
biniladi,jzd,bini ladi,s,RGL;RLC,,bi-ni ladi
bininyee,jzd,bini ñee,s,RGL;RLC,,bi-ni nyee
binixkustya,jzd,bini xcustiá,s,VP,,bi-ni x.ku-stya!
biniidxi,jzd,biniìdxì',s,VC,,bi-nii*dxi*
bireenendaani,jzd,biree nè ndaani',clq,EJG,,bi-r.ee ne* ndaani
bireexkeeke,jzd,biree xqueeque',clq,RLC,,bi-r.ee x.keeke
bireexi,jzd,biree xhi,clq,EJG;ND;RGL,,bi-r.ee xi
biraru7,jzd,birarú',pcp,EJG;RLC,,bi-ra +ru!7
birenda,jzd,birèndà,pcp,EJG,,bi-re*nda*
biri,jzd,birì,s,EJG;JLC;ND;VP,,bi-ri*
birigi7,jzd,birì gui',s,JLC,,bi-ri* gi7
biriikengola,jzd,birì ique ngola,s,JLC,,bi-ri* ike ngola
birinyee,jzd,birì ñee,s,RLC,,bi-ri* nyee
biriyaase,jzd,birì yaase',s,JLC,,bi-ri* yaase
biriyuuba,jzd,birì yuuba',s,JLC,,bi-ri* yuuba
birizhinya7,jzd,birì xiñà',s,,,bi-ri* zhi-nya*7
birixyaa,jzd,birìxhiaa,s,EJG;JLC;VP,,bi-ri*=xyaa
birii,jzd,birii,s,EJG;ND,,bi-rii
biriipi,jzd,biriipì',s,EJG;JLC;ND;RLC;VC;VP,,bi-riipi*
biropa,jzd,biropa,pcp,ND,"pcp, num:ord",bi-ropa
biropaiza,jzd,biropa iza,pcp,JLC,,bi-ropa iza
birungu,jzd,birungù,s,,,bi-rungu*
biruuchu,jzd,biruuchù',pcp,EJG;JLC;RLC;VC;VP,,bi-ruuchu*
biruugu,jzd,biruugu',pcp,RLC,,bi-ruugu
bisi7nya,jzd,bisí'ña',s,JLC;VP,,bi-si!7nya
biste,jzd,bisté,s,RLC,,bi-ste!
bisya,jzd,bisià,s,JLC;RGL;VP,,bi-sya*
bisyage7dxe,jzd,bisià gue'dxe',s,EJG;JLC;VC;VP,,bi-sya* ge7dxe
bisyawiini,jzd,bisià huiini',s,VP,,bi-sya* wiini
biti,jzd,biti,s,EJG;ND,,bi-ti
bitigu7deche,jzd,bitigú' deche,s,RLC,,bi-tigu!7 deche
bitigu7yu,jzd,bitigú' yu,s,EJG,,bi-tigu!7 yu
bitii,jzd,bitiì,s,EJG;JLC;ND;RGL;RLC;VP,,bi-tii*
bitiiba,jzd,bitiiba',pcp,EJG,,bi-tiiba
bitindi7,jzd,bitindí',s,JLC;VP,,bi-tindi!7
bitindi7tijera,jzd,bitindí' (tijèra),s,JLC;ND;VP,,bi-tindi!7 (tije*ra)
bitindi7rwaayoo,jzd,bitindí' ruaa yoo,s,ND;VP,,bi-tindi!7 rwaa yoo
bitwilu,jzd,bitui' lu,pcp,RLC,,bi-twi' lu
bixyapa,jzd,bixhiapà,pcp,JLC;ND,,bi-x.y.apa*
bixaana,jzd,bixhaana',s,EJG;ND,,bi-xaana
bixadxi,jzd,bixhadxi,pcp,EJG;RLC,,bi-xadxi
bixawi,jzd,Bixhahuì,s,JLC;ND;VP,,bi-xawi*
bixiidi,jzd,bixhiidi',pcp,ND;VP,,bi-xiidi
bixonye,jzd,bixhoñè,pcp,EJG,,bi-xonye*
bixoze,jzd,bixhoze,s,EJG;JLC;ND;RGL;RLC;VP,,bi-xoze
bixozebiida,jzd,bixhoze biida',s,EJG;JLC;ND;RLC;VP,,bi-xoze biida
bixozefamilya,jzd,bixhoze famìlia,s,RGL,,bi-xoze fami*lya
bixozegidxi,jzd,bixhoze guidxi,s,JLC;RGL;RLC,,bi-xoze gidxi
bixozegola,jzd,bixhoze gola,s,EJG;JLC;ND;VP,,bi-xoze gola
bixozexxeela,jzd,bixhoze xheela',s,RGL;RLC,,bi-xoze x.xeela
bixozeyu7du,jzd,bixhoze yu'du',s,JLC;ND;VP,,bi-xoze yu7.du
bixuxude,jzd,bixhuxhu dé,pcp,EJG,,bi-xuxu* de
biza7na,jzd,biza'na',s,EJG;JLC;ND;RGL;RLC;VP,,bi-za7na
biza7nalugola,jzd,biza'na' lu gòla,s,JLC;RLC,,bi-za7na lu go*la
biza7nanawiini,jzd,biza'na' nahuiini',s,JLC,,bi-za7na na-wiini
biza7nawaniisi,jzd,biza'na' huaniisì',s,JLC;RGL;RLC,,bi-za7na wa-niisi*
bizaa,jzd,bizaa,s,,,bi-zaa
bizaamantekya,jzd,bizaa mantequiá,s,JLC;RLC,,bi-zaa mante-kya!
bizaari7ni,jzd,bizaa rí'ni',s,JLC,,bi-zaa ri!7ni
bizaalu,jzd,bizaalu',s,EJG;ND,,bi-zaa=lu
bizabi,jzd,bizabì,s,EJG;JLC;ND;RGL;RLC;VP,,bi-zabi*
bizachi,jzd,bizachi,s,,,bi-zachi
bize,jzd,bizè,s,EJG;JLC;ND;RLC;VP,,bi-ze*
bizeyanni,jzd,bizè yanni,s,EJG;JLC;ND,,bi-ze* yanni
bizeyuzhi,jzd,bize yuxi,s,ND,,bi-ze* yuzhi
bizhwaana,jzd,bixuaana',s,JLC;ND;VP,,bi-zh.waana
bizhana,jzd,Bixàna,s,VC,,bi-zha*na
bizhe7,jzd,bixè',s,EJG;JLC;ND;RLC;VP,,bi-zhe*7
bizhe7-2,jzd,bixe',s,VC,,bi-zhe7
bizheenda,jzd,bixeenda',s,JLC,,bi-zheenda
bizhinway,jzd,bixín huay,smb,RLC,,bi-zhi!n way
bizhigi7,jzd,bixiguí',pcp,EJG;JLC;VP,,bi-zhigi!7
bizhiidxu,jzd,bixiidxu',s,JLC;ND;RLC;VP,,bi-zhiidxu
bizhonye,jzd,bixoñe,pcp,RLC,,bi-zhonye
bizhoonye,jzd,bixooñe',s,EJG;JLC;ND;VP,,bi-zhoonye
bizhore7,jzd,bixoré',s,JLC;RGL;RLC;VC,,bi-zhore!7
bizhuga,jzd,bixugà,s,EJG;JAR;JLC;RGL;VP,,bi-zhuga*
bizhugana7,jzd,bixugà nà',s,JLC;RGL;RLC,,bi-zhuga* na*7
bizhugana7bisya,jzd,bixugà nà' bisià,s,JLC,,bi-zhuga* na*7 bi-sya*
bizhugana7mani7,jzd,bixugà nà' maní',s,JLC,,bi-zhuga* na*7 mani!7
bizhuganyee,jzd,bixugà ñee,s,RGL;RLC,,bi-zhuga* nyee
bizhugawiini,jzd,bixugà huiini',s,RGL,,bi-zhuga* wiini
bizhyaabido7,jzd,bixiaà bido',s,VC,,bi-zhyaa* bi-do7
bizinya,jzd,biziñà,s,EJG;JLC;ND;VP,,bi-zinya*
bizuwaadxi,jzd,bizuhuaa dxì,s,RLC,,bi-zu-waa dxi*
bizulu,jzd,bizulu,pcp,JLC,,bi-zu=lu
bizuga7,jzd,bizugá',s,EJG;VC,,bi-zuga!7
bizunu1,jzd,bizunu,pcp,EJG;JLC;ND;RLC,,bi-zunu
bizunu2,jzd,bizunu,pcp,EJG;JLC;ND;RLC,,bi-zunu
bizuudi,jzd,bizuudi',s,EJG;JLC;ND;RLC;VP,,bi-zuudi
bizuudichuku,jzd,bizuudi' chucu,s,RGL,,bi-zuudi chuku
bizuudirenda,jzd,bizuudi' rèndà,s,EJG;ND;RGL,,bi-zuudi re*nda*
bizuudiulan,jzd,bizuudi' ulán,s,EJG;RGL,,bi-zuudi u-la!n
bizuudizhagete7,jzd,bizuudi' xagueté',s,RGL,,bi-zuudi zha+ g.ete!7
bizyaa,jzd,biziaà,s,,,bi-zyaa*
bizyaanda,jzd,biziaà ndà',s,,,bi-zyaa* nda*'
bizyaayu,jzd,biziaà yu,s,,,bi-zyaa* yu
bii-2,jzd,biì,s,,,bi.i*
biya,jzd,bia,s,,,bi.ya
bi7chi,jzd,bi'chi',s,EJG;JLC;ND;RGL;RLC;VP,,bi7chi
bi7chilugola,jzd,bi'chi' (lu) gòla,s,RLC,,bi7chi (lu+) go*la
bi7chinawiini,jzd,bi'chi' (na)huiini',s,JLC,,bi7chi (na-)wiini
bi7chiwaniisi,jzd,bi'chi' huaniisì',s,JLC,,bi7chi wa-niisi*
bi7ku,jzd,bi'cu',s,EJG;JLC;ND;VP,,bi7ku
bi7kubeede,jzd,bi'cu' beèdè',s,JLC;VC,,bi7ku bee*de*
bi7kuderasa,jzd,bi'cu' de ràsa,s,RGL;RLC,,bi7ku de ra*sa
bi7kugewu7,jzd,bi'cu' gueù',s,JLC;RGL,,bi7ku gewu*7
bi7kula7sa,jzd,Bi'cu' La'sa',n,JLC,nn:mas,bi7ku la7sa
bi7kulugidxi,jzd,bi'cu' luguidxi,s,VC,,bi7ku lu+ gidxi
bi7kundaaniyoo,jzd,bi'cu' ndaani' yoo,s,VC,,bi7ku ndaani yoo
bi7kurola7na,jzd,bi'cu' ro la'na',s,VC,,bi7ku r.o la7na
bi7kuwala7dxi,jzd,bi'cu' hualá'dxi',s,RGL;VC,,bi7ku wa-la!7dxi
bi7kucha7wi,jzd,bi'cu'chá'hui',s,RLC;VC,,bi7ku=cha!7wi
bi7kugunaa,jzd,bi'cu'gunaa,s,RGL,,bi7ku=gu-naa
bi7kuguuze,jzd,bi'cu'guuze',s,RLC,,bi7ku=gu.uze
bi7kuluzhu,jzd,bi'cu'luxu,s,JLC;RLC,,bi7ku=luzhu
bi7kunagola,jzd,bi'cu'nagola,s,JLC;RGL,,bi7ku=na-gola
bi7kungiiyu,jzd,bi'cu'nguiiyu',s,RGL,,bi7ku=ngiiyu
bi7kungola,jzd,bi'cu'ngola,s,VC,,bi7ku=ngola
bi7kunisa,jzd,bi'cu'nisa,s,EJG,,bi7ku=nisa
bi7kuombre,jzd,bi'cu'òmbre,s,RGL,,bi7ku=o*mbre
bi7kuwiini,jzd,bi'cu'huiini',s,RGL;VC,,bi7ku=wiini
bi7kuyooxo,jzd,bi'cu'yooxho',s,RLC;VC,,bi7ku=yooxo
bi7kuyu7ba,jzd,bi'cu'yú'ba',s,EJG;JLC;RGL;RLC;VC,,bi7ku=yu!7ba
bigyaa,jzd,biguiaa,s,JLC;VC;VP,,bi=gyaa
binisa,jzd,binisa,s,JLC;RGL;RLC;VC;VP,,bi=nisa
biyooxo,jzd,biyooxho',s,JLC;RLC;VC;VP,,bi=yooxo
bichi7,jzd,bichí',pcp,EJG;VC,,bichi!7
bichu7,jzd,bichú',s,EJG;JLC;ND;RGL;RLC;VP,,bichu!7
bichu7batawiini,jzd,bichú' bata (huiini'),s,RGL;RLC,,bichu!7 bata (wiini)
bichu7be,jzd,bichú' be,s,EJG;JLC;ND;RGL;RLC;VP,,bichu!7 be
bichu7gaa,jzd,bichú' gaà,s,EJG;JLC;ND;VP,,bichu!7 gaa*
bichu7giigu,jzd,bichú' guiigu',s,RGL,,bichu!7 giigu
bichu7kafe,jzd,bichú' café,s,RGL;RLC,,bichu!7 ka-fe!
bichu7nabaja,jzd,bichú' nabàja,s,RGL,,bichu!7 naba*ja
bichu7nisanaxi,jzd,bichú' nisa naxhi,s,RGL;RLC,,bichu!7 nisa naxi
bichu7nyeechiba,jzd,bichú' ñee chìba,s,RGL,,bichu!7 nyee chi*ba
bichu7pyonta,jzd,bichú' piontà,s,RGL,,bichu!7 pyonta*
bichu7wiini,jzd,bichú' huiini',s,JLC,,bichu!7 wiini
bichu7xkyeba7du,jzd,bichú' xquie ba'du',s,RGL,,bichu!7 x.kye ba7du
bichu7xoonye,jzd,bichú' xhooñe',s,RGL,,bichu!7 xoonye
bidi,jzd,bidi,s,EJG;JLC;ND;VP,,bidi
bidiyu,jzd,bidi yu,s,JLC,,bidi yu
bidiyuze,jzd,bidi yùzè,s,,,bidi yu*ze*
bidizhinya7,jzd,bidi xiñà',s,JLC,,bidi zhi-nya*7
bidigi7xi,jzd,bidigui'xhi',s,JLC,,bidi=gi7xi
bidu7,jzd,bidú',s,EJG;JLC;ND;RGL;VP,,bidu!7
bidu,jzd,bidù,s,JLC,,bidu*
bidxi-6,jzd,bidxi,a,EJG;JLC;ND;RGL;RLC;VP,,bidxi
bidxi7,jzd,bidxí',s,EJG;JLC;ND;RGL;RLC;VP,,bidxi!7
bidxi7ikerungu,jzd,bidxí' ique rungù,s,JLC;VC,,bidxi!7 ike rungu*
bidxi7mbo7ko,jzd,bidxí' mbo'co',s,JLC;RLC;VP,,bidxi!7 mbo7ko
bidxi7na7,jzd,bidxí' nà',s,JLC;RGL;VP,,bidxi!7 na*7
bidxi7nisa,jzd,bidxí' nisa,s,RLC,,bidxi!7 nisa
bidxi7nyee,jzd,bidxí' ñee,s,JLC;ND;RGL;VP,,bidxi!7 nyee
bidxi7nyeegaa,jzd,bidxí' ñee gaa,s,EJG;JLC;VP,,bidxi!7 nyee gaa
bidxi7wiini,jzd,bidxí' huiini',s,JLC;RGL;RLC,,bidxi!7 wiini
bidxigi,jzd,bidxì gui,s,JLC;ND;RGL;VP,,bidxi* gi
bidxigizha7narizhinya7,jzd,bidxì gui xa'na' rí xiñà',s,JLC,,bidxi* gi zha7na ri! zhi-nya*7
bidxigizhinya7,jzd,bidxì gui xiñà',s,JLC;RGL;RLC,,bidxi* gi zhi-nya*7
biga7-2,jzd,bigá',s,EJG;JLC;RLC;VP,,biga!7
bigarii,jzd,bigariì,s,JLC;VP,,biga=rii*
bigariidani,jzd,bigariì danì,s,JLC,,biga=rii* dani*
bigariindanigidxi,jzd,bigariì ndani guidxi,s,JLC,,biga=rii* ndani gidxi
bigote,jzd,bigòte,s,RGL,,bigo*te
bigu-2,jzd,bigu,s,EJG;JLC;RGL;VP,,bigu
bigubenye,jzd,bigu beñe,s,JLC,,bigu benye
biguparrlama7,jzd,bigu parrlamá',s,JLC,,bigu parr-lama!7
biitu,jzd,biìtù',s,RGL,,bii*tu*
biichi,jzd,biichì',s,EJG;JLC;ND;RLC;VP,,biichi*
biichido7,jzd,biichì' do',s,EJG;JLC;ND;RLC;VP,,biichi* do7
biichidxinya,jzd,biichì' dxiñà,s,EJG;JLC;ND;RLC;VP,,biichi* dxinya*
biichindii,jzd,biichì' ndiì,s,EJG;JLC;VP,,biichi* ndii*
biichingola,jzd,biichì' ngòla,s,RLC,,biichi* ngo*la
biichinisa,jzd,biichì' nisa,s,,,biichi* nisa
biichiyaa,jzd,biichì' yaa,s,EJG;ND,,biichi* yaa
biida,jzd,biida',s,RGL;RLC,,biida
biidi-2,jzd,biidi',s,JLC;ND,,biidi
biidxi,jzd,biidxi',s,EJG;RLC;VP,,biidxi
biini,jzd,biini',s,VC,,biini
biitu-2,jzd,biitù',s,,,biitu*
biitula7dxido7,jzd,biitù' (la'dxi'do'),s,RGL;RLC,,biitu* (la7dxi=do7)
biituzhidxi,jzd,biitù' xidxi,s,RGL;RLC,,biitu* zhidxi
biiyu,jzd,biiyù',s,EJG;JLC;VP,,biiyu*
billiwana7,jzd,bilihuaná',s,EJG;JLC;VP,,billi=wana!7
binni,jzd,binnì,s,EJG;JLC;ND;RGL;VP,,binni*
binnidedxike,jzd,binnì de dxiquè,s,JLC,,binni* de+ dxi +ke*
binniguzana1,jzd,binnì guzana,s,EJG;JLC;VC;VP,,binni* gu-zana
binniguzana2,jzd,binnì guzana,s,EJG;JLC;VC;VP,,binni* gu-zana
binnikegiza7,jzd,binnì qué(gu)izá',s,EJG;VC,,binni* ke!+ (g)i-za!7
binnikegizaaka,jzd,binnì qué(gu)izaàcà',s,EJG;VC,,binni* ke!+ (g)i-zaa*ka*
binnilugu7,jzd,binnì lugú',s,EJG;VC,,binni* lugu!7
binninuuxpyaani,jzd,binnì nuù xpiaani',s,VC,,binni* n.uu* x.p.y.aani
binninawatixpyaani,jzd,binnì nahuatì xpiaani',s,VC,,binni* na-wati* x.p.y.aani
binninazaaka,jzd,binnì nazaacà',s,EJG;VC,,binni* na-zaaka*
binnirunibuu,jzd,binnì runi buù,s,JLC,,binni* r.uni buu*
binnirunidxiinyazhagete7yu,jzd,binnì runi dxiiña' xagueté' yu,s,JLC,,binni* r.uni dxiinya zha+ gete!7 yu
binniwati,jzd,binnì huàtì,s,VC,,binni* wa*ti*
binniba7,jzd,binnìba',s,VC,,binni*=ba7
binnidxaapa,jzd,binnìdxaapa',s,JLC;ND;RGL;RLC;VC;VP,,binni*=dxaapa
binnidxaapayooxo,jzd,binnìdxaapa'yooxho',s,JLC;RLC,,binni*=dxaapa=yooxo
binnidxaba7,jzd,binnìdxabá',s,EJG;JLC;ND;RGL;RLC;VC;VP,,binni*=dxaba!7
binnigwe7,jzd,binnìgüe',s,EJG;JLC;RLC;VC;VP,,binni*=g.we7
binnigenda,jzd,binnìguenda,s,EJG;JLC;VC;VP,,binni*=genda
binnigi7xi,jzd,binnìgui'xhi',s,EJG;JLC;VC,,binni*=gi7xi
binnigidxa,jzd,binnìguidxa,s,EJG;ND;RGL;VC,,binni*=gidxa
binnigidxi,jzd,binnìguidxi,s,EJG;JLC;ND;VC;VP,,binni*=gidxi
binnigidxilayu,jzd,binnìguidxilayu,s,VC,,binni*=gidxi=la=yu
binnigola,jzd,binnìgòla,s,EJG;RGL;RLC;VP,,binni*=go*la
binnigula7sa1,jzd,binnìgula'sa',s,EJG;JLC;ND;RGL;RLC;VC;VP,,binni*=gu-la7sa
binnigula7sa2,jzd,binnìgula'sa',s,EJG;JLC;ND;RGL;RLC;VC;VP,,binni*=gu-la7sa
binnilidxi,jzd,binnìlidxi,s,JLC;RGL;RLC;VC;VP,,binni*=lidxi
binnima7,jzd,binnìmá',s,EJG;RGL;RLC;VC,,binni*=ma!7
binnimani7,jzd,binnìmaní',s,EJG;VC,,binni*=mani!7
binninacha7wi,jzd,binnìnachá'hui',s,VC,,binni*=na-cha!7wi
binninadxaba7,jzd,binnìnadxabá',s,EJG;VC,,binni*=na-dxaba!7
binnirisaka,jzd,binnìrisaca,s,JLC;VC,,binni*=ri-saka
binniwala7dxi,jzd,binnìhualá'dxi',s,JLC;RGL;VC,,binni*=wa-la!7dxi
binniwaniisi,jzd,binnìhuaniìsì',s,JLC;VC,,binni*=wa-nii*si*
binniwara,jzd,binnìhuara,s,RGL;VC;VP,,binni*=wa-ra
binniyoo,jzd,binnìyoo,s,JLC;VC,,binni*=yoo
binniza,jzd,binnìza,s,EJG;JLC;VC,,binni*=za
biriwella,jzd,birihuèla,s,JLC;RGL;RLC,,biri-we*lla
biriwellaloka,jzd,birihuèla lòca,s,JLC;RLC,,biri-we*lla lo*ka
birrinchudu,jzd,birrinchùdu,a,JLC;RLC,,birrinchu*du
bisagra,jzd,bisàgra,s,RGL,,bisa*gra
bisi,jzd,bisi,s,EJG;JLC;ND;RGL;RLC;VP,,bisi
bitasilina,jzd,bitasilìna,s,RLC,,bitasili*na
biwi,jzd,bihui,s,EJG;JLC;ND;RGL;RLC;VP,,biwi
biwigi7xi,jzd,bihui gui'xhi',s,EJG;JLC;RGL;RLC;VP,,biwi gi7xi
biwitubi,jzd,bihui tùbi,s,JLC,,biwi tu*bi
bixi7,jzd,bixhí',s,EJG;ND,,bixi!7
bizhidu71,jzd,bixidú',s,EJG;JLC;RGL;RLC;VP,,bizhidu!7
bizhidu72,jzd,Bixidú',s,JLC,,bizhidu!7
bizu,jzd,bizu,s,EJG;JLC;ND;RLC;VP,,bizu
bizuafrikana,jzd,bizu africàna,s,RLC,,bizu afrika*na
bizubyalazi,jzd,bizu bia làzì,s,,,bizu bya la*zi*
bizuduxu7,jzd,bizu duxhú',s,JLC,,bizu duxu!7
bizudxinya,jzd,bizu dxiña,s,JLC;RLC,,bizu dxinya
bizuge7la,jzd,bizu gue'la',s,JLC;RGL;RLC,,bizu ge7la
bizugicha,jzd,bizu guicha,s,,,bizu gicha
bizundi7,jzd,bizu ndì',s,JLC,,bizu ndi*7
bizuyaase,jzd,bizu yaase',s,,,bizu yaase
bizuyu,jzd,bizu yu,s,JLC,,bizu yu
bizuriki7,jzd,bizuriquí',s,EJG;JLC;ND;RLC;VP,,bizu=riki!7
blabla,jzd,bla bla,smb,JLC;RGL,,bla bla
bladusa7mpa,jzd,bladú' sá'mpa',s,EJG;JLC;RGL;RLC;VP,,bladu!' sa!7mpa
bladuyu,jzd,bladú' yu,s,EJG;JLC;RLC;VP,,bladu!' yu
bladu7,jzd,bladú',s,EJG;JLC;VP,,bladu!7
bli9bli9bli9,jzd,blíŋ blíŋ blíŋ,smb,RLC,,bli!9 bli!9 bli!9
blimblimblim,jzd,blímːː blímːː blímːː,smb,RLC,,bli!m:: bli!m:: bli!m::
blo,jzd,bló,s,,,blo!
blomblomblom,jzd,bló̀m bló̀m bló̀m,smb,RGL,,blo!`m blo!`m blo!`m
blupblup,jzd,blup blup,smb,RGL,,blup blup
bo7nyo,jzd,bó'ño',a,JLC;RLC,,bo!7nyo
bodxongola,jzd,Bódxo Ngola,n,RLC,nn:mas,bo!dxo ngola
bobo,jzd,bòbo,a,JLC;RLC,,bo*bo
bodxa,jzd,Bòdxa,n,JLC,n:mas,bo*dxa
boje,jzd,bòje,s,JLC;ND;RLC,,bo*je
boli,jzd,bòli,s,RLC,,bo*li
bolla1,jzd,bòla,s,JLC;RLC,,bo*lla
bolla2,jzd,bòla,s,JLC,,bo*lla
bollabenye,jzd,bòla beñe,s,RGL,,bo*lla benye
bollaguchi,jzd,bòla guchi,s,RLC,,bo*lla guchi
bollalari,jzd,bòla lari,s,JLC;RLC,,bo*lla lari
bollamarimba,jzd,bòla marìmba,s,RGL,,bo*lla mari*mba
bollanisa,jzd,bòla nisa,s,JLC,,bo*lla nisa
bollawiini,jzd,bòla huiini',s,RLC,,bo*lla wiini
bollawiinilidxiba7du,jzd,bòla huiini' lidxi ba'du',s,RLC,,bo*lla wiini lidxi ba7du
bolsa,jzd,bòlsa,s,RGL;RLC,,bo*lsa
bolsanaylo,jzd,bòlsa nàylo,s,RGL,,bo*lsa na*ylo
bosyo,jzd,bòsio,s,RLC,,bo*syo
bota,jzd,bòta,s,RGL;RLC,,bo*ta
bote1,jzd,bòte,s,JLC;RGL,,bo*te
bote2,jzd,bòte,s,JLC;RGL,,bo*te
boyna,jzd,bòyna,s,JLC;RLC,,bo*yna
boton,jzd,botón,s,JLC,,bo-to!n
bolkan,jzd,bolcán,s,JLC,,bol-ka!n
boleru,jzd,bolèru,s,RGL;RLC,,bole*ru
boleniw,jzd,boleníu,s,JLC,,bole-ni!w
bombina,jzd,bombìna,s,JLC,,bombi*na
bombiya,jzd,bombìya,s,JLC;RLC,,bombi*ya
bonita,jzd,Bonìta,n,JLC,n:ani,boni*ta
borradu,jzd,borràdu,s,JLC;RLC,,borra*du
bra,jzd,bra,smb,RGL,,bra
brabrabra,jzd,bra bra bra,smb,JLC;RGL;RLC,,bra bra bra
bra7,jzd,brá',smb,JLC;RGL;RLC,,bra!7
braaaaaaabraaaaaaaa,jzd,brá̰à̰a̰a̰a̰a̰a̰ brá̰à̰a̰a̰a̰a̰a̰a̰,smb,RGL,,bra'!`a'a'a'a'a'a' bra'!`a'a'a'a'a'a'a'
bra-2,jzd,bra̰ˤ,smb,JLC,,bra':
braa,jzd,bra̰a̰,smb,RLC,,bra'a'
braw7brawbrawbraw,jzd,bra̰u' bra̰u bra̰u bra̰u,smb,RGL,,bra'w7 bra'w bra'w bra'w
brazhi,jzd,bràxì,s,EJG;JLC,,bra*zhi*
brasyel,jzd,brasiél,s,RGL;RLC,,bra-sye!l
braa-2,jzd,braa,smb,JLC;RLC,,braa
braaa,jzd,braaa,smb,JLC,,braaa
bragabraga1,jzd,braga braga,smb,JLC,,braga braga
bragabraga2,jzd,braga braga,smb,RGL,,braga braga
bragabragabraga,jzd,braga braga braga,smb,RGL;RLC,,braga braga braga
brambram,jzd,bram bràm,smb,,,bram bra*m
brangambranga,jzd,branga mbranga,smb,RLC,,branga mbranga
brasada,jzd,brasàda,s,JAR;JLC,s:med,brasa*da
braw,jzd,brau,smb,JLC;RGL,,braw
braw7braw7,jzd,brahu' brahu',smb,JLC;RGL;RLC,,braw7 braw7
brimbrimbrim,jzd,brímːː brímːː brímːː,smb,RLC,,bri!m:: bri!m:: bri!m::
brin,jzd,brin,smb,JLC;RGL,,brin
briyantina,jzd,briyantìna,s,RGL,,briyanti*na
bro,jzd,bro,smb,JLC;RGL,,bro
brocha,jzd,bròcha,s,JLC,,bro*cha
broka,jzd,bròca,s,JLC,,bro*ka
bronse,jzd,brònse,s,RGL;RLC,,bro*nse
brogombrogom,jzd,brogóm brogóm,smb,RLC,,bro-go!m bro-go!m
brobro,jzd,broˤ broˤ,smb,JLC,,bro: bro:
brom,jzd,brom,smb,JLC;RGL,,brom
brox,jzd,broxh,smb,RGL,,brox
brr,jzd,brrːː,smb,RGL,,brr::
brrah,jzd,brrah,smb,JLC;RGL,,brrah
bruja,jzd,brùja,s,RLC,,bru*ja
brujo,jzd,brùjo,s,RLC,,bru*jo
bruju,jzd,brùju,s,JLC;RLC,,bru*ju
brutangola,jzd,brùta ngola,a,RLC,,bru*ta ngola
brutu,jzd,brùtu,av,RLC,,bru*tu
brutungola,jzd,brùtu ngola,a,RLC,,bru*tu ngola
buchi,jzd,bùchi,s,JLC,,bu*chi
bultu,jzd,bùltu,s,JLC;RLC,,bu*ltu
burra,jzd,bùrra,s,JLC;RGL,,bu*rra
burru,jzd,bùrru,s,JLC;RGL,,bu*rru
bu,jzd,bu,dem,VC,dem:hum,bu+
buka,jzd,bucà,dem,EJG;JLC;ND;VC;VP,dem:hum,bu+ +ka*
buke,jzd,buquè,dem,EJG;VP,dem:hum,bu+ +ke*
bukeka,jzd,buquècà,dem,EJG,dem:hum,bu+ +ke* +ka*
buri7,jzd,burì',dem,EJG;JLC;ND;RLC;VP,dem:hum,bu+ ri*7
buri7ka7,jzd,burì'cá',dem,EJG;JLC;RLC;VP,dem:hum,bu+ ri*7 +ka!7
busal,jzd,busál,s,JLC;RGL,,bu-sa!l
bumbu,jzd,bumbù,a,EJG;JLC;ND;VP,,bumbu*
bunyega7,jzd,buñegá',s,VP,,bunyega!7
bupu,jzd,bupu,s,EJG;JLC;ND;RGL;VP,,bupu
burdadu,jzd,burdàdu,s,JLC,,burda*du
butake,jzd,butàque,s,JLC;ND;RGL;RLC;VP,,buta*ke
buteya,jzd,butèya,s,JLC;RGL,,bute*ya
buu,jzd,buù,s,EJG;JLC;ND;RGL;VP,,buu*
buxa7,jzd,buxhá',s,EJG;JLC;ND;RLC;VP,,buxa!7
buyu7,jzd,buyú',s,EJG;JLC;ND;VP,,buyu!7
bwey,jzd,buéy,s,JLC,,bwe!y
bweltu,jzd,buèltu,s,JLC;ND;VP,,bwe*ltu
bwen,jzd,buèn,a,RGL,,bwe*n
bwena,jzd,buèna,a,JLC;RLC,,bwe*na
bwenu,jzd,buènu,a,RGL;VP,,bwe*nu
bwelbelabida,jzd,buelbelabìda,s,RLC,,bwelbela-bi*da
bwi7,jzd,buì',s,,,bwi*7
bya-2,jzd,biá,s,JLC,,bya!
byazee,jzd,biàzee,s,EJG;VP,,bya*=zee
byadxi-2,jzd,biàdxì,a,EJG;ND;RGL;VC,,bya*dxi*
byaje,jzd,biàje,s,VP,,bya*je
byanda,jzd,biànda,s,JLC,,bya*nda
byarrda,jzd,biàrrda,s,RGL,,bya*rrda
byazhigi,jzd,biàxì gui,s,EJG;RGL,,bya*zhi* gi
bya7du7,jzd,bia'du',av,EJG;RLC,,bya7 +du7
bya7ka,jzd,bia'cà',av,EJG,,bya7 +ka*
bya7kati7,jzd,bia'cà'tí',av,ND,,bya7 +ka* +ti!7
bya7si,jzd,bia'sì',av,EJG;ND;RGL;RLC;VP,,bya7 +si*
bya7ti7,jzd,bia'tí',av,EJG;ND;RLC;VP,,bya7 +ti!7
bya71,jzd,bia',s,EJG;JLC;ND;RLC;VP,,bya7
bya72,jzd,bia',q,EJG;JLC,,bya7
bya73,jzd,bia',s,JLC;ND;VP,,bya7
bya7ga,jzd,bia' ga,av,JLC;RLC,,bya7 ga
bya7ri7,jzd,bia' rì',av,ND,,bya7 ri*7
bya7tiika,jzd,bia' tiicà',av,EJG;RLC,,bya7 tii +ka*
bya7tiisi,jzd,bia' tiisì',av,EJG;RLC,,bya7 tii +si*
byalazi,jzd,bialàzì,s,EJG;JLC;VP,,bya=la*zi*
byalazido7,jzd,bialàzìdó',s,EJG;VC,,bya=la*zi* +do!7
byalaziyaa,jzd,bialàzì yaa,s,EJG;JLC,,bya=la*zi* yaa
byaa1,jzd,biaà,a,EJG;JLC;ND;RGL;VP,,byaa*
byaa2,jzd,biaà,s,EJG;ND,,byaa*
byati,jzd,biatì,s,EJG;ND,,byati*
byeju,jzd,bièju,a,VP,,bye*ju
byerne,jzd,bièrne,s,JLC;RGL;RLC,,bye*rne
byernesantu,jzd,bièrne sàntu,s,JLC;RGL,,bye*rne sa*ntu
byoongoxkye,jzd,bioongò' xquie,s,JLC,,byoongo* x.kye
byuda,jzd,biùda,a,RGL,,byu*da
byudu,jzd,biùdu,a,RGL,,byu*du
byuxitu,jzd,biuxhitu,s,RLC,,byu=xitu
byuuyaa,jzd,biuùyaa,s,EJG;JLC;ND;RGL;RLC;VP,,byuu*=yaa
b-2,jzd,ʙˤ,smb,RGL,,b~:
bo,jzd,ʙòˤːːːː,smb,RGL,,b~:o*:: ::
chchchchchchch,jzd,ch ch ch ch ch ch ch,smb,RLC,,ch ch ch ch ch ch ch
chchchhhw,jzd,ch ch chhh >̹,smb,RGL,,ch ch chhh >W
ch3xch3xch3x,jzd,chɨxh chɨxh chɨxh,smb,RLC,,ch3x ch3x ch3x
chak,jzd,chAc,smb,RGL,,chAk
chakchak1,jzd,chAc chAc,smb,RGL,,chAk chAk
chakchak2,jzd,chAc chAc,smb,RGL,,chAk chAk
chakjh,jzd,chAcjh,smb,RGL,,chAkjh
chakjhachakjha,jzd,chAcjhA chAcjhA,smb,,,chAkjhA chAkjhA
chaks,jzd,chAcs,smb,RGL,,chAks
chaxchaxchax,jzd,chAxh chAxh chAxh,smb,RGL,,chAx chAx chAx
chi,jzd,chI,smb,RGL,,chI
chichichit,jzd,chI chI chIt,smb,JLC;RGL,,chI chI chIt
chischis,jzd,chIs chIs,smb,RGL,,chIs chIs
chacha,jzd,cha cha,smb,EJG;JLC;RGL,,cha cha
cha7ba,jzd,chá'ba',a,EJG;JLC;ND,a:dv1b,cha!7ba
cha7ka1,jzd,chá'ca',s,EJG;JLC;ND;RLC;VP,,cha!7ka
cha7ka2,jzd,chá'ca',s,ND,,cha!7ka
cha7ka3,jzd,chá'ca',a,JLC;RGL,,cha!7ka
cha7kacha7ka,jzd,chá'ca' chá'ca',smb,RGL,,cha!7ka cha!7ka
cha7kagiiba,jzd,chá'ca' guiiba',s,JLC,,cha!7ka giiba
cha7kayaga1,jzd,chá'ca' yaga,s,JLC,,cha!7ka yaga
cha7kayaga2,jzd,Chá'ca' Yaga,n,JLC,nn:mas,cha!7ka yaga
cha7wa,jzd,Chá'hua',n,JLC,n:fem,cha!7wa
cha7wi,jzd,chá'hui',a,EJG;ND;RGL;RLC;VP,,cha!7wi
chak-2,jzd,chác,smb,RGL,,cha!k
chal,jzd,chál,s,JLC,,cha!l
challa,jzd,Chála,n,RLC,n:fem,cha!lla
challu,jzd,Chálu,n,RLC,n:mas,cha!llu
chaschaschas,jzd,chás chás chás,smb,RLC,,cha!s cha!s cha!s
chata,jzd,Cháta,n,JLC,n:fem,cha!ta
chaw7chaw7,jzd,cháhu' cháhu',smb,JLC;RGL,,cha!w7 cha!w7
chaxchax,jzd,cháxh cháxh,smb,RGL,,cha!x cha!x
chayu,jzd,Cháyu,n,RLC,n:fem,cha!yu
cha,jzd,cha̰,smb,JLC,,cha'
cha-2,jzd,chà,itj,EJG;JLC,,cha*
chacha-2,jzd,Chàcha,n,JLC,n:ani,cha*cha
changu-2,jzd,chàngù,a,RGL,a:dv1a,cha*ngu*
chankla,jzd,chànkla,s,RGL;RLC,,cha*nkla
chapu,jzd,chàpu,s,JLC,,cha*pu
chari,jzd,Chàri,n,JLC,nn:mas,cha*ri
charku,jzd,chàrcu,s,JLC;RGL,,cha*rku
chata-2,jzd,Chàta,n,JLC,n:fem,cha*ta
chayubetu,jzd,Chàyu Bètu,n,JLC,nn:fam,cha*yu be*tu
chayumaandu,jzd,Chàyu Máandu,n,JLC,nn:fam,cha*yu ma!andu
chachax,jzd,chacháxh,smb,JLC;RGL,,cha-cha!x
chagaana,jzd,chagaana',s,EJG;ND,,cha-gaana
chagaanagunaa,jzd,chagaana' gunaa,s,ND,,cha-gaana gu-naa
chagaanangiiyu,jzd,chagaana' nguiiyu',s,ND,,cha-gaana ngiiyu
chago7la,jzd,chago'la',s,EJG;JLC;ND;VP,,cha-go7la
chalan,jzd,chalán,s,RGL;RLC,,cha-la!n
champu,jzd,champú,s,RGL,,cha-mpu!
chamuku,jzd,Chamúcu,n,,n:ani,cha-mu!ku
chane7ke,jzd,chane'que',s,EJG;JLC;RGL,,cha-ne7ke
charryon,jzd,charrión,s,JLC;RLC,,cha-rryo!n
cha7,jzd,cha',smb,JLC;RGL,,cha7
cha7na,jzd,cha'na',s,JLC;RLC,,cha7na
cha-3,jzd,chaˤ,smb,JLC;RGL,,cha:
chaachaa,jzd,chaa chaa,smb,JLC,,chaa chaa
chaaba-2,jzd,chaaba',a,EJG;JLC;ND;RGL;RLC;VP,a:sim,chaaba
chaacha-2,jzd,chaacha',a,EJG;JLC;ND;RGL;RLC;VP,,chaacha
chaande-2,jzd,chaande',a,EJG;JLC;ND;RGL,,chaande
chaani-2,jzd,chaani',a,EJG;RLC;VP,,chaani
chaawi,jzd,chaahui',a,EJG;JLC;ND;RGL;RLC;VP,,chaawi
chabe,jzd,Chabé,n,RLC,n:fem,chabe!
chacha7-2,jzd,chachá',a,EJG;JLC;RLC;VC;VP,,chacha!7
chakachaka,jzd,chaca cháca,smb,RGL,,chaka cha!ka
chakachaka-2,jzd,chaca chaca,smb,EJG;JLC;RGL,,chaka chaka
chakachakachaka,jzd,chaca chaca chaca,smb,RGL,,chaka chaka chaka
chaketa,jzd,chaquèta,s,RLC,,chake*ta
chaleku,jzd,chalècu,s,RGL;RLC,,chale*ku
chanda,jzd,chandà,a,JLC;RLC,,chanda*
changa-2,jzd,changà,a,JLC,,changa*
changaarru,jzd,changaàrrù,s,RLC,,changaa*rru*
changu-3,jzd,changù,a,RLC,,changu*
chantu7,jzd,Chantú',n,JLC,n:mas,chantu!7
chaparru,jzd,Chapàrru,n,JLC,nn:mas,chapa*rru
chaparrudoope,jzd,chapàrru doopè',s,RGL;RLC,,chapa*rru doope*
charra7ska,jzd,charra'scà',s,JLC;RGL,,charra7ska*
chaschas,jzd,chas chas,smb,JLC,,chas chas
chaw7,jzd,chahu',smb,JLC,,chaw7
chax,jzd,chaxh,smb,RGL,,chax
chaxchax-2,jzd,chaxh chaxh,smb,RGL,,chax chax
chebarra,jzd,Che Bàrra,n,JLC,nn:mas,che ba*rra
chebe7tu,jzd,Che Bé'tu',n,JLC,nn:mas,che be!7tu
chefeedu,jzd,Che Féedu,n,JLC,n:mas,che fe!edu
chekandil,jzd,Che Candíl,n,JLC,nn:mas,che kan-di!l
chekiti,jzd,Che Quìti,n,JLC,nn:mas,che ki*ti
cheku,jzd,Che Cú,n,JLC,nn:mas,che ku!
chelaasyu,jzd,Che Láasiu,n,JLC,nn:mas,che la!asyu
chemallu,jzd,Che Màlu,n,JLC,nn:mas,che ma*llu
chemiinyu,jzd,Che Míiñu,n,JLC,nn:mas,che mi!inyu
chemomo,jzd,Che Mòmo,n,JLC,nn:mas,che mo*mo
chemoolli,jzd,Che Moòlì',n,JLC,nn:mas,che moo*lli*
chenena,jzd,Che Néna,n,JLC,nn:mas,che ne!na
chepaaxu,jzd,Che Paàxhù',n,JLC,nn:mas,che paa*xu*
chepina,jzd,Che Pína,n,JLC,nn:mas,che pi!na
chepooldo,jzd,Che Póoldo,n,JLC,nn:mas,che po!oldo
chepyaanu,jzd,Che Piáanu,n,JLC,nn:mas,che pya!anu
cheracha,jzd,Che Ràcha,n,JLC,nn:mas,che ra*cha
cheruku,jzd,Che Rùcu,n,JLC,nn:mas,che ru*ku
chesiintu,jzd,Che Síintu,n,JLC,nn:mas,che si!intu
chesiri,jzd,Che Síri,n,JLC,nn:mas,che si!ri
chesyete,jzd,Che Siète,n,JLC,nn:mas,che sye*te
che,jzd,Ché,n,JLC;RLC,n:mas,che!
chegiinyadebeelayuze,jzd,ché guiiña' (de beelà' yùzè),s,RLC,,che! giinya (de beela* yu*ze*)
chekuyu,jzd,ché cùyu,s,JLC;ND;RGL;RLC;VP,,che! ku*yu
cheri7,jzd,chérì',dem,JLC;ND;RLC;VP,dem:dir,che!+ ri*7
cheri7ka7,jzd,chérì'cá',dem,JLC;ND;RLC;VP,dem:dir,che!+ ri*7 +ka!7
che7,jzd,ché',smb,JLC,,che!7
che7bu,jzd,Ché'bu',n,RLC,n:mas,che!7bu
che7pa,jzd,ché'pa',a,JLC,a:dv1b,che!7pa
cheecha,jzd,Chéecha,n,JLC,n:mas,che!echa
cheenchu,jzd,Chéenchu,n,JLC,nn:mas,che!enchu
cheente,jzd,Chéente,n,JLC,n:mas,che!ente
chen,jzd,Chén,n,JLC,n:mas,che!n
chentegiixi,jzd,Chénte Guiixhi',n,JLC,nn:mas,che!nte giixi
chentekabayu,jzd,Chénte Cabàyu,n,JLC,nn:mas,che!nte kaba*yu
chenteloko,jzd,Chénte Lòco,n,JLC,nn:mas,che!nte lo*ko
chentepaloma,jzd,Chénte Palòma,n,JLC,nn:mas,che!nte palo*ma
chentepechu,jzd,Chénte Pèchu,n,JLC,nn:mas,che!nte pe*chu
chentepiji,jzd,Chénte Pìji,n,JLC,nn:mas,che!nte pi*ji
chentexkolla,jzd,Chénte Xcòla,n,JLC,nn:mas,che!nte x.ko*lla
chentezhada,jzd,Chénte Xáda,n,JLC,nn:mas,che!nte zha!da
chentezha7na,jzd,Chénte Xa'na',n,JLC,nn:mas,che!nte zha7na
chegiigu,jzd,Chè Guiigu',s,EJG,,che*=giigu
checha,jzd,Chècha,n,JLC,n:mas,che*cha
chechabe7te,jzd,Chècha Be'te',n,JLC,nn:mas,che*cha be7te
chechamuzhe7,jzd,Chècha Muxé',n,JLC,nn:mas,che*cha muzhe!7
cheku-2,jzd,Chècu,n,JLC,n:mas,che*ku
chella,jzd,Chèla,n,JLC,n:fem,che*lla
chelle1,jzd,chèle,s,RLC,,che*lle
chelle2,jzd,Chèle,n,JLC,nn:mas,che*lle
chelle3,jzd,Chèle,n,JLC,nn:mas,che*lle
chellu1,jzd,Chèlu,n,JLC,n:mas,che*llu
chellu2,jzd,Chèlu,n,JLC,n:fem,che*llu
chendxe,jzd,chèndxè,a,EJG;RGL,a:dv1a,che*ndxe*
chepe,jzd,Chèpe,n,JLC,n:mas,che*pe
chere,jzd,Chère,n,JLC,n:mas,che*re
chegenyu,jzd,cheguéñu,s,JLC,,che-ge!nyu
chekyo,jzd,Chequió,n,JLC,n:mas,che-kyo!
chendre,jzd,Chendré,n,JLC,n:mas,che-ndre!
cherenche,jzd,cherènchè,a,EJG,,che-re*nche*
chewi,jzd,Chehuí,n,JLC,n:mas,che-wi!
che71,jzd,che',smb,JLC,,che7
che72,jzd,che',smb,RGL,,che7
chegomista,jzd,chegomìsta,s,RGL;VC,,chegomi*sta
chekchekchekchekchek,jzd,chec chec chec chec chec,smb,RGL,,chek chek chek chek chek
chetchet,jzd,chet chet,smb,RGL,,chet chet
chi-2,jzd,Chi,n,JLC,n:mas,chi
chichiwa,jzd,Chi Chìhua,n,JLC,nn:mas,chi chi*wa
chikapa,jzd,Chi Càpa,n,JLC,nn:mas,chi ka*pa
chiwawa,jzd,Chi Huàhua,n,JLC,nn:mas,chi wa*wa
chiwchiw,jzd,chḭ́u chḭ́u,smb,RGL,,chi!'w chi!'w
chinglom,jzd,chínglóm,smb,EJG;JLC;RGL;VC,,chi!-nglo!m
chiintu,jzd,Chíintu,n,JLC,n:mas,chi!intu
chiita-2,jzd,Chíita,n,JLC,n:fem,chi!ita
chika,jzd,Chíca,n,RLC,n:fem,chi!ka
chikapu7,jzd,Chíca Pú',n,RLC,nn:fem,chi!ka pu!7
chilla,jzd,Chíla,n,JLC,n:fem,chi!lla
chin1,jzd,chín,s,JLC;ND;RGL;VP,,chi!n
chin2,jzd,chín,smb,RGL;VC;VP,,chi!n
chinchinchin,jzd,chín chín chín,smb,,,chi!n chi!n chi!n
chinrastra,jzd,chín ràstra,s,RGL,,chi!n ra*stra
chinta,jzd,Chínta,n,JLC,n:fem,chi!nta
chirr,jzd,chírŕ̀ːː,smb,RGL,,chi!rr!`::
chirrrr,jzd,chírrrr,smb,RGL,,chi!rrrr
chiryu7,jzd,chíriu',s,JLC;RLC,,chi!ryu7
chischis-2,jzd,chís chís,smb,RGL,,chi!s chi!s
chisa,jzd,chísa,s,EJG;JLC;VP,,chi!sa
chituri7gi,jzd,chítu ri'gui',smb,RGL;RLC,,chi!tu ri7gi
chiyuchiyuchiyuchiyukrhrhkrhrh,jzd,chíyú chíyú chíyú chíyú crhrhːː crhrhːː,smb,RGL,,chi!yu! chi!yu! chi!yu! chi!yu! krhrh:: krhrh::
chi7,jzd,chì',a,RGL,,chi*7
chiba1,jzd,chìba,s,JLC;RLC,,chi*ba
chiba2,jzd,chìba,s,JLC;RLC,,chi*ba
chibakuleru,jzd,chìba culèru,s,RLC,,chi*ba kule*ru
chika-2,jzd,Chìca,n,JLC,n:fem,chi*ka
chikafiryu,jzd,Chìca Fìriu,n,JLC,nn:fam,chi*ka fi*ryu
chikutina,jzd,Chìcu Tìna,n,JLC,nn:fam,chi*ku ti*na
chilla-2,jzd,Chìla,n,JLC,n:fem,chi*lla
chillabolla,jzd,Chìla Bòla,n,JLC,nn:fem,chi*lla bo*lla
chima,jzd,chìma,s,JLC,,chi*ma
china,jzd,Chìna,s,RLC,,chi*na
chinchi,jzd,chìnchi,s,JLC,,chi*nchi
chinu,jzd,chìnu,s,JLC,,chi*nu
chipi,jzd,chìpi,s,JLC;RLC,,chi*pi
chipirolla,jzd,chìpi ròlà,a,JLC;RGL;RLC,,chi*pi ro*lla*
chiwa,jzd,chìhua,s,RLC,,chi*wa
chike,jzd,chiquè,av,VP,,chi-ke*
chingiili,jzd,chinguiìlì',s,JLC;RGL;VP,,chi-ngii*li*
chingon,jzd,chingón,a,RLC,,chi-ngo!n
chiri,jzd,chirí,s,EJG,,chi-ri!
chirisu,jzd,chirìsu,s,RLC,,chi-ri*su
chichi-2,jzd,chichì,a,EJG;JLC;ND;RGL;VP,a:sim,chichi*
chidxi-2,jzd,chidxì,a,JLC;RGL;RLC,,chidxi*
chii,jzd,chii,num,JLC;ND;RLC;VP,,chii
chiigaywaa,jzd,chii gayuaa,num,EJG;ND;VP,,chii ga-ywaa
chiingu,jzd,chiìngù',s,JLC,,chii*ngu*
chiintakamaya,jzd,chiìntà'càmáya,clq,EJG,,chii*nta*ka*ma!ya
chiintakamayu,jzd,chiìnta'camàyu,s,JLC;ND;RGL,,chii*ntaka-ma*yu
chiirri1,jzd,chiìrì',a,JLC;VC,,chii*rri*
chiirri2,jzd,chiìrì',a,EJG;VC,,chii*rri*
chiirru-2,jzd,chiìrrù',s,EJG;JLC;VP,,chii*rru*
chiitu,jzd,chiìtù',a,RLC,,chii*tu*
chiinyu7,jzd,chiiñu',num,EJG;JLC;ND;VP,,chii=nyu7
chiita-3,jzd,chiità',a,JLC;RGL;RLC,,chiita*
chiiya,jzd,Chiiya',n,JLC,n:fem,chiiya
chikeru,jzd,chiquèru,s,JLC,,chike*ru
chikerubiwi,jzd,chiquèru bihui,s,RLC,,chike*ru biwi
chikichiki,jzd,chiqui chìquì,smb,RGL,,chiki chi*ki*
chikitabichooxe,jzd,Chiquìta Bichoòxhè',n,VC,nn:fem,chiki*ta bi-choo*xe*
chikitra7ka,jzd,chiquitra'ca',s,JLC;RLC;VP,,chiki-tra7ka
chikle7chikle7chikle7,jzd,chiclé' chiclé' chiclé',smb,RLC,,chikle!7 chikle!7 chikle!7
chikote,jzd,chicòte,s,RGL,,chiko*te
chilake,jzd,chilàque,s,JLC,,chila*ke
chilemolera,jzd,chilemolèra,s,RGL;RLC,,chilemole*ra
chilitu,jzd,chilìtu,s,JLC;RLC,,chili*tu
chinchin,jzd,chinchín,s,JLC;RLC,,chin-chi!n
chingadera,jzd,chingadèra,s,RLC,,chingade*ra
chingiriw,jzd,chinguiríu,clq,RGL,,chingi-ri!w
chingorollo,jzd,chingoròlo,s,JLC;RLC,,chingo-ro*llo
chipa-2,jzd,chipa,a,EJG;JLC;ND;RLC;VP,,chipa
chirrrrrrrr,jzd,chirrrrrrrr,smb,RGL,,chirrrrrrrr
chis,jzd,chis,smb,RGL,,chis
chitugichitugi,jzd,chitu guí chitu guí,smb,RGL,,chitu gi! chitu gi!
chitugi7,jzd,chitu gui',s,VP,,chitu gi7
chixe,jzd,chixhe,itj,EJG;JLC;ND;RLC;VP,,chixe
cho7re,jzd,chó're',a,EJG;ND;RGL,a:dv1b,cho!7re
chonga-2,jzd,chónga,a,EJG,a:dv1b,cho!nga
chor,jzd,chór,s,RGL,,cho!r
chorr,jzd,chórrːː,smb,RGL,,cho!rr::
chorro,jzd,chòrro,s,JLC;RLC,,cho*rro
chota,jzd,chòta,s,RLC,,cho*ta
chonna,jzd,chonnà,num,EJG;JLC;ND;RLC;VP,,chonna*
chonnadegande,jzd,chonnà de gandè,num,JLC,,chonna* de gande*
chonnadegandenetobidechii,jzd,chonnà de gandè nè tobi de chii,num,JLC,,chonna* de gande* ne* tobi de chii
chonnagaronda7,jzd,chonnà garondá',q,JLC,q:med,chonna* ga-ronda!7
chonnagaywaa,jzd,chonnà gayuaa,num,EJG,,chonna* ga-ywaa
chonnalategande,jzd,chonnà late gàndè,num,EJG;VP,,chonna* late gande*
chonnalategandechii,jzd,chonnà late gàndè chii,num,JLC;VP,,chonna* late gande* chii
chonnalugande,jzd,chonnà lu gandè,num,JLC,,chonna* lu gande*
chonnalugandeluchii,jzd,chonnà lu gandè lu chii,num,JLC,,chonna* lu gande* lu chii
chonnanyee1,jzd,chonnà ñee,s,JLC;RGL,,chonna* nyee
chonnanyee2,jzd,Chonnà Ñee,n,JLC,nn:mas,chonna* nyee
chonnaskina,jzd,chonnà squìna,s,RGL,,chonna* ski*na
choore,jzd,choore',a,EJG;JLC;RGL,,choore
chsss,jzd,chsss,smb,JLC,,chsss
chu1,jzd,chu,s,RGL;RLC,"s, q",chu
chu2,jzd,Chu,n,JLC,n:mas,chu
chugidxa,jzd,Chu Guìdxa,n,JLC,nn:mas,chu gi*dxa
churuku,jzd,Chu Rùcu,n,JLC,nn:mas,chu ru*ku
chusyellu,jzd,Chu Sièlu,n,JLC,nn:mas,chu sye*llu
chu,jzd,Chú,n,JLC;RLC,n:mas,chu!
chureye,jzd,Chú Rèye,n,JLC,nn:fam,chu! re*ye
chutinaku,jzd,Chú Tinàcu,n,JLC,nn:mas,chu! tina*ku
chuyorro,jzd,Chú Yorrò,n,EJG;VC,nn:mas,chu! yorro*
chu7mchu7m,jzd,chú'm chú'm,smb,RGL,,chu!7m chu!7m
chu7pi,jzd,chú'pi',a,EJG,a:dv1b,chu!7pi
chucho,jzd,chúcho,itj,JLC;RLC,,chu!cho
chuga-2,jzd,chúga,a,EJG,,chu!ga
chup,jzd,chúp,smb,JLC,,chu!p
chux,jzd,chúxh,smb,RLC,,chu!x
chuze,jzd,chúze,s,EJG;ND;RLC;VC;VP,,chu!ze
chu-2,jzd,chù,a,,a:dv1a,chu*
chungu,jzd,chùngù,a,JLC;RGL,a:dv1a,chu*ngu*
chupa,jzd,Chùpa,n,JLC,nn:mas,chu*pa
chura,jzd,chùra,s,JLC;ND;VP,,chu*ra
churaliibi,jzd,chùra liìbì',s,JLC,,chu*ra lii*bi*
churatapu7,jzd,chùra tapu',s,JLC,,chu*ra ta=pu7
churri1,jzd,chùrri,s,JLC,,chu*rri
churri2,jzd,Chùrri,n,JLC,nn:mas,chu*rri
chuxi,jzd,chùxhì,a,JLC,a:dv1a,chu*xi*
chuga-3,jzd,chuga,s,JLC,,chuga
chuku-2,jzd,chucu,a,EJG;JLC;ND;RGL;RLC;VP,,chuku
chungu-2,jzd,chungù,s,EJG;ND;VC,,chungu*
chupa-2,jzd,chupà,num,EJG;JLC;ND;RLC;VP,,chupa*
chupachonna,jzd,chupà chonnà,q,JLC;ND;VP,,chupa* chonna*
chupadegande,jzd,chupà de gandè,num,JLC,,chupa* de gande*
chupadegandenetobidechii,jzd,chupà de gandè nè tobi de chii,num,JLC,,chupa* de gande* ne* tobi de chii
chupagaywaa,jzd,chupà gayuaa,num,EJG,,chupa* ga-ywaa
chupalategande,jzd,chupà late gandè,num,EJG;ND;VP,,chupa* late gande*
chupalategandebichi7,jzd,chupà late gandè bichí',num,EJG;VP,,chupa* late gande* bichi!7
chupalategandechii,jzd,chupà late gandè chii,num,VP,,chupa* late gande* chii
chupaluga7,jzd,chupà lu ga',num,JLC,,chupa* lu ga7
chupalugaayu,jzd,chupà lu gaayu',num,JLC,,chupa* lu gaayu
chupalugadxe,jzd,chupà lu gadxè,num,JLC,,chupa* lu gadxe*
chupalugande,jzd,chupà lu gandè,num,JLC,,chupa* lu gande*
chupalugandeluchii,jzd,chupà lu gandè lu chii,num,JLC,,chupa* lu gande* lu chii
chupaluxono,jzd,chupà lu xhonò,num,JLC,,chupa* lu xono*
chupaluchonna,jzd,chupà luchonnà,num,,,chupa* lu+ chonna*
chupalutapa,jzd,chupà lutapa,num,JLC,,chupa* lu+ tapa
chupaluxoopa,jzd,chupà lu xhoopa',num,JLC,,chupa* lu+ xoopa
chupete,jzd,chupète,s,RLC,,chupe*te
chupeton,jzd,chupetón,s,RLC,,chupe-to!n
chuuchi-2,jzd,chuùchì',a,JLC;RGL,a:dv1a,chuu*chi*
chuumpirinisa,jzd,chuùmpì' rí nísa,s,EJG;JLC;ND;RLC;VP,,chuu*mpi* ri! ni!sa
chuuchu-2,jzd,chuuchu',a,EJG;VC,,chuuchu
chuugu1,jzd,chuugu',s,EJG,,chuugu
chuugu2,jzd,chuugu',s,EJG,,chuugu
chuumchuum,jzd,chuum chuum,smb,RGL,,chuum chuum
chuundu-2,jzd,chuundu',a,EJG;JLC;ND;RGL;RLC;VP,,chuundu
chwi7-2,jzd,chui',a,EJG;JLC;ND;RGL;VP,,chwi7
chx,jzd,chxhːː,smb,RGL,,chx::
chyon,jzd,Chión,n,JLC,n:fem,chyo!n
da7gu,jzd,dá'gu',a,EJG;VP,a:dv1b,d.a!7gu
da7guyoo,jzd,dá'gu'yoo,a,EJG;RLC,a:dv1b,d.a!7gu=yoo
diinye-3,jzd,diiñe',s,EJG;JLC;ND;VP,,d.iinye
duutu,jzd,duutu',a,EJG;JLC;ND,"a, av",d.uutu
da7,jzd,dá',a,EJG;JLC;ND;RLC;VP,a:dv1b,da!7
da7da,jzd,dá'da',a,EJG;JLC;ND;VC,,da!7da
da7gunezazhii,jzd,dá'gu' neza xii,a,RLC,,da!7gu neza zhii
daga,jzd,dága,s,EJG,,da!ga
da-2,jzd,dà,a,ND,,da*
danyu,jzd,dàñu,s,RLC,,da*nyu
danson,jzd,dansón,s,RGL,,da-nso!n
daa-2,jzd,daa,s,EJG;JLC;ND;RGL;VP,,daa
daaba7duwiini,jzd,daaba'du' huiini',s,EJG;JLC;VC,,daa ba7du wiini
daachyaba7,jzd,daa chiabá',a,EJG,,daa chyaba!7
daabi-3,jzd,daàbì',a,JLC;ND;RGL,a:dv1a,daa*bi*
daapa-2,jzd,daàpà',a,EJG;RLC,a:dv1a,daa*pa*
daaya,jzd,daàyà',s,JLC;ND;VP,,daa*ya*
daayaripapa,jzd,daàyà' ripapa,s,,,daa*ya* ri-papa
daayayaga,jzd,daàyà' yaga,s,JLC;VP,,daa*ya* yaga
daacha7wi,jzd,daachá'hui',s,EJG;JLC;VC,,daa=cha!7wi
daageda,jzd,daagueda,s,EJG,,daa=geda
daata,jzd,daata',a,JLC,,daata
daawi,jzd,daahuì',s,ND;VC;VP,,daawi*
daaya-2,jzd,daayà',s,JLC,,daaya*
dachi-2,jzd,dachì,a,EJG;JLC;RGL;VC;VP,,dachi*
dama7,jzd,damá',s,EJG;JLC;ND;VP,,dama!7
dama7gupa,jzd,damá' gupa,s,RGL;RLC,,dama!7 gupa
dandandandan,jzd,dan dan dan dan,smb,RGL,,dan dan dan dan
dani,jzd,danì,s,EJG;JLC;ND;RGL;VP,,dani*
danidenisanda7,jzd,Danì de Nisandá',s,JLC,,dani* de+ nisa nda!7
danimeryodo,jzd,Danì Meriòdo,s,RLC,,dani* meryo*do
daya,jzd,dayà,s,ND;VP,,daya*
de1,jzd,de,s,EJG;JLC;ND;RGL;VP,,de
de2,jzd,de,av,JLC;RLC;VC,,de
debaba7,jzd,de babá',s,JLC;RLC,,de baba!7
degye7,jzd,de guie',s,,,de gye7
depan,jzd,de pán,s,JLC,,de pa!n
de7gu,jzd,dé'gu',a,RGL;RLC;VP,a:dv1b,de!7gu
de7guxpechu,jzd,dé'gu' xpèchu,s,RGL,,de!7gu x.pe*chu
de7guzhii,jzd,dé'gu' xii,s,RGL;RLC,,de!7gu zhii
de7guyoo,jzd,dé'gu'yoo,a,RLC,a:dv1b,de!7gu=yoo
defi,jzd,Dèfi,n,JLC,n:mas,de*fi
deku,jzd,decu,clq,EJG;ND,,de*ku
dellapyanu,jzd,Dèla Piànu,n,JLC,nn:fam,de*lla pya*nu
denge,jzd,dèngue,s,RGL;RLC,,de*nge
dezha,jzd,dèxa,s,EJG;JLC;ND;RLC,,de*zha
de-2,jzd,de,prp,EJG;RLC;VP,,de+
deru7,jzd,de rú',prp,EJG;JLC;ND;RGL;RLC;VP,prp:lf,de+ +ru!7
deru7nga,jzd,de rú' ngà,prp,EJG;RLC,prp:lf,de+ +ru!7 n.ga*
deche7,jzd,de+ ché',smb,JLC,,de+ che!7
dedxandi7,jzd,de dxandì',prp,JLC;RLC,prp:lf,de+ dxa-ndi*7
dedxi,jzd,de dxi,prp,JLC;RLC,prp:lf,de+ dxi
dedxike,jzd,de dxiquè,prp,JLC;RLC,prp:lf,de+ dxi +ke*
degaayu,jzd,de gaayu',prp,JLC;RGL;RLC;VP,prp:lf,de+ gaayu
dekwadradu,jzd,de cuadràdu,prp,RGL;RLC,prp:lf,de+ kwadra*du
dendi7ka7,jzd,de ndicá',prp,RLC,prp:lf,de+ n.di*7 +ka!7
denadxi,jzd,de nadxi,prp,JLC;RLC,prp:lf,de+ na-dxi
denaga,jzd,de naga,prp,JLC,prp:lf,de+ na-ga
denase,jzd,de nase,prp,JLC;RLC,prp:lf,de+ nase
dendu,jzd,de ndu,prp,JLC;VC,prp:lf,de+ ndu
derarika7,jzd,de ra ricá',prp,RLC,prp:lf,de+ ra rika!7
deraka,jzd,de ra cà,prp,JLC;RLC,prp:lf,de+ ra+ ka*
dewidxe,jzd,de huidxè,prp,RGL;RLC,prp:lf,de+ widxe*
dexki7,jzd,de xquí',prp,JLC;RLC,prp:lf,de+ x.ki!7
dexku,jzd,de xcu,prp,JLC;RGL;VC,prp:lf,de+ x.ku
deyanna,jzd,de yanna,prp,EJG;RLC;VP,prp:lf,de+ yanna
dezhagu,jzd,de xagu,prp,EJG;VC,prp:lf,de+ zha=gu
despwe,jzd,despué,av,RGL;RLC,,de-spwe!
dechekadeche,jzd,dechecà deche,clq,EJG;JLC;ND;VP,,deche +ka* deche
deche1,jzd,deche,s,EJG;JLC;ND;RGL;RLC;VP,,deche
deche2,jzd,deche,s,EJG;VP,s:rel,deche
dechebata,jzd,deche bata,s,JLC;ND;RGL;RLC;VP,,deche bata
dechebizhuga,jzd,deche bixugà,s,RGL,,deche bi-zhuga*
dechedechelu,jzd,deche deche lu,clq,EJG,,deche deche lu
dechegiigu,jzd,deche guiigu',s,JLC;ND,,deche giigu
decheribolla,jzd,deche rí' bòla,s,RGL;RLC,,deche ri!' bo*lla
dechetigu,jzd,deche tigu,s,EJG;JLC;RGL;VP,,deche tigu
dechexkye,jzd,deche xquie,s,RGL,,deche x.kye
decheyoo,jzd,deche yoo,s,JLC;RGL,,deche yoo
dechezhii,jzd,deche xii,s,RGL,,deche zhii
dede,jzd,dede,prp,EJG;VP,,dede
dedewidxe,jzd,dede huidxè,prp,RGL;RLC,prp:lf,dede widxe*
deendedeende,jzd,deende' deende',clq,EJG;VC,,deende deende
deete,jzd,deete',av,RLC;VC,,deete
dejadu,jzd,dejàdu,a,RGL,,deja*du
deke,jzd,deque,cnj,JLC,,deke
delante,jzd,delànte,prp,RGL,prp:loc,dela*nte
delantar,jzd,delantár,s,JLC,,delan-ta!r
deliryu,jzd,delìriu,s,RLC,,deli*ryu
denayuno,jzd,denayùno,av,RGL;RLC,,denayu*no
dendxu7,jzd,dendxú',s,JLC;VP,,dendxu!7
dendxu7wiini,jzd,dendxú' huiini',s,VP,,dendxu!7 wiini
derechu,jzd,derèchu,a,RGL;RLC,,dere*chu
desarrmador,jzd,desarrmadór,s,RGL;RLC,,desarrma-do!r
dete7,jzd,deté',s,EJG;JLC,,dete!7
di7-2,jzd,dí',s,EJG;ND;RGL;RLC;VP,,di!7
di7ba,jzd,dí'ba',a,ND;RLC,a:dv1b,di!7ba
di7dilaaga-2,jzd,dí'di' laaga',a,EJG;RLC,a:dv1b,di!7di laaga
diitu,jzd,Díitu,n,JLC,nn:mas,di!itu
dindindan,jzd,dín dín dan,smb,RGL,,di!n di!n dan
dindindindin,jzd,dín dín dín dín,smb,RLC,,di!n di!n di!n di!n
di,jzd,dì,s,EJG;JLC;ND;VC;VP,,di*
disku,jzd,dìscu,s,RGL,,di*sku
dibuju,jzd,dibùju,s,JLC;RGL,,dibu*ju
dibursyu,jzd,dibùrsiu,s,RGL,,dibu*rsyu
didi7,jzd,didí',a,EJG;JLC;ND;RLC;VP,a:dv1b,didi!7
didisu,jzd,didì su,a,EJG;JLC,,didi* su
diidxa,jzd,diidxa',s,EJG;JLC;ND;RGL;RLC;VP,,diidxa
diidxagendaridxibi,jzd,diidxa' (gu)endaridxibi,s,RGL;RLC,,diidxa (g)enda+ ri-dxibi
diidxagendarigite,jzd,diidxa' (gu)endariguite,s,RGL;RLC,,diidxa (g)enda+ ri-gite
diidxagela7,jzd,diidxa' guelá',s,EJG;RGL;VP,,diidxa gela!7
diidxanabana7,jzd,diidxa' nabaná',s,RGL;RLC,,diidxa na-bana!7
diidxanaxi,jzd,diidxa' naxhi,s,RGL,,diidxa naxi
diidxapaapa,jzd,diidxa' paapa',s,RGL;VC,,diidxa paapa
diidxarwaa,jzd,diidxa' ruaa,s,JLC;RGL,,diidxa rwaa
diidxaxtya,jzd,diidxa' xhtiá,s,EJG;JLC;VP,,diidxa xtya!
diidxanado7,jzd,diidxa'(na)do',s,JLC;RGL;VC,,diidxa=(na)do7
diidxanadxaba7,jzd,diidxa'(na)dxabá',s,JLC;RGL;VC;VP,,diidxa=(na-)dxaba!7
diidxagidxa,jzd,diidxa'guìdxa,s,JLC;RLC;VC;VP,,diidxa=gi*dxa
diidxaza,jzd,didxazá,s,EJG;JLC;ND;RLC;VP,,diidxa=za
dipa7,jzd,dipá',a,EJG;JLC;RGL;RLC;VP,a:dv1b,dipa!7
diputadugola,jzd,diputàdu gòla,s,EJG;ND;VC,,diputa*du go*la
disyembre,jzd,disièmbre,s,RGL;RLC,,disye*mbre
diti,jzd,diti,s,EJG;JLC,"s, av",diti
diti7,jzd,dití',s,EJG;JLC;RLC;VC;VP,,diti!7
do7-2,jzd,dó',a,EJG;ND,a:dv1b,do!7
dona,jzd,dòna,s,RGL;RLC,,do*na
dopa-2,jzd,dòpà,a,RLC;VP,a:dv1a,do*pa*
doro,jzd,Dòro,n,JLC,n:mas,do*ro
dotor,jzd,dotór,s,JLC;RGL;RLC,,do-to!r
do7-3,jzd,do',a,EJG;RLC,,do7
domi7,jzd,domí',s,EJG;JLC;ND;VP,,domi!7
dominguderamu,jzd,domìngu de ràmu,s,JLC;RGL,,domi*ngu de+ ra*mu
don,jzd,don,voc,VP,,don
donda,jzd,donda,s,EJG;JLC;VC;VP,,donda
donya,jzd,doña,voc,VP,,donya
doo-2,jzd,doo,s,EJG;JLC;ND;RGL;RLC;VP,,doo
dooarrgoya,jzd,doo arrgòya,s,RGL,,doo arrgo*ya
doobaana,jzd,doo baana',s,EJG;VC,,doo baana
doodiidxa,jzd,doo diidxa',s,EJG;JLC,,doo diidxa
doodxita,jzd,doo dxita,s,RGL;RLC,,doo dxita
doogidxi,jzd,doo guidxì,s,JLC;RGL,,doo gidxi*
doogiiba,jzd,doo guiiba',s,JLC,,doo giiba
doogipi7,jzd,doo guipí',s,EJG;JLC;ND;RGL,,doo gipi!7
doogixe,jzd,doo guixhe,s,RGL,,doo gixe
doogye,jzd,doo guie,s,RGL,,doo gye
dookanelu,jzd,doo canèlu,s,RGL,,doo kane*lu
doolari,jzd,doo lari,s,JLC,,doo lari
doolu,jzd,doo lu,s,EJG;RGL,,doo lu
doonaylu,jzd,doo nàylu,s,JLC;RGL,,doo na*ylu
doopita,jzd,doo pita,s,RGL,,doo pita
doorini,jzd,doo rini,s,RGL,,doo rini
dootarraya,jzd,doo tarràya,s,RGL,,doo tarra*ya
dootenasa,jzd,doo tenàsa,s,RGL,,doo tena*sa
dootini,jzd,doo tini,s,JLC,,doo tini
dooxki7,jzd,doo xqui',s,EJG;JLC;RGL;RLC;VP,,doo x.ki7
dooyonde,jzd,doo yonde,s,EJG;JLC;VC;VP,,doo yonde
dooyoolidxiba7du,jzd,doo yoo,s,EJG;JLC;RGL;RLC;VP,,doo yoo (lidxi ba7du)
doozhindxu7,jzd,doo xindxu',s,EJG;ND;RGL,,doo zhi+ ndxu7
doozhii,jzd,doo xii,s,RGL,,doo zhii
doozinya,jzd,doo ziña,s,EJG,,doo zinya
doope,jzd,doopè',s,EJG;JLC;ND;RGL;RLC,,doope*
dopa-3,jzd,dopà,a,EJG;RGL,,dopa*
dra7dra7,jzd,dra' dra',smb,JLC,,dra7 dra7
dren,jzd,drén,s,JLC,,dre!n
du-3,jzd,du,s,,,du
du7ba-2,jzd,dú'ba',a,EJG;JLC;ND,a:dv1b,du!7ba
dumdumdumdumdum,jzd,dúm dúmdúmdúmdúm,smb,RLC,,du!m du!mdu!mdu!mdu!m
dudu,jzd,dùdù,s,EJG;ND;RGL;VC;VP,,du*du*
duba7ya,jzd,dubá'ya',itj,JLC;VC;VP,,du-ba!7ya
duba1,jzd,dubà,s,EJG,,duba*
duba2,jzd,dubà,s,EJG,,duba*
dudu-2,jzd,dudu,itj,EJG;ND,,dudu
dumingu,jzd,dumìngu,s,JLC;RGL;RLC,,dumi*ngu
dunu71,jzd,dunú',s,EJG;JLC;RLC,,dunu!7
dunu72,jzd,dunú',s,EJG;JLC;RLC,,dunu!7
dutora,jzd,dutòra,s,RGL;RLC,,duto*ra
duuba-2,jzd,duuba',s,EJG;JLC;ND;RGL;RLC;VP,,duuba
duubala,jzd,duuba'la,s,ND;VC,,duuba=la
duubi,jzd,duubi',s,EJG;JLC;ND;RGL;VP,,duubi
duuza,jzd,duuza',s,EJG;RLC;VP,,duuza
duxu7,jzd,duxhú',a,JLC;ND;RGL;RLC;VP,a:dv1b,duxu!7
duxu7bizu,jzd,duxhú' bizu,a,JLC;RGL,a:dv1b,duxu!7 bizu
duxu7lu,jzd,duxhú' lu,a,RGL;RLC,a:dv1b,duxu!7 lu
dwende,jzd,duènde,s,RLC,,dwe*nde
dxi7ba-2,jzd,dxí'ba',a,EJG;JLC;ND;RGL;RLC;VP,"a:dv1b, dsp",dx.i!7ba
dxi7bana7,jzd,dxí'ba' nà',s,VC,,dx.i!7ba na*7
dxa-2,jzd,dxˤàˤːː,smb,RLC,,dx:a*: ::
dxakjhdxakjhdxakjh,jzd,dxacj dxacj dxacj,smb,RGL;RLC,,dxAkjh dxAkjh dxAkjh
dxaradxara,jzd,dxArA dxArA,smb,RGL,,dxArA dxArA
dxa7,jzd,dxá',a,EJG;JLC;VC,a:dv1b,dxa!7
dxa7wi,jzd,dxá'hui',a,JLC,a:dv1b,dxa!7wi
dxawdxawdxaw,jzd,dxáu dxáu dxáu,smb,RGL,,dxa!w dxa!w dxa!w
dxa7-2,jzd,dxã́',itj,JLC,,dxa&!7
dxa-3,jzd,dxà,s,EJG;VC,,dxa*
dxa7-3,jzd,dxà',a,EJG;JLC;ND;RGL;RLC;VP,a:dv1a,dxa*7
dxa7gi,jzd,dxà' gui,a,EJG;JLC;ND;RGL;RLC;VP,a:dv1a,dxa*7 # gi
dxa7ka7bebiduuyu,jzd,dxà'ca'be biduùyù',a,RLC,a:dv1a,dxa*7 +ka7 +be* bi-duu*yu*
dxa7bi,jzd,dxà' bi,a,EJG;ND;RLC,a:dv1a,dxa*7 bi
dxa7bumbu,jzd,dxà' bumbù,a,EJG;ND,a:dv1a,dxa*7 bumbu*
dxa7gigidilaya,jzd,dxà' gui guidi laya,a,RLC,a:dv1a,dxa*7 gi gidi laya
dxa7giintestinu,jzd,dxà' gui intestìnu,a,RLC,a:dv1a,dxa*7 gi intesti*nu
dxa7girinyon,jzd,dxà' gui riñón,a,RLC,a:dv1a,dxa*7 gi ri-nyo!n
dxa7giyannibe,jzd,dxà' gui yannibe,a,RLC,a:dv1a,dxa*7 gi yanni +be*
dxa7la7dxido7,jzd,dxà' la'dxido',a,RLC,a:dv1a,dxa*7 la7dxi=do7
dxa7tipa,jzd,dxà' tipa,a,EJG;JLC;ND;VP,a:dv1a,dxa*7 tipa
dxa7waawa,jzd,dxà' huaahua',a,EJG,a:dv1a,dxa*7 waawa
dxa7ndi7,jzd,dxà'ndì',a,EJG;RLC,a:dv1a,dxa*7=ndi*7
dxa7nge,jzd,dxà'nguè',dem,EJG;ND;RLC,,dxa*7=nge*
dxadxo7,jzd,dxàdxo',itj,JLC,,dxa*dxo7
dxaadxaa,jzd,dxaa dxaa,smb,JLC,,dxaa dxaa
dxaa-3,jzd,dxaà,a,EJG;ND;RGL;RLC;VP,,dxaa*
dxaaga-2,jzd,dxaàgà',a,EJG;JLC;ND;RGL;VP,a:dv1b,dxaa*ga*
dxaapa,jzd,dxaapa',s,EJG;JLC;ND;RGL;RLC,,dxaapa
dxaapawiini,jzd,dxaapa' huiini',s,EJG;JLC;ND;RLC;VP,,dxaapa wiini
dxaba7-2,jzd,dxabá',a,EJG;ND,,dxaba!7
dxana7,jzd,dxaná',voc,EJG;ND;VC,,dxana!7
dxe-2,jzd,dxé,voc,EJG;JLC;ND;RLC;VP,,dxe!
dxe7-2,jzd,dxe',a,EJG,,dxe7
dxe7dxe7,jzd,dxe' dxe',smb,EJG;JLC;ND;RLC,,dxe7 dxe7
dxeechedxeeche,jzd,dxeeche' dxeeche',a,EJG;ND,,dxeeche dxeeche
dxi-2,jzd,dxi,s,EJG;JLC;ND;RGL;RLC;VP,,dxi
dxikeka,jzd,dxiquècà,av,RGL;RLC,,dxi +ke* +ka*
dxibyabade,jzd,dxi biaba de,s,JLC,s:lf,dxi b.yaba de
dxigulle,jzd,dxi gulè,s,JLC;RGL;RLC,,dxi gu.lle*
dxilani,jzd,dxi lani,s,JLC,,dxi la-ni
dxirakarapanteon,jzd,dxi raca ra panteón,s,RLC,,dxi r.aka ra pa-nteo!n
dxiro7,jzd,dxi ró',s,JLC;RLC,,dxi ro!7
dxixpido7,jzd,dxi xpido',s,JLC,,dxi x.pi-do7
dxigomdxigomdxigom,jzd,dxígóm dxígóm dxígóm,smb,RGL,,dxi!-go!m dxi!-go!m dxi!-go!m
dxi7,jzd,dxí',a,EJG;JLC;RLC;VP,,dxi!7
dxi7babi,jzd,dxí'ba' bi,a,RLC,a:dv1b,dxi!7ba bi
dxi7nya,jzd,dxí'ña',a,EJG;JLC;RGL;RLC;VP,,dxi!7nya
dxigidxigidxigi,jzd,dxḭguḭ dxḭguḭ dxḭguḭ,smb,RGL,,dxi'gi' dxi'gi' dxi'gi'
dxiigidxiigidxiigi,jzd,dxḭḭguḭ dxḭḭguḭ dxḭḭguḭːː,smb,RGL,,dxi'i'gi' dxi'i'gi' dxi'i'gi'::
dxi-3,jzd,dxì,a,EJG;JLC;ND;RGL;VC;VP,,dxi*
dxiba,jzd,dxìbà,s,EJG;JLC;ND;RGL;VC;VP,,dxi*ba*
dxike,jzd,dxiquè,av,EJG;JLC;ND;RGL;RLC,,dxi+ ke*
dxiba7,jzd,dxiba',a,EJG;ND;RLC;VC,,dxi-ba7
dxirindxirin,jzd,dxirin dxirin,smb,RLC,,dxi-rin dxi-rin
dxi7dxi7,jzd,dxiˤ' dxiˤ',smb,JLC,,dxi:7 dxi:7
dxigeela,jzd,dxigueela',av,EJG;JLC;ND;RGL,,dxi=geela
dxichi,jzd,dxichi,av,EJG;ND;RLC,,dxichi
dxidxi,jzd,dxidxì,av,EJG;JLC;ND;VC;VP,,dxidxi*
dxigidxigidxigi-2,jzd,dxigui dxigui dxigui,smb,RGL,,dxigi dxigi dxigi
dxigupdxigupdxigup,jzd,dxigup dxigup dxigup,smb,RGL,,dxigup dxigup dxigup
dxiibixtikarru,jzd,dxiìbì' (xtì') càrru,s,RLC,,dxii*bi* (x.ti*') ka*rru
dxiibi1,jzd,dxiìbì',a,EJG;VP,a:dv1a,dxii*bi*
dxiibi2,jzd,dxiìbì',s,EJG;JLC;ND;RLC;VP,,dxii*bi*
dxiibibi7ku,jzd,dxiìbì' bi'cu',s,RLC,,dxii*bi* bi7ku
dxiibilubakaanda,jzd,dxiìbì' lu bacaanda',s,RLC,,dxii*bi* lu ba-kaanda
dxiibinisa,jzd,dxiìbì' nisa,s,RLC,,dxii*bi* nisa
dxiibiyaga,jzd,dxiìbì' yaga,s,RLC,,dxii*bi* ya^ga
dxiibiyuze,jzd,dxiìbì' yùzè,s,RLC,,dxii*bi* yu*ze*
dxiibigidxa,jzd,dxiìbì'guidxa,s,JLC;ND;RLC,,dxii*bi*=gidxa
dxiichi-2,jzd,dxiìchì',a,JLC;RGL,a:dv1a,dxii*chi*
dxiibi-2,jzd,dxiibi',a,EJG,,dxiibi
dxiichi-3,jzd,dxiichi',av,JLC;ND;RLC;VP,,dxiichi
dxiinya,jzd,dxiiña',s,EJG;JLC;ND;RLC;VP,,dxiinya
dxiinyabeewu,jzd,dxiiña' beeù',s,EJG;ND;RGL,,dxiinya beewu*
dxiinyaladegidxi,jzd,dxiiña' ladè guidxi,s,JLC,,dxiinya lade* gi^dxi
dxiinyaranyaa,jzd,dxiiña' ra ñaa,s,JLC,,dxiinya ra+ nyaa
dximba,jzd,dximbà,s,EJG;ND,,dximba*
dxindxi,jzd,dxindxì,av,,,dxindxi*
dxinya-2,jzd,dxiña,s,EJG;JLC;ND;RLC;VP,,dxinya
dxinyadealmendra,jzd,dxiña (de) almèndra,s,RLC,,dxinya (de) alme*ndra
dxinyadebidwaa,jzd,dxiña (de) biduaa,s,RLC,,dxinya (de) bi-dwaa
dxinyadebidxi,jzd,dxiña (de) bidxi,s,RLC,,dxinya (de) bi-dxi
dxinyadebyadxi,jzd,dxiña (de) biadxi,s,RLC,,dxinya (de) byadxi
dxinyadedurasnu,jzd,dxiña (de) duràsnu,s,RLC,,dxinya (de) dura*snu
dxinyadegituchuga,jzd,dxiña (de) guitu chuga,s,RLC,,dxinya (de) gitu chuga
dxinyadegituzhembe7,jzd,dxiña (de) guitu xembé',s,RLC,,dxinya (de) gitu zhembe!7
dxinyadegu,jzd,dxiña (de) gu,s,RLC,,dxinya (de) gu
dxinyadekoko,jzd,dxiña (de) còco,s,RLC,,dxinya (de) ko*ko
dxinyademangu,jzd,dxiña (de) màngu,s,RLC,,dxinya (de) ma*ngu
dxinyademansanabayistu,jzd,dxiña (de) mansàna bayìstu,s,RLC,,dxinya (de) mansa*na bayi*stu
dxinyademansanita,jzd,dxiña (de) mansanìta,s,RLC,,dxinya (de) mansani*ta
dxinyadepan,jzd,dxiña (de) pán,s,RLC,,dxinya (de) pa!n
dxinyadepapaya,jzd,dxiña (de) papaya,s,RLC,,dxinya (de) papaya
dxinyadepera,jzd,dxiña (de) pèra,s,RLC,,dxinya (de) pe*ra
dxinyabeyu7,jzd,dxiña beyù',s,JLC,,dxinya beyu*7
dxinyabizu,jzd,dxiña bizu,s,JLC,,dxinya bizu
dxinyadegitu,jzd,dxiña de guitu,s,RGL,,dxinya de gitu
dxinyanueganu,jzd,dxiña nuèganu,s,RLC,,dxinya nue*ganu
dxinyawiini,jzd,dxiña huiini',s,RGL;RLC,,dxinya wiini
dxinyaxkimani7,jzd,dxiña xqui' maní'',s,RLC,,dxinya x.ki' mani!7
dxinyayaga,jzd,dxiña yaga,s,JLC;ND;VP,,dxinya yaga
dxita1,jzd,dxita,s,EJG;JLC;ND;RLC;VP,,dxita
dxita2,jzd,dxita,s,EJG;JLC;ND;RLC;VP,,dxita
dxitabaala,jzd,dxita baàlà',s,JLC;ND;RGL;RLC;VC;VP,,dxita baa*la*
dxitabaalana7,jzd,dxita baàlà' nà',s,EJG;ND;VC,,dxita baa*la* na*7
dxitabaalanyee,jzd,dxita baàlà' ñee,s,EJG;ND;VC,,dxita baa*la* nyee
dxitabaalazha7na,jzd,dxita baàlà' xa'na',s,JLC,,dxita baa*la* zha7na
dxitabatadeche,jzd,dxita bata deche,s,,,dxita bata deche
dxitabatana7,jzd,dxita bata nà',s,,,dxita bata na*7
dxitabatanyee,jzd,dxita bata ñee,s,,,dxita bata nyee
dxitabikwinina7,jzd,dxita bicuini nà',s,JLC;RLC,,dxita bi-kwini na*7
dxitabikwininyee,jzd,dxita bicuini ñee,s,,,dxita bi-kwini nyee
dxitabini,jzd,dxita bini,s,,,dxita bi-ni
dxitabidxi,jzd,dxita bidxi,s,RGL;VC,,dxita bidxi
dxitabigaraaguyanni,jzd,dxita biga raagu yanni,s,RGL;RLC,,dxita biga raagu yanni
dxitabiitula7dxido7,jzd,dxita biitù' la'dxi'do',s,,,dxita biitu* la7dxi=do7
dxitabiituzha7na,jzd,dxita biitù' xa'na',s,,,dxita biitu* zha7na
dxitadozha7na,jzd,dxita do' xa'na',s,,,dxita do' zha7na
dxitadubana7,jzd,dxita dubà nà',s,,,dxita duba* na*7
dxitageerena7,jzd,dxita gueere' nà',s,,,dxita geere na*7
dxitageerenyee,jzd,dxita gueere' ñee,s,,,dxita geere nyee
dxitagidi,jzd,dxita guidi,s,EJG;ND,,dxita gidi
dxitagulaa,jzd,dxita gulaà,s,JLC;RLC,,dxita gu-laa*
dxitaguuze,jzd,dxita guuze',s,EJG;ND;RGL,,dxita gu.uze
dxitagye7,jzd,dxita guie',s,RGL,,dxita gye7
dxitaike,jzd,dxita ique,s,RGL,,dxita ike
dxitakanya,jzd,dxita caña,s,ND;VP,,dxita ka-nya
dxitakichi7,jzd,dxita quichí',s,JLC;RLC,,dxita kichi!7
dxitakodona7,jzd,dxita còdo nà',s,RGL,,dxita ko*do na*7
dxitako7re,jzd,dxita co're',s,,,dxita ko7re
dxitakwe7ike,jzd,dxita cue' ique,s,RGL,,dxita kwe7 ike
dxitala7dxido7,jzd,dxita la'dxi'do',s,RGL,,dxita la7dxi=do7
dxitalaya,jzd,dxita laya,s,,,dxita laya
dxitalayagete7,jzd,dxita laya gueté',s,RGL,,dxita laya gete!7
dxitalayagya7,jzd,dxita laya guià',s,RGL,,dxita laya gya*7
dxitalu,jzd,dxita lu,s,RGL;RLC,,dxita lu
dxitalule7,jzd,dxita lu le',s,,,dxita lu le7
dxitalukwa,jzd,dxita lucua,s,RGL,,dxita lu=kwa
dxitamangaara,jzd,dxita mangaara',s,EJG;JLC;ND;RGL;RLC,,dxita ma=ngaara
dxitamulitazha7na,jzd,dxita mulìta xa'na',s,RGL;RLC;VC,,dxita muli*ta zha7na
dxitanuu,jzd,dxita nuù,s,JLC,,dxita n.uu*
dxitana7,jzd,dxita nà',s,JLC;RLC,,dxita na*7
dxitandasenyee,jzd,dxita ndase ñee,s,,,dxita nd.ase nyee
dxitanduzha7na,jzd,dxita ndu xa'na',s,VC,,dxita ndu zha7na
dxitaniidxi,jzd,dxita niidxì',s,EJG;ND;RLC,,dxita niidxi*
dxitanyee,jzd,dxita ñee,s,JLC;RLC,,dxita nyee
dxitapaleta,jzd,dxita palèta,s,VP,,dxita pale*ta
dxitapenkana7,jzd,dxita pènca nà',s,RGL,,dxita pe*nka na*7
dxitaporrana7,jzd,dxita pòrra nà',s,RLC;VP,,dxita po*rra na*7
dxitaporranyee,jzd,dxita pòrra ñee,s,JLC;RGL;RLC;VP,,dxita po*rra nyee
dxitari7ni,jzd,dxita rí'ni',s,EJG;ND,,dxita ri!7ni
dxitarwaaxkuxtya,jzd,dxita ruaa xcuxhtiá,s,RGL,,dxita rwaa x.kuxtya!
dxitatinilu,jzd,dxita tini lu,s,EJG;ND;RGL,,dxita tini lu
dxitaxkejada,jzd,dxita xquejàda,s,RGL,,dxita x.keja*da
dxitaxkurrgi7,jzd,dxita xcurrgui',s,RGL,,dxita x.kurr=gi7
dxitaxkwa7sa,jzd,dxita xcua'sa,s,RGL,,dxita x.kwa7sa
dxitaxkye,jzd,dxita xquie,s,EJG;ND;RGL;RLC,,dxita x.kye
dxitaxpechu,jzd,dxita xpèchu,s,RGL;RLC,,dxita x.pe*chu
dxitaxxagabenda,jzd,dxita xhaga benda,s,RGL;RLC,,dxita x.xaga benda
dxitaxzhyaadeche,jzd,dxita xhiaà deche,s,,,dxita x.zhyaa* deche
dxitayannibatana7,jzd,dxita yanni bata nà',s,RGL,,dxita yanni bata na*7
dxitayannimani7wiini,jzd,dxita yanni maní' huiini',s,RGL,,dxita yanni mani!7 wiini
dxitayanninyee,jzd,dxita yanni ñee,s,JLC;VP,,dxita yanni nyee
dxitayanninyeemani7,jzd,dxita yanni ñee maní',s,RGL;RLC;VC,,dxita yanni nyee mani!7
dxitazha7yanni,jzd,dxita xa' yanni,s,RGL;RLC,,dxita zha7 yanni
dxitazha7na,jzd,dxita xa'na',s,EJG;JLC;ND;RGL;RLC;VP,,dxita zha7na
dxitazha7nabere,jzd,dxita xa'na' bere,s,JLC,,dxita zha7na bere
dxitazhatininyee,jzd,dxita xatini ñee,s,RGL,,dxita zha=tini nyee
dxitazhibi,jzd,dxita xibi,s,,,dxita zhibi
dxitazhii,jzd,dxita xii,s,,,dxita zhii
dxitanezadeche,jzd,dxita(neza)deche,s,JLC;ND;RGL;VC;VP,,dxita(=neza)=deche
dxitabanda7,jzd,dxitabandà',s,EJG;ND;RGL;VC,,dxita=ba-nda*7
dxitabeela,jzd,dxitabeelà',s,EJG;JLC;ND;RLC;VC,,dxita=beela*
dxitabeelaoryadu,jzd,dxitabeelà' oriàdu,s,VC,,dxita=beela* orya*du
dxitabeelayaa,jzd,dxitabeelà' yaa,s,VC,,dxita=beela* yaa
dxitabere,jzd,dxitabere,s,ND;RLC;VP,,dxita=bere
dxitaberegye,jzd,dxitabereguie,s,JLC,,dxita=bere=gye
dxitabiga7yanni,jzd,dxitabiga'(yanni),s,EJG;ND;RGL;VP,,dxita=bi-ga7(=yanni)
dxitarwaa,jzd,dxitaruaa,s,RGL,,dxita=rwaa
dxo,jzd,dxó,itj,,,dxo!
dxu,jzd,dxu,s,EJG;JLC;ND;RGL;VP,,dxu
dxu7ni,jzd,dxú'ni',a,JLC,a:dv1b,dxu!7ni
dxuyu,jzd,dxúyu,s,EJG;JLC;RLC,,dxu!yu
dxu7,jzd,dxù',s,EJG;JLC;ND;RGL;RLC;VP,,dxu*7
dxu7biidi,jzd,dxù' biidi',s,EJG,,dxu*7 biidi
dxumdxumdxumdxumdxumdxumdxum,jzd,dxùm dxùm dxùm dxùm dxùm dxùm dxùm,smb,RGL,,dxu*m dxu*m dxu*m dxu*m dxu*m dxu*m dxu*m
dxundxuri7,jzd,dxundxùrí',s,EJG;JLC,,dxu-ndxu* ri!7
dxu7dxu7dxu7,jzd,dxu' dxu' dxu',smb,RGL;RLC,,dxu7 dxu7 dxu7
dxu7chu,jzd,dxu'chu',smb,ND;VC,,dxu7chu
dxuladi,jzd,dxuládi,s,EJG;JLC;ND;RLC;VP,,dxula!di
dxumi,jzd,dxumì,s,EJG;JLC;ND;RGL;RLC;VP,,dxumi*
dxumichaparru,jzd,dxumì chapàrru,s,RGL,,dxumi* chapa*rru
dxumidxita,jzd,dxumì dxita,s,JLC,,dxumi* dxita
dxumigela,jzd,dxumì guela,s,EJG;RGL,,dxumi* gela
dxumigeta,jzd,dxumì gueta,s,EJG;JLC;ND;RGL,,dxumi* geta
dxumiguuze,jzd,dxumì guuze',s,EJG;ND;RGL,,dxumi* gu.uze
dxumilaga,jzd,dxumì làga,s,EJG;JLC;ND;RGL;RLC,,dxumi* la*ga
dxuminiza,jzd,dxumì niza,s,JLC,,dxumi* niza
dxumisu,jzd,dxumì su,s,EJG;JLC;ND;RLC;VP,,dxumi* su
dxunu7,jzd,dxunú',a,EJG;JLC;RGL;RLC;VP,a:dv1b,dxunu!7
dxunyi,jzd,dxuñi,s,EJG;ND;VC,,dxunyi
dxya,jzd,dxia,s,EJG;FSL;JLC;ND;RGL;RLC;VP,,dxya
dyaga,jzd,diaga,s,EJG;JLC;RGL;VP,,dyaga
dyagabata,jzd,diaga bata,s,EJG,,dyaga bata
dyagabentana,jzd,diaga bentàna,s,RGL,,dyaga be-nta*na
dyagabindxaba7,jzd,diaga bindxabá',s,FSL;JLC;RLC,,dyaga bin=dxaba!7
dyagadxe7,jzd,diaga dxe',s,EJG;JLC;RGL,,dyaga dxe7
dyagakwa7ta,jzd,diaga cua'ta',s,EJG;JLC;ND;RGL;RLC;VP,,dyaga kwa7ta
dyagalaga,jzd,diaga laga,s,EJG;VC,,dyaga laga
dyagamani7,jzd,diaga maní',s,RGL;RLC,,dyaga mani!7
dyagapaaxu,jzd,diaga paaxhù',s,JLC,,dyaga paaxu*
dyagapwerrta7,jzd,diaga puerrtá',s,RGL,,dyaga pwe-rrta!7
dyagaroo,jzd,diaga roo,s,EJG,,dyaga roo
dyapendis,jzd,diapèndis,s,RLC,,dyape*ndis
dye7,jzd,dié',a,JLC;ND;VP,a:dv1b,dye!7
dyee-2,jzd,diee,s,EJG;VC,,dyee
dyos,jzd,diós,s,RGL;RLC;VP,,dyo!s
dyuzhi1,jzd,diúxi,s,EJG;JLC;ND;VP,,dyu!zhi
dyuzhi2,jzd,diúxi,s,VP,,dyu!zhi
eje7,jzd,éje',itj,JLC,,e!-je7
el,jzd,Él,n,JLC,n:mas,e!l
emememrrrr,jzd,ém' ém' ém' rrr̀rrŕ,smb,RGL;RLC,,e!m` e!m` e!m` rr*:: rr!`::
eskate,jzd,éscate,itj,EJG;RLC,,e!ska-te
efefefe,jzd,ḛ̀ w͎ ḛ̀ w͎ ḛ̀ w͎ ḛ̀,smb,RGL,,e'*  F! e'*  F! e'*  F! e'*
e7-2,jzd,ḛ',smb,RGL,,e'7
echu,jzd,èchu,s,RGL;RLC,,e*chu
ejekarreta,jzd,èje (carrèta),s,JLC;RGL,,e*je (karre*ta)
eko,jzd,èco,a,RGL;RLC,,e*ko
elle,jzd,Èle,n,JLC,n:mas,e*lle
ello,jzd,Èlo,n,JLC,n:mas,e*llo
emarosa,jzd,Èma Ròsa,n,JLC,nn:fam,e*ma ro*sa
epi,jzd,Èpi,n,JLC,n:mas,e*pi
erika,jzd,Èrica,n,JLC,nn:mas,e*rika
ernya,jzd,èrnia,s,RGL;RLC,,e*rnya
es,jzd,ès,clq,RGL,,e*s
eyda,jzd,Èyda,n,JLC,n:fem,e*yda
e7lh,jzd,eːː' L̤,smb,RGL,,e::7 LH
ehrrp,jzd,e̤rrp,smb,RLC,,eHrrp
e,jzd,ê,smb,EJG,,e^
ei,jzd,eí>ːːːːːː,smb,RLC,,ei!> :: :: ::
ejiduchare,jzd,Ejìdu Chare,s,RGL,,eji*du chare
ejidusapata,jzd,Ejìdu Sapàta,s,RGL,,eji*du sapa*ta
emememmm,jzd,em em emmm,smb,RGL,,em em emmm
embolya,jzd,embòlia,s,RLC,,embo*lya
emofilya,jzd,emofìlia,s,RLC,,emofi*lya
emorrajya,jzd,emorràjia,s,RLC,,emorra*jya
empalme,jzd,empàlme,s,RGL,,empa*lme
eneru,jzd,enèru,s,RGL;RLC,,ene*ru
enkabesada,jzd,encabes̀ada,s,RLC,,enkabes*ada
enkantadu,jzd,encantàdu,s,VC,,enkanta*du
enkantida,jzd,encantidá,q,RLC,,enkanti-da!
enkargadu,jzd,encargàdu,s,RLC,,enkarga*du
errmana,jzd,errmàna,s,RGL;RLC,,errma*na
errmanawiini,jzd,errmàna huiini',s,RLC,,errma*na wiini
errmanawiiniespiritista,jzd,errmàna huiini' espiritìsta,s,RLC,,errma*na wiini espiriti*sta
errmanu,jzd,errmànu,s,RGL;RLC,,errma*nu
espordemanga,jzd,espór de mànga,s,RGL;RLC,,es-po!r de ma*nga
eskalon,jzd,escalón,s,RGL,,eska-lo!n
eskarbaoyo,jzd,escarbaòyo,s,RGL,,eskarba-o*yo
esklaba,jzd,esklàba,s,RGL;RLC,,eskla*ba
eskwadra,jzd,escuàdra,s,RLC,,eskwa*dra
espwela,jzd,espuèla,s,RGL;RLC,,espwe*la
estofadu,jzd,estofàdu,s,RLC,,estofa*du
estribuzhya,jzd,estrìbu xiá,s,RGL,,estri*bu zhya!
f1,jzd,fːːːː,smb,JLC;RGL,,f:: ::
f2,jzd,fːːːː,smb,RLL,,f:: ::
fakfakfak,jzd,fAc fAc fAc,smb,RGL,,fAk fAk fAk
fakafaka,jzd,fAcA fAcA,smb,RGL,,fAkA fAkA
fakafakafaka,jzd,fAcA fAcA fAcA,smb,RGL,,fAkA fAkA fAkA
fakafakafakafaka,jzd,fAcA fAcA fAcA fAcA,smb,RGL,,fAkA fAkA fAkA fAkA
fuchifuchi,jzd,fÚchi fÚchi,itj,RLC,,fU!chi fU!chi
fuu,jzd,fUU,smb,JLC,,fUU
fafafafafafafafafafa,jzd,fa fa fa fa fa fa fa fa fa fa,smb,RGL;RLC,,fa fa fa fa fa fa fa fa fa fa
fafafafafa,jzd,fáfáfáfáfá,smb,RLC,,fa!fa!fa!fa!fa!
fan,jzd,Fán,n,JLC;RLC,n:mas,fa!n
fanche,jzd,Fán Ché,n,JLC,nn:mas,fa!n che!
fanchipuju,jzd,Fàn Chipùju,n,JLC,nn:mas,fa!n chipu*ju
fangusuyu,jzd,Fán Gusuyu,n,JLC,nn:mas,fa!n g.u-su=yu
fankeniya,jzd,Fán Quènia,n,JLC,nn:fam,fa!n ke*niya
fankira,jzd,Fán Quíra,n,JLC,nn:mas,fa!n ki!ra
fanklara,jzd,Fán Clàra,n,JLC,nn:fam,fa!n kla*ra
fanmuzhe7,jzd,Fán Muxé',n,JLC,nn:mas,fa!n muzhe!7
fanniidxi,jzd,Fán Niìdxì',n,JLC,nn:mas,fa!n nii*dxi*
fanpallu,jzd,Fán Pàlu,n,JLC,nn:mas,fa!n pa*llu
fanpandu,jzd,Fán Pàndu,n,JLC,nn:mas,fa!n pa*ndu
fanpiiru,jzd,Fán Píiru,n,JLC,nn:mas,fa!n pi!iru
fanpilidxi,jzd,Fán Pilìdxi,n,JLC,nn:mas,fa!n pili*dxi
fanpoora,jzd,Fán Póora,n,JLC,nn:mas,fa!n po!ora
fanta7ba,jzd,Fán Tá'ba',n,JLC,nn:mas,fa!n ta!7ba
fanxtubi,jzd,Fán Xtùbì,n,JLC,nn:mas,fa!n xtu*bi*
fanyaanke,jzd,Fán Yáanque,n,JLC,nn:mas,fa!n ya!anke
fani,jzd,Fáni,n,RLC,n:fem,fa!ni
faa,jzd,fa̰a̰,smb,RGL,,fa'a'
faafaafaa,jzd,fa̰a̰ fa̰a̰ fa̰a̰,smb,RGL,,fa'a' fa'a' fa'a'
falda,jzd,fàlda,s,RGL;RLC,,fa*lda
falsu,jzd,fàlsu,s,JLC,,fa*lsu
fanchweka,jzd,Fàn Chuèca,n,JLC,nn:mas,fa*n chwe*ka
fana,jzd,Fàna,n,JLC,n:fem,fa*na
fanamigel,jzd,Fàna Miguél,n,JLC,nn:fam,fa*na mi-ge!l
fayna,jzd,fàyna,s,JLC,,fa*yna
fanon,jzd,Fanón,n,JLC,nn:mas,fa-no!n
fakafakafaka-2,jzd,faca faca faca,smb,RGL,,faka faka faka
fanega,jzd,fanèga,q,JLC,q:med,fane*ga
fanitademe,jzd,Fanìta Dème,n,JLC,nn:fam,fani*ta de*me
fasfasfasfas,jzd,fas fas fas fas,smb,JLC,,fas fas fas fas
feedu,jzd,Féedu,n,JLC,n:mas,fe!edu
feryollo,jzd,Fér Yolo,n,FSL,nn:mas,fe!r yollo
fes,jzd,fés,s,JLC;RGL;RLC,,fe!s
few,jzd,féu,a,JLC,,fe!w
febe,jzd,fèbe,s,JLC;RGL;RLC,,fe*be
fera,jzd,fèra,av,RGL;RLC,av:loc,fe*ra
feya,jzd,fèya,s,RGL;RLC,,fe*ya
febreru,jzd,febrèru,s,RGL;RLC,,febre*ru
felistamun,jzd,Felistamún,n,RLC,nn:fem,felista-mu!n
fff,jzd,fff,smb,JLC,,fff
fiina,jzd,Fíina',n,JLC,n:fem,fi!ina
fiiryu,jzd,Fíiriu,n,JLC,n:mas,fi!iryu
ficha,jzd,fìcha,s,JLC;RLC,,fi*cha
finka,jzd,fìnca,s,RGL;RLC,,fi*nka
fisga,jzd,fìsga,s,JLC;RGL;VC,,fi*sga
fiwfiw,jzd,fŕw fŕw,smb,RGL;RLC,,fi:!w fi:!w
fidew,jzd,fidéu,s,RLC,,fide!w
fiina-2,jzd,Fiina',n,JLC,n:fem,fiina
fla,jzd,fla̰ˤ,smb,JLC;RLC,,fla':
flaku,jzd,flàcu,a,JLC;RGL;RLC,,fla*ku
fli7ufi7ufi7ufi7u,jzd,flí'u' fí'u' fí'u' fí'u',smb,RGL,,fli!7u fi!7u fi!7u fi!7u
flokflok,jzd,floc floc,smb,RGL,,flok flok
flop,jzd,flop,smb,JLC,,flop
flordechina,jzd,Flor de Chìna,n,,n:ani,flor de+ chi*na
flordekampu,jzd,Flor de Càmpu,n,,n:ani,flor de+ ka*mpu
flordekanela,jzd,Flor de Canèla,n,,n:ani,flor de+ kane*la
flujo,jzd,flùjo,s,RLC,,flu*jo
fluuchi1,jzd,fluùchì',s,EJG;JLC;VP,,fluu*chi*
fluuchi2,jzd,fluùchì',s,EJG;JLC;VP,,fluu*chi*
fontanerya,jzd,fontaneriá,s,JAR,,fontane-rya!
forrmon,jzd,forrmón,s,JAR,,forr-mo!n
frenu1,jzd,frènu,s,JLC;RGL;RLC,,fre*nu
frenu2,jzd,frènu,s,JLC;RGL;RLC,,fre*nu
frenuxkye,jzd,frènu xquie,s,RGL,,fre*nu x.kye
fresa,jzd,frèsa,s,,,fre*sa
fsss,jzd,fsss,smb,JLC,,fsss
fu7fu7popopo,jzd,fú' fú' po po po,smb,RGL,,fu!7 fu!7 po po po
fulana,jzd,fulàna,s,RLC,,fula*na
fum,jzd,fum,smb,RGL,,fum
fwx,jzd,fuxh,smb,JLC,,fwx
fxwi7,jzd,fxhui',smb,JLC,,fxwi7
fyebre,jzd,fièbre,s,RLC,,fye*bre
fyerru,jzd,fièrru,s,JLC,,fye*rru
fyeru,jzd,fièru,a,RLC;VC,,fye*ru
ga7nda,jzd,gá'nda',a,EJG;JLC;ND;RGL;RLC;VP,a:dv1b,g.a!7nda
gete7,jzd,gueté',pcp,JLC;ND;RGL;RLC;VP,,g.ete!7
gi7chi,jzd,guí'chi',a,EJG;JLC;ND;RGL;VP,a:dv1b,g.i!7chi
gibi7,jzd,guibí',a,EJG;JLC;VP,a:dv1b,g.ibi!7
gudu,jzd,gùdù,s,JLC,,g.u*du*
gyetendaani,jzd,guiéte ndaani',pcp,RLC,,g.ye!te ndaani
gyonna,jzd,guiónna,num,JLC,num:ord,g.yo!nna
gyonna7,jzd,guionná',q,JLC;VP,q:set,g.yonna!7
gyuba,jzd,guiúba,itj,JLC,,g.yu!ba
g3r3g3r3g3r3,jzd,gɨ́rɨ́ gɨ́rɨ́ gɨ́rɨ́,smb,RLC,,g3!r3! g3!r3! g3!r3!
gurugurutum,jzd,gUrU gUrU túm,smb,RLC,,gUrU gUrU tu!m
ga-2,jzd,ga,av,EJG;ND;RLC,,ga
ga7-2,jzd,gá',a,JLC;ND,a:dv1b,ga!7
ga7chi,jzd,gá'chi',a,EJG;VP,a:dv1b,ga!7chi
ga7na-2,jzd,gá'na',s,JLC;RLC;VP,,ga!7na
gas,jzd,gás,s,JLC;RLC,,ga!s
ga7-3,jzd,ga̰',smb,RGL,,ga'7
gadxe,jzd,gàdxè,s,EJG;ND;RGL;VP,,ga*dxe*
gana,jzd,gàna,s,JLC,,ga*na
gandxa,jzd,gàndxà,s,JLC,,ga*ndxa*
gandxu,jzd,gàndxù,s,EJG;JLC;ND;VP,,ga*ndxu*
gandxuxtisegeta,jzd,gàndxù xtì seguèta,s,JAR,,ga*ndxu* x.ti* sege*ta
gansu,jzd,gànsu,s,JLC,,ga*nsu
garsa,jzd,gàrsa,s,JLC,,ga*rsa
gatu,jzd,gàtu,s,RLC,,ga*tu
gayabenda,jzd,gàya benda,s,RGL;RLC,,ga*ya benda
gayu1,jzd,gàyu,s,JLC;RGL;RLC,,ga*yu
gayu2,jzd,gàyu,s,JLC;RGL;RLC,,ga*yu
gadxe-2,jzd,gadxe,a,EJG;JLC;ND;VP,"a, s",ga+ dxe
gamiitu,jzd,gamiìtù',a,VC,,ga+ mii*tu*
ganazha,jzd,ganàxà,a,EJG;JLC;VC;VP,,ga+ na*zha*
garapagarapa,jzd,garapa garapa,smb,JLC;RGL;RLC;VC,,ga+rapa ga+rapa
gabya1,jzd,gabia,s,EJG;JLC;RGL;VP,,ga-bya
gabya2,jzd,gabia,q,EJG;JLC;VP,q:med,ga-bya
gadxelazha,jzd,gadxela xá,itj,EJG;JLC;ND;RGL,,ga-dxela zha!
galan,jzd,galán,av,JLC;RGL;VP,,ga-la!n
galaa,jzd,galaà,prp,EJG;JLC;ND;RGL;RLC;VC;VP,prp:loc,ga-laa*
galaabato7,jzd,galaà bato',prp,EJG;JLC;VC,prp:loc,ga-laa* ba-to7
galaadetibe7za,jzd,galaà de ti be'za',q,JLC,,ga-laa* de+ ti+ be7za
galaadxi,jzd,galaà dxi,q,EJG;JLC;RGL;VP,,ga-laa* dxi
galaagaywaa,jzd,galaaà gayuaa,num,EJG;VP,,ga-laa* ga-ywaa
galaageela,jzd,galaà gueela',q,EJG;RGL;VC;VP,,ga-laa* geela
galawi7,jzd,galahuí',prp,EJG;JLC;ND;RLC;VP,prp:loc,ga-lawi!7
garonda7,jzd,garondá',q,EJG;JLC;VP,q:med,ga-ronda!7
gaxti7,jzd,gaxtí',q,EJG;JLC;ND;RLC;VP,,ga-x.ti!7
gaywaa,jzd,gayuaa,num,EJG;JLC;ND;VP,,ga-ywaa
gaywaadegaywaa,jzd,gayuaa de gayuaa,num,EJG;VC,,ga-ywaa de ga-ywaa
ga7-4,jzd,ga',num,EJG;JLC;ND;RLC;VP,,ga7
ga7gubidxa,jzd,ga' (g)ubidxa,q,JLC;VC,q:tmp,ga7 (g)u-bidxa
ga7bya7,jzd,ga' bia',q,EJG;VC,q:med,ga7 bya7
gaa-4,jzd,gaa,a,EJG;JLC;RGL;RLC;VP,,gaa
gaayu,jzd,gaayu',num,EJG;JLC;ND;VP,,gaayu
gaayudegande,jzd,gaayu' de gandè,num,JLC,,gaayu de gande*
gaayugaywaa,jzd,gaayu' gayuaa,num,EJG;ND,,gaayu ga-ywaa
gaba7-2,jzd,gabá',a,EJG;JLC;RGL;VP,,gaba!7
gabilanwiini,jzd,gabilán huiini',s,JLC,,gabi-la!n wiini
gabu,jzd,gabú,s,EJG;VC,,gabu!
gadxe-3,jzd,gadxè,num,EJG;JLC;ND;VP,,gadxe*
gadxegaywaa,jzd,gadxè gayuaa,num,EJG,,gadxe* ga-ywaa
gamizha7,jzd,gamixá',s,EJG;JLC;ND;RGL;RLC;VP,,gamizha!7
gande,jzd,gandè,num,EJG;JLC;ND;VP,,gande*
gandebichi7,jzd,gandè bichi!7,num,EJG;ND;VP,,gande* bichi!7
gandebichi7nutobi,jzd,gandè bichi!7 nù tobi,num,EJG,,gande* bichi!7 nu* tobi
gandeluchupa,jzd,gandè lu chupà,num,JLC,,gande* lu chupa*
gandelutobi,jzd,gandè lu tobi,num,JLC,,gande* lu tobi
gandenechii,jzd,gandè nè chii,num,JLC,,gande* ne* chii
gandenuchonna,jzd,gandè nù chonnà,num,EJG,,gande* nu* chonna*
gandenuchupa,jzd,gandè nù chupà,num,EJG,,gande* nu* chupa*
gandenuga7,jzd,gandè nù ga',num,EJG,,gande* nu* ga7
gandenugaayu,jzd,gandè nù gaayu',num,EJG,,gande* nu* gaayu
gandenugadxe,jzd,gandè nù gadxè,num,EJG,,gande* nu* gadxe*
gandenutapa,jzd,gandè nù tapa,num,EJG,,gande* nu* tapa
gandenutobi,jzd,gandè nù tobi,num,EJG,,gande* nu* tobi
gandenuxono,jzd,gandè nù xhonò,num,EJG,,gande* nu* xono*
gandenuxoopa,jzd,gandè nù xhoopa',num,EJG,,gande* nu* xoopa
garabatu,jzd,garabàtu,s,JLC;RLC,,garaba*tu
garlopa,jzd,garlòpa,s,RGL,,garlo*pa
garrnacha,jzd,garrnàcha,s,RLC,,garrna*cha
garrucha,jzd,garrùcha,s,RGL;RLC,,garru*cha
gastriti,jzd,gastrìti,s,RLC,,gastri*ti
gatiga,jzd,gati ga,av,JLC;ND;RLC;VP,,gati ga
gatigati,jzd,gati gati,av,EJG;JLC;ND;RLC,,gati gati
gaw7gaw7,jzd,gahu' gahu',smb,,,gaw7 gaw7
gaxa,jzd,gaxha,av,EJG;JLC;ND;RGL;RLC;VP,av:loc,gaxa
ge7dxe1,jzd,gué'dxe',a,EJG;JLC;RLC;VP,,ge!7dxe
ge7dxe2,jzd,gué'dxe',s,EJG;JLC;RLC;VP,,ge!7dxe
ge7dxe,jzd,Gue'dxe',n,VC,nn:fam,ge7dxe
ge7la,jzd,gue'la',s,EJG;JLC;ND;RLC;VC;VP,,ge7la
ge7labe7nye,jzd,Gue'la' Bé'ñe',s,EJG;VC,,ge7la be!7nye
ge7labenye,jzd,gue'la' beñe,s,EJG,,ge7la benye
ge7labigupi,jzd,gue'la' bigupi,s,EJG;VC,,ge7la bi-gupi
ge7lazhada7,jzd,Gue'la' Xadá',s,EJG,,ge7la zhada!7
ge7tu,jzd,gue'tu',s,JLC;ND;RGL;RLC;VP,,ge7tu
ge7tuwiini,jzd,gue'tu' huiini',s,RGL,,ge7tu wiini
geenda-2,jzd,gueèndà',a,EJG;RLC;VP,,gee*nda*
geebe,jzd,gueebe',s,EJG;JLC;RGL;RLC,,geebe
geebegi,jzd,gueebe' gui,s,EJG;JLC,,geebe gi
geebeyanni,jzd,gueebe' yanni,s,EJG;RGL;RLC;VC,,geebe yanni
geebezhii,jzd,gueebe' xii,s,,,geebe zhii
geela,jzd,gueela',s,EJG;JLC;ND;RLC;VP,,geela
geere,jzd,gueere',s,RLC,,geere
geeregi,jzd,gueere' gui,s,EJG;JLC;VC,,geere gi
geereyanni,jzd,gueere' yanni,s,RLC;VC,,geere yanni
geeze,jzd,gueeze',s,EJG;RGL;VP,,geeze
gela,jzd,guela,s,EJG;ND,,gela
geladoo,jzd,guela doo,s,VC,,gela doo
gelagidi,jzd,guela guidi,s,EJG;JLC;ND;RLC;VP,,gela gidi
gelagididaapa,jzd,guela guidi daàpà',s,RGL,,gela gidi daa*pa*
gelagididechonnakurrya,jzd,guela guidi de chonnà curriá,s,RGL;RLC,,gela gidi de chonna* ku-rrya!
gelagididechupakurrya,jzd,guela guidi de chupà curriá,s,RGL;RLC,,gela gidi de chupa* ku-rrya!
gelagididekurryadeyuze,jzd,guela guidi de curriá de yùzè,s,RLC,,gela gidi de ku-rrya! de yu*ze*
gelagiditrebesadu,jzd,guela guidi trebesàdu,s,RGL,,gela gidi trebesa*du
gelazinya,jzd,guela ziña,s,VC,,gela zinya
gela7,jzd,guelá',s,EJG;JLC;ND;RLC;VP,,gela!7
genda1,jzd,guenda,s,JLC;ND;RLC;VP,,genda
genda2,jzd,guenda,s,EJG;ND,,genda
gendabedxe,jzd,guendà bedxe,s,,,genda* bedxe
gendabidxucha7wi,jzd,guendà bìdxù chá'hui',s,,,genda* bi*dxu* cha!7wi
gendadxinya,jzd,guendà dxiña,s,,,genda* dxinya
gendazhunu,jzd,guendà xunu,s,,,genda* zhunu
gendanagidxa,jzd,guenda(na)guidxa,nom,EJG;ND,,genda+ (na-)gidxa
gendanamuzhe7,jzd,guenda(na)muxé',nom,EJG,,genda+ (na-)muzhe!7
gendanayooxo,jzd,guenda(na)yooxho',nom,EJG,,genda+ (na-)yooxo
gendabazeendu,jzd,guendabazeendu',nom,EJG;JLC;ND,,genda+ ba-zeendu
gendaba7du,jzd,guendaba'du',nom,EJG;JLC;ND,,genda+ ba7du
gendabidxaa,jzd,guendabidxaà,nom,EJG,,genda+ bi-dxaa*
gendadxido7,jzd,guendadxidó',nom,EJG;JLC;ND,,genda+ dxi=do!7
gendadxu,jzd,guendadxù,nom,EJG;JLC;ND,,genda+ dxu*
gendagibi7,jzd,guendaguibí',nom,EJG;ND,,genda+ gibi!7
gendagola,jzd,guendagòla,nom,EJG,,genda+ go*la
gendagubaana,jzd,guendagubaana',nom,EJG;ND,,genda+ gu-baana
gendaguti,jzd,guendaguti,nom,EJG;JLC;VC;VP,,genda+ gu.ti
gendagwe7,jzd,guendagüé',nom,EJG,,genda+ gwe!7
gendakeraxaike,jzd,guendaquéraxhaique,nom,RGL;RLC,,genda+ ke!+ r.axa=ike
gendakiritwilu,jzd,guendaquírituilu,nom,RLC,,genda+ ki!+ ri-twi=lu
gendalucheepa,jzd,guendalucheepa',nom,EJG;JLC,,genda+ lu=cheepa
gendamani7,jzd,guendamaní',nom,EJG,,genda+ mani!7
gendamigu,jzd,guendamìgù,nom,EJG;RGL,,genda+ mi*gu*
gendanapa,jzd,guendanapà,nom,EJG;ND,,genda+ n.apa*
gendanabani,jzd,guendanabanì,nom,EJG;ND;VP,,genda+ na-bani*
gendanacha7wi,jzd,guendanachá'hui',nom,ND,,genda+ na-cha!7wi
gendanadxi7balu,jzd,guendanadxi'ba'lu,nom,EJG;ND,,genda+ na-dx.i7ba=lu
gendanadxi7nya,jzd,guendanadxí'ña',nom,ND,,genda+ na-dxi!7nya
gendanadxii,jzd,guendanadxiì,nom,EJG;ND,,genda+ na-dxii*
gendanana,jzd,guendanana,nom,ND,,genda+ na-na
gendanawati,jzd,guendanahuati,nom,ND,,genda+ na-wati
gendarakane,jzd,guendaracanè,nom,RGL,,genda+ r.aka=ne*
gendarapazhiinyi,jzd,guendarapa xiiñi',nom,ND;VC,,genda+ r.apa zhiinyi
gendarapaxtallebidxichi,jzd,guendarapà xtàlè bidxichi,nom,JLC,,genda+ r.apa* x.ta*lle* bi-dxichi
gendarati-2,jzd,guendarati,nom,EJG;JLC;ND;RGL;RLC;VP,,genda+ r.ati
gendarola7na,jzd,guendaro la'na',nom,EJG,,genda+ r.o la7na
gendaruchaaga1,jzd,guendaruchaagà',nom,EJG;JLC;ND,,genda+ r.u-chaaga*
gendaruchaaga2,jzd,guendaruchaagà',nom,EJG;ND;VC,,genda+ r.u-chaaga*
gendaruchaagana7,jzd,guendaruchaagà'nà',nom,EJG;ND;VC,,genda+ r.u-chaaga*=na*7
gendaruchaagarwaa,jzd,guendaruchaagà'ruaa,nom,ND,,genda+ r.u-chaaga*=rwaa
gendaruguubini,jzd,guendaruguu bini,s,,,genda+ r.u-g.uu bi-ni
gendarukaabola,jzd,guendarucaa bòla,nom,RGL,,genda+ r.u-kaa bo*la
gendarukwimani7,jzd,guendarucui maní',nom,RGL;RLC;VC,,genda+ r.u-kwi mani!7
gendarulidxi,jzd,guendarulidxi,nom,EJG;ND,,genda+ r.u-l.idxi
gendarundapi7zhii,jzd,guendarundapí'xii,nom,ND,,genda+ r.u-ndapi!7=zhii
gendarusigii,jzd,guendarusiguiì,nom,JLC;RGL;RLC;VP,,genda+ r.u-si-gii*
gendarusinigi7ri,jzd,guendarusini gui'ri',nom,EJG;JLC,,genda+ r.u-si-ni gi7ri
gendarutyee,jzd,guendarutiee,nom,ND,,genda+ r.u-tyee
gendaruxuubaxinni,jzd,guendaruxhuuba'xhìnnì,nom,EJG;VC,,genda+ r.u-xuuba=xi*nni*
gendarya7pi,jzd,ria'pi',nom,EJG;JLC;ND;RLC,,genda+ r.y.a7pi
gendaryaapawii,jzd,guendariaapa'huiì,nom,EJG;VC,,genda+ r.y.aapa=wii*
gendaryuundaaya,jzd,guendariuu ndaaya',nom,ND,,genda+ r.y.uu ndaaya
gendaryuunda,jzd,guendariuunda',nom,ND,,genda+ r.y.uunda
gendarya7pinisagiba7,jzd,guendaria'pi' nisa guiba',nom,ND;VC,,genda+ r.ya7pi nisa gi-ba7
gendaryanala7dxido7,jzd,guendarianala'dxi'do',nom,VC,,genda+ r.yana=la7dxi=do7
gendaryene,jzd,guendariene,nom,EJG;ND,,genda+ r.yene
gendaryenedyaga,jzd,guendariene diaga,nom,EJG;ND,,genda+ r.yene dyaga
gendariba7na,jzd,guendariba'na',nom,EJG;JLC;VP,,genda+ ri-b.a7na
gendaribana7,jzd,guendaribaná',nom,JLC;VP,,genda+ ri-bana!7
gendarichaaba,jzd,guendarichaaba',nom,,,genda+ ri-chaaba
gendarichesa,jzd,guendarichesa,nom,ND,,genda+ ri-chesa
gendaridaadyaga,jzd,guendaridaa diaga,nom,EJG,,genda+ ri-daa dyaga
gendaridxiibi,jzd,guendaridxiibi',nom,JLC,,genda+ ri-dxiibi
gendariganna,jzd,guendarigannà,nom,VC,,genda+ ri-g.anna*
gendarigitebizunu,jzd,guendariguite bizunu,nom,RGL,,genda+ ri-g.ite bi-zunu
gendarigitedomino,jzd,guendariguite dominó,nom,RGL;RLC,,genda+ ri-g.ite domi-no!
gendarigitekanika,jzd,guendariguite canìca,nom,RGL,,genda+ ri-g.ite kani*ka
gendarigaachisinturon,jzd,guendarigaachi' sinturón,nom,RGL,,genda+ ri-gaachi sintu-ro!n
gendarigiidxi,jzd,guendariguiidxì',nom,EJG,,genda+ ri-giidxi*
gendarigiidxichuze,jzd,guendariguiidxì' chuze,nom,ND,,genda+ ri-giidxi* chuze
gendarigiidxiyanni,jzd,guendariguiidxì' yanni,nom,EJG,,genda+ ri-giidxi* yanni
gendarigiizi,jzd,guendariguiizi',nom,EJG;ND,,genda+ ri-giizi
gendarigiteuzulu,jzd,guendariguite ruzulu,nom,RLC,,genda+ ri-gite -u-zu-lu
gendariluzhe,jzd,guendariluxe,nom,EJG,,genda+ ri-luzhe
gendarisaka,jzd,guendarisaca,nom,EJG,,genda+ ri-saka
gendaritwilu,jzd,guendarituilu,nom,EJG;ND,,genda+ ri-twi=lu
gendarizhudxi,jzd,guendarixudxi,nom,JLC;RGL,,genda+ ri-zhudxi
gendarizhuuba,jzd,guendarixuuba',nom,EJG;ND;VC,,genda+ ri-zhuuba
gendarizi7,jzd,guendarizi',nom,EJG;ND,,genda+ ri-zi7
gendarizi7bi,jzd,guendarizi'bi,nom,EJG;JLC,,genda+ ri-zi7=bi
gendarizi7bya7,jzd,guendarizi'bia',nom,EJG,,genda+ ri-zi7=bya7
gendariri7,jzd,guendarirí',nom,EJG;ND;VC,,genda+ riri!7
gendawati,jzd,guendahuatì,nom,EJG;ND,,genda+ wati*
gendayuu7dxu,jzd,guendayuu'dxu',nom,JLC,,genda+ y.uu7dxu
gendayooxo,jzd,guendayooxho',nom,EJG,,genda+ yooxo
gendazi7,jzd,guendazì',nom,EJG;JLC;ND;VC;VP,,genda+ zi*7
generalchari,jzd,Jenerál Chàri,n,RLC,n:mas,gene-ra!l cha*ri
geta,jzd,gueta,s,EJG;JLC;ND;VP,,geta
getabaadxibizaa,jzd,gueta (baadxi') bizaa,s,JLC;RGL;RLC,,geta (baadxi) bi-zaa
getabaadxidxinya,jzd,gueta (baadxi') dxiña,s,EJG;ND;RLC,,geta (baadxi) dxinya
getabaadxiro7,jzd,gueta (baadxi') ró',s,RLC,,geta (baadxi) ro!7
getabaadxiyachi7,jzd,gueta (baadxi') yachí',s,RLC,,geta (baadxi) yachi!7
getabaadxizee,jzd,gueta (baadxi') zee,s,EJG;ND;VP,,geta (baadxi) zee
getabikuunirelle,jzd,gueta (bicuùnì') rèlè,s,RLC,,geta (bi-kuu*ni*) re*lle*
getanalaga,jzd,gueta (na)laga,s,JLC;RLC,,geta (na-)laga
getanibidxu7ni,jzd,gueta (ni) bidxú'ni',s,JLC;RGL,,geta (ni) bi-dxu!7ni
getabyade,jzd,gueta biàdè,s,JLC;ND;VP,,geta b.y.a*de*
getabaadxi,jzd,gueta baadxi',s,EJG;JLC;ND;RGL;RLC;VP,,geta baadxi
getabaadxinyeeba7du,jzd,gueta baadxi' ñee ba'du',s,EJG,,geta baadxi nyee ba7du
getabi7ngi,jzd,gueta bí'ngui',s,EJG;JLC;ND;VC;VP,,geta bi!7ngi
getabigii,jzd,gueta biguiì,s,EJG;JLC;ND;RLC;VP,,geta bi-gii*
getabikuunibolla,jzd,gueta bicuùnì' (bòla),s,JLC;ND;VP,,geta bi-kuu*ni* (bo*lla)
getabikuuniyu7la,jzd,gueta bicuùnì' yú'la',s,JLC;ND;VP,,geta bi-kuu*ni* yu!7la
getabiidxigitu,jzd,gueta biidxi' guitu,s,EJG;RGL,,geta biidxi gitu
getadxaa,jzd,gueta dxaà,s,EJG;JLC;ND;VP,,geta dxaa*
getaguu,jzd,gueta guù,s,EJG;JLC;ND;VP,,geta guu*
getaguuguchachi7dxita,jzd,gueta guù (g)uchachí' dxita,s,RLC,,geta guu* (g)u-chachi!7 dxita
getaludxya,jzd,gueta ludxia,s,JLC;RGL,,geta lu+ dxya
getaludxibaka,jzd,gueta ludxì bàca,s,VC,,geta ludxi* ba*ka
getamantekya,jzd,gueta mantequiá,s,JLC;RGL,,geta mante-kya!
getanaande,jzd,gueta naande',s,RGL,,geta naande
getanaxi,jzd,gueta naxhi,s,JLC,,geta naxi
getasweru,jzd,gueta suèru,s,JLC,,geta swe*ru
getawana,jzd,gueta huana,s,EJG;JLC;ND;RLC;VC;VP,,geta wana
getaxuxu,jzd,gueta xhuxhù,s,RLC,,geta xuxu*
getayachi7,jzd,gueta yachí',s,RGL;RLC;VC,,geta yachi!7
getazhuba7laa,jzd,gueta xubá' laà,s,EJG;ND;RGL,,geta zhuba!7 laa*
getazukii,jzd,gueta zuquiì,s,JLC;ND;VP,,geta zu-kii*
gewu7,jzd,gueú',s,RLC,,gewu!7
gewu7-2,jzd,gueù',s,EJG;JLC;RLC;VC;VP,,gewu*7
geza,jzd,gueza,s,,,geza
gi,jzd,gui,s,EJG;JLC;ND;RGL;RLC;VP,,gi
gi7di,jzd,guí'di',a,JLC;RLC;VP,a:dv1b,gi!7di
gidxa-2,jzd,guìdxa,a,EJG;JLC;ND;RGL;RLC;VP,,gi*dxa
gidxi-2,jzd,guìdxì,a,EJG;JLC;ND;RLC;VP,,gi*dxi*
ginde-2,jzd,guìnde,a,ND;VC,a:dv1a,gi*nde
giba7,jzd,guiba',s,EJG;JLC;RGL;VP,,gi-ba7
gibizhu,jzd,Guibixù,s,JLC,,gi-bizhu*
gidapa,jzd,guidápa,num,VP,num:ord,gi-da!pa
gidapa7,jzd,guidapá',q,JLC;ND;VP,q:set,gi-dapa!7
gidubi,jzd,guidùbi,q,JLC;RGL;VP,,gi-du*bi
gira7,jzd,guirà',q,JLC;RGL;RLC;VP,,gi-ra*7
giropa,jzd,guiròpa,num,JLC;ND;RLC;VC;VP,num:ord,gi-ro*pa
gironda7,jzd,guirondá',q,JLC,,gi-ronda!7
giropa7,jzd,guiropá',q,JLC;ND;VC;VP,q:set,gi-ropa!7
gixyaga,jzd,guixhiaga,s,VC,,gi-xyaga
gizhi7,jzd,guixì',av,JLC;RGL;RLC;VP,,gi-zhi*7
gi7,jzd,gui',s,EJG;JLC;ND;RLC;VP,,gi7
gi7chi-2,jzd,gui'chi',s,EJG;JLC;ND;RGL;VP,,gi7chi
gi7chibanda7,jzd,gui'chi' bandà',s,VC,,gi7chi ba-nda*7
gi7chigullene,jzd,gui'chi' gulènè,s,JLC,,gi7chi gu.lle* ne*
gi7ri,jzd,gui'ri',s,EJG;VC,,gi7ri
gi7ribidxi,jzd,gui'ri' bidxi,s,,,gi7ri bidxi
gi7xi,jzd,gui'xhi',s,EJG;ND;RLC;VP,,gi7xi
gi7xichuku,jzd,gui'xhi' chucu,s,JLC,,gi7xi chuku
gi7xiro71,jzd,gui'xhi' ró',s,JLC;RGL;RLC;VC,,gi7xi ro!7
gi7xiro72,jzd,Gui'xhi' Ró',s,JLC;RGL;RLC;VC,,gi7xi ro!7
gi7xixii,jzd,gui'xhi' xhii,s,JLC,,gi7xi xii
gi7xibikuudxe,jzd,Gui'xhi' Bicuùdxè',s,VC,,gi7xi=bi-kuu*dxe*
gi7xido7,jzd,gui'xhi'do',s,EJG;JLC;VC,,gi7xi=do7
gibi-2,jzd,guibi,s,EJG;JLC;RGL;RLC;VC;VP,,gibi
gicha,jzd,guicha,s,EJG;JLC;ND;RLC;VP,,gicha
gichabigote,jzd,guicha bigòte,s,RGL,,gicha bigo*te
gichaduubi,jzd,guicha duubi',s,ND,,gicha duubi
gichaike,jzd,guicha ique,s,JLC;RGL;RLC;VP,,gicha ike
gichaladi,jzd,guicha ladi,s,RGL;RLC,,gicha ladi
gichalu,jzd,guicha lu,s,JLC;RLC;VP,,gicha lu
gichalukwaa,jzd,guicha lucuaa,s,RGL,,gicha lu=kwaa
gichaluzhu,jzd,guicha luxu,s,VC,,gicha luzhu
gichapatya,jzd,guicha patiá,s,,,gicha pa-tya!
gicharwaa,jzd,guicha ruaa,s,EJG;JLC;ND;RGL;RLC;VP,,gicha rwaa
gicharwaabendabwaa,jzd,guicha ruaa benda buaa,s,RGL;RLC,,gicha rwaa benda bwaa
gichasejalu,jzd,guicha sèja lu,s,RGL,,gicha se*ja lu
gichatoope,jzd,guicha toopè',s,JLC;ND;RLC;VP,,gicha toope*
gichaxkwa7sa,jzd,guicha xcua'sa',s,,,gicha x.kwa7sa
gichaxaga,jzd,guicha xhaga,s,RGL,,gicha xaga
gichaxigi,jzd,guicha xhigui,s,EJG;ND;RGL;VP,,gicha xigi
gichayannitowu7,jzd,guicha yanni toù',s,,,gicha yanni towu*7
gichu,jzd,guichu,s,,,gichu
gidi,jzd,guidi,s,JAR;JLC;RGL;RLC;VP,,gidi
gidiikexkye,jzd,guidi (ique) xquie,s,VC,,gidi (ike) x.kye
gidi7ulle,jzd,guidi 'ùle,s,JLC,,gidi 7u*lle
gidibanda7,jzd,guidi bandà',s,JLC;VP,,gidi ba-nda*7
gidibo7ko,jzd,guidi bo'co',s,JLC;RGL;RLC;VP,,gidi bo7ko
gidigi,jzd,guidi gui,s,JLC;RGL;RLC;VP,,gidi gi
gidiike,jzd,guidi ique,s,RGL,,gidi ike
gidiko7re,jzd,guidi co're',s,,,gidi ko7re
gidiladi,jzd,guidi ladi,s,JLC;RGL;RLC;VP,,gidi ladi
gidiladibiwi,jzd,guidi ladi bihui,s,JLC,,gidi ladi biwi
gidilaga,jzd,guidi laga,s,EJG,,gidi laga
gidilaya,jzd,guidi laya,s,RLC,,gidi laya
gidilu,jzd,guidi lu,s,JLC;RLC,,gidi lu
gidinamezha,jzd,guidi namèxa,s,JLC,,gidi na-me*zha
gidindaaniyanni,jzd,guidi ndaani' yanni,s,RLC,,gidi ndaani yanni
gidirudye,jzd,guidi rudie,s,JLC,,gidi r.u-dye
gidirwaa,jzd,guidi ruaa,s,JLC;VP,,gidi rwaa
gidiwiini,jzd,guidi huiini',s,RLC,,gidi wiini
gidiyanni,jzd,guidi yanni,s,,,gidi yanni
gidizhii,jzd,guidi xii,s,RGL,,gidi zhii
gidizhiitowu7,jzd,guidi xii toù',s,JLC;RGL,,gidi zhii towu*7
gidxagiichi,jzd,guidxa guiichì',s,JLC;RGL,,gidxa giichi*
gidxarabe7,jzd,guidxa ra bè',s,EJG;JLC;ND;RGL;RLC;VP,,gidxa ra+ be*7
gidxi-3,jzd,guidxi,s,EJG;JLC;ND;RGL;RLC;VP,,gidxi
gidxikubi,jzd,Guidxi Cùbi,s,JLC;VP,,gidxi ku*bi
gidxilayu,jzd,guidxi layu,s,EJG;JLC;ND;VP,,gidxi la=yu
gidxinaro7ba,jzd,guidxi naró'ba',s,RGL,,gidxi na-ro!7ba
gidxiro7,jzd,guidxi ró',s,JLC,,gidxi ro!7
gidxiwiini,jzd,guidxi huiini',s,JLC,,gidxi wiini
gidxiyaza,jzd,Guidxi Yaza,s,JLC;RLC;VP,,gidxi yaza
gidxizhadani,jzd,Guidxi Xadanì,s,RGL,,gidxi zha=dani*
gidxi-4,jzd,guidxì,a,,,gidxi*
gidxigye7xuuba,jzd,Guidxiguie' (xhuuba'),s,EJG;ND;VC,,gidxi=gye7 (xuuba)
giidxi-2,jzd,guiìdxì',a,VP,a:dv1a,gii*dxi*
giiba,jzd,guiiba',s,EJG;JLC;VP,,giiba
giibaduxu7,jzd,guiiba' duxhú',s,JAR;JLC,,giiba duxu!7
giibaguchi,jzd,guiiba' guchi,s,JLC,,giiba guchi
giibalisu,jzd,guiiba' lìsu,s,JLC,,giiba li*su
giibamerkurin,jzd,guiiba' mercurín,s,JLC,,giiba merku-ri!n
giibanaazepwerta7,jzd,guiiba' naàze' puertá',s,JLC;RGL,,giiba naa*ze pwerta!7
giibaruga,jzd,guiiba' ruga,s,JLC,,giiba r.u-ga
giibarutuxu,jzd,guiiba' rutuxhu,s,JLC,,giiba r.u-tuxu
giibarigiide,jzd,guiiba' riguiidè',s,JLC,,giiba ri-g.iide*
giibarikanyeemani7,jzd,guiiba' rica ñee maní',s,RGL,,giiba ri-ka nyee mani!7
giibaripapa,jzd,guiiba' ripapa,s,RLC,,giiba ri-papa
giibarisaka,jzd,guiiba' risaca,s,JLC,,giiba ri-saka
giibayaachi,jzd,guiiba' yaàchì',s,VC,,giiba yaa*chi*
giibazhinya7,jzd,guiiba' xiñà',s,JLC,,giiba zhi-nya*7
giibale,jzd,guiiba'lè,s,,,giiba=le*
giibayaa,jzd,guiiba'yaa,s,JLC;RGL;VP,,giiba=yaa
giiche,jzd,guiichè',s,EJG;JLC;ND;RGL;RLC;VP,,giiche*
giichi-2,jzd,guiichì',s,EJG;VP,,giichi*
giichiwiini,jzd,guiichì' huiini',s,RLC,,giichi* wiini
giichiyonde7,jzd,guiichì' yondé',s,,,giichi* yonde!7
giidxu,jzd,guiidxu',s,EJG;JLC;ND;RLC;VP,,giidxu
giidxubeede,jzd,guiidxu' beedè',s,JLC;RLC;VP,,giidxu beede*
giidxubitii,jzd,guiidxu' bitiì,s,RGL,,giidxu bi-tii*
giidxuguba,jzd,guiidxu' gubà,s,EJG;JLC;ND;RLC;VP,,giidxu gu-ba*
giidxukuba,jzd,guiidxu' cuba,s,RLC,,giidxu kuba
giidxuyaa,jzd,guiidxu' yaa,s,JLC;ND,,giidxu yaa
giidxuzhuuni,jzd,guiidxu' xuuni',s,EJG;JLC;ND;RLC;VP,,giidxu zhuuni
giigu,jzd,guiigu',s,EJG;JLC;ND;RGL;RLC;VP,,giigu
giigubi7ku,jzd,Guiigu' Bi'cu',s,JLC,,giigu bi7ku
giigubikunisa,jzd,Guiigu' Bicu Nisa,s,EJG,,giigu biku nisa
giinya,jzd,guiiña',s,,,giinya
giinyabyuutu,jzd,guiiña' biuutu',s,JLC;RGL,,giinya b.y.uutu
giinyado7,jzd,guiiña' do',s,JLC;ND;RLC;VP,,giinya do7
giinyado7nucha7bendabwaa,jzd,guiiña' do' (nuchá') benda buaa,s,JLC;RLC,,giinya do7 (nucha!7) benda bwaa
giinyareyenu,jzd,guiiña' reyènu,s,RGL;RLC,,giinya reye*nu
giinyaxkuchu,jzd,guiiña' xcùchù,s,RLC,,giinya x.ku*chu*
giinyazhigundu7,jzd,guiiña' xigundú',s,RGL,,giinya zhi+ gundu!7
giiri,jzd,guiiri',s,EJG;JLC;RGL;RLC;VP,,giiri
giiriwiini,jzd,guiiri' huiini',s,RLC,,giiri wiini
giiriza1,jzd,guiiri' za,s,JLC;RGL;VC,,giiri za
giiriza2,jzd,guiiri za,s,FSL;JLC;RLC,,giiri za
giirizidi,jzd,guiiri' zidi,s,RLC,,giiri zidi
giiru,jzd,guiiru',s,JLC;RGL;RLC;VP,,giiru
giirubyaani,jzd,guiiru' biaani',s,VC,,giiru b.y.aani
giirudyaga,jzd,guiiru' diaga,s,,,giiru dyaga
giirugesa,jzd,guiiru' guèsà,s,ND;VC,s:lf,giiru ge*sa*
giirugi7,jzd,guiiru' gui',s,JLC,,giiru gi7
giirunde,jzd,guiiru' nde,s,RGL,,giiru nde
giiruxkurrgi7,jzd,guiiru' xcurrgui',s,RGL,,giiru x.kurr=gi7
giiruxxaga,jzd,guiiru' xhaga,s,JLC;RGL,,giiru x.xaga
giiruyabe,jzd,guiiru' yàbe,s,RGL;RLC,,giiru ya*be
giiruyu,jzd,guiiru' yu,s,JLC;RGL,,giiru yu
giiruzha7na,jzd,guiiru' xa'na',s,JLC,,giiru zha7na
giiruzhii,jzd,guiiru' xii,s,JLC;RGL,,giiru zhii
giiruzhiixkye,jzd,guiiru' xii xquie,s,RGL,,giiru zhii x.kye
giiwi,jzd,guiihui',s,EJG;ND;VC,,giiwi
giiyu,jzd,guiiyù',s,EJG;JLC;RGL;VP,,giiyu*
ginya,jzd,guiña,s,JLC;ND;RGL;VP,,ginya
gipi7,jzd,guipí',s,EJG;JLC;ND,,gipi!7
gipi7karreta,jzd,guipí' carrèta,s,JLC;RGL,,gipi!7 karre*ta
gipi7rolla,jzd,guipí' rola,s,EJG,,gipi!7 rolla
gisi,jzd,guisì,av,EJG;JLC;ND;RLC;VP,,gisi*
gisu1,jzd,guisu,s,EJG;JLC;ND;RGL;RLC;VP,,gisu
gisu2,jzd,guisu,s,EJG;JLC;ND;RGL;RLC;VP,,gisu
gisulaga,jzd,guisu làga,s,JLC;ND;VP,,gisu la*ga
gisuorno,jzd,guisu òrno,s,JLC,,gisu o*rno
gisusu,jzd,guisu su,s,JLC;ND;VP,,gisu su
gisu7,jzd,guisú',s,JLC,,gisu!7
gitu,jzd,guitu,s,,,gitu
gixxyapa,jzd,guixhiapà,num,EJG;VC,,gix=x.y.apa*
gixyapa,jzd,guixhiapà,s,ND;VC;VP,,gix=y.apa*
gixe-2,jzd,guixhe,s,EJG;JLC;ND;RGL;RLC;VP,,gixe
gixebizheenda,jzd,guixhe bixeenda',s,EJG;JLC;ND;RGL;VP,,gixe bi-zheenda
gixeguuze,jzd,guixhe guuze',s,VC,,gixe gu.uze
gixeladedoo,jzd,guixhe ladè doo,s,EJG;ND,,gixe lade* doo
gixeniza,jzd,guixhe niza,s,EJG;JLC;ND,,gixe niza
gixewiini,jzd,guixhe huiini',s,JLC,,gixe wiini
gixezhii1,jzd,guixhe xii,s,JLC;ND,,gixe zhii
gixezhii2,jzd,guixhe xii,s,EJG;RGL;RLC,,gixe zhii
gixegi7,jzd,guixhegui',s,RLC,,gixe=gi7
gixeyaga,jzd,guixhe yaga,s,EJG;ND;RGL;RLC,,gixe=yaga
gizhi,jzd,guixi,s,RGL,,gizhi
gizhibandaga,jzd,guixi bandaga,s,EJG,,gizhi ba-ndaga
gizhibeenda,jzd,guixi beenda',s,JLC,,gizhi beenda
gizhiga7,jzd,guixi gá',s,,,gizhi ga!7
gizhininyu,jzd,guixi nìñu,s,,,gizhi ni*nyu
gizhinisa,jzd,guixi nisa,s,,,gizhi nisa
gizhixtitabla,jzd,guixi xtì tàbla,s,RGL,,gizhi x.ti* ta*bla
gizhiyaa,jzd,guixi yaa,s,,,gizhi yaa
glom,jzd,glóm,smb,RGL,,glo!m
glorya,jzd,glòria,s,RGL;RLC,,glo*rya
glokglokglok,jzd,gloc gloc gloc,smb,RGL,,glok glok glok
gorgor,jzd,górˤ górˤ,smb,RLC,,go!:r go!:r
gooryo,jzd,Góorio,n,JLC,n:mas,go!oryo
gola-2,jzd,gòla,a,JLC;RGL;VP,,go*la
gondxa,jzd,gòndxà,s,JLC,,go*ndxa*
gorrdodxe7,jzd,gòrrdo dxe',a,RGL,,go*rrdo dxe7
gorrdoro7,jzd,gòrrdo ró',a,RGL,,go*rrdo ro!7
gota,jzd,gòta,s,RLC,,go*ta
gogo,jzd,gogo,s,RGL;RLC,,go-go
goki,jzd,goqui,s,VC,,go-ki
gokido7,jzd,goqui do',s,VC,,go-ki do7
gorryon,jzd,Gorrión,n,JLC,n:fam,go-rryo!n
golomgolom,jzd,golom golom,smb,RGL,,golom golom
gondxa-2,jzd,gondxa,s,EJG;ND;VC,,gondxa
gonorrya,jzd,gonorriá,s,RLC,,gono-rrya!
goole,jzd,goolè',s,EJG;JLC;ND;RGL;RLC;VC;VP,,goole*
gope7,jzd,gopé',s,JLC,,gope!7
gope7ngola,jzd,gopé' ngola,s,JLC,,gope!7 ngola
gope7wiini,jzd,gopé' huiini',s,,,gope!7 wiini
grabadora,jzd,grabadòra,s,RGL,,grabado*ra
granada,jzd,granàda,s,,,grana*da
grhrh,jzd,grhrh,smb,JLC,,grhrh
gri,jzd,Grí,n,JLC,n:fem,gri!
griw,jzd,gríu,s,VP,,gri!w
grwa,jzd,gruá,s,RLC,,grwa!
gu,jzd,gu,s,,,gu
guyaga,jzd,gu yaga,s,,,gu yaga
guyu,jzd,gu yu,s,,,gu yu
gubaana,jzd,gubaana',pcp,EJG;JLC;VP,,gu-b.aana
gubagu,jzd,gubagu,pcp,JLC,,gu-b.agu
guba7ya,jzd,gubá'ya',s,EJG;JLC;RGL;VP,,gu-ba!7ya
guba7yadani,jzd,gubá'ya' danì,s,VC,,gu-ba!7ya dani*
guba7yazinya,jzd,gubá'ya' ziña,s,VC,,gu-ba!7ya zinya
gubage7tu,jzd,gubà gue'tu',s,RLC;VC,,gu-ba* ge7tu
gubagye7,jzd,gubà guie',s,RLC;VC,,gu-ba* gye7
gubazhinya,jzd,gubà xiña,s,EJG,,gu-ba* zhinya
gubidxa,jzd,gubidxa,s,EJG;JLC;ND;VP,,gu-bidxa
gubiga7,jzd,gubigá',s,EJG;JLC;VP,,gu-biga!7
gubinya1,jzd,gubiña,s,EJG;ND;RLC;VP,,gu-binya
gubinya2,jzd,gubiña,s,EJG;ND;RLC;VP,,gu-binya
guda7,jzd,gudá',voc,RGL;RLC,,gu-da!7
gudubiza,jzd,gudubiza,s,EJG;JLC;RGL;RLC;VP,,gu-dub=iza
gudxara,jzd,gudxàra,s,EJG;JAR;JLC;ND;RLC,,gu-dxa*ra
gudxiw,jzd,gudxíu,s,EJG;JAR;JLC;ND;RLC;VP,,gu-dxi!w
gukuni,jzd,gucunì,s,EJG;JLC;VP,,gu-kuni*
gukunidxaapa,jzd,gucunì dxaapa',s,JLC;VP,,gu-kuni* dxaapa
guluzhu,jzd,gulùxù,s,JLC;RGL;RLC;VC;VP,,gu-lu*zhu*
gulunye,jzd,guluñè,s,JLC,,gu-lunye*
guna7,jzd,gunà',prn,EJG;JLC;RLC;VP,prn:rel,gu-na*7
gunaa,jzd,gunaa,s,EJG;JLC;RLC;VP,,gu-naa
gunixi7gola,jzd,gunixhí' gòla,s,EJG;ND;VC,,gu-nixi!7 go*la
guranchi,jzd,gurànchi,s,RLC,,gu-ra*nchi
gurezabandaga,jzd,gureza bandaga,pcp,RLC,,gu-reza ba-ndaga
gurryon,jzd,gurrión,s,JLC,,gu-rryo!n
gurya,jzd,guriá,s,JAR;JLC;RGL;RLC;VP,s:rel,gu-rya!
gusu7,jzd,gusù',s,EJG;JLC;ND;VP,,gu-su*7
guxuuya,jzd,guxhuùyà',s,EJG,,gu-xuu*ya*
guzana1,jzd,guzana,s,EJG;VC,,gu-zana
guzana2,jzd,guzana,s,EJG;JLC;VC;VP,,gu-zana
guzanagola,jzd,guzana gòla,s,JLC;VC,,gu-zana go*la
gu7ga,jzd,gu'ga',pcp,VP,,gu.7ga
gu7gi,jzd,gu'gui',pcp,VP,,gu.7gi
gucheguchachi7lu,jzd,guche (g)uchachí' lu,s,RLC,,gu.che (g)u-chachi!7 lu
gulleguti,jzd,gulè guti,pcp,RLC,,gu.lle* guti
gupayu7du,jzd,gupa yu'du',pcp,VC,,gu.pa yu7du
gupayoo,jzd,gupàyoo,s,ND;VC;VP,,gu.pa*=yoo
guuze,jzd,guuze',pcp,EJG;JLC;RLC;VP,,gu.uze
guzega7na,jzd,Guze Gá'na',s,EJG;VC,,gu.ze ga!7na
gu7xu,jzd,gu'xhu',s,JLC;ND;RGL;RLC;VP,,gu7xu
gu7xubido7,jzd,gu'xhu' bido',s,JLC;ND;RLC;VP,,gu7xu bi-do7
gu7xuyu,jzd,gu'xhu' yu,s,ND;VP,,gu7xu yu
gubagi,jzd,gubà gui,s,,,guba* gi
guchi-2,jzd,guchi,a,EJG;VP,,guchi
gudxa,jzd,gudxa,s,EJG;JLC;ND;RGL;RLC;VP,,gudxa
gudxaradegiiba,jzd,gudxàra de guiiba',s,JLC,,gudxa*ra de+ giiba
gudxaradeyaga,jzd,gudxàra de yaga,s,JLC,,gudxa*ra de+ yaga
gudxu7,jzd,gudxú',s,EJG;ND,,gudxu!7
gufguf,jzd,guf guf,smb,RGL,,guf guf
guna,jzd,guna,s,EJG;JLC;RGL;RLC;VP,,guna
gupa,jzd,gupa,s,EJG;JLC;ND;RLC;VP,,gupa
gurgurgurgurgur,jzd,gur gur gur gur gur,smb,JLC,,gur gur gur gur gur
gusiba,jzd,gusi bà,s,JLC;ND;VP,,gusi ba*
gusibi,jzd,gusi bi,s,ND,,gusi bi
gusigye,jzd,gusi guie,s,JLC;ND;VP,,gusi gye
guude-2,jzd,guùdè',a,EJG;RGL;RLC,a:dv1a,guu*de*
guugu,jzd,guùgù',s,EJG;JLC;ND;VP,,guu*gu*
guuguyu,jzd,guùgù' yu,s,JLC,,guu*gu* yu
guuba,jzd,guuba,s,EJG;VC,,guuba
guudxi-2,jzd,guudxì',a,EJG;JLC;RGL;RLC;VC;VP,,guudxi*
guuxuguuxu,jzd,"guuxhu', guuxhu'",clq,RGL,,"guuxu, guuxu"
guuzegola,jzd,guuze' gòla,pcp,EJG;VC,,guuze go*la
guzina,jzd,guzìna,s,EJG;JLC;RGL;VP,,guzi*na
gwe7,jzd,güé',pcp,EJG,,gw.e!7
gwa7gwa7,jzd,gua' gua',smb,JLC;RGL,,gwa7 gwa7
gwi-2,jzd,güí,a,EJG;JLC;RGL;RLC;VP,a:dv1b,gwi!
gya,jzd,guia,s,EJG;JLC;VC;VP,,gya
gya7,jzd,guià',a,EJG;JLC;RGL;RLC;VP,,gya*7
gyaa,jzd,guiaa,s,EJG;VC,,gyaa
gyaati,jzd,Guiaati',s,JLC;RGL;RLC;VP,,gyaati
gyaga,jzd,Guiaga,s,VC,,gyaga
gye-2,jzd,guie,s,EJG;JLC;RLC;VP,,gye
gyebalaaga,jzd,guie balaaga',s,RGL,,gye ba-laaga
gyebeeyu,jzd,guie beeyù',s,JLC,,gye beeyu*
gyebilopa,jzd,guie bilopà,s,JLC;RGL,,gye bi-lopa*
gyeduxu7,jzd,guie duxhú',s,JLC,,gye duxu!7
gyegi7,jzd,guie gui',s,JLC,,gye gi7
gyeguchi,jzd,guie guchi,s,JLC,,gye guchi
gyekichi7,jzd,guie quichí',s,RGL,,gye kichi!7
gyelaja,jzd,guie làja,s,JLC,,gye la*ja
gyelu,jzd,guie lu,s,EJG;JLC;RGL;VP,,gye lu
gyeluaguzha7,jzd,guie lu aguxá',s,JLC,,gye lu aguzha!7
gyelunisa,jzd,guie lu nisa,s,JLC,,gye lu nisa
gyenaa,jzd,guie naà,s,JLC,,gye naa*
gyengola,jzd,Guiengòla,s,JLC,,gye ngo*la
gyerutuxu,jzd,guie rutuxhu,s,JLC,,gye r.u-tuxu
gyerunibelle,jzd,guie runi bele,s,JLC,,gye r.uni belle
gyetiki,jzd,guie tiqui,s,VC,,gye tiki
gyexaaya,jzd,guie xhaaya',s,VC,,gye xaaya
gye7,jzd,guie',s,EJG;RLC;VP,,gye7
gye7chitanuubi,jzd,guie' chita (nuùbì'),s,EJG;VC,,gye7 chita (nuu*bi*)
gye7moraduwiini,jzd,guie' moràdu huiini',s,,,gye7 mora*du wiini
hahahaha,jzd,já' ja ja ja,smb,JLC;RGL,,ha!` ha ha ha
ha7a,jzd,ha'̃Aːː̃,itj,RLC,,ha7&A::&
hehii,jzd,héhḭ́í̀,smb,RGL,,he!hi`!i!`
hmhmhmhmhm,jzd,hm hm hm hm hm,smb,RGL,,hm hm hm hm hm
iji7ji7ji7ji7,jzd,i jí' jí' jí' jí',smb,RLC,,i ji!7 ji!7 ji!7 ji!7
i7i7i7i7,jzd,ĩ'ĩ'ĩ'ĩ',smb,JLC;RGL,,i&7i&7i&7i&7
ii,jzd,ḭ ḭ,smb,RGL,,i' i'
iiw,jzd,ḭ ḭu,smb,RGL,,i' i'w
i7i7,jzd,ḭ́' ḭ́',smb,RGL,,i'!7 i'!7
i7i7i7i7-2,jzd,ḭ́' ḭ' ḭ́' ḭ',smb,RGL,,i'!7 i'7 i'!7 i'7
i7i7i7,jzd,ḭ(́)' ḭ(́)' ḭ(́)',smb,RGL,,i'(!)7 i'(!)7 i'(!)7
i7i7i7ii,jzd,ḭ' ḭ́' ḭ́' ḭḭ,smb,RGL,,i'7 i'!7 i'!7 i'i'
iiiiiilhl,jzd,"ḭḭḭ, ḭḭḭ L̤L",smb,RGL,,"i'i'i', i'i'i' LHL"
i,jzd,ì>ːːːːːː,smb,RLC,,i*> :: :: ::
icha,jzd,Ìcha,n,JLC,n:fem,i*cha
iima,jzd,Ìima,n,JLC,n:mas,i*ima
illo,jzd,Ìlo,n,JLC,n:mas,i*llo
indyu,jzd,ìndiu,s,RGL;RLC,,i*ndyu
ipu,jzd,ìpu,s,JLC;RGL;RLC,,i*pu
isla,jzd,ìsla,s,RGL;RLC,,i*sla
ita,jzd,Ìta,n,JLC,n:fem,i*ta
idyoma,jzd,idiòma,s,RGL;RLC,,idyo*ma
igu,jzd,Igu,s,EJG;JLC,,igu
igu7,jzd,igú',s,,,igu!7
ike1,jzd,ique,s,EJG;JLC;ND;RGL;RLC;VP,,ike
ike2,jzd,ique,s,EJG;JLC;ND;RGL;RLC;VP,s:rel,ike
ikeaguzha7,jzd,ique aguxá',s,JLC;RLC,,ike aguzha!7
ikebeedxe,jzd,ique beedxe',s,EJG;ND;VC,,ike beedxe
ikebikwini,jzd,ique bicuini,s,RLC,,ike bi-kwini
ikechandxa,jzd,ique chandxà,s,VC,,ike chandxa*
ikechonga,jzd,ique chonga,s,EJG;JLC;VP,,ike chonga
ikechoore,jzd,ique choore',s,EJG;JLC;VC;VP,,ike choore
ikegidxi,jzd,ique guidxi,s,EJG;JLC;VP,,ike gidxi
ikeguchi,jzd,ique guchi,s,JLC;RGL,,ike guchi
ikelaa,jzd,ique laà,s,EJG,,ike laa*
ikengola,jzd,ique ngola,s,JLC;RLC,,ike ngola
ikenyee,jzd,ique ñee,s,JLC,,ike nyee
ikepiiru,jzd,ique piiru',s,EJG;JLC;VP,,ike piiru
ikerizhinya7,jzd,ique rí xíñà',s,EJG;JLC;ND;VP,,ike r.i! zhi!-nya*7
ikeraa,jzd,ique raà,s,EJG;JLC;RGL;RLC;VP,,ike raa*
ikeracha,jzd,ique racha,s,EJG;JLC;RGL;RLC,,ike racha
ikerazhi,jzd,ique raxi,s,JLC,,ike razhi
ikeribi,jzd,ique ríbi,s,EJG;JLC;VP,,ike ri! bi
ikeribi7chu,jzd,ique rí bí'chu',s,EJG,,ike ri! bi!7chu
ikeribii,jzd,ique rí biì,s,VP,,ike ri! bii*
ikerizhiga,jzd,ique rí xiga,s,EJG,,ike ri! zhiga
ikeribidxu,jzd,ique ribìdxù,s,EJG;JLC;VP,,ike ri-bi*dxu*
ikeridxe,jzd,ique ridxe,s,EJG;JLC;VP,,ike ri-dxe
ikeroo,jzd,ique roo,s,EJG;JLC;RLC,,ike roo
iketolla,jzd,ique tola,s,EJG;ND;VC,,ike tolla
iketuucha,jzd,ique tuucha',s,RGL;RLC,,ike tuucha
ikexkye,jzd,ique xquie,s,RGL,,ike x.kye
ikeya7nda,jzd,ique yá'nda',s,EJG,,ike ya!7nda
ikeyoo,jzd,ique yoo,s,EJG;JLC;RGL;VP,,ike yoo
ikeyuzhe,jzd,ique yùxe,s,JLC,,ike yu*zhe
ikeyuudu,jzd,ique yuudu',s,RLC,,ike yuudu
ikezhidxi,jzd,ique xidxi,s,RGL,,ike zhidxi
ikezidibya,jzd,Ique zidi bia,s,VC,,ike zidi bya
ikena7,jzd,iquenà',q,JLC,q:med,ike=na*7
ilene,jzd,Iléne,n,JLC,nn:mas,ile!ne
ilera,jzd,ilèra,s,JLC;RGL;RLC,,ile*ra
impanada,jzd,impanàda,s,RGL;RLC,,impana*da
impedidu,jzd,impedìdu,a,RGL;RLC,,impedi*du
inanuwiini,jzd,inànu (huiini'),a,RGL,,ina*nu (wiini)
indisyon,jzd,indisión,s,RGL;RLC,,indi-syo!n
infermera,jzd,infermèra,s,RGL;RLC,,inferme*ra
infermeru,jzd,infermèru,s,RGL;RLC,,inferme*ru
inkantar,jzd,incantár,s,RGL,,inka-nta!r
insayu,jzd,insàyu,s,RGL;RLC,,insa*yu
interu,jzd,intèru,a,RGL,,inte*ru
interubwelta,jzd,intèru buèlta,s,RGL;RLC,,inte*ru bwe*lta
iskusadu,jzd,iscusàdu,s,RLC,,iskusa*du
isteryu,jzd,istèriu,s,RGL,,iste*ryu
itarya,jzd,itària,s,RGL;RLC,,ita*rya
ixtorya,jzd,ixhtòria,s,RGL;RLC,,ixto*rya
iza,jzd,iza,s,EJG;JLC;RGL;VP,,iza
izakubi,jzd,iza cùbi,s,EJG;JLC;VP,,iza ku*bi
izayooxo,jzd,iza yooxho',s,EJG;JLC,,iza yooxo
janna,jzd,jànna,itj,EJG;JLC;ND;RLC;VP,,j.a*nna
jlaagu,jzd,jlaagu',s,JLC;ND;RGL;RLC;VP,s:pos,j.laagu
jlaagubyana,jzd,jlaagu' biana,s,ND;VC;VP,s:pos,j.laagu byana
jlaza,jzd,xlaza,s,,,j.laza
jluzhu,jzd,xluxu,s,,,j.luzhu
jnadxii,jzd,jnadxiì,s,VP,,j.na-dxii*
jneza,jzd,jneza,s,RLC;VP,s:pos,j.neza
jnyaa,jzd,jñaà,s,EJG;JLC;ND;RGL;RLC;VP,s:pos,j.nyaa*
jnyaabiida,jzd,xñaà biida',s,JLC;ND;RGL;RLC;VP,s:pos,j.nyaa* biida
jnyaagola,jzd,xñaà gola,s,JLC;ND,s:pos,j.nyaa* gola
jnyaayu7du,jzd,jñaà yu'du',s,JLC;ND;VP,s:pos,j.nyaa* yu^7.du
jrhin,jzd,jRhín,smb,JLC;RGL,,jRhi!n
juju,jzd,jUːː jUːː,smb,RGL,,jU:: jU::
juu,jzd,jUU,smb,JLC,,jUU
ja,jzd,já,itj,ND;RLC,,ja!
jaa,jzd,jáã̀̃,itj,JLC,,ja!&a*&
jajay,jzd,jájaý,itj,ND,,ja!jay!
jajo7,jzd,jájo',smb,EJG;RGL,,ja!jo7
jay1,jzd,jáy,s,JLC,,ja!y
jay2,jzd,Jáy,n,JLC,n:mas,ja!y
ja7,jzd,jã́',itj,EJG;JLC;ND;RLC;VP,,ja&!7
ja-2,jzd,jã̀,itj,JLC,,ja&*
jaa-2,jzd,jãà̃,itj,EJG;JLC;ND;RLC,,ja&a*&
ja-3,jzd,jà,itj,EJG;JLC,,ja*
jacha,jzd,jàcha,s,RGL,,ja*cha
jaybanisado7,jzd,jàyba nisa do',s,RGL;RLC,,ja*yba nisa do7
jaa-3,jzd,jaa,itj,EJG,,jaa
jejey7,jzd,jé jéi',smb,EJG;JLC,,je! je!y7
jeeya,jzd,Jéeya,n,JLC,n:fem,je!eya
jejeje,jzd,jḛ jḛ jḛ,smb,RGL,,je' je' je'
jefe,jzd,jèfe,s,RLC;VP,,je*fe
jellyo,jzd,Jèlio,n,JLC,n:mas,je*llyo
jeme,jzd,jème,q,JAR,q:med,je*me
jetande,jzd,jèta nde,s,RLC,,je*ta nde
jetarwaa,jzd,jèta ruaa,s,JLC;RLC,,je*ta rwaa
jelatina,jzd,jelatìna,s,,,jelati*na
ji7i7i7,jzd,jí'í'í',smb,RGL,,ji!7i!7i!7
jiinu,jzd,Jíinu,n,JLC,n:mas,ji!inu
jinya,jzd,Jìña,n,JLC,n:fem,ji*nya
jimene,jzd,Jimène,n,JLC,n:fam,jime*ne
jma,jzd,jmá,q,JLC;ND;RGL;RLC;VP,,jma!
jo,jzd,jó,voc,EJG;ND,,jo!
jojo7,jzd,jójo',itj,JLC,,jo!jo7
joosya,jzd,Jóosia,n,JLC,n:mas,jo!osya
jora,jzd,jóra,itj,JLC;ND;VP,,jo!ra
ju-2,jzd,jú,itj,EJG;ND;RLC,,ju!
jujuju,jzd,jú jú jú,smb,RGL,,ju! ju! ju!
ju7ble7,jzd,jú'ble',itj,EJG;JLC;ND;RLC,,ju!7ble7
julyu,jzd,jùliu,s,RGL;RLC,,ju*lyu
juntu,jzd,jùntu,a,RGL;RLC,,ju*ntu
junyu,jzd,jùniu,s,RGL;RLC,,ju*nyu
juxtezhya,jzd,jùxhte xiá,s,RGL,,ju*xte zhya!
juxtisya,jzd,juxhtìsia,s,RGL;RLC,,juxti*sya
jwan,jzd,Juán,n,RLC,n:mas,jwa!n
jwanyu7la,jzd,Juán Yú'la',n,VC,nn:mas,jwa!n yu!7la
jwente1,jzd,juènte,s,RLC,,jwe*nte
jwente2,jzd,Juènte,n,JLC,n:fam,jwe*nte
jyor,jzd,Jiór,n,JLC,n:fem,jyo!r
kite,jzd,quitè,s,ND,,k.ite*
k3rk3rk3rk3r,jzd,cɨR cɨR cɨR cɨR,smb,RGL;RLC,,k3R k3R k3R k3R
k6k6k6k6di,jzd,cəcə cəcə díːːːː,smb,RLC,,k6k6 k6k6 di! :: ::
k6k6k6k6k6k6,jzd,cəcə cəcə cəcə,smb,RLC,,k6k6 k6k6 k6k6
kurh,jzd,cURhːː,smb,RGL,,kU-Rh::
kurhrhrhrhkurhrhrhrhrh,jzd,cUrhrhrhrh cUrhrhrhrhrh,smb,RGL,,kUrhrhrhrh kUrhrhrhrhrh
kurhrhrhrhrhrhrhrhrh,jzd,cUrhrhrhrhrhrhrhrhrh,smb,RGL,,kUrhrhrhrhrhrhrhrhrh
ka-3,jzd,Cá,n,JLC,n:mas,ka!
kadi,jzd,cádi,neg,EJG;ND;RLC;VP,,ka! +di
kangupi,jzd,Cá Ngùpi,n,JLC,nn:mas,ka! ngu*pi
kandidolucho,jzd,Cándido Lucho,n,RLC,n:mas,ka!+ndido Lucho
ka7ru7,jzd,cá'ru',neg,EJG;JLC;ND;RLC;VP,,ka!7 +ru7
kaa-2,jzd,cáa,neg,EJG;VC,,ka!a
kaando,jzd,Cáando,n,JLC,n:mas,ka!ando
kada,jzd,cáda,q,JLC,,ka!da
kakkakkak,jzd,các các các,smb,RGL,,ka!k ka!k ka!k
ka-4,jzd,cà,a,EJG;JLC;ND;RLC;VP,a:dv1a,ka*
kabixiidi-2,jzd,cà bixhiidi',a,EJG;JLC;VP,a:dv1a,ka* # bi-xiidi
kaike-2,jzd,cà ique,a,RLC,a:dv1a,ka* # ike
kani,jzd,cànì,a,JLC,a:dv1a,ka* +ni*
kanizhigidi7,jzd,càni xiguidí',a,JLC;RLC,a:dv1a,ka* +ni* zhi-gidi!7
kabyeke-2,jzd,cà bieque,a,JLC;VP,a:dv1a,ka* b.y.eke
kabelu-2,jzd,cà be lu,a,RLC,a:dv1a,ka* be lu
kabi-3,jzd,cà bi,a,EJG,a:dv1a,ka* bi
kadoo,jzd,cà doo,a,EJG,a:dv1a,ka* doo
kaduuba,jzd,cà duuba',a,EJG,a:dv1a,ka* duuba
kadxiibi,jzd,cà dxiìbì',a,JLC;RLC,a:dv1a,ka* dxii*bi*
kagi-2,jzd,cà gui,a,EJG;JLC;VP,a:dv1a,ka* gi
kala,jzd,cà la,a,EJG,a:dv1a,ka* la
kala7dxido7-2,jzd,cà la'dxido',a,RLC,a:dv1a,ka* la7dxi=do7
kalu1,jzd,cà lu,a,VP,a:dv1a,ka* lu
kalu2,jzd,càlu,a,EJG;JLC,a:dv1a,ka* lu
kana7-2,jzd,cà nà',a,JLC,a:dv1a,ka* na*7
katini,jzd,cà tini,a,VP,a:dv1a,ka* tini
kaxte,jzd,cà xte,a,JLC,a:dv1a,ka* x.te
kayaga,jzd,cà yaga,a,EJG,a:dv1a,ka* yaga
kazhigidxa7,jzd,cà xiguidxá',a,JLC,a:dv1a,ka* zhi+ gidxa!7
kabu1,jzd,càbu,s,RGL;RLC,,ka*bu
kabu2,jzd,càbu,s,RGL;RLC,,ka*bu
kacha,jzd,càcha,s,RGL,,ka*cha
kachu,jzd,càchu,s,ND;RGL;VP,,ka*chu
kachubichu7be,jzd,càchu bichú' be,s,RGL;RLC,,ka*chu bichu!7 be
kachumani7chuga,jzd,càchu maní' chuga,s,RGL,,ka*chu mani!7 chuga
kadi-2,jzd,Càdi,n,JLC,n:mas,ka*di
kaja1,jzd,càja,q,RGL,q:med,ka*ja
kaja2,jzd,càja,s,JLC;RLC,,ka*ja
kaja3,jzd,càja,s,RGL,,ka*ja
kajamarimba,jzd,càja marìmba,s,JLC,,ka*ja mari*mba
kaksudebichooxe,jzd,càksu de bichooxhè',s,RLC,,ka*ksu de bi-chooxe*
kaldu,jzd,càldu,s,RLC,,ka*ldu
kallo,jzd,Càlo,n,JLC,n:mas,ka*llo
kalloapache,jzd,Càlo Apàche,n,JLC,nn:mas,ka*llo apa*che
kallomansu,jzd,Càlo Mànsu,n,JLC,nn:mas,ka*llo ma*nsu
kallongongo,jzd,Càlo Ngòngò,n,JLC,nn:mas,ka*llo ngo*ngo*
kallopuuta,jzd,Càlo Púuta,n,JLC,nn:mas,ka*llo pu!uta
kallosastre,jzd,Càlo Sàstre,n,JLC,nn:mas,ka*llo sa*stre
kamakarreta,jzd,càma carrèta,s,RGL;RLC,,ka*ma karre*ta
kana,jzd,càna,s,RLC,,ka*na
karga,jzd,càrga,q,JLC,q:med,ka*rga
karpa,jzd,càrpa,s,JLC,,ka*rpa
karru,jzd,càrru,s,JLC,,ka*rru
karruda7gu,jzd,càrru dá'gu',s,JLC;RLC,,ka*rru da!7gu
karta,jzd,Càrta,n,JLC,n:fam,ka*rta
karu,jzd,càru,a,RGL;RLC;VP,,ka*ru
karye,jzd,càrie,s,RLC,,ka*rye
kaspa,jzd,càspa,s,RLC,,ka*spa
kasu,jzd,càsu,s,RLC,,ka*su
katre,jzd,càtre,s,JLC,,ka*tre
kaxku,jzd,càxhcu,s,RGL,,ka*xku
kaye,jzd,càye,s,JLC,,ka*ye
kayu-2,jzd,càyu,s,JLC;RGL,,ka*yu
kafe,jzd,café,s,,,ka-fe!
kafede,jzd,café de,s,RGL;RLC,,ka-fe! de
kaguuguwiini,jzd,caguùgù' huiini',s,RGL,,ka-guu*gu* wiini
kajon,jzd,cajón,s,JLC,,ka-jo!n
kajonge7tu,jzd,cajón gue'tu',s,JLC;RLC,,ka-jo!n ge7tu
kalson,jzd,calsón,s,RGL;RLC,,ka-lso!n
kanikula,jzd,canìcula,s,JLC;RLC,,ka-ni*ku+la
kansyon,jzd,cansión,s,RGL,,ka-nsyo!n
kanwa,jzd,canuá,s,RGL;RLC,,ka-nwa!
kanya,jzd,cañá,s,JLC;RLC,,ka-nya!
kapa,jzd,capá,a,EJG;VC,,ka-pa!
kapon,jzd,capón,s,RLC,,ka-po!n
karapkarapkarapkarap,jzd,carap carap carap carap,smb,RGL,,ka-rap ka-rap ka-rap ka-rap
karetu,jzd,carètu,a,RLC,,ka-re*tu
karton,jzd,cartón,s,RGL;RLC,,ka-rto!n
kase7,jzd,casé',s,RGL,,ka-se!7
kastiw,jzd,castíu,s,RGL;RLC,,ka-sti!w
ka7rulika,jzd,ca'ru' licà,av,EJG;JLC;RLC;VP,,ka7 +ru lika*
ka7bichooxe,jzd,Ca' Bichoòxhè',n,VC,nn:fam,ka7 bi-choo*xe*
ka71,jzd,ca',pl,EJG;ND;RLC;VP,,ka7+
ka72,jzd,ca',neg,ND,,ka7+
kaadxi,jzd,caadxì',q,EJG;JLC;VP,"q, s",kaadxi*
kaanga,jzd,caanga',a,EJG;JLC;RGL;VC;VP,,kaanga
kaawa,jzd,caahua',a,ND;RGL;RLC,,kaawa
kabayu,jzd,cabàyu,s,JLC;VP,,kaba*yu
kabesalbentana,jzd,cabesál bentàna,s,RGL;RLC,,kabe-sa!l benta*na
kabesalpwerrta7,jzd,cabesál puerrtá',s,RGL;RLC,,kabe-sa!l pwe-rrta!7
kabesada,jzd,cabesàda,s,RGL,,kabesa*da
kachucha,jzd,cachùcha,s,JLC,,kachu*cha
kadenawiini,jzd,cadèna huiini',s,RGL;RLC,,kade*na wiini
kafetera,jzd,cafetèra,s,JLC,,kafete*ra
kagh,jzd,cagh,smb,RGL,,kagh
kajetya,jzd,cajetiá,s,RLC,,kaje-tya!
kakawate,jzd,cacahuàte,s,,,kakawa*te
kalamar,jzd,calamár,s,RLC,,kala-ma!r
kalenda,jzd,calènda,s,RGL;RLC,,kale*nda
kalenton,jzd,calentón,s,RLC,,kalen-to!n
kalendaryu,jzd,calendàriu,s,RGL;RLC,,kalenda*ryu
kaliman,jzd,Calimán,n,JLC,nn:mas,kali-ma!n
kalsonsyu,jzd,calsonsiú,s,RGL;RLC,,kalso-nsyu!
kamawa,jzd,camàhua,a,JLC;RLC,,kama*wa
kamalyon,jzd,camalión,s,JLC,,kama-lyo!n
kamiya,jzd,camìya,s,RLC,,kami*ya
kamiseta,jzd,camisèta,s,RGL;RLC,,kamise*ta
kamisetadetira,jzd,camisèta de tìra,s,RGL;RLC,,kamise*ta de ti*ra
kampana,jzd,campàna,s,JLC,,kampa*na
kampanabizu,jzd,campàna bizu,s,JLC;VP,,kampa*na bizu
kampanayanni,jzd,campàna yanni,s,JLC;RGL;RLC,,kampa*na yanni
kampusantu,jzd,campusàntu,s,JLC,,kampusa*ntu
kandadu,jzd,candàdu,s,RGL,,kanda*du
kandelarya,jzd,candelària,s,RLC;VP,,kandela*rya
kandeleru,jzd,candelèru,s,JLC,,kandele*ru
kanika,jzd,canìca,s,RGL;RLC,,kani*ka
kantarya,jzd,cantariá,s,JLC;RLC,,kanta-rya!
kantinazhya,jzd,cantìna xiá,s,RGL;RLC,,kanti*na zhya!
kanyada,jzd,cañàda,s,JLC,,kanya*da
kanyuga,jzd,cañúga,s,EJG;VC,,kanyu!ga
kanyutu,jzd,cañùtu,s,RGL;RLC,,kanyu*tu
kapona,jzd,capòna,s,RLC,,kapo*na
kaprichuda,jzd,Caprichùda,n,,n:ani,kaprichu*da
karkas,jzd,carcás,s,JLC,,kar-ka!s
kara,jzd,cara,smb,RGL,,kara
karater,jzd,caràter,s,RGL;RLC,,kara*ter
kargunatu,jzd,cargunàtu,s,RGL;RLC,,karguna*tu
karinyu,jzd,carìñu,s,RGL;RLC,,kari*nyu
karrera,jzd,carrèra,s,RGL;RLC,,karre*ra
karrerasantyaagu,jzd,carrèra santiáagu,s,VP,,karre*ra santya!agu
karreta,jzd,carrèta,s,JLC;RGL;RLC,,karre*ta
karretya,jzd,carretiá,s,JLC,,karre-tya!
karretera,jzd,carretèra,s,,,karrete*ra
karreterachapu,jzd,carretèra chápu,s,RGL,,karrete*ra cha!pu
karreteragete7,jzd,Carretèra Gueté',s,RLC,,karrete*ra g.ete!7
karreteragya7,jzd,Carretèra Guià',s,RLC,,karrete*ra gya*7
karreteragye,jzd,carretèra guie,s,RGL,,karrete*ra gye
kartuchu,jzd,cartùchu,s,JLC,,kartu*chu
kasetin,jzd,casetín,s,RGL,,kase-ti!n
kasi,jzd,casì,av,EJG;JLC;ND;VC;VP,,kasi*
katalan,jzd,catalán,s,,,kata-la!n
kawi-2,jzd,cahuì,a,EJG;JLC;ND;RGL;RLC;VP,,kawi*
kaxtiyu,jzd,Caxhtìyu,n,JLC,n:fam,kaxti*yu
ke-2,jzd,qué,neg,EJG;ND;RLC;VP,,ke!+
kecha,jzd,Quécha,n,RLC,n:fem,ke!cha
keeya,jzd,Quéeya,n,JLC,n:fem,ke!eya
kel,jzd,Quél,n,JLC,n:fem,ke!l
kele,jzd,quèle,itj,RLC,,ke*le
kenya,jzd,Quènia,n,JLC,n:fem,ke*nya
kesu,jzd,quèsu,s,JLC;RLC,,ke*su
kesubidxu7ni,jzd,quèsu bidxú'ni',s,RLC,,ke*su bi-dxu!7ni
kesugiinya,jzd,quèsu guiiña',s,RGL,,ke*su giinya
kesumantekya,jzd,quèsu mantequiá,s,RGL;RLC,,ke*su mante-kya!
kesuwiini,jzd,quèsu huiini',s,JLC,,ke*su wiini
kesuyaa,jzd,quèsu yaa,s,RGL,,ke*su yaa
kesuyachi7,jzd,quèsu yachí',s,RGL;RLC,,ke*su yachi!7
kebradora,jzd,quebradòra,s,JLC,,kebrado*ra
keebe,jzd,queebe',a,EJG;JLC;RGL;RLC;VC;VP,,keebe
keenyu,jzd,Queeñu',n,JLC,n:mas,keenyu
kejada,jzd,quejàda,s,JLC,,keja*da
kerekerekerekerekere,jzd,quere quere quere quere quere,smb,RGL,,kere kere kere kere kere
ki,jzd,quí,neg,EJG;ND,,ki!+
kiapaniidxi,jzd,quí rapà niidxì',v,RLC,vC:t:lf,ki!+ -apa* # niidxi*
kiinyu,jzd,Quíiñu,n,JLC,n:mas,ki!inyu
kiiyu,jzd,Quíiyu,n,JLC,n:mas,ki!iyu
kisi,jzd,quísi,smb,JLC,,ki!si
kisikisi,jzd,quísi quísi,smb,RLC,,ki!si ki!si
kilu,jzd,quìlu,s,RGL;RLC,,ki*lu
kimba,jzd,Quìmba,n,JLC,nn:mas,ki*mba
kiniyaman,jzd,Quìniya Mán,n,JLC,nn:fam,ki*ni+ya ma!n
kiste,jzd,quìste,s,RLC,,ki*ste
kichi7,jzd,quichí',a,EJG,a:dv1b,kichi!7
kii,jzd,quiì,a,ND,a:dv1a,kii*
kiinyu-2,jzd,Quiiñu',n,JLC,n:mas,kiinyu
kilometro,jzd,quilòmetro,s,RGL;RLC,,kilo*metro
kj,jzd,cj,smb,RGL,,kj
kjh,jzd,cjh,smb,RGL,,kjh
kl3kkl3kkl3k,jzd,clɨc clɨc clɨc,smb,RLC,,kl3k kl3k kl3k
kl6kkl6kkl6k,jzd,cləc cləc cləc,smb,RLC,,kl6k kl6k kl6k
klabu,jzd,clàbu,s,JAR,,kla*bu
klabuwiini,jzd,clàbu huiini',s,,,kla*bu wiini
klara,jzd,clàra,s,RLC,,kla*ra
klase,jzd,clàse,s,RGL,,kla*se
klasebinni,jzd,clàse binnì,s,RGL;RLC,,kla*se binni*
kla7kla7,jzd,cla' cla',smb,RLC,,kla7 kla7
klaxklaxklax,jzd,claxh claxh claxh,smb,RGL,,klax klax klax
kle7,jzd,cle',smb,RLC,,kle7
klok,jzd,clóc,smb,RGL,,klo!k
klo7klo7,jzd,clo' clo',smb,RGL,,klo7 klo7
kokokokokokoko,jzd,co co co co co co cõ̀,smb,JLC;RGL;RLC,,ko ko ko ko ko ko ko&*
ko7,jzd,có',neg,EJG;JLC;ND;RLC;VP,,ko!7
ko7xko7x,jzd,có'xh có'xh,smb,RLC,,ko!7x ko!7x
koke,jzd,Cóque,n,JLC,n:mas,ko!ke
kokebinnigwe7,jzd,Cóque Binnìgüe',n,JLC,nn:mas,ko!ke binni* gwe7
kokewanu,jzd,Cóque Huànu,n,JLC,nn:mas,ko!ke wa*nu
kokezhudxi,jzd,Cóque Xudxi,n,JLC,nn:mas,ko!ke zhudxi
kooke,jzd,Cóoque,n,JLC,n:mas,ko!oke
kobre,jzd,còbre,s,RGL,,ko*bre
kochi,jzd,còchi,s,JLC,,ko*chi
kochibigu,jzd,còchi bigu,s,JLC,,ko*chi bigu
kodona7,jzd,còdo (nà'),s,RGL;RLC,,ko*do (na*7)
koko,jzd,còco,s,,,ko*ko
kokowiini,jzd,còco huiini',s,,,ko*ko wiini
kolera,jzd,còlera,s,RLC,,ko*lera
kolla,jzd,còla,s,RGL,,ko*lla
kopa,jzd,còpa,s,RGL,,ko*pa
kopasumbreru,jzd,còpa sumbrèru,s,RGL,,ko*pa sumbre*ru
korcho,jzd,còrcho,s,JLC,,ko*rcho
korte,jzd,còrte,s,RGL;RLC,,ko*rte
kosa,jzd,còsa,s,RLC,,ko*sa
kondon,jzd,condón,s,RLC,,ko-ndo!n
konjunto,jzd,conjùnto,s,RGL,,ko-nju*nto
kosey,jzd,coséy,s,JLC;RLC,,ko-se!y
ko7-2,jzd,co',neg,EJG,,ko7
ko7re,jzd,co're',s,EJG;JLC;ND;RGL;RLC;VP,,ko7re
kobeta,jzd,cobèta,s,JLC;RGL,,kobe*ta
koladu,jzd,colàdu,s,RGL;RLC,,kola*du
kolono,jzd,colòno,s,RGL;VC,,kolo*no
kolonyakandiduluchu,jzd,Colònia Càndidu Lùchu,s,RLC,,kolo*nya ka*ndidu lu*chu
kolonyalospino,jzd,Colònia Los Pìno,s,RLC,,kolo*nya los pi*no
kolonyasanmigelito,jzd,Colònia Sán Miguelìto,s,RLC,,kolo*nya sa!n migeli*to
kolonyasarapya,jzd,Colònia Saràpia,s,RLC,,kolo*nya sara*pya
kolonyatawiiyu,jzd,Colònia Tà Huíiyu,s,RLC,,kolo*nya ta* wi!iyu
komedor,jzd,comedór,s,RGL,,kome-do!r
kompanyajaw,jzd,compañiá jáu,s,RGL,s:lf,kompa-nya! ja!w
koneju,jzd,conèju,s,RLC;VP,,kone*ju
konsentida,jzd,Consentìda,n,,n:ani,konsenti*da
kontyenemoliniw,jzd,contiène moliníu,s,RGL;RLC,s:lf,kontye*ne moli-ni!w
kooko-2,jzd,cooco',s,JLC;VP,,kooko
koraliw,jzd,coralíu,s,JLC,,kora-li!w
korason,jzd,corasón,s,RGL;VP,,kora-so!n
korona,jzd,coròna,s,VP,,koro*na
koronaxkye,jzd,coròna xquie,s,RGL;RLC,,koro*na x.kye
korredor,jzd,corredór,s,RGL;RLC,,korre-do!r
korridu,jzd,corrìdu,s,RGL,,korri*du
kostemya,jzd,costemiá,s,RLC,,koste-mya!
kostura,jzd,costùra,s,RGL,,kostu*ra
koyote,jzd,coyòte,s,RLC,,koyo*te
koyunda,jzd,coyùnda,s,JLC,,koyu*nda
krakskraks,jzd,cra̰cs cra̰cs,smb,RGL,,kra'ks kra'ks
krema,jzd,crèma,s,RGL;RLC,,kre*ma
kresta,jzd,crèsta,s,RLC,,kre*sta
krhrhrhrhrh,jzd,krixhtiànu,smb,RGL,,krhrhrhrhrh
krixtyanu,jzd,crixhtiànu,s,RGL;RLC,,krixtya*nu
krrkrrkrr,jzd,crr crr crr,smb,RGL,,krr krr krr
krus,jzd,Krús,n,JLC;RGL;RLC,n:fam,kru!s
kryada,jzd,criàda,s,VP,,krya*da
ksksksksks,jzd,cs cs cs cs cs,smb,RLC,,ks ks ks ks ks
ksksksksks-2,jzd,cś cś cś cś cś,smb,RLC,,ks! ks! ks! ks! ks!
ks,jzd,cs̰,smb,RLC,,ks'
ku,jzd,Cú,n,JLC,n:mas,ku!
ku7du,jzd,cú'du',s,JLC,,ku!7du
kuku,jzd,cú' cú',smb,JLC;RGL,,ku!` ku!`
kukukuku,jzd,cúcu cúcu,smb,RGL,,ku!ku ku!ku
kul,jzd,Cúl,n,JLC,n:mas,ku!l
kup,jzd,cúp,smb,RGL,,ku!p
kubi,jzd,cùbi,a,EJG;JLC;ND;RLC;VP,,ku*bi
kubu,jzd,cùbu,s,RGL,,ku*bu
kuchkuchkuch,jzd,cùch cùch cùch,smb,JLC;RGL;RLC,,ku*ch ku*ch ku*ch
kuku-2,jzd,cùcu,itj,EJG;JLC,,ku*ku
kumbya,jzd,cùmbia,s,RGL,,ku*mbya
kumpa7,jzd,cùmpa',s,JLC,,ku*mpa7
kunkunya,jzd,cùncùña,s,JLC;RLC,s:pos,ku*n-ku*nya
kunkunyu,jzd,cùncùñu,s,JLC;RGL;RLC,s:pos,ku*n-ku*nyu
kunya,jzd,cùña,s,JAR;JLC;RGL;RLC,,ku*nya
kunyo,jzd,cùño,s,RGL;RLC,,ku*nyo
kura1,jzd,cùra,s,VP,,ku*ra
kura2,jzd,cùra,s,VP,,ku*ra
kuchya,jzd,cuchiá,s,JLC;ND;VP,,ku-chya!
kulmiwlaya,jzd,culmíu (laya),s,,,ku-lmi!w (laya)
kunyadu,jzd,cuñàdu,s,JLC;RGL;RLC,,ku-nya*du
kurra,jzd,currá,s,JLC,,ku-rra!
kurrya,jzd,curriá,s,JLC,,ku-rrya!
kuxtya,jzd,cuxhtiá,s,JLC;RGL,,ku-xtya!
kuyaga7,jzd,cuyagá',s,JLC,,ku-yaga!7
kuba,jzd,cuba,s,EJG;JLC;ND;RLC;VP,,kuba
kubaranyaa,jzd,cuba (ra) ñaa,s,EJG;JLC,,kuba (ra+) nyaa
kubabidxi,jzd,cuba bidxi,s,EJG;JLC,,kuba bidxi
kubabupu,jzd,cuba bupu,s,EJG;JLC;ND,,kuba bupu
kubadedxuladi,jzd,cuba de dxuládi,s,RLC,,kuba de dxu-la!di
kubageta,jzd,cuba gueta,s,JLC;VP,,kuba geta
kubala7dxigenda,jzd,cuba la'dxi' guenda,s,EJG;VC,,kuba la7dxi genda
kubalaya,jzd,cuba laya,s,JLC,,kuba laya
kubaniidxi,jzd,cuba niidxì',s,JLC;RLC,,kuba niidxi*
kubanisa,jzd,cuba nisa,s,JLC,,kuba nisa
kubaniyaa,jzd,cuba niyaà,s,JLC,,kuba niyaa*
kubazhubaande,jzd,cuba xubaande',s,RGL;RLC,,kuba zhub=aande
kubetadegiiba,jzd,cubèta de guiiba',s,JLC,,kube*ta de+ giiba
kukaracha,jzd,cucaràcha,s,JLC,,kukara*cha
kukarachanisa,jzd,cucaràcha nisa,s,,,kukara*cha nisa
kulebra,jzd,culèbra,s,RGL;RLC,,kule*bra
kuleka,jzd,culèca,a,JLC,,kule*ka
kuleru,jzd,culèru,a,RLC,,kule*ru
kulonya,jzd,culònia,s,RGL;RLC,,kulo*nya
kulonyaurrlandugerra,jzd,Culònia Urrlàndu Guèrra,s,RGL,,kulo*nya Urrla*ndu Ge*rra
kulonyakubi,jzd,Culònia Cùbi,s,RGL;RLC,,kulo*nya ku*bi
kulumpyu,jzd,culùmpiu,s,JLC,,kulu*mpyu
kumitexti7perrede,jzd,cumité xtì' perredé,s,RGL;RLC,,kumite! x.ti*7 perrede!
kumpanyeru,jzd,cumpañèru,s,RGL;RLC,,kumpanye*ru
kunyada,jzd,cuñàda,s,JLC;RGL;RLC,,kunya*da
kupete,jzd,cupète,s,RGL,,kupe*te
kuradu,jzd,curàdu,a,JLC,,kura*du
kuradudemangu,jzd,curàdu de màngu,s,RLC,,kura*du de ma*ngu
kuradudenanchi,jzd,curàdu de nànchi,s,RLC,,kura*du de na*nchi
kurandera,jzd,curandèra,s,RGL;RLC,,kurande*ra
kuranderu,jzd,curandèru,s,RGL;RLC,,kurande*ru
kurbina,jzd,curbìna,s,JLC,,kurbi*na
kurryentebyaani,jzd,curriènte biaani',s,RGL,,kurrye*nte b.y.aani
kusinera,jzd,cusinèra,s,RGL,,kusine*ra
kuudxi,jzd,cuùdxì',a,EJG;VC,a:dv1a,kuu*dxi*
kuurru,jzd,cuùrrù',smb,EJG,smb:s,kuu*rru*
kuuxu-2,jzd,cuuxhu',a,EJG;JLC;ND;RGL;VP,,kuuxu
kuyunda,jzd,cuyùnda,s,RGL,,kuyu*nda
kwartu,jzd,cùartu,q,RGL,q:med,kw*artu
kwa,jzd,cuá,s,JAR;RGL,,kwa!
kwa7kikwa7kikwa7ki,jzd,cuá'qui' cuá'qui' cuá'qui',smb,RGL,,kwa!7ki kwa!7ki kwa!7ki
kwa7ta,jzd,cuá'ta',a,JLC,a:dv1b,kwa!7ta
kwalli,jzd,cuáli,s,JLC,,kwa!lli
kwachi,jzd,cuàchi,s,JLC;ND;RGL;RLC;VP,,kwa*chi
kwachigi,jzd,cuàchi gui,s,RGL;RLC,,kwa*chi gi
kwachigye7,jzd,cuàchi guie',s,RLC,,kwa*chi gye7
kwadra,jzd,cuàdra,q,,q:med,kwa*dra
kwadru,jzd,cuàdru,s,RGL;RLC,,kwa*dru
kwaju,jzd,cuàju,s,RGL;RLC,,kwa*ju
kwarrta,jzd,cuàrrta,q,JAR;RGL;RLC,q:med,kwa*rrta
kwa7kwa7,jzd,cua' cua',smb,JLC;RGL,,kwa7 kwa7
kwaana1,jzd,cuaana',s,EJG;JLC;ND;RGL;RLC;VC,,kwaana
kwaana2,jzd,cuaana',s,EJG;JLC;ND;RGL;RLC;VC,,kwaana
kwaanabi7ku,jzd,cuaana' bi'cu',s,EJG;VC,,kwaana bi7ku
kwaanaduxu7,jzd,cuaana' duxhú',s,VC,,kwaana duxu!7
kwaanadxaba7,jzd,cuaana' dxabá',s,VC,,kwaana dxaba!7
kwaananisado7,jzd,cuaana' nisado',s,VC,,kwaana nisa=do7
kwaananaxi,jzd,cuaana'naxhi,s,EJG;RGL;VC;VP,,kwaana=naxi
kwaata,jzd,cuaata',a,EJG;JLC;RLC,,kwaata
kwadradu,jzd,cuadràdu,s,JLC;RGL;RLC,,kwadra*du
kwadraduyu7la,jzd,cuadràdu yú'la',s,RGL,,kwadra*du yu!7la
kwajeron,jzd,cuajerón,s,RLC,,kwaje-ro!n
kwakkwakkwa7kik,jzd,cuac cuac cua' quíc,smb,RGL,,kwak kwak kwa7 ki!k
kwalisyon,jzd,cualisión,s,JLC,,kwali-syo!n
kwanda-2,jzd,cuandà,a,JLC;VP,,kwanda*
kwartiwzhuba7,jzd,cuartíu (xubá'),q,JLC,q:med,kwar-ti!w (zhuba!7)
kwarenta,jzd,cuarènta,num,JLC,,kware*nta
kwartamutaja,jzd,cuartamutàja,s,RGL;RLC,,kwartamu-ta*ja
kwekwekwekwekwekwekwe,jzd,cuécuécuécuécuécuécué,smb,RGL,,kwe!kwe!kwe!kwe!kwe!kwe!kwe!
kweba,jzd,cuèba,s,JLC,,kwe*ba
kwenta,jzd,cuènta,s,RGL;RLC,,kwe*nta
kwentu,jzd,cuèntu,s,JLC;RGL;RLC,,kwe*ntu
kwerda1,jzd,cuèrda,s,RGL;RLC,,kwe*rda
kwerda2,jzd,cuèrda,s,JLC;RLC,,kwe*rda
kwerdabyaani,jzd,cuèrda biaani',s,RGL,,kwe*rda b.y.aani
kwerdana7,jzd,cuèrda nà',s,RGL;RLC,,kwe*rda na*7
kwerdanyee,jzd,cuèrda ñee,s,RGL,,kwe*rda nyee
kwerdayanni,jzd,cuèrda yanni,s,RLC,,kwe*rda yanni
kwerdazhibi,jzd,cuèrda xibi,s,RGL,,kwe*rda zhibi
kwerpu,jzd,cuèrpu,s,JLC;RGL;RLC,,kwe*rpu
kwete,jzd,cuète,s,JLC,,kwe*te
kweyugamizha7,jzd,cuèyu gamixá',s,RGL,,kwe*yu ga-mizha!7
kwe7,jzd,cue',s,EJG;JAR;VP,s:rel,kwe7
kwe7giigu,jzd,cue' guiigu',s,EJG;JLC,,kwe7 giigu
kwe7ike,jzd,cue' ique,s,RGL;RLC,,kwe7 ike
kwe7na7,jzd,cue' nà',s,RGL,,kwe7 na*7
kwe7ndaani,jzd,cue' ndaani',s,,,kwe7 ndaani
kwe7nisado7,jzd,cue' nisado',s,EJG,,kwe7 nisa=do7
kwe7rwaa,jzd,cue' ruaa,s,RGL;RLC,,kwe7 rwaa
kwe7ti7xi,jzd,cue' ti'xhi',s,JLC;RGL;VP,,kwe7 ti7xi
kwe7xxaga,jzd,cue' xhaga,s,,,kwe7 x.xaga
kwe7yoo,jzd,cue' yoo,s,JLC;RGL;VP,,kwe7 yoo
kwe7x,jzd,cue'xh,smb,RGL,,kwe7x
kwentista,jzd,cuentìsta,a,RGL;RLC,,kwenti*sta
kwerpuespina,jzd,cuerpu espìna,s,JLC,,kwerpu espi*na
kwexke-2,jzd,cuexhquè,a,EJG;JLC,,kwexke*
kwiga7,jzd,cuigá',s,EJG;VC,,kwiga!7
kwixi7,jzd,cuixhí',s,EJG;JLC;VC;VP,,kwixi!7
kxkxkxkx,jzd,cxh cxh cxh cxh,smb,RLC,,kx kx kx kx
kxxx,jzd,cxhxhxh,smb,RGL,,kxxx
lase7,jzd,lasé',a,EJG;VP,a:dv1b,l.ase!7
la-3,jzd,la,s,EJG;JLC;ND;VP,,la
lamwerrtebidxi,jzd,la muèrrte bidxi,s,RGL,,la mwe*rrte bidxi
la-4,jzd,lá,int,EJG;ND;RLC;VP,,la!
laa-3,jzd,láa,av,RLC,,la!a
laardu,jzd,Láardu,n,JLC,n:mas,la!ardu
lagazha,jzd,lágáxà,av,EJG;ND,,la!ga! +zha*
la-5,jzd,là,a,JLC;ND,,la*
ladu,jzd,làdu,s,JLC;RLC,s:rel,la*du
ladubiyooxo,jzd,làdu biyooxho',s,JLC;RLC,,la*du bi-yooxo
ladubiga7,jzd,làdu bigá',s,EJG;JLC;RGL;VP,,la*du biga!7
laduderechu,jzd,làdu derèchu,s,JLC;RGL,,la*du dere*chu
ladugete7,jzd,làdu gueté',s,JLC,,la*du g.ete!7
ladugya7,jzd,làdu guià',s,JLC,,la*du gya*7
ladurundubibinisa,jzd,làdu rundubì bi nisa,s,JLC,,la*du r.u-ndubi* bi nisa
laduryaazegubidxa,jzd,làdu riaaze' gubidxa,s,JLC,,la*du r.yaaze gu-bidxa
ladurindanigubidxa,jzd,làdu rindani gubidxa,s,JLC,,la*du ri-ndani gu-bidxa
ladxi-2,jzd,làdxì,a,EJG;JLC;ND;VP,a:dv1a,la*dxi*
laga-2,jzd,làga,a,JLC,a:dv1a,la*ga
lallo,jzd,Làlo,n,JLC,n:mas,la*llo
lancha,jzd,Làncha,n,JLC;RGL,n:fem,la*ncha
lasu,jzd,làsu,s,RGL;RLC;VC,,la*su
lata,jzd,làta,s,JLC;RLC,,la*ta
la-6,jzd,la,prt,ND,,la+
ladriw,jzd,ladríu,s,JLC,,la-dri!w
lango7chi,jzd,langó'chi',s,JLC;RLC,,la-ngo!7chi
lani,jzd,lani,s,EJG;JLC;ND;VC;VP,,la-ni
lanisanjuan,jzd,lani sanjuán,s,RLC,,la-ni san-jua!n
lanisanantonyu,jzd,lani sanantóniu,s,RLC,,la-ni sanan-to!nyu
lanibido7,jzd,lanibido',s,JLC;RGL;RLC;VC;VP,,la-ni=bi-do7
lanixpido7,jzd,lanixpido',s,JLC;RGL;RLC;VC;VP,,la-ni=x.pi-do7
la7,jzd,la',prt,ND;RLC;VC;VP,,la7
la7chi,jzd,la'chi',s,EJG;JLC,,la7chi
la7dxi,jzd,la'dxi',s,JLC;RLC,,la7dxi
la7dxizhibi,jzd,la'dxi' xibi,s,VC,,la7dxi zhibi
la7dxido7,jzd,la'dxi'do',s,EJG;JLC;ND;RLC;VP,,la7dxi=do7
la7dxido7batanyee,jzd,la'dxi'do' (bata) ñee,s,RGL,,la7dxi=do7 (bata) nyee
la7dxido7batana7,jzd,la'dxi'do' bata nà',s,RGL,,la7dxi=do7 bata na*7
la7dxido7dxita,jzd,la'dxi'do' dxita,s,JLC,,la7dxi=do7 dxita
la7dxido7yaga,jzd,la'dxi'do' yaga,s,RGL;VC,,la7dxi=do7 yaga
la7dxina7,jzd,la'dxi'nà',s,EJG;JLC;VP,,la7dxi=na*7
la7na,jzd,la'na',s,EJG;JLC;VC,,la7na
la7sa-2,jzd,la'sa',s,JLC;ND,,la7sa
labeewu,jzd,labeeù',s,JLC,,la=beewu*
lagidi,jzd,laguidi,s,RLC,,la=gidi
lakawi,jzd,lacahuì,s,JLC,,la=kawi*
layu,jzd,layu,s,JLC;ND;RGL;RLC;VP,,la=yu
laa-4,jzd,laa,prt,EJG;JLC;ND;RLC;VP,,laa
laaka,jzd,laacà',av,EJG;JLC;ND;RLC;VP,,laa +ka*
laakanu,jzd,laacà'nu,prn,JLC;RLC;VP,prn:4Irfl,laa +ka* +nu*
laakazha,jzd,laacàxá,itj,EJG;ND;RLC;VP,,laa +ka* +zha!
laakalaa,jzd,laacà' laa,prn,RLC;VC;VP,prn:3rfl,laa +ka* laa
laakalii,jzd,laacà' lii,prn,VC,prn:2rfl,laa +ka* lii
laakanaa,jzd,laacà' naa,prn,VC,prn:1rfl,laa +ka* naa
laadxa,jzd,laadxa',av,EJG;JLC;ND,,laadxa
laapa,jzd,laapa',s,EJG;JLC;ND;RLC;VP,,laapa
laaya,jzd,laaya',s,EJG;ND;VC,,laaya
labadu,jzd,labàdu,s,RLC,,laba*du
lade,jzd,ladè,s,EJG;JLC;ND;RLC;VP,s:rel,lade*
ladedoo,jzd,ladè doo,s,JLC;VP,s:rel,lade* doo
ladedxi,jzd,ladè dxi,s,JLC;VP,s:rel,lade* dxi
ladekaxkunyee,jzd,ladè caxhcu ñee,s,RGL;RLC,s:rel,lade* kaxku nyee
ladeko7re,jzd,ladè co're',s,RGL,s:rel,lade* ko7re
ladele7,jzd,ladè le',s,JAR;JLC;RGL,s:rel,lade* le7
ladepaletazhike,jzd,ladè palèta xique,s,RGL,s:rel,lade* pale*ta zhike
ladewiini,jzd,ladè huiini',s,JLC,s:rel,lade* wiini
ladezha7na,jzd,ladè xa'na',s,RGL;RLC,s:rel,lade* zha7na
ladi,jzd,ladi,s,EJG;JLC;ND;RLC;VP,,ladi
ladirazhi,jzd,ladiraxi,s,RGL,,ladi=razhi
laga1,jzd,laga,s,EJG;JLC;ND;VP,,laga
laga2,jzd,laga,av,EJG;JLC;ND;RLC;VP,,laga
lagateede,jzd,laga teedè',s,RGL,,laga teede*
lagarteruyooxo,jzd,Lagartèru Yooxho',s,JLC,,lagarte*ru yooxo
lakrestagiidxu,jzd,lakrèsta guiidxu',s,RLC,,lakre*sta giidxu
lana,jzd,lanà,s,EJG;JLC;ND;VP,,lana*
langosta,jzd,langòsta,s,RLC,,lango*sta
lanna7,jzd,lanná',a,JLC;ND;RLC;VP,,lanna!7
lapa7,jzd,lapá',a,EJG;JLC;ND;VP,"a:dv1b, s",lapa!7
lari,jzd,lari,s,EJG;JLC;ND;RGL;RLC;VP,,lari
laribenye,jzd,lari beñe,s,EJG;FSL;VC;VP,,lari benye
laridxaa,jzd,lari dxaà,s,RGL;RLC,,lari dxaa*
laridxe7,jzd,lari dxe',s,RLC,,lari dxe7
larigeela,jzd,lari gueela',s,EJG;JLC;VP,,lari geela
larigeta,jzd,lari gueta,s,JLC;VP,,lari geta
larilutu,jzd,lari lùtu,s,RGL;RLC,,lari lu*tu
larinisa,jzd,lari nisa,s,JLC,,lari nisa
larinobya,jzd,lari nòbia,s,RGL;RLC,,lari no*bya
lariyaase,jzd,lari yaase',s,VC,,lari yaase
laridaa,jzd,laridaa,s,EJG;JLC,,lari=daa
late-2,jzd,late,num,JLC;VC,,late
lateral,jzd,Laterál,s,RLC,,late-ra!l
lawigidxi,jzd,Lahui Guidxi,s,VP,,lawi gidxi
laya,jzd,laya,s,EJG;JLC;ND;RGL;RLC;VP,,laya
layabeedxe,jzd,laya beedxe',s,JLC;RGL;VP,,laya beedxe
layagiiba,jzd,laya guiiba',s,JLC,,laya giiba
layandaga,jzd,laya ndaga,s,JLC;VP,,laya ndaga
layarapwerrta7,jzd,laya ra puerrtá',s,RGL;VP,,laya ra+ pwerrta!7
layayuzhe,jzd,laya yuxe,s,RLC,,laya yuzhe
laza,jzd,laza,s,EJG;ND;VP,s:pos,laza
lelelelelelelele,jzd,lé lé lé lé lé lé lé lé,smb,RGL,,le! le! le! le! le! le! le! le!
lega,jzd,léga,s,RLC,,le!ga
lempa,jzd,lémpa,s,EJG;ND,,le!mpa
ley,jzd,Léy,n,JLC,n:mas,le!y
lezha,jzd,léxa,s,RLC,,le!zha
lezhu,jzd,léxu,s,JLC;ND;RLC;VP,,le!zhu
le,jzd,lè,s,EJG;JLC;ND;VP,,le*
leche,jzd,lèche,s,RLC,,le*che
lechearros,jzd,lèche arrós,s,RLC,,le*che a-rro!s
lechedede,jzd,lèche de de,s,RGL;RLC,,le*che de+ de
legu,jzd,lègu,s,JLC;RLC,,le*gu
lelle,jzd,lèlè,s,EJG;ND,,le*lle*
leme,jzd,lème,q,JLC,q:med,le*me
lente,jzd,lènte,s,JLC,,le*nte
lenyu,jzd,lèñu,s,RGL;RLC;VC,,le*nyu
leperu,jzd,lèperu,a,JLC;RGL;RLC,,le*pe+ru
lewa,jzd,lèhua,q,JLC,q:med,le*wa
le7,jzd,le',s,EJG;JLC;ND;RLC;VP,,le7
lekelekelekeleke,jzd,leque leque leque leque,smb,JLC,,leke leke leke leke
lenteja,jzd,lentèja,s,,,lente*ja
lentejadebeelabiwi,jzd,lentèja de beelà' bihui,s,RLC,,lente*ja de beela* biwi
lentejadechurisu,jzd,lentèja de churìsu,s,RLC,,lente*ja de churi*su
lewsemya,jzd,leusèmia,s,RLC,,lewse*mya
linman,jzd,Lín Mán,n,JLC,n:mas,li!n ma!n
lisa,jzd,lísa,s,JLC,,li!sa
libru,jzd,lìbru,s,JLC,,li*bru
lija,jzd,lìja,s,RGL,,li*ja
lima,jzd,lìma,s,RLC,,li*ma
limpya,jzd,lìmpia,s,RLC,,li*mpya
lina,jzd,Lìna,n,ND,n:fem,li*na
lindu,jzd,lìndu,a,VP,,li*ndu
linu,jzd,Lìnu,n,ND;RGL,n:mas,li*nu
linya,jzd,lìña,s,RGL;RLC,,li*nya
listu,jzd,lìstu,a,VP,,li*stu
litru,jzd,lìtru,s,JAR;RGL,,li*tru
libana,jzd,libanà,s,EJG;JLC;ND;VP,,li-bana*
ligaa,jzd,ligaa,s,EJG;VC,,li-gaa
ligubana,jzd,ligubana,s,JLC;VP,,li-gu-bana
limun,jzd,limún,s,,,li-mu!n
lindaa,jzd,lindaa,s,VP,,li-ndaa
lindaa-2,jzd,lindaà,s,JLC;VP,,li-ndaa*
lisaa,jzd,lisaa,s,JLC;VP,,li-saa
lixton,jzd,lixhtón,s,JLC;RGL;RLC,,li-xto!n
lidxi,jzd,lidxi,s,EJG;JLC;ND;RLC;VP,,lidxi
lidxibyuuza,jzd,lidxi biuuza',s,JLC,,lidxi b.yuuza
lidxiba7du,jzd,lidxi ba'du',s,JLC;RGL;RLC,,lidxi ba7du
lidxibere,jzd,lidxi bere,s,JLC,,lidxi bere
lidxibikuti7,jzd,lidxi bicutí',s,JLC,,lidxi bi-kuti!7
lidxibiri,jzd,lidxi birì,s,JLC,,lidxi bi-ri*
lidxibidxigi,jzd,lidxi bidxì gui,s,JLC,,lidxi bidxi* gi
lidxibiwi,jzd,lidxi bihui,s,,,lidxi biwi
lidxibizu,jzd,lidxi bizu,s,JLC,,lidxi bizu
lidxidxita,jzd,lidxi dxita,s,JLC;RGL,,lidxi dxita
lidxidyuzhi,jzd,lidxi diúxi,s,EJG;ND,,lidxi dyu!zhi
lidxigendabyaani,jzd,Lidxi Guendabiaani',s,JLC,,lidxi genda+ b.y.aani
lidxigidxi,jzd,Lidxi Guidxi,s,JLC,,lidxi gidxi
lidxigiiba,jzd,lidxi guiiba',s,EJG;JLC;ND;VP,,lidxi giiba
lidximani7wiini,jzd,lidxi maní'huiini',s,JLC;ND;VP,,lidxi mani!7=wiini
lidxiniidxi,jzd,lidxi niidxì',s,JLC,,lidxi niidxi*
lii,jzd,lii,prn,JLC;ND;RLC;VP,prn:2,lii
liibi-2,jzd,liìbì',a,ND;RGL;RLC;VC;VP,a:dv1a,lii*bi*
likwadu,jzd,licuàdu,s,RGL;RLC,,likwa*du
limeta,jzd,limèta,s,VC,,lime*ta
lindabista,jzd,Linda Bìsta,n,,n:ani,linda bi*sta
lindatarde,jzd,Linda Tàrde,n,,n:ani,linda ta*rde
linterna,jzd,lintèrna,s,JLC,,linte*rna
lisengsyadu,jzd,lisengsiàdu,s,RGL,,lisengsya*du
lola,jzd,Lóla,n,RLC,n:fem,lo!la
loote,jzd,lóote,s,RLC,,lo!ote
lozho,jzd,lóxo,s,EJG;ND;VC,,lo!zho
locha,jzd,lòcha,a,RLC;VC,,lo*cha
locho,jzd,lòcho,a,RLC;VC,,lo*cho
lofyo,jzd,Lòfio,n,JLC,n:mas,lo*fyo
loka-2,jzd,lòca,a,RLC,,lo*ka
loko-2,jzd,lòco,a,JLC;RLC,,lo*ko
lona,jzd,lòna,s,RLC,,lo*na
lope,jzd,Lòpe,n,JLC,n:fam,lo*pe
loro,jzd,lòro,s,RGL;RLC,,lo*ro
losa,jzd,lòsa,s,RLC,,lo*sa
loke,jzd,loque,prn,RLC;VC,prn:rel,loke
lollo-2,jzd,lolò,a,VC,,lollo*
lote-2,jzd,lotè,a,EJG;JLC;ND;RGL;VP,,lote*
lu1,jzd,lu,s,EJG;JLC;ND;RLC;VP,,lu
lu2,jzd,lu,s,EJG;ND;RGL;RLC;VP,s:rel,lu
lu3,jzd,lu,s,JLC,,lu
lubiga7,jzd,lu bigá',a,EJG,,lu biga!7
luchacha7,jzd,lu chachá',a,VC,,lu chacha!7
luchanga,jzd,lu changà,a,VC,,lu changa*
ludonda,jzd,Lu Donda,s,VC,,lu donda
ludoo,jzd,lu doo,s,EJG;ND,,lu doo
ludxe7,jzd,lu dxe',a,RLC,,lu dxe7
lugola,jzd,lu gòla,a,EJG;JLC;RLC;VP,,lu go*la
luko7re,jzd,lu co're',s,RGL,,lu ko7re
lukuuxu,jzd,lu cuuxhu',a,JLC;VC,,lu kuuxu
lukwanda,jzd,lu cuandà,a,RGL;VP,,lu kwanda*
luludxi,jzd,lu ludxì,s,RGL,,lu ludxi*
lumansanazhya,jzd,lu mansána xiá,s,RGL,,lu mansa!na zhya!
luminawiini,jzd,Lu Mìna Huiini',s,RLC,,lu mi*na wiini
luna7,jzd,lu nà',clq,ND;VC,,lu na*7
lungweza,jzd,lu ngüèzà,a,EJG;JLC,,lu ngwe*za*
luninyu,jzd,lu nìñu,s,JLC,,lu ni*nyu
luribe,jzd,lu rì' be,s,RGL;RLC,,lu ri*' be
lurimiizi,jzd,lu rì' miìzì',a,RLC,,lu ri*' mii*zi*
lurimistu7,jzd,lu rì' mistú',s,JLC;RGL;RLC,,lu ri*' mistu!7
lute,jzd,lu te,a,RLC;VC,,lu te
luteede,jzd,lu teedè',a,RGL,,lu teede*
luxadxi,jzd,lu xhadxi,a,EJG;ND,,lu xadxi
luxaku,jzd,lu xhacu,a,EJG,,lu xaku
luxama,jzd,lu xhamà,a,EJG;JLC;ND,,lu xama*
luxeta,jzd,lu xheta,a,EJG;JLC;ND,,lu xeta
luxixi,jzd,lu xhixhì,s,EJG;ND,,lu xixi*
luxoka,jzd,lu xhocà,a,JLC;VP,,lu xoka*
luyanu,jzd,lu yànu,a,JLC;RGL,,lu ya*nu
luyanusamatew,jzd,Lu Yànu Samatéu,s,RGL,,lu ya*nu sama-te!w
luyanusantamarya,jzd,Lu Yànu Santamariá,s,RGL,,lu ya*nu santama-rya!
luyaande,jzd,lu yaandè',a,EJG;JLC;RGL;RLC;VP,,lu yaande*
luyati,jzd,lu yatì,a,RLC,,lu yati*
luyoo,jzd,lu yoo,a,RGL;VC,,lu yoo
luzhibi,jzd,lu xibi,s,RGL,,lu zhibi
luzhubi,jzd,lu xùbi,a,RGL;RLC,,lu zhu*bi
lu7ba,jzd,lú'ba',a,JLC,a:dv1b,lu!7ba
lulli7,jzd,Lúli',n,JLC,n:fem,lu!lli7
lur,jzd,Lúr,n,JLC,n:fem,lu!r
luchu,jzd,Lùchu,n,JLC,n:mas,lu*chu
ludxi,jzd,lùdxì,a,VC,a:dv1a,lu*dxi*
lulli,jzd,Lùli,n,JLC,n:fem,lu*lli
lullu,jzd,Lùlu,n,JLC,n:fem,lu*llu
lune,jzd,lùne,s,JLC;RGL;RLC,,lu*ne
lupe,jzd,Lùpe,n,JLC,n:fem,lu*pe
lutu,jzd,lùtu,s,RLC,,lu*tu
luba7,jzd,luba',s,,,lu-ba7
lugar,jzd,lugár,s,RGL;RLC,,lu-ga!r
lula7,jzd,Lulá',s,JLC;ND;RGL;RLC,,lu-la!7
luchanga-2,jzd,luchangà,s,EJG;JLC;ND;VP,,lu=changa*
lucheepa,jzd,lucheepa',s,EJG;ND;RGL;RLC;VP,,lu=cheepa
luchuundu,jzd,luchuundu',s,EJG;ND;RGL,,lu=chuundu
lude,jzd,lude,s,EJG;JLC;ND;RGL;RLC;VP,,lu=de
lugya7,jzd,luguià',s,EJG;JLC;RLC;VP,s:rel,lu=gya*7
lugya7pwerrta7,jzd,luguià' puerrtá',s,JLC,,lu=gya*7 pwerrta!7
lugyaa,jzd,luguiaa,s,EJG;JLC;RGL;VP,,lu=gyaa
lukwa,jzd,lucua,s,EJG;JLC;RGL;RLC;VP,,lu=kwa
lukwambaara,jzd,lucua mbaara',s,EJG;ND;VP,,lu=kwa mbaara
lukwande,jzd,lucua nde,s,RGL,,lu=kwa nde
lukwaraa,jzd,lucua raà,s,RGL,,lu=kwa raa*
lukwaxkixi7,jzd,lucua xquixhí',s,RGL,,lu=kwa x.kixi!7
lukwaxkye,jzd,lucua xquie,s,RGL,,lu=kwa x.kye
lukwanda-2,jzd,lucuandà,a,JLC;VC,,lu=kwanda*
ludxi-2,jzd,ludxì,s,EJG;JLC;ND;RGL;RLC;VP,,ludxi*
ludxinde,jzd,ludxì nde,s,JLC;RGL;VC,,ludxi* nde
luga,jzd,luga,itj,EJG;VC,,luga
lugu7-2,jzd,lugú',a,EJG;JLC;RGL;RLC,,lugu!7
luseru,jzd,lusèru,s,VP,,luse*ru
luuna,jzd,luuna',s,EJG;JLC;ND;RLC;VP,,luuna
luunaguudxi,jzd,luuna' guudxì',s,JLC,,luuna guudxi*
luzhu,jzd,luxu,a,EJG;JLC;ND;RGL,,luzhu
luzhu-2,jzd,luxù,s,JLC;ND;VP,,luzhu*
lya-2,jzd,liá,itj,JLC;ND;RLC;VP,,lya!
lyon,jzd,lión,s,JLC,,lyo!n
ma,jzd,mã̰́̀ːː,smb,RGL,,m&a'!`::
meeeemeeeee,jzd,mẽ̃ẽẽe mẽ̃ẽẽẽe,smb,RGL,,m&e&e&e&e m&e&e&e&e&e
m,jzd,m̀ːːːːːː,smb,RLC,,m*:: :: ::
m4447,jzd,mããã',smb,RGL,,m4&4&4&7
mhmh,jzd,m̤ˤ m̤ˤ,smb,RLC,,m:H m:H
mh,jzd,ḿ̤ːː,smb,RLC,,mH!::
madu,jzd,Ma Du,s,VC;VP,,ma du
ma-2,jzd,má,av,EJG;RLC;VP,,ma!+
mana,jzd,má na,itj,JLC;ND;RLC;VP,,ma!+ na
ma7-2,jzd,má',a,RLC;VC,,ma!7
maada,jzd,Máada,n,JLC,n:fem,ma!ada
maaru,jzd,Máaru,n,JLC,n:mas,ma!aru
mada7,jzd,Máda',n,JLC,n:fem,ma!da7
malbakaanda,jzd,mál bacaanda',s,JLC,,ma!l ba-kaanda
malbi,jzd,mál bi,s,JLC;RLC,,ma!l bi
maldela7dxido7,jzd,mál de la'dxido',s,JLC;RLC,,ma!l de+ la7dxi=do7
maltyempu,jzd,mál tièmpu,s,JLC,,ma!l tye*mpu
man,jzd,Mán,n,JLC,n:mas,ma!n
manchimwellu,jzd,Mán Chimuèlu,n,JLC,nn:mas,ma!n chimwe*llu
manflaku,jzd,Mán Flàcu,n,JLC,nn:mas,ma!n fla*ku
manlin,jzd,Mán Lín,n,JLC,nn:mas,ma!n li!n
manngola,jzd,Mán Ngola,n,JLC,nn:mas,ma!n ngola
manruku,jzd,Mán Rúcu,n,JLC,nn:mas,ma!n ru!ku
may,jzd,Máy,n,JLC,nn:mas,ma!y
ma-3,jzd,ma̰ːː,smb,RGL,,ma'::
ma7-3,jzd,mà',av,EJG;JLC;ND;RGL;RLC;VP,,ma*7
ma7ka,jzd,mà'cà',av,EJG;JLC;ND;VP,,ma*7 +ka*
ma7kayanna,jzd,mà'cà yanna,av,RLC,,ma*7 +ka* yanna
ma7pe7,jzd,mà'pe',av,JLC;RLC,,ma*7 +pe7
ma7pe7gala,jzd,mà'pe' gà lá,av,RLC,,ma*7 +pe7 ga* la!
ma7zha,jzd,mà'xà,av,EJG;RLC,,ma*7 +zha*
ma7la,jzd,mà' lá,av,EJG;JLC;ND;RLC,,ma*7 la!
ma7la-2,jzd,mà' là,av,VC;VP,,ma*7 la*
ma7lasi,jzd,mà' làsì,av,JLC;ND;RLC,,ma*7 la* +si*
ma7lala,jzd,mà' là lá,av,EJG;RLC,,ma*7 la* la!
ma7wa7,jzd,mà' hua',av,EJG;ND;RLC;VC,,ma*7 wa7
ma7yaka,jzd,mà' yaca,av,EJG;JLC;ND;RLC;VP,,ma*7 y.aka
magu,jzd,màgu,s,JLC,,ma*gu
maguwiini,jzd,màgu huiini',s,RLC,,ma*gu wiini
majyanegra,jzd,màjia nègra,s,RLC,,ma*jya ne*gra
makina,jzd,màquina,s,JLC,,ma*ki+na
malle,jzd,màle,s,EJG;JLC;ND;RLC;VP,,ma*lle
mallechuumpirinisa,jzd,màle chuùmpì' rí nísa,s,RLC,,ma*lle chuu*mpi* ri! ni!sa
mallu,jzd,màlu,s,JLC;RGL;RLC;VP,,ma*llu
mama,jzd,màma,s,JLC,,ma*ma
mamiyoya,jzd,màmi yòya,voc,RGL;RLC,,ma*mi yo*ya
mancha,jzd,màncha,s,JLC;RGL,,ma*ncha
manchariza,jzd,màncha riza,s,RGL;RLC,,ma*ncha ri-za
manda,jzd,Mànda,n,JLC,n:fem,ma*nda
mando,jzd,Màndo,n,JLC,n:mas,ma*ndo
manga,jzd,mànga,s,JLC,,ma*nga
mango,jzd,màngo,s,,,ma*ngo
mangu,jzd,màngu,s,JAR,,ma*ngu
mangukuradu,jzd,màngu curàdu,s,RLC,,ma*ngu kura*du
mansu,jzd,mànsu,a,RLC,,ma*nsu
mantadxinya,jzd,mànta dxiña,s,RGL;RLC,,ma*nta dxinya
marku1,jzd,màrcu,s,RGL,,ma*rku
marku2,jzd,Màrcu,n,JLC,n:mas,ma*rku
marru,jzd,màrru,s,JLC;RGL;RLC,,ma*rru
marsu,jzd,màrsu,s,RGL;RLC,,ma*rsu
marte,jzd,màrte,s,JLC;RGL;RLC,,ma*rte
mawa,jzd,màhua,itj,VC,,ma*wa
maxi,jzd,màxhi',s,JLC;RLC,,ma*xi
maystru,jzd,màystru,s,JLC;RGL;RLC,,ma*ystru
mayu,jzd,màyu,s,RGL;RLC,,ma*yu
magey,jzd,maguey,s,RLC,,ma-gey
mama-2,jzd,mamá,voc,RGL;RLC;VC,,ma-ma!
mangom,jzd,mangomˤ,smb,RGL,,ma-ngom:
manona7,jzd,manoná',s,JLC,,ma-nona!7
manwela,jzd,manuèla,s,RLC,,ma-nwe*la
martiw,jzd,martíu,s,JLC;RGL,,ma-rti!w
marya,jzd,Mariá,n,JLC,n:fem,ma-rya!
maryabetu,jzd,Mariá Bètu,n,JLC,nn:fam,ma-rya! be*tu
matra7ka,jzd,matra'ca',s,JLC;RGL,,ma-tra7ka
machete,jzd,machète,s,JLC;RGL,,mache*te
machorra,jzd,machòrra,s,RGL;RLC,,macho*rra
machorro,jzd,machòrro,s,RGL;RLC,,macho*rro
madrasta,jzd,madràsta,s,JLC,,madra*sta
madrinadearra,jzd,madrìna de àrra,s,RLC,,madri*na de a*rra
madrinadeaniw,jzd,madrìna de aníu,s,RLC,,madri*na de a-ni!w
madrinadekantarya,jzd,madrìna de cantariá,s,RLC,,madri*na de kanta-rya!
madrinadekojin,jzd,madrìna de cojín,s,RLC,,madri*na de ko-ji!n
madrinadepastel,jzd,madrìna de pastél,s,RLC,,madri*na de pa-ste!l
madrinaderamu,jzd,madrìna de ràmu,s,RLC,,madri*na de ra*mu
madrinayu7du,jzd,madrìna yu'du',s,RLC,,madri*na yu7du
makapa7,jzd,macapá',s,RGL,,maka-pa!7
malaweru,jzd,malahuèru,s,JLC;RLC,,malawe*ru
mamilla,jzd,mamìla,s,JLC,,mami*lla
manada,jzd,manàda,s,RGL;RLC,,mana*da
mandadu,jzd,mandàdu,s,RGL;RLC,,manda*du
mandarina,jzd,mandarìna,s,,,mandari*na
mangera,jzd,manguèra,s,JLC,,mange*ra
mangeradenibel,jzd,manguèra de nibél,s,RGL,,mange*ra de ni-be!l
mani7,jzd,maní',s,JLC;ND;RGL,,mani!7
mani7gunaa,jzd,maní' (g)unaa,s,RLC,,mani!7 (g)u-naa
mani7bidxichi,jzd,maní' bidxichi,s,JLC,,mani!7 bi-dxichi
mani7bisi,jzd,maní' bisi,s,FSL;RLC,,mani!7 bisi
mani7chuga,jzd,maní' chuga,s,EJG;JLC;ND;RGL,,mani!7 chuga
mani7chugakichi7,jzd,maní' chuga quichí',s,JLC,,mani!7 chuga kichi!7
mani7gi7xi,jzd,maní' gui'xhi',s,RGL,,mani!7 gi7xi
mani7gidxi,jzd,maní' guidxi,s,RGL,,mani!7 gidxi
mani7nageenda,jzd,maní' nagueèndà',s,RGL,,mani!7 na-gee*nda*
mani7nisa,jzd,maní' nisa,s,JLC,,mani!7 nisa
mani7nisado71,jzd,maní' nisa do',s,RLC,,mani!7 nisa do7
mani7nisado72,jzd,maní' nisa do',s,JLC,,mani!7 nisa do7
mani7wiini,jzd,maní' huiini',s,EJG;JLC;ND;RGL;VP,,mani!7 wiini
mani7xyaa,jzd,maní' xhiaà,s,EJG;ND;VC,,mani!7 xyaa*
mani7yooxo,jzd,maní' yooxho',s,JLC,,mani!7 yooxo
mani7zhubi,jzd,maní' xúbi,s,RLC,,mani!7 zhu!bi
manoju,jzd,manòju,s,RGL;RLC,,mano*ju
mansana,jzd,mansàna,s,JLC;RGL,,mansa*na
mansanayanni,jzd,mansàna yanni,s,RGL;RLC,,mansa*na yanni
mansanya,jzd,mansaniá,s,JLC,,mansa-nya!
maraka,jzd,maràca,s,RGL,,mara*ka
marimba,jzd,marìmba,s,JLC;RGL,,mari*mba
marisko,jzd,marìsco,s,RLC,,mari*sko
mariposa,jzd,maripòsa,s,JLC,,maripo*sa
mariwanu,jzd,marihuànu,a,JLC;RGL,,mariwa*nu
marraso,jzd,marràso,s,RGL,,marra*so
marrchante,jzd,marrchànte,s,RGL;RLC,,marrcha*nte
maryanuxaba7,jzd,Mariànu Xhabá',n,VC,nn:mas,marya*nu xaba!7
maseta,jzd,masèta,s,RGL;RLC,,mase*ta
masisu,jzd,masìsu,a,RGL;RLC,,masi*su
maskada,jzd,mascàda,s,RGL,,maska*da
mayordomya,jzd,mayordomiá,s,JLC,,mayordo-mya!
mbyo7xo,jzd,mbió'xho',s,JLC;RLC;VC,,mb.yo!7xo
mba7ra,jzd,mbá'ra',a,EJG,,mba!7ra
mbale,jzd,mbàle,s,EJG;JLC;ND;RLC;VP,,mba*le
mbalenemaleludyuzhi,jzd,mbàle nè màle lu diúxi,s,EJG;RLC,,mba*le ne* ma*le lu dyu!zhi
mbalenemaleyu7du,jzd,mbàle nè màle yu'du',s,EJG,,mba*le ne* ma*le yu7du
mbalenemalleginya,jzd,mbàle nè màle guiña,s,EJG;RLC,,mba*le ne* ma*lle ginya
mbambati7,jzd,mbàmbàtí',av,EJG;ND;VC;VP,,mba*mba* +ti!7
mbangommbangom,jzd,mbangom mbangom,smb,JLC;RGL,,mba-n:gom: mba-n:gom:
mbaaya,jzd,mbaàyà',a,JLC,,mbaa*ya*
mbaara,jzd,mbaara',a,EJG;JLC;ND;RGL,,mbaara
mben1,jzd,mbén,smb,RGL,,mbe!n
mben2,jzd,mbén,smb,RGL,,mbe!n
mbenbenbenben,jzd,mbèn bèn bèn bèn,smb,RGL,,mbe*n be*n be*n be*n
mbin,jzd,mbín,smb,RGL,,mbi!n
mbin-2,jzd,mbínˤ,smb,RGL,,mbi!n:
mbiiki,jzd,mbiìquì',s,EJG;JLC;ND;RGL;RLC;VP,,mbii*ki*
mblangom,jzd,mblángómˤ,smb,RGL,,mbla!-ngo!m:
mblon7mmblon7m,jzd,mblon'm̩ mblon'm̩,smb,RGL,,mblon7m| mblon7m|
mbo7dxi,jzd,mbó'dxi',a,VC,,mbo!7dxi
mbo7,jzd,mbò',a,VC,"a, s",mbo*7
mbo7ko,jzd,mbo'co',s,RLC,,mbo7ko
mbomh,jzd,mboːː M̤,smb,RGL,,mbo:: MH
mboota-2,jzd,mboòtà',a,EJG;JLC;ND;VP,,mboo*ta*
mboolo-2,jzd,mboolo',a,JLC,,mboolo
mbora,jzd,mbora,s,JLC,,mbora
mbrogombrogombrom,jzd,mbrogombrogombrom,smb,RGL,,mbrogo-mbrogo-mbrom
mbrom,jzd,mbrom,smb,RGL,,mbrom
mbu7,jzd,mbú',a,JLC,,mbu!7
mbu7dxi,jzd,mbú'dxi',a,EJG;ND;VC,,mbu!7dxi
mbum1,jzd,mbum,smb,JLC,,mbum
mbum2,jzd,mbum,smb,JLC,,mbum
mbyo7ko,jzd,mbio'co',s,JLC;RGL;RLC;VC,,mbyo7ko
me7,jzd,mé',s,JLC,,me!7
meechu,jzd,Méechu,n,JLC,n:mas,me!echu
meella,jzd,Méela,n,JLC,n:fem,me!ella
meema,jzd,Méema,n,JLC,n:fem,me!ema
meenda,jzd,Méenda,n,JLC,n:fem,me!enda
meente,jzd,Méente,n,JLC,n:mas,me!ente
meko,jzd,Méco,n,RLC,nn:mas,me!ko
mella7,jzd,Méla',n,JLC,n:fem,me!lla7
melli7,jzd,Méli',n,JLC,n:fem,me!lli7
me7-2,jzd,meeè',smb,RGL;RLC,,me*:: :: 7
meku1,jzd,Mècu,n,JLC,n:ani,me*ku
meku2,jzd,mècu,a,JLC,,me*ku
mella7-2,jzd,Mèla',n,JLC,n:fem,me*lla7
melli,jzd,Mèli,n,JLC,n:fem,me*lli
melyasiide,jzd,Mèlia Síide,n,JLC,nn:fam,me*lya si!ide
menyo,jzd,mèño,s,RGL,,me*nyo
menyuroote,jzd,mèñu roòtè',s,RLC,,me*nyu roo*te*
meskla,jzd,mèskla,s,JLC,,me*skla
metru,jzd,mètru,q,JAR;JLC;RGL;RLC,q:med,me*tru
mezha,jzd,mexa,a,EJG;JLC;ND;VP,,me*zha
mezhu,jzd,mèxu,a,EJG;JLC;ND;VP,,me*zhu
melon,jzd,melón,s,,,me-lo!n
medaya,jzd,medàya,s,RGL;RLC,,meda*ya
medida,jzd,medìda,s,RGL,,medi*da
medyaluna,jzd,medialùna,s,JLC;RGL;RLC,,medya-lu*na
mejangu,jzd,Mejàngu,n,JLC,n:fam,meja*ngu
meme7,jzd,memé',s,EJG;JLC;ND;RLC;VP,,meme!7
menudensyawiini,jzd,menudènsia huiini',s,RLC,,menude*nsya wiini
meskinu,jzd,mesquìnu,a,RLC,,meski*nu
meuzhubi,jzd,meúxúbi,s,JLC;ND;RGL,,meu!-zhu!bi
mezhabido7,jzd,mexá' bido',s,JLC,,mezha!' bi-do7
mezha7,jzd,mexá',s,EJG;JLC;ND;RGL;VP,,mezha!7
mi7xi,jzd,mí'xhi',s,JLC,,mi!7xi
michi,jzd,míchi,s,JLC,,mi!chi
michimichimichi,jzd,míchi míchi míchi,smb,RLC,,mi!chi mi!chi mi!chi
miidyu,jzd,Míidiu,n,JLC,n:mas,mi!idyu
miinyu,jzd,Míiñu,n,JLC,n:mas,mi!inyu
min,jzd,Mín,n,JLC,n:mas,mi!n
minpopo,jzd,Mín Popo,n,JLC,nn:mas,mi!n popo
minrenku,jzd,Min Rèncu,n,JLC,nn:mas,mi!n re*nku
minwa7rdu,jzd,Mín Huá'rdu',n,JLC,nn:mas,mi!n wa!7rdu
minwaardu,jzd,Mín Huáardu,n,JLC,nn:mas,mi!n wa!ardu
minzhudxi,jzd,Mín Xúdxi,n,JLC,nn:mas,mi!n zhu!dxi
minyunde,jzd,Míñu Nde,n,JLC,nn:mas,mi!nyu nde
miyowmiyow,jzd,míyóu míyóu,smb,JLC;RGL;RLC,,mi!yo!w mi!yo!w
mige,jzd,Mìgue,n,JLC,n:mas,mi*ge
milli,jzd,mìlì,s,JLC;ND,,mi*lli*
milluchata,jzd,Mìlu Chàta,n,JLC,nn:fam,mi*llu cha*ta
mingu,jzd,Mìngu,n,JLC,n:mas,mi*ngu
minguche7pa,jzd,Mìngu Ché'pa',n,JLC,nn:mas,mi*ngu che!7pa
minguleenchu,jzd,Mìngu Léenchu,n,JLC,nn:mas,mi*ngu le!enchu
minguluchu,jzd,Mìngu Lùchu,n,JLC,nn:mas,mi*ngu lu*chu
minyo,jzd,Mìño,n,JLC,n:mas,mi*nyo
mingu7,jzd,Mingú',n,JLC,n:mas,mi-ngu!7
migelempa,jzd,migue lèmpa,s,JLC,,mige le*mpa
migelenyu,jzd,migue lèñu,s,JLC;RLC,,mige le*nyu
migeluzhu,jzd,migue lùxu,s,JLC,,mige lu*zhu
migu,jzd,migù,s,JLC;ND,,migu*
migugula7sa,jzd,migù gula'sa',s,RGL,,migu* gu-la7sa
migusambu,jzd,migù sàmbu,s,JLC,,migu* sa*mbu
miitu,jzd,miìtù',s,RLC;VC,,mii*tu*
miizi-2,jzd,miìzì',a,JLC;ND;VP,,mii*zi*
miimi,jzd,miimi',a,EJG;JLC;ND,,miimi
miinga,jzd,Miinga',n,JLC,n:fem,miinga
milagru,jzd,milàgru,s,RGL,,mila*gru
minutu,jzd,minùtu,s,RGL;RLC,,minu*tu
mixinway,jzd,mixhinwái,smb,RLC,,mixin-wa!y
mixtu7,jzd,mixhtú',s,JLC;ND,,mixtu!7
mixtu7onsa,jzd,mixhtú' ònsa,s,FSL;JLC,,mixtu!7 o*nsa
mixtu7gi7xi,jzd,mixhtú'gui'xhi',s,JLC;ND,,mixtu!7=gi7xi
mizha7,jzd,mixá',s,JLC,,mizha!7
mizha7ga7gubidxa,jzd,mixá' ga' (g)ubidxa,s,RGL,,mizha!7 ga7 (g)u-bidxa
mizha7ge7tu,jzd,mixá' gue'tu',s,RGL,,mizha!7 ge7tu
mizha7kwarentadya,jzd,mixá' cuarèntadia,s,RGL,,mizha!7 kware*nta-dya
mmhu,jzd,mmˤhú,smb,RGL,,mm:hu!
mmmlh,jzd,"mmm,L̤",smb,RGL,,"mmm,LH"
mocha,jzd,mòcha,s,JLC;RLC,,mo*cha
mocha7,jzd,mòcha',a,JLC;VC,,mo*cha7
mode1,jzd,Mòde,n,JLC,n:fem,mo*de
mode2,jzd,Mòde,n,JLC,n:mas,mo*de
modu,jzd,mòdu,s,RGL,,mo*du
molde,jzd,mòlde,s,RGL,,mo*lde
mole,jzd,mòle,s,RGL;RLC,,mo*le
momo,jzd,Mòmo,n,JLC,n:mas,mo*mo
mona,jzd,mòna,a,JLC;ND;RGL;RLC;VP,,mo*na
mono,jzd,mòno,a,EJG;JLC;ND;RGL;VP,,mo*no
mosa,jzd,mòsa,a,JLC;ND;VP,,mo*sa
mota,jzd,mòta,s,,,mo*ta
moxka,jzd,mòxhca,s,EJG;JLC;RGL,,mo*xka
modular,jzd,modulár,s,RGL,,modula!r
moleniw,jzd,moleníu,s,RGL,,mole-ni!w
moneda,jzd,monèda,s,RGL;RLC,,mone*da
monteru,jzd,Montèru,n,JLC,n:fam,monte*ru
mordxoole,jzd,mordxoolè',s,EJG;JLC;ND,,mor-dxoole*
moradu,jzd,moràdu,s,JLC;RLC,,mora*du
mortaja,jzd,mortàja,s,JLC,,morta*ja
muku-2,jzd,múcu,s,EJG;JLC;ND;RLC,,mu!ku
mun,jzd,Mún,n,JLC,n:mas,mu!n
mudu-2,jzd,mùdu,s,RLC,,mu*du
multa,jzd,mùlta,s,JLC,,mu*lta
musiku,jzd,mùsicu,s,RGL,,mu*siku
mujon,jzd,mujón,s,JLC;RGL,,mu-jo!n
munton,jzd,muntón,s,RGL,,mu-nto!n
muriw,jzd,muríu,s,RGL;RLC,,mu-ri!w
murral,jzd,murrál,s,RGL;RLC,,mu-rra!l
mutor,jzd,mutór,s,RGL,,mu-to!r
mudu-3,jzd,mudù,s,JLC;ND;RGL,,mudu*
mujarra,jzd,mujàrra,s,JLC,,muja*rra
mulinu,jzd,mulìnu,s,RLC,,muli*nu
mulinudena7,jzd,mulìnu de nà',s,JLC;RLC,,muli*nu de+ na*7
mulinuwiini,jzd,mulìnu huiini',s,JLC;RLC,,muli*nu wiini
mulla7,jzd,mulá',s,JLC;RGL;RLC,,mulla!7
munyeka,jzd,Muñèca,n,JLC,n:ani,munye*ka
munyega7,jzd,muñegá',s,JLC,,munyega!7
muxterangola,jzd,muxhtèra (ngola),a,RGL;RLC,,muxte*ra (ngola)
muxterungola,jzd,muxhtèru (ngola),a,RGL;RLC,,muxte*ru (ngola)
muzhe7,jzd,muxé',s,EJG;JLC;ND;RLC;VP,,muzhe!7
myati7,jzd,miatí',prn,EJG;JLC;ND;RLC;VP,prn:ndf,mya.ti!7
myati7-2,jzd,miatí',s,RLC,,myati!7
myerkole,jzd,mièrcole,s,JLC;RGL;RLC,,mye*rko+le
na7ni,jzd,ná'ni',a,RLC,a:dv1b,n.a!7ni
na7zi,jzd,ná'zi',a,EJG;VC,a:dv1b,n.a!7zi
naadxi,jzd,naadxi',s,EJG;ND;VC,,n.aadxi
nade,jzd,nadè,a,EJG;RLC;VP,a:dvsim,n.ade*
naga7,jzd,nagá',a,EJG;RGL;RLC;VP,a:dvsim,n.aga!7
naga7yanni,jzd,nagá' yanni,a,EJG,a:dvsim,n.aga!7 yanni
naka,jzd,nacà,a,EJG;JLC;ND;RGL;RLC;VP,a:dv1a,n.aka*
nakadiidxa,jzd,nacà diidxa',a,JLC,a:dv1a,n.aka* diidxa
nakala7dxi,jzd,nacà la'dxi',a,EJG;VC,a:dv1a,n.aka* la7dxi
nakazhiinyi,jzd,nacà xiiñi',a,JLC;RGL;RLC,a:dv1a,n.aka* zhiinyi
naku,jzd,nacù,a,EJG;JLC;RGL;VP,a:dv1a,n.aku*
nallido7diidxa,jzd,nalì do' diidxa',clq,EJG;VC,,n.alli* do7 diidxa
nanda,jzd,nanda,a,EJG;JLC;RGL;RLC,a:dv,n.anda
nanda-2,jzd,nandà,a,EJG;JLC;RGL;RLC;VP,a:dv,n.anda*
nandagaa,jzd,nandà gaà,a,JLC,a:dv,n.anda* gaa*
nandaxkesado,jzd,nandà xquesa do,a,RLC,a:dv,n.anda* x.kesa do
nandaxkula7yuze,jzd,nandà xculà' yùzè,a,RLC,a:dv,n.anda* x.kula*7 yu*ze*
nanna,jzd,nannà,a,JLC;ND;RGL;RLC;VP,a:dv,n.anna*
nannagi7chi,jzd,nannà gui'chi',a,JLC;RGL,a:dv,n.anna* # gi7chi
nannagu7ndagi7chi,jzd,nannà gú'nda' (gui'chi'),a,JLC;RGL,a:dv,n.anna* # gu!7nda (gi7chi)
nannadxichi,jzd,nannà dxichi,a,EJG;RLC,a:dv,n.anna* dxichi
napa,jzd,napà,a,JLC;ND;RGL;RLC;VP,a:dv,n.apa*
napadiidxa,jzd,napà diidxa',a,RGL,a:dv,n.apa* diidxa
napaxtiidxa,jzd,napà xtiidxa',a,JLC,a:dv,n.apa* x.tiidxa
napagalu,jzd,napàga lu,a,JLC;ND;RLC;VP,a:dv,n.apa*=ga lu
nasa7,jzd,nasá',a,EJG;ND;RGL;RLC;VP,a:dv1b,n.asa!7
nawi,jzd,nahuì,a,EJG;JLC;RGL;VP,a:dv,n.awi*
naze,jzd,nazè,a,EJG;JLC;ND;RGL;RLC;VP,a:dv1a,n.aze*
ndi7-2,jzd,ndì',dem,JLC;ND;VP,,n.di*7
ndi7ka7,jzd,ndì'cá',dem,JLC;RLC;VC,,n.di*7 +ka!7
nexe7,jzd,nexhé',a,EJG;JLC;ND;RLC;VP,"a:dv1b, dsp",n.exe!7
nexe7nduchi,jzd,nexhé' nduchì,a,RLC,"a:dv1b, dsp",n.exe!7 nduchi*
nexe7dxi,jzd,nexhé'dxì,a,EJG;ND;RLC,"a:dv1b, dsp",n.exe!7=dxi*
nexe7kwe7,jzd,nexhé'cue',a,EJG;JLC;ND,"a:dv1b, dsp",n.exe!7=kwe7
nexe7na,jzd,nexhé'na,a,EJG;JLC;ND;RLC;VP,"a:dv1b, dsp",n.exe!7=na
nexe7rilu,jzd,nexhé'rilu,a,EJG;JLC;ND;VP,"a:dv1b, dsp",n.exe!7=ri-lu
nexe7sa,jzd,nexhé'sa,a,EJG;JLC;ND;VP,"a:dv1b, dsp",n.exe!7=sa
nga,jzd,ngà,dem,EJG;JLC;ND;RLC;VP,,n.ga*
ngaka7,jzd,ngàcá',dem,EJG;RLC,,n.ga* +ka!7
nganizha,jzd,ngàni xa,dem,EJG,,n.ga* +ni* zha
ngaru7,jzd,ngàrú',dem,EJG,,n.ga* +ru!7
ngati7,jzd,ngàtí',dem,EJG;ND;RLC,,n.ga* +ti!7
ngawa7,jzd,ngàhua',dem,EJG;RLC,,n.ga* +wa7
ngazhani,jzd,ngàxanì,dem,EJG,,n.ga* +zha* +ni*
ngalaani,jzd,ngà laani',dem,EJG,,n.ga* laa +ni*
ngawaruni,jzd,ngàhua runi,dem,EJG;RLC,,n.ga* wa r.uni
ngawazhazha,jzd,ngà huaxaxà,dem,EJG,,n.ga* wazha +zha*
nge,jzd,nguè,dem,EJG;JLC;RLC;VP,,n.ge*
ngepe7,jzd,nguèpe',dem,EJG;JLC;ND,,n.ge* +pe7
ngewa7,jzd,nguè hua',dem,RLC,,n.ge* +wa7
ngenga,jzd,nguè ngà,dem,RLC,,n.ge* n.ga*
nu7da,jzd,nú'da',a,RGL,a:dv1b,n.u!7da
nudxeela,jzd,nudxeelà',s,RLC,,n.u-dxeela*
nuga7ga,jzd,nuga'ga',a,EJG,a:dvsim,n.u-ga7ga
nugaasa,jzd,nugaasa',a,VP,a:dvsim,n.u-gaasa
nukaachilu,jzd,nucaachi' lu,a,VP,a:dvsim,n.u-kaachi lu
nulaadxi,jzd,nulaadxi',a,JLC;VP,a:dvsim,n.u-laadxi
nuruuxa,jzd,nuruuxha',a,EJG,a:dvsim,n.u-ruuxa
nuseegu,jzd,nuseegu',a,EJG,a:dvsim,n.u-s.eegu
nuseeguyoo,jzd,nuseegu' yoo,a,VP,a:dvsim,n.u-s.eegu yoo
nutaagu,jzd,nutaagu',a,EJG,a:dvsim,n.u-t.aagu
nuzeechu,jzd,nuzeechu',a,EJG,a:dvsim,n.u-z.eechu
nuzaabi1,jzd,nuzaabi',a,EJG;VP,a:dvsim,n.u-zaabi
nuzaabi2,jzd,nuzaabi',a,EJG;VP,a:dvsim,n.u-zaabi
nuzaabilu,jzd,nuzaabi' lu,a,EJG,a:dvsim,n.u-zaabi=lu
nuzaabina7,jzd,nuzaabi' nà',a,EJG,a:dvsim,n.u-zaabi=na*7
nucha7,jzd,nuchá',a,JLC;ND;RGL;RLC;VP,a:dv1b,n.ucha!7
nucha7naaze,jzd,nuchá' naàzè',a,EJG;JLC,a:dv1b,n.ucha!7 naa*ze*
nuu,jzd,nuù,a,EJG;JLC;ND;RLC;VP,a:dv1sim,n.uu*
nwa7,jzd,nuà',a,EJG;VP,a:dv1sim,n.wa*7
nwa7zhiinyifulanu,jzd,nuà' xiiñi' fulànu,a,RLC,a:dv1sim:lf,n.wa*7 # zhiinyi fula*nu
nwi,jzd,nuì,a,EJG;JLC;ND;VP,,n.wi*
n7,jzd,nˤ',smb,JLC,,n:7
nj76h76h76h,jzd,n↓ 'ə̤ 'ə̤ 'ə̤,smb,RLC,,nJ! 76H 76H 76H
nasisimple,jzd,nasì símple,clq,VC,,na +si* si!mple
na1,jzd,na,q,EJG;JLC;ND;RLC;VP,quo,na
na2,jzd,na,s,,,na
naana,jzd,Na Àna,n,JLC,n:fem,na a*na
nadxoda,jzd,Ná Dxóda,n,RLC,nn:fem,na! dxo!da
nafana,jzd,Ná Fàna,n,JLC,nn:fem,na! fa*na
naitalyon,jzd,Ná Ita Lión,n,JLC,nn:fem,na! ita lyo!n
nalo7lo,jzd,Ná Ló'lo',n,RLC,nn:fem,na! lo!7lo
na7di,jzd,ná'di',a,EJG;VC,a:dv1b,na!7di
naa7ni,jzd,naáni',a,EJG,,na!a!7ni
naanda,jzd,Náanda,n,JLC,n:fem,na!anda
naando,jzd,Náando,n,JLC,n:mas,na!ando
naita,jzd,Náita,n,JLC,n:fem,na!ita
nan,jzd,Nán,n,JLC,n:mas,na!n
nay,jzd,Náy,n,JLC,n:mas,na!y
na-3,jzd,nà,voc,EJG;JLC;ND;RLC;VP,,na*
nabiida,jzd,nà biida',voc,EJG;JLC,,na* biida
nagande,jzd,nà gandè,s,JLC;RGL,,na* gande*
na7,jzd,nà',s,EJG;JLC;ND;RGL;RLC;VC;VP,,na*7
na7yaga,jzd,nà' yaga,s,,,na*7 yaga
nana-2,jzd,nàna,s,JLC;ND;RGL,,na*na
nanabiida,jzd,nàna biida',s,RGL,"s, xcl",na*na biida
nanchi,jzd,nànchi,s,JLC,,na*nchi
nanchikuradu,jzd,nànchi curàdu,s,RLC,,na*nchi kura*du
nando,jzd,Nàndo,n,JLC,n:mas,na*ndo
nankamani7,jzd,nànca maní',s,RGL;RLC,,na*nka mani!7
nabeza,jzd,nabezà,a,EJG;VP,a:dvsim,na-b.eza*
nabaju,jzd,nabàju,a,RLC,a:sim,na-ba*ju
naba7du,jzd,naba'du',a,EJG;VP,a:sim,na-ba7du
nabaa,jzd,nabaà,a,VC,a:dvsim,na-baa*
nabaala,jzd,nabaàlà',a,JLC;ND,a:sim,na-baa*la*
nabaana,jzd,nabaànà',a,EJG;JLC;ND;VC;VP,a:sim,na-baa*na*
nabaanaro7,jzd,nabaànà' ró',a,VC,a:sim,na-baa*na* ro!7
nababa7,jzd,nababá',a,EJG;RGL;VP,a:dvsim,na-baba!7
nababa7na7,jzd,nababá' nà',a,RGL;RLC,a:dvsim,na-baba!7 na*7
nabaki7,jzd,nabaquí',a,EJG;VP,a:dvsim,na-baki!7
nabaki7dxi,jzd,nabaquí' dxi,a,EJG,a:dvsim,na-baki!7 dxi
nabana7,jzd,nabaná',a,EJG;JLC;ND;RGL;VP,a:sim,na-bana!7
nabana7nada,jzd,nabaná' nadà,a,JLC,a:sim,na-bana!7 na-da*
nabani,jzd,nabanì,a,EJG;RGL;RLC;VP,a:dvsim,na-bani*
nabanila7dxi,jzd,nabanì la'dxi',a,EJG;VC,a:dvsim,na-bani* la7dxi
nabaniyati,jzd,nabanì yatì,a,EJG;ND;VC,a:dvsim,na-bani* y.ati*
nabarrenu,jzd,nabarrènu,a,RGL;RLC,a:sim,na-barre*nu
nabe7dxita,jzd,nabè' dxita,a,EJG;ND,a:sim,na-be*7 dxita
naberde,jzd,nabèrde,a,VP,a:sim,na-be*rde
nabeche7,jzd,nabeché',a,VP,a:sim,na-beche!7
nabeede,jzd,nabeedè',a,VC,a:sim,na-beede*
nabenye,jzd,nabeñe,a,EJG;VP,a:sim,na-benye
nabezanesi,jzd,nabezànèsì,a,EJG;VP,a:dvsim,na-beza*=ne* +si*
nabi7,jzd,nabí',a,EJG;ND;RGL,a:dvsim,na-bi!7
nabi7si,jzd,nabí'sì,a,EJG,a:dvsim,na-bi!7 +si*
nabiskulu,jzd,nabìscu lu,a,RLC,a:sim,na-bi*sku lu
nabigu,jzd,nabigù,a,EJG;VP,a:sim,na-bi-gu*
nabizhore7,jzd,nabixoré',a,EJG;JLC;RGL;VC,a:sim,na-bi-zhore!7
nabi7xu,jzd,nabi'xhu',a,ND;RLC;VP,a:dvsim,na-bi7xu
nabidxiguzhana,jzd,nabidxi guxana,a,RLC,a:sim:lf,na-bidxi gu-zhana
nabigu-2,jzd,nabigu,a,EJG,a:sim,na-bigu
nabiidi,jzd,nabiidi',a,EJG;RGL;VP,a:sim,na-biidi
nabiwi,jzd,nabihui,a,EJG;RLC,a:sim,na-biwi
nabixi7,jzd,nabixhí',a,EJG;JLC;ND;RGL;RLC;VP,a:sim,na-bixi!7
nabizi,jzd,nabizi,a,FSL,a:sim,na-bizi
nabojo,jzd,nabòjo,a,EJG;JLC;ND;RGL;VP,a:sim,na-bo*jo
nabupu,jzd,nabupu,a,EJG;VP,a:sim,na-bupu
nabuubu,jzd,nabuùbù',a,VC,a:sim,na-buu*bu*
nabuxa7,jzd,nabuxhá',a,EJG;ND;VC,a:sim,na-buxa!7
nabyaa,jzd,nabiaà,a,EJG;JLC;ND;RGL;VP,a:sim,na-byaa*
nacha,jzd,nachà,a,EJG;ND,a:sim,na-cha*
nachandxa,jzd,nachandxà,a,RGL,a:sim,na-chandxa*
nacheechendaani,jzd,nacheeche' ndaani',a,EJG;JLC;ND;RGL,a:sim,na-cheeche ndaani
nacheepa,jzd,nacheepa',a,JLC;RGL;RLC,a:dvsim,na-cheepa
nachidxilu,jzd,nachidxìlu,a,EJG;RLC,a:sim,na-chidxi*=lu
nachiirru,jzd,nachiìrrù',a,JLC,a:sim,na-chii*rru*
nachuuchi,jzd,nachuuchì',a,EJG;JLC;ND;RGL;RLC;VP,a:dvsim,na-chuuchi*
nachuupi,jzd,nachuupì',a,EJG;JLC;ND;RLC,a:dvsim,na-chuupi*
nachya,jzd,nachià,a,EJG;ND;VP,a:sim,na-chya*
nadiinye,jzd,nadiìñè',a,EJG,a:dv1sim,na-d.ii*nye*
nadiiba,jzd,nadiiba',a,,a:dvsim,na-d.iiba
nade-2,jzd,nade,a,EJG;RLC;VP,a:sim,na-de
nadi7di,jzd,nadi'di',a,ND,a:dvsim,na-di7di
nadiidxa,jzd,nadiidxa',a,EJG,a:sim,na-diidxa
nadipa7la7dxi,jzd,nadipá' la'dxi',a,EJG,a:dv1sim,na-dipa!7 la7dxi
nadxi7ba,jzd,nadxi'ba',a,FSL;JLC,a:dvsim,na-dx.i7ba
nadxi7balu,jzd,nadxhi'ba'lu,a,EJG;JLC;RGL;RLC;VP,a:dvsim,na-dx.i7ba=lu
nadxaba7la7dxido7,jzd,nadxabá' la'dxido',a,RLC,a:sim,na-dxaba!7 la7dxi=do7
nadxe7ike,jzd,nadxe' ique,a,EJG,a:sim,na-dxe7 ike
nadxe7nyee,jzd,nadxe' ñee,a,RLC,a:sim,na-dxe7 nyee
nadxe7rwaa,jzd,nadxe' ruaa,a,EJG,a:sim,na-dxe7 rwaa
nadxi,jzd,nadxi,a,JLC;RLC,a:sim,na-dxi
nadxii,jzd,nadxiì,a,EJG;JLC;ND;RGL;VP,a:dvsim,na-dxii*
nadxiidxita,jzd,nadxiì dxita,a,EJG,a:dvsim,na-dxii* dxita
nadxita,jzd,nadxita,a,EJG;VC,a:sim,na-dxita
nadxu7,jzd,nadxù',a,EJG,a:sim,na-dxu*7
nadxye7lii,jzd,Nadxié' lii,n,RGL,n:fem,na-dxye!7 lii
nagapi,jzd,nagapì,a,EJG;RLC,a:dvsim,na-g.api*
naguu,jzd,naguù,a,EJG;VP,a:dv1sim,na-g.uu*
naguuchaawi,jzd,naguù chaahui',a,EJG,a:dv1sim,na-g.uu* chaawi
naguule7,jzd,naguù le',a,EJG,a:dv1sim,na-g.uu* le7
naguuya,jzd,naguù ya,a,EJG,a:dv1sim,na-g.uu* y.a
naga,jzd,naga,a,EJG;JLC;RLC;VP,a:dvsim,na-ga
nagasi,jzd,nagasì,a,EJG;RLC;VC;VP,a:dvsim,na-ga +si*
naganaga,jzd,naga naga,a,EJG,a:dvsim,na-ga na-ga
naga7-2,jzd,nagá',a,EJG;JLC;RGL;RLC;VP,a:dv1sim,na-ga!7
naga7ndana7,jzd,nagá'nda'nà',a,RLC,a:dv1sim,na-ga!7nda=na*7
naga7ndazha7na,jzd,nagá'nda'xa'na',a,RLC,a:dv1sim,na-ga!7nda=zha7na
nagala,jzd,nagàla,a,VP,a:sim,na-ga*la
nagandxu,jzd,nagàndxù,a,EJG;VP,a:sim,na-ga*ndxu*
nagamiitu,jzd,nagamiìtù',a,VC,a:sim,na-ga+ mii*tu*
nagarapa,jzd,nagarapa,a,,a:sim,na-ga+rapa
nagaba7,jzd,nagabá',a,EJG;JLC;RGL;VP,a:sim,na-gaba!7
naganna,jzd,naganna,a,EJG;VP,a:dvsim,na-ganna
nageebe,jzd,nagueebe',a,EJG,a:sim,na-geebe
nagidxaxkwerpu,jzd,naguìdxa xcuèrpu,a,VP,a:sim,na-gi*dxa x.kwe*rpu
nagibi,jzd,naguibi,a,EJG,a:sim,na-gibi
nagidxi,jzd,naguidxì,a,EJG;RGL;RLC;VP,a:sim,na-gidxi*
nagidxilu,jzd,naguidxì lu,a,RLC,a:sim,na-gidxi* lu
nagidxindaani,jzd,naguidxì ndaani',a,RLC,a:sim,na-gidxi* ndaani
nagii,jzd,naguiì,a,EJG;ND;RGL,a:dvsim,na-gii*
nagola-2,jzd,nagola,a,EJG;JLC;VP,a:sim,na-gola
nagolaridxi7,jzd,nagola ridxí',s,EJG,,na-gola ridxi!7
nagu,jzd,nagu,a,EJG;VP,a:sim,na-gu
nagulla,jzd,nagula,a,RLC,a:sim,na-gu.lla
nagu7xu,jzd,nagu'xhu',a,EJG;JLC;ND;RLC;VP,a:sim,na-gu7xu
naguchi,jzd,naguchi,a,EJG;VP,a:sim,na-guchi
naguchigoole,jzd,naguchi goolè',a,EJG;VC;VP,a:dvsim,na-guchi goole*
naguchinuu,jzd,naguchi nuù,a,RLC,a:dvsim,na-guchi nuu*
nagudxa,jzd,nagudxa,a,EJG;JLC;VP,a:sim,na-gudxa
nagupa,jzd,nagupa,a,EJG;JLC;ND;RGL;RLC;VP,a:sim,na-gupa
naguundu,jzd,naguundu',a,EJG;JLC;ND;RGL;RLC;VP,a:dvsim,na-guundu
nakiinye,jzd,naquiiñe',a,ND;RGL;VP,a:dvsim,na-k.iinye
nakiite,jzd,naquiitè',a,EJG;RLC;VP,a:dvsim,na-k.iite*
nakiitela7dxi,jzd,naquiitè' la'dxi',a,EJG;VC;VP,a:dvsim,na-k.iite* la7dxi
nakanda,jzd,nacandà,a,EJG;JLC;RGL;VP,a:dvsim,na-kanda*
nakichi7,jzd,naquichí',a,EJG;JLC;RGL;RLC;VP,a:dv1sim,na-kichi!7
nakii,jzd,naquiì,a,RLC;VP,a:sim,na-kii*
nakiinde,jzd,naquiindè',a,EJG,a:sim,na-kiinde*
nakooko,jzd,nacooco',a,RLC,a:sim,na-kooko
nakuba,jzd,nacuba,a,EJG;VP,a:sim,na-kuba
nakwe7,jzd,nacue',a,JLC;RGL,a:sim,na-kwe7
nalaa,jzd,nalaà,a,JLC;ND;RGL;RLC,a:dvsim,na-l.aa*
nalaayanni,jzd,nalaà yanni,a,RLC,a:dvsim,na-l.aa* yanni
nala7pa,jzd,nala'pa',a,EJG;JLC;ND;VP,a:sim,na-la7pa
nala7sa,jzd,nala'sa',a,EJG;VC;VP,a:sim,na-la7sa
nalate,jzd,nalatè,a,EJG;ND;RGL;VC;VP,a:dv1sim,na-late*
nalaza,jzd,nalaza,a,EJG,a:sim,na-laza
nale,jzd,nalè,a,EJG;JLC;ND;VP,a:sim,na-le*
naloma,jzd,nalòma,a,RLC,a:sim,na-lo*ma
nalomanabaju,jzd,nalòma nabàju,a,RGL,a:sim,na-lo*ma na-ba*ju
naluuza,jzd,naluùzà',a,EJG,a:dvsim,na-luu*za*
namigu,jzd,namigù,a,EJG,a:sim,na-migu*
namixtu7lu,jzd,namixhtú' lu,a,EJG;JLC;ND;RGL;VP,a:sim,na-mixtu!7 lu
namoradu,jzd,namoràdu,a,RLC,a:sim,na-mora*du
namuku,jzd,namùcu,a,EJG;JLC;ND;RGL;RLC;VP,a:sim,na-mu*ku
namuzhe7,jzd,namuxé',a,EJG;JLC;ND;VP,a:sim,na-muzhe!7
nanati,jzd,nanatì,a,VC,a:dv1sim,na-n.ati*
nanatila7dxi,jzd,nanatì la'dxi',a,EJG;VC,a:dv1sim,na-n.ati* la7dxi
nana-3,jzd,nana,a,EJG;JLC;ND;RGL;VP,a:sim,na-na
nanala7dxi,jzd,nanala'dxi',a,EJG;JLC;ND;RGL;RLC;VC;VP,a:sim,na-na=la7dxi
nanaandexeta,jzd,nanaande' xheta,a,EJG,a:sim,na-naande xeta
nanaxibapa,jzd,nanaxhi bapa,a,EJG;JLC;ND;RGL,a:sim,na-naxi bapa
nanaxidxinya,jzd,nanaxhi dxiña,a,EJG;ND,a:sim,na-naxi dxinya
nanaxila7dxi,jzd,nanaxhi la'dxi',a,EJG;VC,a:sim,na-naxi la7dxi
nanaxirwaa,jzd,nanaxhi ruaa,a,RLC;VC,a:sim,na-naxi rwaa
nandete7,jzd,nandeté',a,RLC,a:dvsim,na-nd.ete!7
nanda7ka,jzd,nandà'cà,a,RGL;RLC,a:sim,na-nda*7 +ka*
nanduni,jzd,nandùni,a,VP,a:sim,na-ndu*ni
nanduyuzha7na,jzd,nandùyù xa'na',a,RLC,a:sim,na-ndu*yu* zha7na
nanene,jzd,nanenè,a,EJG;JLC;ND;RGL;RLC;VP,a:dvsim,na-nene*
nangiyu7,jzd,nanguíyu',a,JLC;RLC,a:sim,na-ngi!yu7
nangola,jzd,nangola,a,VP,a:sim,na-ngola
nangwa,jzd,nangua,a,EJG,a:sim,na-ngwa
nangwaaya,jzd,nanguaàyà',a,RGL;RLC,a:sim,na-ngwaa*ya*
nanizhe,jzd,nanìxè,a,EJG;RGL;VP,a:sim,na-ni*zhe*
nanisa,jzd,nanisa,a,VP,a:sim,na-nisa
nanuupi,jzd,nanuupì',a,EJG;JLC;ND;RLC;VP,a:sim,na-nuupi*
nanwibedxe,jzd,nanuì bedxe,a,EJG,a:sim,na-nwi* bedxe
napaampa,jzd,napaàmpà',a,RGL;RLC,a:sim,na-paa*mpa*
napayasu,jzd,napayàsu,a,RGL;RLC,a:sim,na-paya*su
napeepe,jzd,napeepe',a,EJG;ND;RLC;VC,a:sim,na-peepe
naprobe,jzd,napròbe,a,JLC;RGL,a:sim,na-pro*be
napuumpu,jzd,napuùmpù',a,ND;VP,a:sim,na-puu*mpu*
naraayaxkola,jzd,naraaya' xcòla,a,RLC,a:sim,na-raaya x.ko*la
narakaike,jzd,naraca ique,a,RLC,a:sim,na-raka ike
narazhirwaa,jzd,naraxi ruaa,a,ND;VC,a:sim,na-razhi rwaa
nareza,jzd,narèza,a,EJG;ND;RGL;RLC;VP,a:dv1sim,na-re*za
nari,jzd,narì,a,EJG;FSL;JLC;ND;VC;VP,a:sim,na-ri*
nariga,jzd,nariga,a,EJG;RLC;VP,a:sim,na-riga
nariki7,jzd,nariquí',a,JLC;RGL,a:dvsim,na-riki!7
naroolo,jzd,naroòlò',a,RLC,a:sim,na-roo*lo*
naroonde,jzd,naroondè',a,EJG;RLC;VP,a:sim,na-roonde*
narwango,jzd,naruángo,a,JLC;RLC,a:sim,na-rwa!ngo
nasinye,jzd,nasìñè,a,VP,a:sim,na-si*nye*
nasinya,jzd,nasiñà,a,EJG;ND;VC,a:sim,na-sinya*
nasoo,jzd,nasoo,a,EJG;RGL;RLC;VP,a:sim,na-soo
nasoombaaya,jzd,nasoo mbaàyà',a,EJG;RLC;VP,a:sim,na-soo mbaa*ya*
nataatazha7na,jzd,nataata' xa'na',a,EJG,a:sim,na-taata zha7na
nateede,jzd,nateedè',a,EJG;JLC;ND;RGL;RLC;VC;VP,a:dvsim,na-teede*
natibita,jzd,natíbita,s,JLC;ND;VP,,na-ti!bi+ta
natigalu,jzd,natiga lu,a,EJG;ND;VC,a:sim,na-tiga lu
natigu7yu,jzd,natigú' yu,a,EJG,a:dv1sim,na-tigu!7 yu
natiti,jzd,natitì,a,EJG;VP,a:sim,na-titi*
natoope,jzd,natoopè',a,EJG;VP,a:dvsim,na-toope*
natubi,jzd,natubi,a,VC,a:sim,na-tubi
natwi,jzd,natuì,a,RLC;VP,a:dv1sim,na-twi*
natwilu,jzd,natuì lu,a,EJG,a:dv1sim,na-twi* lu
nawaachi,jzd,nahuaàchì',a,RLC,a:sim,na-waa*chi*
nawaawa,jzd,nahuaahua',a,EJG;ND;RGL;RLC;VP,a:dvsim,na-waawa
nawela,jzd,nahuèla,a,EJG;VP,a:sim,na-we*la
nawelu,jzd,nahuèlu,a,EJG;VP,a:sim,na-we*lu
nawencha,jzd,nahuèncha,a,RLC,a:sim,na-we*ncha
nawiiniduutu,jzd,nahuiini' duutu',a,EJG,a:sim,na-wiini d.uutu
nawiinigi7chu,jzd,nahuiini' gui'chu',a,EJG,a:sim,na-wiini gi7chu
naxkeze7,jzd,naxquezé',a,EJG;RLC;VC;VP,a:sim,na-x.keze!7
naxkezhi7,jzd,naxquexí',a,RLC,a:sim,na-x.kezhi!7
naxixi,jzd,naxhixhì,a,EJG;VC,a:dvsim,na-xixi*
naxonye,jzd,naxhoñè,a,EJG;ND;VC;VP,a:sim,na-xonye*
naxuxude,jzd,naxhuxhù de,a,RGL,a:sim,na-xuxu* de
naxya,jzd,naxhià,a,EJG;ND,a:dvsim,na-xya*
naxyarwaa,jzd,naxhià ruaa,a,EJG;JLC;ND;RGL;VP,a:dvsim,na-xya* rwaa
nayaba7du,jzd,naya ba'du',a,RLC,a:dvsim,na-y.a ba7du
naya7ki,jzd,naya'qui',a,EJG;RLC;VP,a:dvsim,na-y.a7ki
nayaagi,jzd,nayaagui',a,EJG;JLC;ND;RGL;RLC;VP,a:dvsim,na-y.aagi
nayana7bizu,jzd,nayaná' bizu,a,EJG,a:dv1sim,na-y.ana!7 bizu
nayanda,jzd,nayanda,a,EJG;VP,a:dvsim,na-y.anda
nayasa,jzd,nayasà,a,RLC,a:dv1sim,na-y.asa*
naye7ke,jzd,nayé'que',a,EJG;VP,a:dv1sim,na-y.e!7ke
nayuzhe,jzd,nayuxe,a,EJG;VP,a:dvsim,na-y.uzhe
naya7ndaike,jzd,nayá'nda' ique,a,EJG;JLC;RGL;VP,a:dv1sim,na-ya!7nda ike
naya7nidxindxi,jzd,nayá'ni' dxindxì,a,EJG;VP,a:dv1sim,na-ya!7ni dxindxi*
naya7niike,jzd,nayá'ni ique',a,RLC,a:dv1sim,na-ya!7ni ike
nayagye7,jzd,nayà guie',a,EJG;VP,a:sim,na-ya* gye7
naya7,jzd,nayà',a,EJG;ND;RGL;VP,a:sim,na-ya*7
nayaa,jzd,nayaa,a,EJG;JLC;ND;RGL;RLC;VP,a:sim,na-yaa
nayaazheexe,jzd,nayaa xeexhe,a,JLC;RGL,a:sim,na-yaa zheexe
nayaase,jzd,nayaase',a,EJG;RGL;RLC;VP,a:dv1sim,na-yaase
nayaasenyeelaga,jzd,nayaase' ñee laga,a,RGL,a:dv1sim,na-yaase nyee laga
nayaawi-2,jzd,nayaahui',a,EJG,a:dvsim,na-yaawi
nayatilu,jzd,nayatì lu,a,RLC,a:dv1sim,na-yati* lu
nayonde7,jzd,nayondé',a,EJG,a:dv1sim,na-yonde!7
nayu,jzd,nayu,a,EJG;JLC;ND;RGL;VC,a:sim,na-yu
nayuzhi,jzd,nayuxi,a,EJG;VP,a:sim,na-yu=zhi
nazawi,jzd,nazahuì,a,VC;VP,a:sim,na-z.awi*
naza,jzd,naza,a,EJG;RLC;VP,a:sim,na-za
nazaaka,jzd,nazaacà',a,EJG;RGL;RLC;VP,a:dvsim,na-zaaka*
nazhalle7-2,jzd,naxalé',q,,q:med,na-zh.alle!7
nazhiinye,jzd,naxiiñe',a,VC,a:dvsim,na-zh.iinye
nazhinya7,jzd,naxiñà',a,EJG;ND;RLC;VP,a:sim,na-zhi-nya*7
nazhika7,jzd,naxicá',a,RLC,a:sim,na-zhika!7
nazhinye,jzd,naxiñe,a,EJG;ND;VC,a:sim,na-zhinye
nazhoo,jzd,naxoo,a,EJG;JLC;RGL;RLC;VC;VP,a:sim,na-zhoo
nazhore7,jzd,naxoré',a,JLC;RGL,a:sim,na-zhore!7
nazhudxi,jzd,naxudxi,a,EJG;RLC;VP,a:dvsim,na-zhudxi
nazhya,jzd,naxiá,a,EJG,a:sim,na-zhya!
nazhya-2,jzd,naxià,a,EJG,a:sim,na-zhya*
nazhyaa,jzd,naxiaà,a,EJG;VP,a:sim,na-zhyaa*
nazi7,jzd,nazì',a,EJG;RLC;VP,a:sim,na-zi*7
nazi7gubinya,jzd,nazì' gubiña,clq,RLC;VC,,na-zi*7 gu-binya
nazinya,jzd,naziña,a,VC,a:sim,na-zinya
nazumba,jzd,nazùmbà,a,EJG;VP,a:dv1sim,na-zu*mba*
naa-2,jzd,naa,prn,EJG;JLC;ND;RLC;VP,prn:1,naa
naa-3,jzd,naà,a,EJG;JLC;ND;RGL;RLC;VP,a:dvsim,naa*
naaze-3,jzd,naàzè',a,EJG;JLC;ND;RGL;VP,a:dv1a,naa*ze*
naazebakaanda,jzd,naàzè' bacaanda',a,JLC;RGL,a:dv1a,naa*ze* ba-kaanda
naaba,jzd,naaba',s,EJG;JLC;ND;VP,,naaba
naadi-2,jzd,naadi',a,EJG;JLC;RGL;RLC;VP,a:sim,naadi
naande-2,jzd,naande',a,EJG;JLC;RGL;RLC;VP,,naande
nabaja,jzd,nabàja,s,RGL;RLC,,naba*ja
nabajagandxuwiini,jzd,nabàja gàndxù huiini',s,RGL,,naba*ja ga*ndxu* wiini
nabida,jzd,nabidá,s,JLC,,nabi-da!
nadxi-2,jzd,nadxì,s,EJG;VC,,nadxi*
nana-4,jzd,nanà,a,EJG;JLC;RLC;VP,,nana*
nandu,jzd,Nandu,n,JLC,n:mas,nandu
nandubata,jzd,Nandu Bata,n,JLC,nn:mas,nandu bata
nandugye7,jzd,Nandu Guie',n,JLC,nn:mas,nandu gye7
naranja,jzd,narànja,s,,,nara*nja
naranjadu,jzd,naranjàdu,a,JLC,,naranja*du
nase,jzd,nase,av,JLC;ND;RGL;RLC;VP,,nase
nasega,jzd,nase ga,av,EJG;RLC,,nase ga
nasegasi,jzd,nase gasì,av,EJG;RLC,,nase ga +si*
nasegeela,jzd,nase gueela',av,RGL;RLC,,nase geela
naseri7,jzd,nase rí',av,EJG;RLC,,nase ri!7
naserika7,jzd,nase ricá',av,EJG;RLC,,nase rika!7
nasi,jzd,nasì,itj,JLC;ND;RGL;RLC;VP,,nasi*
naxi,jzd,naxhi,a,JLC;RGL,,naxi
nazha,jzd,naxà,a,RLC,,nazha*
ndase-2,jzd,ndase,a,EJG;FSL;JLC;ND;RGL;RLC,,nd.ase
nda7-4,jzd,ndá',a,EJG;JLC;ND;RGL;RLC;VP,,nda!7
nda7-5,jzd,ndà',a,EJG;JLC;ND,,nda*7
ndani-3,jzd,ndàni,s,EJG,,nda*ni
ndani-4,jzd,ndànì,a,JLC,a:dv1a,nda*ni*
ndaza,jzd,ndàzà,s,EJG,,nda*za*
nda71,jzd,nda',s,EJG;ND,,nda7
nda72,jzd,nda',prt,EJG;VC,,nda7
ndaa-3,jzd,ndaà,s,EJG;JLC;ND;RGL;VP,,ndaa*
ndaawi,jzd,ndaàhuì',a,JLC,,ndaa*wi*
ndaaga,jzd,ndaaga',a,EJG;JLC;ND;VP,,ndaaga
ndaani1,jzd,ndaani',s,EJG;JLC;RGL;RLC;VP,,ndaani
ndaani2,jzd,ndaani',s,JLC;RLC;VP,s:rel,ndaani
ndaanibatana7,jzd,ndaani' bata (nà'),s,JLC;RGL;VP,,ndaani bata (na*7)
ndaanibatanyee,jzd,ndaani' bata ñee,s,JLC;RGL;VP,,ndaani bata nyee
ndaanicheeche,jzd,ndaani' cheeche',s,JLC,,ndaani cheeche
ndaanidyaga,jzd,ndaani' diaga,s,RGL,,ndaani dyaga
ndaanikodona7,jzd,ndaani' còdo (nà'),s,RGL;RLC,,ndaani ko*do (na*7)
ndaaniko7re,jzd,ndaani' co're',s,RGL,,ndaani ko7re
ndaanimbora,jzd,ndaani' mbora,s,RGL;RLC,,ndaani mbora
ndaanina7,jzd,ndaani' nà',s,EJG;RLC,,ndaani na*7
ndaaninde,jzd,ndaani' nde,s,RGL;RLC,,ndaani nde
ndaaniroo,jzd,ndaani' roo,s,EJG;RGL,,ndaani roo
ndaanirwaa,jzd,ndaani' ruaa,s,JLC;RGL;RLC,,ndaani rwaa
ndaaniwiini,jzd,ndaani' huiini',s,JLC,,ndaani wiini
ndaaniyanni,jzd,ndaani' yanni,s,RGL,,ndaani yanni
ndaaniyannibenda,jzd,ndaani' yanni benda,s,JLC,,ndaani yanni benda
ndaaniyannibidxi7,jzd,ndaani' yanni bidxí',s,RGL,,ndaani yanni bidxi!7
ndaaniyelu,jzd,ndaani' yèlu,s,RGL;RLC,,ndaani ye*lu
ndaanizha7na,jzd,ndaani' xa'na',s,RGL,,ndaani zha7na
ndaanizhibi,jzd,ndaani' xibi,s,RGL;RLC,,ndaani zhibi
ndaanizhii,jzd,ndaani' xii,s,RGL,,ndaani zhii
ndaanigyaa,jzd,Ndaani'guiaa,s,JLC;VP,,ndaani=gyaa
ndaaya,jzd,ndaaya',s,EJG;JLC;VP,,ndaaya
ndaba,jzd,ndaba,s,EJG,,ndaba
ndaga1,jzd,ndaga,s,JLC;ND;VC;VP,,ndaga
ndaga2,jzd,ndaga,q,JLC,q:med,ndaga
ndagu,jzd,ndagu,s,EJG;ND;VC,,ndagu
ndanndanndanndan,jzd,ndan ndan ndan ndan,smb,RGL,,ndan ndan ndan ndan
ndapi7-2,jzd,ndapí',s,EJG;ND;VC,,ndapi!7
nde,jzd,nde,s,EJG;JLC;ND;RLC,,nde
ndechuga,jzd,nde chuga,s,RLC,"s, xpl",nde chuga
ndekuuxu,jzd,nde cuuxhu',s,RLC,"s, xpl",nde kuuxu
ndenaadi,jzd,nde naadi',s,RLC,"s, xpl",nde naadi
ndengola,jzd,nde ngola,s,RLC,"s, xpl",nde ngola
ndepaaxu,jzd,nde paaxhù',s,RLC,"s, xpl",nde paaxu*
nderigi7,jzd,nde rí gui',s,RLC,"s, xpl",nde ri! gi7
ndeteede,jzd,nde teedè',s,RLC,"s, xpl",nde teede*
ndeyi7,jzd,nde yì',s,RLC,"s, xpl",nde yi*7
ndeyu,jzd,nde yu,s,VC,,nde yu
ndeyu7,jzd,nde yù',s,RLC,"s, xpl",nde yu*7
ndezhi,jzd,nde xi,s,RLC,"s, xpl",nde zhi
ndezhubi,jzd,nde xúbi,s,RLC,"s, xpl",nde zhu!bi
ndinndinndin,jzd,ndín ndín ndín,smb,RGL;RLC,,ndi!n ndi!n ndi!n
ndin,jzd,ndínˤ,smb,RGL,,ndi!n:
ndiga7,jzd,ndigá',a,EJG;VC,,ndiga!7
ndo7pa1,jzd,ndó'pa',s,JLC;ND;RLC;VC,,ndo!7pa
ndo7pa2,jzd,ndó'pa',s,JLC;ND;RLC;VC,,ndo!7pa
ndu,jzd,ndu,s,EJG;VC,,ndu
nduni,jzd,ndùni,s,EJG;JLC;ND;VC,,ndu*ni
nduuzhe,jzd,nduuxe',s,EJG;VC,,nduuzhe
nduyu,jzd,Nduyu,n,JLC,nn:mas,nduyu
nduyu-2,jzd,nduyù,a,EJG;JLC,"a, dsp",nduyu*
ndxe7,jzd,ndxé',smb,RGL,,ndxe!7
ndxere,jzd,ndxére,s,EJG;JLC;VP,,ndxe!re
ndxi1,jzd,ndxí,s,VC,,ndxi!
ndxi2,jzd,Ndxí,n,JLC,n:mas,ndxi!
ndxirinndxirinndxirin,jzd,ndxírín (ndxírín ndxírín),smb,RGL,,ndxi!-ri!n (ndxi!-ri!n ndxi!-ri!n)
ndxixtu,jzd,ndxíxhtu,s,EJG;JLC,,ndxi!xtu
ndxira,jzd,ndxìra,s,RLC,,ndxi*ra
ndxii,jzd,ndxiì,s,JLC;RLC,,ndxii*
ndxo7,jzd,ndxó',a,JLC;RGL;VP,,ndxo!7
ndxuumndxuum,jzd,ndxúum ndxúum,smb,RGL,,ndxu!um ndxu!um
ndxuxi,jzd,ndxùxhì,s,JLC;VC,,ndxu*xi*
neegru,jzd,Néegru,n,JLC,nn:mas,ne!egru
neetu,jzd,Néetu,n,JLC,n:mas,ne!etu
negu,jzd,Négu,n,RLC,nn:mas,ne!gu
nej,jzd,néj,prt,ND;VC,,ne!j
nel,jzd,Nél,n,JLC,n:mas,ne!l
netuberewiini,jzd,Nétu Bere Huiini',n,JLC,nn:mas,ne!tu bere wiini
ne,jzd,nè,prt,EJG;ND;RLC;VP,prt:cmt,ne*
ne7-2,jzd,nè',a,EJG;VP,,ne*7
neka,jzd,nècà,cnj,JLC;ND;RLC,,ne*ka*
nena,jzd,Nèna,n,JLC,n:fem,ne*na
nerrbyu,jzd,nèrrbiu,s,RLC,,ne*rrbyu
neteberewiini,jzd,Nète Bere Huiini',n,JLC,nn:mas,ne*te bere wiini
neto,jzd,Nèto,n,JLC,n:mas,ne*to
netu,jzd,Nètu,n,JLC,n:mas,ne*tu
netubere,jzd,Nètu Bere,n,JLC,nn:mas,ne*tu bere
neege,jzd,neegue',av,EJG;JLC;RGL;RLC;VP,,neege
neegegeela,jzd,neegue' gueela',av,EJG;VP,,neege geela
newu7,jzd,neu',s,RGL,,newu7
nexe7dxi-2,jzd,nexhé' dxi,a,EJG,"a:dv1b, dsp",nexe!7 dxi
neza,jzd,neza,s,EJG;JLC;ND;RLC;VP,,neza
nezabixoze,jzd,neza bixhoze,s,JLC,,neza bi-xoze
nezadeche,jzd,neza deche,s,EJG;JLC;RGL;VP,,neza deche
nezadima,jzd,Neza Dìma,s,JLC,,neza di*ma
nezagete7,jzd,neza gueté',s,RGL,,neza g.ete!7
nezagya7,jzd,neza guià',s,RGL,,neza gya*7
nezajnyaa,jzd,neza jñaà,s,JLC,,neza j.nyaa*
nezalu,jzd,neza lu,s,EJG;JAR;JLC;ND;RGL;RLC;VP,,neza lu
nezalunye7,jzd,neza lu ñé',s,JLC;RLC,,neza lu nye!7
nezalutapa,jzd,neza lu tapa,s,JLC,,neza lu tapa
nezana7,jzd,neza nà',s,JLC,,neza na*7
nezapye,jzd,neza pié,s,RGL,,neza pye!
nezaryaazegubidxa,jzd,neza riaaze' gubidxa,s,EJG;JLC;VP,,neza r.y.aaze gu-bidxa
nezarindanigubidxa,jzd,neza rindani gubidxa,s,EJG;JLC;VP,,neza ri-ndani gu-bidxa
nezatyaagu,jzd,neza tiáagu,s,JLC;RGL,,neza tya!agu
nezayoo,jzd,neza yoo,s,JLC,,neza yoo
nezazha7na,jzd,neza xa'na',s,JLC,,neza zha7na
ngenngenngen,jzd,nguén nguén nguén,smb,RGL,,nge!n nge!n nge!n
ngepya,jzd,nguépia,s,RLC;VC,,nge!pya
ngenge,jzd,nguènguè,s,JLC,,nge*nge*
ngenngen,jzd,nguen nguen,smb,RGL,,ngen ngen
ngiwngyu,jzd,nguíu nguiú,s,RLC,,ngi!w ngyu!
ngiyu7,jzd,nguíyu',s,EJG;JLC;RLC;VC,,ngi!yu7
ngi,jzd,nguì,s,EJG;ND;RLC;VC,,ngi*
ngiili,jzd,nguiìlì',s,EJG;JLC;RGL;RLC,,ngii*li*
ngiiyu,jzd,nguiiu',s,EJG;JLC;RGL;RLC;VP,,ngiiyu
ngiiyudegi7xi,jzd,nguiiyu' de gui'xhi',s,JLC,,ngiiyu de+ gi7xi
ngiiyugiza7,jzd,nguiiyu' guizá',s,VC,,ngiiyu gi-za!7
ngiiyuwaniisi,jzd,nguiiyu' huaniìsì',s,JLC,,ngiiyu wa-nii*si*
ngiiyuwiini,jzd,nguiiyu' huiini',s,JLC;RGL;VP,,ngiiyu wiini
ngo7chi,jzd,ngó'chi',s,JLC,,ngo!7chi
ngola-2,jzd,ngòla,a,EJG;RGL;VP,,ngo*la
ngola1,jzd,ngola,s,EJG;JLC;VP,,ngola
ngola2,jzd,ngola,a,EJG;JLC;VP,,ngola
ngolagupa,jzd,ngola gupa,s,EJG;ND;VC,,ngola gupa
ngolakii,jzd,ngola quiì,s,VC,,ngola kii*
ngolakuudxi,jzd,ngola cuùdxì',s,EJG;ND;VC,,ngola kuu*dxi*
ngolazhinye,jzd,ngolaxiñe,s,EJG;JLC;ND;VP,,ngola=zhinye
ngoomngoomngoom,jzd,ngoom ngoom ngoom,smb,RGL,,ngoom ngoom ngoom
ngrrrngrrwi,jzd,ngrrr ngrr huí,smb,RGL,,ngrrr ngrr wi!
ngu7xi,jzd,ngú'xhi',s,EJG;JLC;ND;VP,,ngu!7xi
ngupngup,jzd,ngúp ngúp,smb,JLC;RGL,,ngu!p ngu!p
ngupi,jzd,ngùpi,s,EJG;JLC;ND;RLC;VP,,ngu*pi
ngupiwiini,jzd,ngùpi huiini',s,,,ngu*pi wiini
ngupiyu,jzd,ngùpi yu,s,EJG;ND,,ngu*pi yu
ngurru,jzd,ngùrrù,s,JLC;VP,,ngu*rru*
ngu7,jzd,ngu',s,RGL;RLC;VC,,ngu7
ngu7ngu7ngu7,jzd,ngu' ngu' ngu',smb,VC,,ngu7 ngu7 ngu7
ngur7ngur7ngur7ngur7,jzd,ngur' ngur' ngur' ngur',smb,JLC,,ngur7 ngur7 ngur7 ngur7
ngurrrhrh,jzd,ngurrrhrh,smb,RGL,,ngurrrhrh
ngwa,jzd,ngua,a,EJG;VC,,ngwa
ngwaxi,jzd,nguaxhi,s,EJG;ND,,ngwaxi
ni-2,jzd,ni,prn,EJG;RLC;VP,prn:rel,ni
nikaka,jzd,nicàcà,itj,EJG;RLC,,ni +ka* +ka*
nikari7,jzd,nicàrí',itj,EJG;RLC,,ni +ka* +ri!7
nisi,jzd,nisì,rlc:lf,EJG;JLC;ND;RLC,,ni +si*
nisibata,jzd,nisì bata,rlc:lf,JLC;VC,,ni +si* bata
nisigiirulu,jzd,nisì guiiru' lu,rlc:lf,EJG;VC,,ni +si* giiru lu
nisiladi,jzd,nisì ladi,rlc:lf,JLC;RLC;VC,,ni +si* ladi
nisina7,jzd,nisì nà',rlc:lf,RLC;VC,,ni +si* na*7
nisinisa,jzd,nisì nisa,rlc:lf,JLC;VC,,ni +si* nisa
nisinyee,jzd,nisì ñee,rlc:lf,RLC;VC,,ni +si* nyee
nisiriga,jzd,nisì riga,rlc:lf,EJG;JLC;RLC;VC;VP,,ni +si* riga
nisirigalu,jzd,nisì riga lu,rlc:lf,EJG;RLC,,ni +si* riga lu
nibyazha,jzd,ni biáxa,rlc:lf,JLC,,ni b.ya!zha
nibireeyanni,jzd,ni biree yanni,rlc:lf,JLC,,ni bi-r.ee yanni
nibi7nidxiinyalayu,jzd,ni bi'ni' dxiiña' layu,rlc:lf,RGL;RLC,,ni bi.7ni dxiinya la=yu
nidxa7ndi7,jzd,ni dxà'ndì',rlc:lf,VP,,ni dxa*7=ndi*7
nigini7purnaa,jzd,ni guiní' pur naa,rlc:lf,RGL;RLC,,ni gi-ni!7 pur naa
nikirakabya7,jzd,ni quí raca bia',rlc:lf,JLC,,ni ki!+ r.aka bya7
nikiribeza,jzd,ni quí ribèzà,rlc:lf,JLC,,ni ki!+ ri-b.e*za*
ninapaxtallebidxichi,jzd,ni napà xtalè bidxichi,rlc:lf,JLC,,ni n.apa* x.talle* bi-dxichi
ninuugaxa,jzd,ni nuù gaxha,rlc:lf,,,ni n.uu* gaxa
nira7de,jzd,ni ra'de',rlc:lf,JLC,,ni r.a7de
nira7sanite,jzd,ni ra'sa' nite,rlc:lf,JLC,,ni r.a7sa nite
nirabi,jzd,ni rabì,rlc:lf,JLC,,ni r.abi*
nirandaba7du,jzd,ni randà ba'du',rlc:lf,JLC;RLC,,ni r.anda* ba7du
niranna,jzd,ni rannà,rlc:lf,JLC,,ni r.anna*
niruguudxitaladibinni,jzd,ni ruguu dxita ladi binnì,rlc:lf,RLC,,ni r.u-g.uu dxita ladi binni*
nirugagichaike,jzd,ni ruga (guicha) ique,rlc:lf,JLC,,ni r.u-ga (gicha) ike
nirukizhe,jzd,ni ruquixe,rlc:lf,JLC,,ni r.u-k.izhe
nirukweezapwerta7,jzd,ni rucueezà' puertá',rlc:lf,JLC,,ni r.u-k.w.eeza* pwerta!7
nirukwiyoo,jzd,ni rucui yoo,rlc:lf,RGL,,ni r.u-k.w.i yoo
nirukaa,jzd,ni rucaa,rlc:lf,JLC,,ni r.u-kaa
nirukaabini,jzd,ni rucaa bini,rlc:lf,JLC,,ni r.u-kaa bi-ni
nirukaagigeza,jzd,ni rucaa gui gueza,rlc:lf,JLC,,ni r.u-kaa gi geza
nirukiichi,jzd,ni ruquiichi',rlc:lf,JAR,,ni r.u-kiichi
nirukiidi,jzd,ni ruquiidi',rlc:lf,RGL,,ni r.u-kiidi
niruseenda,jzd,ni ruseenda',rlc:lf,JLC,,ni r.u-s.eenda
niruseendagi7chi,jzd,ni ruseenda' gui'chi',rlc:lf,JLC,,ni r.u-s.eenda gi7chi
nirusyanda,jzd,ni rusianda,rlc:lf,JLC,,ni r.u-s.y.anda
nirusiidi,jzd,ni rusiidi',rlc:lf,RLC,,ni r.u-siidi
nirutopagizhi,jzd,ni rutopà guixi,rlc:lf,JLC,,ni r.u-topa* gizhi
nirutopayaga,jzd,ni rutopà yaga,rlc:lf,JLC;RGL;RLC,,ni r.u-topa* yaga
niruza7gelagidi,jzd,ni ruza' guelaguidi,rlc:lf,JLC,,ni r.u-z.a7 gela=gidi
niruza7gidibo7ko,jzd,ni ruza' guidi bo'co',rlc:lf,JLC,,ni r.u-z.a7 gidi bo7ko
niruza7giiba,jzd,ni ruza' guiiba',rlc:lf,JLC,,ni r.u-z.a7 giiba
niruza7gisu,jzd,ni ruza' guisu,rlc:lf,JLC,,ni r.u-z.a7 gisu
niruza7yoo,jzd,ni ruza' yoo,rlc:lf,RGL,,ni r.u-z.a7 yoo
niruza7zinyabanda7,jzd,ni ruza' ziña bandà',rlc:lf,JLC,,ni r.u-z.a7 zinya banda*7
niruzuuwaludiidxaxti7binni,jzd,ni ruzuuhua' lu diidxa' xtì' binnì,rlc:lf,RLC,,ni r.u-zuuwa lu diidxa x.ti*7 binni*
nirunidegiiba,jzd,ni runi de guiiba',rlc:lf,RLC,,ni r.uni de giiba
nirunidxiinya,jzd,ni runi dxiiña',rlc:lf,JLC,,ni r.uni dxiinya
nirunioro,jzd,ni runi òro,rlc:lf,RLC,,ni r.uni o*ro
nirunipeynadu,jzd,ni runi peynàdu,rlc:lf,RGL,,ni r.uni peyna*du
niruniremedyu,jzd,ni runi remèdiu,rlc:lf,RGL,,ni r.uni reme*dyu
nirunixki7chixtobi,jzd,ni runi xqui'chi' xtóbi,rlc:lf,JLC,,ni r.uni x.ki7chi x.to!bi
niruunda,jzd,ni ruunda',rlc:lf,RGL;RLC,,ni r.uunda
niryazha,jzd,ni riaxa,rlc:lf,JLC,,ni r.y.azha
niryuuzha7naba7du,jzd,ni riuu xa'na' ba'du',rlc:lf,JLC,,ni r.y.uu zha7na ba7du
niryaa,jzd,ni riaa,rlc:lf,JLC,,ni r.yaa
niribezayuze,jzd,ni ribeza yùzè,rlc:lf,VP,,ni ri-beza yu*ze*
nirika,jzd,ni rica,rlc:lf,RGL,,ni ri-ka
nirikabyeke,jzd,ni rica bieque,rlc:lf,JLC,,ni ri-ka b.y.eke
nirinaazeba7du,jzd,ni rinaazè' ba'du',rlc:lf,RLC,,ni ri-naaze* ba7du
nirinaazebenda,jzd,ni rinaazè' benda,rlc:lf,RGL,,ni ri-naaze* benda
nirinaba7bweltu,jzd,ni rinabá' buèltu,rlc:lf,JLC,,ni ri-naba!7 bwe*ltu
nirisaanagi7chi,jzd,ni risaana' gui'chi',rlc:lf,JLC,,ni ri-saana gi7chi
nirizaakalu,jzd,ni rizaacà' lu,rlc:lf,JLC,,ni ri-zaaka* lu
nirizhuuzhe,jzd,ni rixuuxè',rlc:lf,JLC,,ni ri-zhuuzhe*
niriyaya,jzd,ni riyaya,rlc:lf,JLC,,ni ri.yaya
nirukwigizhi,jzd,ni rucui guixi,rlc:lf,JLC,,ni ru-k.w.i gizhi
nitiisi,jzd,ni tiisì',rlc:lf,EJG,,ni tii +si*
nizeedabi7si,jzd,ni zeedà'bí'sì',rlc:lf,EJG;JLC,,ni z.eeda*=bi!7 +si*
ni7di-2,jzd,ní'di',a,EJG;JLC;RGL;VP,,ni!7di
niitu,jzd,Níitu,n,JLC,n:mas,ni!itu
nizhu,jzd,níxu,s,EJG;ND,,ni!zhu
niyawpopopo,jzd,nḭia̰u po po po,smb,RGL,,ni'ya'w po po po
nide,jzd,̀Nìde,n,JLC,n:fem,ni*de
ninyu,jzd,nìñu,s,EJG;JLC;ND;RLC;VP,,ni*nyu
ninyubizaalu,jzd,nìñu (bizaalu),s,EJG;JLC;ND;RGL;RLC;VP,,ni*nyu (bizaa=lu)
niru,jzd,nìrù,av,EJG;JLC;ND;VC;VP,"av, num:ord",ni*ru*
niwa,jzd,nìhua,s,RLC,,ni*wa
nizhe,jzd,nìxè,s,EJG;JLC;RGL,,ni*zhe*
nisyaasi,jzd,nisiáasi,a,EJG;JLC;RLC;VP,a:ctf,ni-s.y.a!asi
niipi-2,jzd,niìpì',s,JLC,,nii*pi*
niipiyaapu,jzd,niìpì' yaàpù',s,JLC,,nii*pi* yaa*pu*
niidxi,jzd,niidxì',s,EJG;JLC;RLC;VC;VP,,niidxi*
niidxibidxi7,jzd,niidxì' bidxí',s,,,niidxi* bidxi!7
niidxixzhidxi,jzd,niidxì' xhidxi,s,JLC,,niidxi* x.zhidxi
nin,jzd,nin,neg,EJG;RLC;VP,,nin
ninzidiningiinya,jzd,nin zidi nin guiiña',clq,EJG,,nin zidi nin giinya
ninchaa,jzd,ninchaa,s,EJG;JLC;VC;VP,,nin-chaa
nisyaa,jzd,nisiaa,s,EJG;ND;VC,,nis=yaa
nisyaaba,jzd,nisiaaba',s,EJG;JLC;ND;RGL;RLC;VP,,nis=yaaba
nisyaababupu,jzd,nisiaaba' bupu,s,EJG;RLC,,nis=yaaba bupu
nisyaabadxuladi,jzd,nisiaaba' dxuládi,s,RLC,,nis=yaaba dxula!di
nisyaabakichi7,jzd,nisiaaba' quichí',s,RLC,,nis=yaaba kichi!7
nisyaabala7dxi,jzd,nisiaaba' la'dxi',s,EJG;JLC,,nis=yaaba la7dxi
nisyaabaleche,jzd,nisiaaba' lèche,s,RLC,,nis=yaaba le*che
nisyaabanakachi7,jzd,nisiaaba' nacachí',s,RLC,,nis=yaaba na-kachi!7
nisyaabaniidxi,jzd,nisiaaba' niidxì',s,RLC,,nis=yaaba niidxi*
nisyaabazee,jzd,nisiaaba' zee,s,EJG;JLC;RLC,,nis=yaaba zee
nisyaabazhuba7bidxi,jzd,nisiaaba' xubá' bidxi,s,RLC,,nis=yaaba zhuba!7 bidxi
nisa-2,jzd,nisa,s,EJG;JLC;ND;RGL;VP,,nisa
nisaguchachi7,jzd,nisa (g)uchachí',s,RGL,,nisa (g)u-chachi!7
nisalugupa,jzd,nisa (lu) gupa,s,RGL;RLC,,nisa (lu) gupa
nisanaga7nda,jzd,nisa (na)gá'nda',s,EJG;JLC;ND,,nisa (na-)ga!7nda
nisabanyu,jzd,nisa bàñu,s,JLC,,nisa ba*nyu
nisabakaanda,jzd,nisa bacaanda',s,RGL;RLC,,nisa ba-kaanda
nisabandaawa,jzd,nisa bandaahuà',s,EJG;ND,,nisa ba-ndaawa*
nisabasa,jzd,nisa basa,s,EJG;ND;VC,,nisa ba-sa
nisabeendayaa,jzd,nisa beenda' yaa,s,RGL;RLC,,nisa beenda yaa
nisabenye,jzd,nisa beñe,s,JLC;RGL,,nisa benye
nisabichya7,jzd,nisa bichia',s,EJG;ND;VC,,nisa bi-chya7
nisabitii,jzd,nisa bitiì,s,RLC,,nisa bi-tii*
nisabizu,jzd,nisa bizu,s,JLC,,nisa bizu
nisacha7wi,jzd,nisa chá'hui',s,RGL;RLC,,nisa cha!7wi
nisadetyempu,jzd,nisa de tièmpu,s,RLC,,nisa de tye*mpu
nisadu7ga,jzd,nisa dú'ga',s,JLC,,nisa du!7ga
nisaduxu7,jzd,nisa duxhú',s,JLC,,nisa duxu!7
nisadxaa,jzd,nisa dxaà,s,EJG;RGL;RLC,,nisa dxaa*
nisadxaba7,jzd,nisa dxabá',s,JLC,,nisa dxaba!7
nisadxinya,jzd,nisa dxiña,s,EJG;ND,,nisa dxinya
nisadxu7ni,jzd,nisa dxú'ni',s,EJG;JLC;ND;RGL;RLC;VP,,nisa dxu!7ni
nisadxu7nideduba,jzd,nisa dxú'ni' de duba,s,RGL,,nisa dxu!7ni de duba
nisadxu7nidenanchi,jzd,nisa dxú'ni' de nànchi,s,RGL,,nisa dxu!7ni de na*nchi
nisage7la,jzd,nisa gue'la',s,EJG;ND;VC,,nisa ge7la
nisagiinyabichooxe,jzd,nisa guiiña' bichooxhè',s,VC,,nisa giinya bi-chooxe*
nisagiiyu,jzd,nisa guiiyù',s,JLC,,nisa giiyu*
nisakandaabi,jzd,nisa candáabi,s,JLC,,nisa ka-nda!abi
nisakandani,jzd,nisa candàni,s,RGL;RLC,,nisa ka-nda*ni
nisakichi7,jzd,nisa quichí',s,JLC,,nisa kichi!7
nisakoko,jzd,nisa còco,s,RGL,,nisa ko*ko
nisakuba,jzd,nisa cuba,s,JLC,,nisa kuba
nisakwaju,jzd,nisa cuàju,s,RGL,,nisa kwa*ju
nisakwananaxi,jzd,nisa cuananaxhi,s,RGL,,nisa kwana=naxi
nisalu,jzd,nisa lu,s,EJG;JLC;ND;RGL;VP,,nisa lu
nisaluba7,jzd,nisa luba',s,RGL,,nisa lu-ba7
nisaluna,jzd,nisa luna,s,EJG;JLC;ND;RGL;RLC;VP,,nisa luna
nisanaxi,jzd,nisa naxhi,s,JLC,,nisa naxi
nisanda7,jzd,nisa ndá',s,EJG;JLC;ND;RGL,,nisa nda!7
nisandadxinya,jzd,nisa ndà dxiña,s,JLC,,nisa nda* dxinya
nisandaaya,jzd,nisa ndaaya',s,EJG;JLC;ND;RGL;RLC;VP,,nisa ndaaya
nisapresa,jzd,nisa prèsa,s,RGL,,nisa pre*sa
nisaruunalu,jzd,nisa ruuna' lu,s,RGL;RLC,,nisa r.uuna lu
nisaridxuuni,jzd,nisa ridxuuni',s,JLC,,nisa ri-dxuuni
nisaridyee,jzd,nisa ridiee,s,JLC,,nisa ri-dyee
nisarinda7naxi,jzd,nisa rinda' naxhi,s,JLC,,nisa ri-nda7 naxi
nisarini,jzd,nisa rini,s,JLC,,nisa rini
nisaroonde,jzd,nisa roondè',s,EJG;JLC;ND;RGL;RLC;VP,,nisa roonde*
nisasteru,jzd,nisa stèru,s,RGL;RLC,,nisa ste*ru
nisatubu,jzd,nisa tùbu,s,JLC;RGL,,nisa tu*bu
nisaxkixi7,jzd,nisa xquixhí',s,EJG;JLC;ND;RGL;RLC;VP,,nisa x.kixi!7
nisaxtrooko,jzd,nisa xtroocò',s,VC,,nisa x.trooko*
nisayana7,jzd,nisa yaná',s,JLC,,nisa yana!7
nisayuudxu,jzd,nisa yuudxu',s,JLC;RGL,,nisa yuudxu
nisazhi,jzd,nisa xi,s,EJG;ND;RGL,,nisa zhi
nisazidi,jzd,nisa zidi,s,EJG,,nisa zidi
nisado7,jzd,nisado',s,EJG;JLC;ND;RGL;VP,,nisa=do7
nisado7bani,jzd,nisado' banì,s,EJG;JLC;ND;RGL;RLC;VP,,nisa=do7 bani*
nisado7yati,jzd,Nisado' Yatì,s,EJG;JLC;ND;RGL;RLC,,nisa=do7 y.ati*
nisagye,jzd,nisaguie,s,EJG;JLC;ND;RGL;VP,,nisa=gye
nisagyebi,jzd,nisaguie bi,s,JLC;RGL;RLC,,nisa=gye bi
nisagyede,jzd,nisaguie de,s,JLC;RGL,,nisa=gye de
nisagyemboolo,jzd,nisaguie mboolo',s,RGL,,nisa=gye mboolo
nisanda7-2,jzd,Nisanda,s,JLC,,nisa=nda!7
niteyaza,jzd,nite yaza,s,EJG;VC,,nite yaza
niza,jzd,niza,s,,,niza
nizawayachi,jzd,niza huayachi,s,RLC;VC,,niza wa-yachi
nobya,jzd,nòbia,s,RGL;RLC;VP,,no*bya
nobyairageela,jzd,nòbia irá gueela',s,RGL;RLC,,no*bya i-ra! geela
nobyo,jzd,nòbio,s,VP,,no*byo
nobyembre,jzd,nobièmbre,s,RGL;RLC,,nobye*mbre
ntaa,jzd,ntáa,smb,JLC,,nta!a
ntinndintintintin,jzd,ntín ndín tín tín tín,smb,RGL,,nti!n ndi!n ti!n ti!n ti!n
ntum,jzd,ntúmˤ,smb,RLC,,ntu!m:
nuku,jzd,Nùcu,n,JLC,n:mas,nu*ku
nunka,jzd,nùnca,av,JLC;RLC;VP,,nu*nka
nunu,jzd,nùnu,voc,JLC;ND,,nu*nu
numba7,jzd,numbà',av,EJG;JLC;ND;RGL;RLC;VP,,nu-mba*7
nuchi7,jzd,nuchí',av,EJG;JLC;ND;RGL;RLC;VP,,nuchi!7
nuna,jzd,nuna,av,EJG;ND;VC,,nuna
nuubi,jzd,nuubi',s,EJG;ND;VC,,nuubi
nuubigaana,jzd,nuubi' gaana',s,EJG;VC,,nuubi gaana
nuubigudxi,jzd,nuubi' gudxi,s,EJG;VC,,nuubi gudxi
nuubizhor,jzd,nuubi' xór,s,EJG,,nuubi zho!r
nuubizhwa,jzd,nuubi' xuá,s,EJG;VC,,nuubi zhwa!
nuupi,jzd,nuupì',s,JLC;ND;RLC,,nuupi*
nya7h7h7h,jzd,ñá '̤ '̤ '̤,smb,RLC,,nya! 7H 7H 7H
nyada,jzd,ñàda,s,JLC,,nya*da
nyadu,jzd,ñàdu,s,JLC,,nya*du
nyaa,jzd,ñaa,s,,,nyaa
nyaayu7du,jzd,ñaa yu'du',s,,,nyaa yu7du
nyanya-2,jzd,ñaña,s,EJG,,nyanya
nyee,jzd,ñée,int,VP,,nye!e
nyeela,jzd,ñéelá,itj,EJG;JLC;ND;VP,,nye!e +la!
nyeka,jzd,ñéca,s,RLC,,nye!ka
nye7nye7,jzd,ñẽ' ñẽ',smb,JLC,,nye&7 nye&7
nyee1,jzd,ñee,s,JLC;ND;RGL;RLC;VP,,nyee
nyee2,jzd,ñee,s,JLC;ND;RGL;RLC;VP,s:rel,nyee
nyeebidxi7,jzd,ñee bidxí',s,RGL,,nyee bidxi!7
nyeechiita,jzd,ñee chiità',s,RGL;RLC,,nyee chiita*
nyeechuku,jzd,ñee chucu,s,RGL,,nyee chuku
nyeeduubi,jzd,ñee duubi',s,RGL,,nyee duubi
nyeeespor,jzd,ñee espór,s,RGL;RLC,,nyee espo!r
nyeegriw,jzd,ñee gríu,s,RLC,,nyee gri!w
nyeelaga,jzd,ñee laga,s,RGL,,nyee laga
nyeepandu,jzd,ñee pandu,s,RGL;RLC,,nyee pandu
nyeeruku,jzd,ñee rucu,s,RGL,,nyee ruku
nyeeseja,jzd,ñee sèja,s,RGL,,nyee se*ja
nyeexonda,jzd,ñee xhondà,s,EJG;VC,,nyee xonda*
nyeeyelle7,jzd,ñee yelé',s,VC,,nyee y.elle!7
nyeeya7ki,jzd,ñee yá'qui',s,RLC,,nyee ya!7ki
nyeeyaa,jzd,ñee yaa,s,RLC,,nyee yaa
nyeeyoo,jzd,ñee yoo,s,RGL,,nyee yoo
nyudu,jzd,ñùdu,s,RLC,,nyu*du
nyudukwachi,jzd,ñùdu cuáchi,s,RGL,,nyu*du kwa!chi
nyudungiiyu,jzd,ñùdu nguiiyu',s,JLC,,nyu*du ngiiyu
nyudurudye,jzd,ñùdu rudie,s,JLC,,nyu*du r.u-dye
o-2,jzd,o,cnj,,,o
ozha,jzd,oxà,itj,EJG;RLC,,o +zha*
ofe,jzd,Òfe,n,JLC,n:fem,o*fe
oka,jzd,Òca,n,JLC,n:mas,o*ka
okamaxi,jzd,Òca Màxhi,n,JLC,nn:mas,o*ka ma*xi
okananchi,jzd,Òca Nànchi,n,JLC,nn:mas,o*ka na*nchi
okarwango,jzd,Òca Ruángo,n,JLC,nn:mas,o*ka rwa!ngo
okasibil,jzd,Òca Sibíl,n,JLC,nn:mas,o*ka si-bi!l
oli,jzd,Òli,n,RLC,nn:fem,o*li
olladenisa,jzd,òla de nisa,s,RLC,,o*lla de nisa
ombre,jzd,òmbre,s,VP,,o*mbre
ombrewiini,jzd,òmbre huiini',s,RLC;VP,,o*mbre wiini
ongo,jzd,òngo,s,RGL;RLC,,o*ngo
ora,jzd,òra,int,EJG;JLC;RLC;VP,,o*ra
orake,jzd,òraquè,av,EJG;RLC;VP,,o*ra +ke*
orakeka,jzd,òraquècà,av,EJG;RLC;VP,,o*ra +ke* +ka*
orarika,jzd,òrarì' cà,av,EJG,,o*ra +ri*' +ka*
oraga,jzd,òra ga,av,EJG;RLC,,o*ra ga
orari7,jzd,òra rì',av,EJG;VP,,o*ra ri*7
oratiika,jzd,òra tiicà',av,EJG,,o*ra tii +ka*
oratiisi,jzd,òra tiisì',av,EJG;VP,,o*ra tii +si*
orde,jzd,òrde,s,RGL;RLC,,o*rde
organo,jzd,òrgano,s,RGL;RLC,,o*rga-no
orno,jzd,òrno,s,JLC;RLC,,o*rno
ornobuu,jzd,òrno buù,s,RLC,,o*rno buu*
ornogiiyu,jzd,òrno guiiyù',s,JLC;RLC,,o*rno giiyu*
ornogisu,jzd,òrno guisu,s,RGL;RLC,,o*rno gisu
oro,jzd,òro,s,RGL;RLC,,o*ro
oli-2,jzd,Olí,n,RLC,n:fem,o-li!
onor,jzd,onór,s,RGL,,o-no!r
oregano,jzd,orègano,s,,,ore*gano
orketa,jzd,orquèta,s,JLC;RGL;RLC,,orke*ta
orketaules,jzd,orquèta ùles,s,RGL;RLC,,orke*ta u*les
orketayaganyee,jzd,orquèta yaga ñee,s,RGL;RLC,,orke*ta yaga nyee
orrchataderosadekastya,jzd,orrchàta de ròsa de castiá,s,RLC,,orrcha*ta de ro*sa de ka-stya!
otubre,jzd,otùbre,s,RGL;RLC,,otu*bre
ppppwp,jzd,ṕṕṕṕ ʘ,smb,RGL,,p!p!p!p! Wp!
pora,jzd,pòra,int,JLC;ND;RGL;RLC;VP,,p.o*ra
p3mp3m,jzd,pɨ́m pɨ́m,smb,RLC,,p3!m p3!m
p4,jzd,pa,smb,RGL,,p4
parhaparhaparhaparha,jzd,pArhA pArhA pArhA pArhA,smb,,,pA-rhA pA-rhA pA-rhA pA-rhA
pik,jzd,pIc,smb,RGL,,pIk
pik7,jzd,pIc',smb,RGL,,pIk7
papapapa1,jzd,pa pa pa pa,smb,JLC;RGL,,pa pa pa pa
papapapa2,jzd,pa pa pa pa,smb,RGL,,pa pa pa pa
pa,jzd,pá,voc,JLC,,pa!
paapaapaa,jzd,páa páa páa,smb,RGL,,pa!a pa!a pa!a
paa7pa,jzd,páa̰' pa̰,smb,RGL,,pa!a'7 pa'
par,jzd,pár,s,RGL,,pa!r
pas,jzd,pás,smb,RGL,,pa!s
paw7paw7,jzd,páu' páu',smb,RGL;RLC,,pa'!w7 pa'!w7
paa,jzd,pa̰a̰,smb,RGL,,pa'a'
paapaapaa-2,jzd,pa̰a̰ pa̰a̰ pa̰a̰,smb,RGL,,pa'a' pa'a' pa'a'
pas-2,jzd,pa̰s,smb,RGL,,pa's
paw,jzd,pa̰u,smb,RGL,,pa'w
paw7,jzd,pa̰u',smb,RGL,,pa'w7
pa-2,jzd,pà,int,EJG;ND;RLC;VP,,pa*
paguyeu7,jzd,pà(g)uyeu',s,JLC;ND;RGL;RLC,s:lf,pa*+ (g)u-ye +u7
pazha,jzd,pàxá,int,EJG;JLC;ND;RLC;VP,,pa*+ +zha!
pabya7,jzd,pàbia',int,EJG;JLC;ND;RGL;RLC;VP,,pa*+ bya7
pabya7ti7,jzd,pàbia'tí',int,JLC;ND;RLC,,pa*+ bya7 +ti!7
pade,jzd,pàde,int,EJG;JLC;RLC;VP,,pa*+ de
padede,jzd,pàdede,int,JLC;RLC;VP,,pa*+ dede
padxi,jzd,pàdxi,int,JLC;RGL;RLC;VP,,pa*+ dxi
padyuzhi,jzd,pàdiúxi,clq,EJG;JLC;ND;RGL;RLC,,pa*+ dyu!zhi
pagalla,jzd,pàgàla,int,EJG;JLC;RGL;RLC;VP,,pa*+ ga*lla
pagidubi,jzd,pàguidùbi,int,JLC;RLC;VP,,pa*+ gi-du*bi
pakaa,jzd,pàcaa,int,RLC;RLL,,pa*+ kaa
panda,jzd,pànda,int,,,pa*+ nda
pandazhi,jzd,pànda xi,int,,,pa*+ nda zhi*
paneza,jzd,pàneza,int,JAR;RLC,,pa*+ neza
paraa,jzd,pàraa,int,EJG;JLC;ND;RLC;VP,,pa*+ raa
paraati7,jzd,pà raatí',int,EJG;JLC;ND;RLC,,pa*+ raa +ti!7
pasika,jzd,pàsica,int,JLC;RLC,,pa*+ sika
pazhi,jzd,pàxì,cnj,ND;RLC,,pa*+ zhi*
padredefamilya,jzd,pàdre de famìlia,s,RLC,,pa*dre de fami*lya
palla,jzd,pàla,s,JLC,,pa*lla
panchayaga,jzd,pànchà yaga,s,RLC;VP,,pa*ncha* yaga
pandu-2,jzd,pàndu,s,JLC;RLC,,pa*ndu
pante,jzd,pànte,s,JLC,,pa*nte
panyo,jzd,pàño,s,RLC,,pa*nyo
papa-3,jzd,pàpa,s,,,pa*pa
parke,jzd,pàrque,s,JLC;RGL;RLC,,pa*rke
parrchedebentosa,jzd,pàrrche de bentòsa,s,RLC,,pa*rrche de bento*sa
pasu,jzd,pàsu,s,RGL;RLC,s:med,pa*su
pasudoble,jzd,pàsu dòble,s,RGL,,pa*su do*ble
pasumani7,jzd,pàsu maní',s,JAR;RGL,,pa*su mani!7
patopixixi,jzd,pàto pixhìxhi,s,RLC,,pa*to pi-xi*xi
patu,jzd,pàtu,s,JLC,,pa*tu
patubiichi,jzd,pàtu biichì',s,JLC,,pa*tu biichi*
patuda7da,jzd,pàtu da'da',s,JLC,,pa*tu da7da
patukichi7,jzd,pàtu quichí',s,JLC,,pa*tu kichi!7
patuniku,jzd,pàtu nicu,s,JLC;VC,,pa*tu niku
paturwaangola,jzd,pàtu ruaa ngola,s,JLC,,pa*tu rwaa ngola
patyu,jzd,pàtiu,s,RGL,,pa*tyu
patyuwiini,jzd,pàtiu huiini',s,RGL;RLC,,pa*tyu wiini
pawlatoyo,jzd,Pàula Tòyo,n,JLC,nn:fam,pa*wla to*yo
pader,jzd,padér,s,JLC;RGL;VP,,pa-de!r
palin,jzd,palín,s,JAR;RGL,,pa-li!n
papa-4,jzd,papá,voc,RGL;RLC,,pa-pa!
pasyon,jzd,pasión,s,RGL;RLC,,pa-syo!n
patron,jzd,patrón,s,RGL;RLC,,pa-tro!n
patya,jzd,patiá,s,JLC;RLC,,pa-tya!
pa7s,jzd,pa's,smb,RGL,,pa7s
pa7,jzd,paˤ',smb,RLC,,pa:7
paapaa,jzd,paa paa,smb,JLC,,paa paa
paampawiini,jzd,paàmpà' (huiini'),s,RGL,,paa*mpa* (wiini)
paanchayaga,jzd,paànchà' yaga,s,JLC;ND;RLC,,paa*ncha* yaga
paaparwaa-2,jzd,paapa' ruaa,a,EJG;JLC;ND;RGL;VP,,paapa rwaa
paaxu-2,jzd,paaxhù',a,EJG;RLC,,paaxu*
pachuku,jzd,pachùcu,a,RGL;RLC,,pachu*ku
padrastu,jzd,padràstu,s,JLC,,padra*stu
pakpak,jzd,pac pac,smb,JLC,,pak pak
pakapakau,jzd,paca paca ú,smb,RGL,,paka paka u!
pakete,jzd,paquète,s,RGL,,pake*te
palanka,jzd,palànca,s,JLC;RGL,,pala*nka
palaga,jzd,palagá,s,RLC,,pala-ga!
palagayanni,jzd,palagá yanni,s,RGL;RLC,,pala-ga! yanni
palangana,jzd,palangàna,s,JLC,,palanga*na
palankeru,jzd,palanquèru,s,RGL,,palanke*ru
paleta1,jzd,palèta,s,JLC;RLC,,pale*ta
paleta2,jzd,palèta,s,JLC;RLC,,pale*ta
paletadeche,jzd,palèta deche,s,JLC,,pale*ta deche
paletana7,jzd,palèta nà',s,JLC;RGL,,pale*ta na*7
paletazha7na,jzd,palèta xa'na',s,RGL;RLC,,pale*ta zha7na
paletazhike,jzd,palèta xique,s,RGL,,pale*ta zhike
palomagi7xi,jzd,palòma gui'xhi',s,JLC,,palo*ma gi7xi
palomaxtya,jzd,palòma xhtiá,s,JLC,,palo*ma xtya!
paludismu,jzd,paludìsmu,s,RLC,,paludi*smu
panela,jzd,panèla,s,JLC;RLC,,pane*la
pantanu,jzd,pantànu,s,JLC,,panta*nu
pantalon,jzd,pantalón,s,JLC;RGL;RLC,,panta-lo!n
papaya,jzd,papàya,s,,,papa*ya
papagayu,jzd,papagàyu,s,,,papaga*yu
papalote,jzd,papalòte,s,JLC,,papalo*te
papanikolaw,jzd,papanicoláu,s,RLC,,papaniko-la!w
para,jzd,para,prp,RGL;RLC;VP,,para
paradakamyon,jzd,paràda camión,s,RGL,,para*da ka-myo!n
paradakesu,jzd,Paràda Quèsu,s,RLC,,para*da ke*su
parawa,jzd,paràhua,s,RGL,,para*wa
parawitaxti7bidxi7,jzd,parahuìta xtì' bidxí',s,RLC,,parawi*ta x.ti*7 bidxi!7
partera,jzd,partèra,s,RGL;RLC,,parte*ra
paspas,jzd,pas pas,smb,JLC,,pas pas
paspo,jzd,pas po,smb,RGL,,pas po
pasador,jzd,pasadór,s,RGL;RLC,,pasa-do!r
pasadorpwerrta7,jzd,pasadór puerrtá',s,RGL,,pasa-do!r pwe-rrta!7
pasensya,jzd,pasènsia,s,RGL,,pase*nsya
pastiya,jzd,pastìya,s,RLC,,pasti*ya
patente,jzd,patènte,a,RGL,,pate*nte
patiti,jzd,patìti,s,RLC,,pati*ti
payasu,jzd,payàsu,s,JLC,,paya*su
peyeye,jzd,Pe Yèye,n,JLC,nn:mas,pe ye*ye
peere,jzd,Péere,n,JLC,n:fam,pe!ere
pem,jzd,pém,smb,RGL,,pe!m
pey,jzd,Péy,n,JLC,n:mas,pe!y
peempeem,jzd,pḛḛm pḛḛm,smb,RGL,,pe'e'm pe'e'm
pechu,jzd,pèchu,s,JLC;RGL;RLC,,pe*chu
pedru,jzd,Pèdru,n,JLC,n:mas,pe*dru
pedrugordo,jzd,Pèdru Gòrdo,n,JLC,nn:mas,pe*dru go*rdo
pedruskopeta,jzd,Pèdru Scopèta,n,JLC,nn:mas,pe*dru skope*ta
peka,jzd,pèca,s,RLC,,pe*ka
penkanamani7,jzd,pènca nà' maní',s,RGL;RLC,,pe*nka na*' ma^ni!7
penkana7,jzd,pènca nà',s,RGL;RLC,,pe*nka na*7
penkanyeemani7,jzd,pènca ñee maní',s,RGL;RLC,,pe*nka nyee mani!7
perra,jzd,pèrra,s,RGL;RLC,,pe*rra
perru,jzd,pèrru,s,RGL;RLC,,pe*rru
peru,jzd,pèru,cnj,RLC,,pe*ru
petro,jzd,Pètro,n,JLC,nn:mas,pe*tro
pe7mpe7m,jzd,pe'm̩ pe'm̩,smb,RGL,,pe7m| pe7m|
peesu,jzd,peèsù',s,JLC;RGL;RLC;VP,,pee*su*
pegamentu,jzd,pegamèntu,s,JAR,,pegame*ntu
pelotawiini,jzd,pelòta huiini',s,JLC,,pelo*ta wiini
peluka,jzd,pelùca,s,RGL;RLC,,pelu*ka
pempempem,jzd,pem pem pem,smb,RGL,,pem pem pem
pendejada,jzd,pendejàda,s,RGL;RLC,,pendeja*da
penyasku,jzd,peñàscu,s,JLC,,penya*sku
pepx,jzd,pepxh,smb,RGL,,pepx
perika,jzd,perìca,s,JAR;RLC,,peri*ka
periku,jzd,perìcu,s,JLC;RLC,,peri*ku
peynadu,jzd,peynàdu,s,RGL;RLC,,peyna*du
pfapfapfapfa,jzd,pfá pfá pfá pfá,smb,RLC,,pfa! pfa! pfa! pfa!
pfa,jzd,pfáːː,smb,RLC,,pfa!::
phn,jzd,phn,smb,RGL,,phn
pipipipipi,jzd,pi pi pi pi pi,smb,RGL,,pi pi pi pi pi
pitow7pitow7,jzd,pí tóhu' pí tóhu',smb,RGL,,pi! to!w7 pi! to!w7
piillu,jzd,Píilu,n,JLC,n:mas,pi!illu
pippip,jzd,píp píp,smb,RGL,,pi!p pi!p
pisu,jzd,písu,s,JLC,,pi!su
piku,jzd,pìcu,s,RGL;RLC,,pi*ku
pimpu,jzd,pìmpu,s,JLC;RLC,,pi*mpu
pinsa,jzd,pìnsa,s,RGL;RLC,,pi*nsa
pintu,jzd,pìntu,a,JLC;RGL;RLC,,pi*ntu
pita,jzd,pìta,s,RGL;RLC,,pi*ta
pitu,jzd,pìtu,s,RGL;RLC,,pi*tu
pituyu,jzd,pìtù yu,s,RGL;RLC;VC,,pi*tu* yu
pilar,jzd,pilár,s,RGL;RLC,,pi-la!r
pilon,jzd,pilón,s,RGL,,pi-lo!n
pirippipi,jzd,pirip pi pi,smb,RGL,,pi-rip pi pi
pixixi,jzd,pixhìxhì,s,JLC;VC,,pi-xi*xi*
piingu,jzd,piìngù',s,RGL;VC,,pii*ngu*
piirri,jzd,piìrì',a,EJG;JLC;RLC,,pii*rri*
piirru,jzd,piìrù',a,EJG,,pii*rru*
piisu,jzd,piìsù',s,EJG;JLC;ND;RLC;VP,,pii*su*
piisubeenda,jzd,piìsù' beenda',s,JLC;RLC,,pii*su* beenda
piixku,jzd,piìxhcù',a,EJG,,pii*xku*
piizi-2,jzd,piìzì',a,RLC;VP,,pii*zi*
piipido7,jzd,piipì'do',a,EJG;JLC;RLC;VC,,piipi*do7
piiru-2,jzd,piiru',a,EJG;JLC;ND;RLC,,piiru
pik-2,jzd,pic,smb,RGL,,pik
pimyenta,jzd,pimiènta,s,,,pimye*nta
pine7da,jzd,Piné'da',n,JLC,nn:mas,pine!7da
pinoliw,jzd,pinolíu,s,JLC,,pino-li!w
pintada,jzd,Pintàda,n,JLC,n:ani,pinta*da
pintura,jzd,pintùra,s,RLC,,pintu*ra
pippip-2,jzd,pip pip,smb,RGL,,pip pip
pippippip,jzd,pip pip pip,smb,RGL,,pip pip pip
pixpix,jzd,pixh pixh,smb,RLC,,pix pix
pl3xpl3xpl3x,jzd,plɨxh plɨxh plɨxh,smb,RLC,,pl3x pl3x pl3x
plas,jzd,plAs,smb,JLC,,plAs
plaaplaa,jzd,pláa pláa,smb,JLC,,pla!a pla!a
plaw7,jzd,pláhu',smb,RGL,,pla!w7
plapla,jzd,pla̰ pla̰,smb,RGL,,pla' pla'
plaaplaa-2,jzd,plá'a' plá'a',smb,JLC;RGL;RLC,,pla'!a' pla'!a'
plaaplaa-3,jzd,pla̰a̰ pla̰a̰,smb,RGL,,pla'a' pla'a'
plancha,jzd,plàncha,s,JLC;RLC,,pla*ncha
plata,jzd,plàta,s,JLC;RGL;RLC,,pla*ta
plataro7,jzd,plàta ró',s,JLC;RLC,,pla*ta ro!7
platawiini,jzd,plàta huiini',s,JLC;RLC,,pla*ta wiini
playa,jzd,plàya,s,RGL;RLC,,pla*ya
plakaplakaplakaplaka,jzd,placá placá placá placá,smb,RGL,,pla-ka! pla-ka! pla-ka! pla-ka!
plakplakplak,jzd,plac plac plac,smb,JLC;RGL;RLC,,plak plak plak
plakaplaka,jzd,placa placa,smb,JLC,,plaka plaka
plakaplakaplaka,jzd,placa placa placa,smb,JLC;RGL,,plaka plaka plaka
plas-2,jzd,plas,smb,JLC,,plas
plateru,jzd,platèru,s,RLC,,plate*ru
plaw7plaw7plaw7,jzd,plahu' plahu' plahu',smb,RGL,,plaw7 plaw7 plaw7
plim,jzd,plím,smb,JLC,,pli!m
plin,jzd,plin,smb,JLC,,plin
plin9plin9plin9,jzd,plinŋ plinŋ plinŋ,smb,RGL,,plin9 plin9 plin9
plop,jzd,plóp,smb,JLC,,plo!p
plomo,jzd,plòmo,s,RGL;RLC,,plo*mo
plooploo,jzd,ploo ploo,smb,JLC,,ploo ploo
po,jzd,po,smb,RGL,,po
pom,jzd,póm,smb,RGL;RLC,,po!m
poora,jzd,Póora,n,JLC,n:fem,po!ora
pow,jzd,Póu,n,JLC,n:mas,po!w
poo,jzd,po̰o̰,smb,JLC,,po'o'
poox,jzd,po̰o̰xh,smb,RGL,,po'o'x
polbo,jzd,pòlbo,s,RGL;RLC,,po*lbo
porra,jzd,pòrra,s,JLC;RLC;VP,,po*rra
porrana7,jzd,pòrra nà',s,RGL;RLC,,po*rra na*7
posanisa,jzd,pòsa (nisa),s,JLC;RLC,,po*sa (nisa)
poya,jzd,pòya,s,JLC;RGL,,po*ya
poderosa,jzd,poderòsa,s,RLC,,podero*sa
pokfapokfa,jzd,poc fA poc fA,smb,RGL,,pok fA pok fA
pokx,jzd,pocxh,smb,RGL,,pokx
polyomeliti,jzd,poliomelìti,s,RLC,,polyomeli*ti
poota-2,jzd,poòtà',a,EJG;ND;RLC,,poo*ta*
poo7poo7,jzd,poo' poo',smb,JLC,,poo7 poo7
porkerya,jzd,porqueriá,s,JLC;RLC,,porke-rya!
pr3spr3s,jzd,prɨs prɨs,smb,RLC,,pr3s pr3s
pr4pr4,jzd,pra̰ pra̰,smb,RGL,,pr4' pr4'
pr44,jzd,pra̰a̰,smb,RGL,,pr4'4'
praseebraaa,jzd,prA ˤ see braaa,smb,JLC,,prA : see braaa
prak1,jzd,prAc (1),smb,RGL,,prAk (1)
prak2,jzd,prAc (2),smb,RGL,,prAk (2)
pra,jzd,pra,smb,RGL,,pra
praprapra,jzd,pra pra pra,smb,RGL,,pra pra pra
prapraprapra,jzd,prá prá prá prá,smb,RLC,,pra! pra! pra! pra!
pra-2,jzd,prá̃,smb,RLC,,pra!&
praa,jzd,práa,smb,RLC,,pra!a
prakprakprak,jzd,prác prác prác,smb,RGL,,pra!k pra!k pra!k
pras7i7i7i7i7i7i7i7i7i7i,jzd,prás 'ḭ̃́̀'ḭ̃'ḭ̃'ḭ̃'ḭ̃'ḭ̃'ḭ̃'ḭ̃'ḭ̃'ḭ̃,smb,RGL,,pra!s 7&i'!`7&i'7&i'7&i'7&i'7&i'7&i'7&i'7&i'7&i'
prawprawpraw,jzd,práu práu práu,smb,RGL,,pra!w pra!w pra!w
prax,jzd,práxh,smb,RLC,,pra!x
praxpraxprax,jzd,práxh práxh práxh,smb,RLC,,pra!x pra!x pra!x
prapo,jzd,pra̰ po,smb,RGL,,pra' po
praprapra-2,jzd,pra̰ pra̰ pra̰,smb,RGL,,pra' pra' pra'
pra7spra7s,jzd,pra̰'s pra̰'s,smb,RGL,,pra'7s pra'7s
praapraapraa,jzd,pra̰a̰ pra̰a̰ prá̰a̰,smb,RGL,,pra'a' pra'a' pra'!a'
pras,jzd,pra̰s,smb,RGL,,pra's
prakaprakaprakapraka,jzd,"praca praca praca praca,̰́",smb,RGL,,"praka praka praka praka,`!"
praspra7s,jzd,pras pra's,smb,RGL,,pras pra7s
presyu,jzd,prèsiu,s,RGL;RLC,,pre*syu
prhawh7braw7braw7braw7prhawh7,jzd,prhÁhuh' brahu' brahu' brahu' prhÁhuh',smb,RGL,,prhA!wh7 braw7 braw7 braw7 prhA!wh7
priwela,jzd,prì huèla,s,JLC;RLC,,pri* we*la
primu,jzd,prìmu,s,JLC;RGL;RLC,,pri*mu
prime,jzd,primé,num,RGL;RLC;VC;VP,num:ord,pri-me!
primebyerne,jzd,primé bièrne,s,RGL;RLC,,pri-me! bye*rne
prisyon,jzd,prisión,s,RLC,,pri-syo!n
primeru,jzd,primèru,num,RGL;RLC,num:ord,prime*ru
prip,jzd,prip,smb,JLC,,prip
prisidente,jzd,prisidènte,s,RGL,,priside*nte
psppajhpsppjh,jzd,pssp paj pssp paj,smb,JLC;RGL,,ps:p pAjh ps!`:p pjh
pu7pu7,jzd,pú' pú',smb,RGL,,pu!7 pu!7
pu7dxi,jzd,pú'dxi',s,EJG;ND;RLC;VC,,pu!7dxi
pum,jzd,púm,smb,RGL;RLC,,pu!m
pulpo,jzd,pùlpo,s,RLC,,pu*lpo
pulsu,jzd,pùlsu,s,RLC,,pu*lsu
punta,jzd,pùnta,s,JAR;RGL,,pu*nta
puntagidxi,jzd,pùnta guidxi,s,JLC;ND;RLC;VP,,pu*nta gidxi
puntamarraso,jzd,pùnta marràso,s,RGL,,pu*nta marra*so
puntaxzhidxi,jzd,pùnta xhidxi,s,,,pu*nta x.zhidxi
punyu,jzd,pùñu,s,JLC,,pu*nyu
purga,jzd,pùrga,s,RGL;RLC,,pu*rga
puru,jzd,pùru,a,RLC,,pu*ru
puta,jzd,pùta,s,RLC,,pu*ta
puya,jzd,pùya,s,JAR;RLC,,pu*ya
puder,jzd,pudér,s,RGL;RLC,,pu-de!r
pulmundeche,jzd,pulmún (deche),s,RGL;RLC,,pu-lmu!n (deche)
pulullu,jzd,pululu,s,RGL,,pu-lullu
puntal,jzd,puntál,s,JLC;RLC,,pu-nta!l
puntwal,jzd,puntuál,a,RLC,,pu-ntwa!l
pure,jzd,puré,s,RGL;RLC,,pu-re!
pusentu7,jzd,pusentú',s,JLC;ND;RLC;VP,,pu-sentu!7
pulgada,jzd,pulgàda,s,RGL,,pulga*da
pulidor,jzd,pulidór,s,RGL;RLC,,puli-do!r
pulisya,jzd,pulisiá,s,JLC;RGL;RLC,,puli-sya!
pulmonya,jzd,pulmoniá,s,RLC,,pulmo-nya!
pumpumpum,jzd,pum pum pum,smb,RGL,,pum pum pum
pumada,jzd,pumàda,s,RLC,,puma*da
punsonya,jzd,punsòña,s,RGL;RLC,,punso*nya
punyete,jzd,puñète,s,JLC;RLC,,punye*te
purti7,jzd,purtí',cnj,JLC;RLC;VP,,pur +ti!7
pur,jzd,pur,prp,RLC,,pur+
putranka,jzd,putrànca,s,RGL,,putra*nka
puumpu,jzd,puùmpù',s,VC,,puu*mpu*
puumpuyu,jzd,puùmpù' yu,s,VC,,puu*mpu* yu
puupu,jzd,puupu',a,JLC;ND;VP,,puupu
puyeru,jzd,puyèru,s,RLC,,puye*ru
pwe,jzd,pué,itj,RGL;RLC,,pwe!
pwertumejiku,jzd,Puértu Méjicu,s,JLC,,pwe!rtu me!ji+ku
pwente,jzd,puènte,s,JLC;RGL;RLC,,pwe*nte
pwerta7,jzd,puertá',s,JLC;RGL;RLC;VP,,pwe-rta!7
px,jzd,pxh,smb,RGL,,px
px-2,jzd,pxhːː,smb,JLC,,px::
pxxxx,jzd,pxhxhxhxh,smb,RGL,,pxxxx
pyaanu,jzd,Piáanu,n,JLC,n:mas,pya!anu
pyesa,jzd,pièsa,s,RGL;RLC,,pye*sa
pyon,jzd,pión,s,RGL;RLC,,pyo!n
pyor,jzd,piór,a,JLC;RLC,,pyo!r
pyocha,jzd,Piòcha,n,JLC,nn:mas,pyo*cha
pyu7,jzd,piu',smb,ND,,pyu7
rrrrrrrrrrpapapapapapapapapapa,jzd,ŕ̀rrrrrrrrr pa pa pa pa pa pa pa pa pa pa,smb,JLC;RGL,,r!`rrrrrrrrr pa pa pa pa pa pa pa pa pa pa
ri7,jzd,rì',v,JLC;ND;RGL;RLC;VC;VP,vC:i,r.i*7
ri7ndani,jzd,rì' ndàni,v,EJG;RLC;VC,vC:i,r.i*7 nda*ni
ri7sisi,jzd,rì' sisì,v,JLC;VC;VP,vC:i,r.i*7 sisi*
ri7xke7la,jzd,rì' xque'la',v,EJG;JLC;RLC;VC;VP,vC:i,r.i*7 x.ke7la
ridxi,jzd,ridxi,s,EJG;JLC;ND;RGL;RLC;VP,,r.idxi
ridxigunaa,jzd,ridxi gunaa,s,RGL;RLC,,r.idxi gu-naa
ridximuzhe7,jzd,ridxi muxé',s,RGL;RLC,,r.idxi muzhe!7
ridxi7,jzd,ridxí',a,EJG;VC,,r.idxi!7
ryetekaryete,jzd,rietecà riete,clq,EJG;ND;RLC,,r.yete +ka* r.yete
ra-2,jzd,ra,prp,EJG;JLC;ND;RGL;RLC;VP,prp:loc,ra
raka,jzd,racà,prp,EJG;JLC;ND;RLC;VP,prp:loc,ra +ka*
rakaka,jzd,racàcà,prp,EJG;JLC;RLC;VP,prp:loc,ra +ka* +ka*
rakasi,jzd,racàsì,prp,JLC;RLC,prp:loc,ra +ka* +si*
rakati7,jzd,racàtí',prp,EJG;ND;RLC,prp:loc,ra +ka* +ti!7
rake,jzd,raquè,prp,EJG;JLC;RLC;VP,prp:loc,ra +ke*
rakeka,jzd,raquècà,prp,EJG;JLC;RLC;VP,prp:loc,ra +ke* +ka*
rakepe7,jzd,raquèpe',prp,EJG;JLC;ND;RLC,prp:loc,ra +ke* +pe7
raketi7,jzd,raquètí',prp,EJG;RLC,prp:loc,ra +ke* +ti!7
rakela,jzd,raquè lá,prp,RLC,prp:loc,ra +ke* la!
raagensyamunisipal,jzd,ra Agènsia Munisipál,prp,RLC,prp:loc:lf,ra age*nsya munisi-pa!l
rabyaananisa,jzd,ra biaanà' nisa,prp,JLC;RLC,prp:loc:lf,ra b.yaana* nisa
rabacheeza,jzd,ra bacheeza',prp,JLC;RLC,prp:loc:lf,ra ba-cheeza
rabidapa,jzd,ra bidapa,prp,JLC;ND,prp:loc:lf,ra bi-dapa
rabizeyooxo,jzd,ra bizè yooxho',prp,RGL;RLC,prp:loc:lf,ra bi-ze* yooxo
rabombanisadegete7,jzd,ra bòmba nisa de gueté',prp,RLC,prp:loc:lf,ra bo*mba nisa de g.ete!7
rabombanisadenezagya7,jzd,ra bòmba nisa de neza guià',prp,RLC,prp:loc:lf,ra bo*mba nisa de neza gya*7
rachu7barrenu,jzd,ra chú' barrènu,prp,RGL;RLC,prp:loc:lf,ra chu!7 barre*nu
radxa7gi,jzd,ra dxà' gui,prp,RGL;RLC,prp:loc:lf,ra dxa*7 gi
ragyonna,jzd,ra guiónna,prp,JLC,"prp:loc:lf, num:ord",ra g.yo!nna
ragyonna7,jzd,ra guionná',prp,JLC;VP,"prp:loc:lf, q:set",ra g.yonna!7
ragidapa7,jzd,guidapá',prp,JLC;ND;VP,"prp:loc:lf, q:set",ra gi-dapa!7
ragiigu,jzd,ra guiigu',prp,RLC,prp:loc:lf,ra giigu
ragiiruyabe,jzd,ra guiiru' yàbe,prp,RLC,prp:loc:lf,ra giiru ya*be
raguluuzakaye,jzd,ra guluuza' càye,prp,RGL;RLC,prp:loc:lf,ra gu-luuza ka*ye
ragureza,jzd,ra guréza,prp,JLC;RLC,prp:loc:lf,ra gu-re!za
ragurezagi7xi,jzd,ra guréza gui'xhi',prp,JLC,prp:loc:lf,ra gu-re!za gi7xi
rai,jzd,ra ì,prp,RLC,prp:loc:lf,ra i*
rakweba,jzd,ra cuèba,prp,JLC,prp:loc:lf,ra kwe*ba
ralaga,jzd,ra laga,prp,EJG;JLC;RLC,prp:loc:lf,ra laga
rale7,jzd,ra le',prp,EJG;JLC;RLC,prp:loc:lf,ra le7
ralidxiyooxti7ka7ejidataryu,jzd,ra Lidxi Yoo Xtì' Ca' Ejidatàriu,prp,RLC,prp:loc:lf,ra lidxi yoo x.ti*7 ka7 ejidata*ryu
ramigrasyon,jzd,ra Migrasión,prp,RLC,prp:loc:lf,ra migra-syo!n
ranakabegunaa,jzd,ra nacàbe gunaa,prp,RLC,prp:loc:lf,ra n.aka* +be* gu-naa
ranabezaka7belukolonya,jzd,ra nabezàcabe lu colòña,prp,RLC,prp:loc:lf,ra na-beza* +ka7 +be* lu kolo*nya
ranadiibazhigaike,jzd,ra nadiiba' xiga ique,s,,,ra na-d.iiba zhiga ike
ranari7nigidxilayu,jzd,ra narí'ni' guidxi layu,prp,JLC;VC,prp:loc:lf,ra na-ri!7ni gidxi la=yu
ranyaa,jzd,ra ñaa,prp,JLC;RGL;RLC,prp:loc:lf,ra nyaa
rapalasyu,jzd,ra Palàsiu,prp,RGL;RLC,prp:loc:lf,ra pala*syu
rapantyon,jzd,ra pantión,prp,JLC;RLC,prp:loc:lf,ra pan-tyo!n
rapwerta7yoo,jzd,ra puertá' yoo,prp,JLC;RLC,prp:loc:lf,ra pwe-rta!7 yoo
rara7tabinniwara,jzd,ra ra'ta' binnì huara,prp,JLC;RLC,prp:loc:lf,ra r.a7ta binni* wa-ra
rarachebizu,jzd,ra rache bizu,prp,JLC;RLC,prp:loc:lf,ra r.ache bizu
rarakadxiinya,jzd,ra raca dxiiña',prp,EJG;JLC;ND;RLC,prp:loc:lf,ra r.aka dxiinya
rarakasaa,jzd,ra raca saa,prp,EJG;RGL;RLC,prp:loc:lf,ra r.aka saa
rarandagixe,jzd,ra randà guixhe,prp,RGL;RLC,prp:loc:lf,ra r.anda* gixe
raratiyuze,jzd,ra rati yùzè,prp,JLC;RLC,prp:loc:lf,ra r.ati yu*ze*
rarikamani7,jzd,ra rica maní',prp,RGL;RLC,prp:loc:lf,ra r.i-ka mani!7
raroyaabi7ku,jzd,ra ro yaa bi'cu',prp,RLC,prp:loc:lf,ra r.o yaa bi7ku
rarukiichibeenda,jzd,ra ruquiichi' beenda',prp,RLC,prp:loc:lf,ra r.u-kiichi beenda
rarukiichibizu,jzd,ra ruquiichi' bizu,prp,RLC,prp:loc:lf,ra r.u-kiichi bizu
rarukiichimanizhubi,jzd,ra ruquiichi' maní' xúbi,prp,RLC,prp:loc:lf,ra r.u-kiichi mani!' zhu!bi
rarutooka7begendaro,jzd,ra rutooca'be guendaro,prp,RLC,prp:loc:lf,ra r.u-too +ka7 +be* genda+ r.o
rarutooka7benisadxu7ni,jzd,ra rutooca'be nisa dxú'ni',prp,RLC,prp:loc:lf,ra r.u-too +ka7 +be* nisa dxu!7ni
raruzuwaadxi,jzd,ra ruzuhuaadxì',prp,JLC;RLC,prp:loc:lf,ra r.u-zu=waa=dxi*
rarunika7begetadxaa,jzd,ra runicabe gueta dxaà,prp,RLC,prp:loc:lf,ra r.uni +ka7 +be* geta dxaa*
raryabanisa,jzd,ra riaba nisa,prp,JLC;RLC,prp:loc:lf,ra r.yaba nisa
raryonna,jzd,ra rionna,prp,VP,prp:loc:lf,ra r.yonna
raryuusaa,jzd,ra riuu saa,prp,RGL;RLC,prp:loc:lf,ra r.yuu saa
rari7rarika7,jzd,ra rí' ra rikcá',prp,EJG;RLC,prp:loc:lf,ra ri!7 ra+ rika!7
rari7,jzd,ra rì',prp,EJG;JLC;RLC;VP,prp:loc:lf,ra ri*7
rari7ka,jzd,ra rì'cà',prp,JLC;RLC,prp:loc:lf,ra ri*7 +ka*
rari7kake,jzd,ra rì'cà' què,prp,JLC;RLC;VP,prp:loc:lf,ra ri*7 +ka* +ke*
rari7pe7,jzd,ra rì'pe',prp,EJG;JLC;ND;RLC;VP,prp:loc:lf,ra ri*7 +pe7
rari7si,jzd,ra rì'sì',prp,EJG;RLC,prp:loc:lf,ra ri*7 +si*
rari7ti7,jzd,ra rì'tí',prp,EJG;JLC;RLC;VP,prp:loc:lf,ra ri*7 +ti!7
raridanisa,jzd,ra ridà nisa,prp,JLC;RLC,prp:loc:lf,ra ri-da* nisa
raridapa,jzd,ra ridapa,prp,JLC;ND;VP,prp:loc:lf,ra ri-dapa
raridindebeewunegubidxa,jzd,ra ridindè beeù' nè gubidxa,prp,RLC;VP,prp:loc:lf,ra ri-dinde* beewu* ne* gu-bidxa
rariguuyabe,jzd,ra riguu yàbe,prp,RGL;RLC,prp:loc:lf,ra ri-g.uu ya*be
rarigaachige7tu,jzd,ra rigaachi' gue'tu',prp,RLC,prp:loc:lf,ra ri-gaachi ge7tu
rarige7binni,jzd,ra riguè' binnì,prp,RGL;RLC,prp:loc:lf,ra ri-ge*7 binni*
rarigibaka7belari,jzd,ra riguibàca'be lari,prp,RLC,prp:loc:lf,ra ri-giba* +ka7 +be* lari
rarigiteka7bebolla,jzd,ra riguitecabe bòla,prp,RLC,prp:loc:lf,ra ri-gite +ka7 +be* bo*lla
rarigiteka7befutbol,jzd,ra riguitecabe fút ból,prp,RLC,prp:loc:lf,ra ri-gite +ka7 +be* fu!t bo!l
rarikaaka7begas,jzd,ra ricaàca'be Gás,prp,RLC,prp:loc:lf,ra ri-kaa* +ka7 +be* ga!s
rarindanilaya,jzd,ra rindani laya,prp,JLC;RLC,prp:loc:lf,ra ri-ndani laya
rarindaninisa,jzd,ra rindani nisa,prp,JLC;RLC,prp:loc:lf,ra ri-ndani nisa
rarireezidi,jzd,ra riree zidi,prp,JLC;RLC,prp:loc:lf,ra ri-r.ee zidi
rarirezalayu,jzd,ra rireza layu,prp,JLC,prp:loc:lf,ra ri-reza la=yu
rariropa,jzd,ra riropa,prp,VP,"prp:loc:lf, num:ord",ra ri-ropa
rariziidika7be,jzd,ra riziidi'cabe,prp,RLC,prp:loc:lf,ra ri-ziidi +ka7 +be*
rariziidika7bekinder,jzd,ra riziidi'cabe quìnder,prp,RLC,prp:loc:lf,ra ri-ziidi +ka7 +be* ki*nder
rarika7,jzd,ra ricá',prp,EJG;JLC;RLC;VP,prp:loc:lf,ra rika!7
rarika7ka,jzd,ra ricá'cà,prp,RLC;VP,prp:loc:lf,ra rika!7 +ka*
rarika7ke,jzd,ra ricá'què,prp,RLC;VP,prp:loc:lf,ra rika!7 +ke*
rasentrodesalud,jzd,ra Sèntro de Salúd,prp,RLC,prp:loc:lf,ra se*ntro de sa-lu!d
ratemplugi7xi,jzd,ra Tèmplu Gui'xhi',prp,RLC,prp:loc:lf,ra te*mplu gi7xi
ratempluxti7ka7bangelyukompletu,jzd,ra Tèmplu xtì' ca Banguèliu Complètu,prp,RLC,prp:loc:lf,ra te*mplu x.ti*7 ka7 bange*lyu komple*tu
ratiisi,jzd,ra tiisì',prp,JLC;RLC,prp:loc:lf,ra tii +si*
rayooskwella,jzd,ra yoo scuèla,prp,RLC,prp:loc:lf,ra yoo skwe*lla
rayu7duwiinixti7pasyonkalero,jzd,ra yu'du' huiini' xtì' Pasiòn Calèro,prp,RLC,prp:loc:lf,ra yu7du wiini x.ti*7 pasyo*n kale*ro
rayu7duxti7santacrustresdemayu,jzd,ra yu'du' xtì' Sànta Crús Trés de Màyu,prp,RLC,prp:loc:lf,ra yu7du x.ti*7 sa*nta cru!s tre!s de ma*yu
razhi,jzd,ra xi,prp,EJG;RLC,prp:loc:lf,ra zhi
razhii,jzd,ra xii,prp,RGL;RLC,prp:loc:lf,ra zhii
raw,jzd,Ráu,n,JLC,n:mas,ra!w
rafa,jzd,Ràfa,n,JLC,n:mas,ra*fa
ralu,jzd,ràlu,a,RGL;RLC,,ra*lu
rama,jzd,ràma,s,JLC;RLC,,ra*ma
ramu,jzd,ràmu,s,RLC,,ra*mu
rasa1,jzd,ràsa,s,RGL;RLC,,ra*sa
rasa2,jzd,ràsa,s,RGL;RLC,,ra*sa
rasakegikiinye,jzd,ràsa qué guiquíiñe,s,RGL;RLC,,ra*sa ke! gi-k.i!inye
rasanawati,jzd,ràsa nahuatì,s,RGL;RLC,,ra*sa na-wati*
ratu,jzd,ràtu,s,JLC,,ra*tu
raw7raw7,jzd,ràu' ràu',smb,JLC;RGL,,ra*w7 ra*w7
raya,jzd,ràya,s,RLC,,ra*ya
rayu,jzd,ràyu,s,EJG;JLC;RLC;VP,,ra*yu
rakayaapabyaani,jzd,ra cayáapa' biaani',prp,RLC,prp:loc:lf,ra+ ka-y.a!apa b.y.aani
rastriw,jzd,rastríu,s,JLC;RLC,,ra-stri!w
raa-2,jzd,raa,av,JLC,av:loc,raa
raaraa,jzd,raa raa,smb,JLC,,raa raa
raa-3,jzd,raà,a,EJG;JLC;ND;RLC,,raa*
raa7raa7,jzd,raa' raa',smb,JLC,,raa7 raa7
raaya-2,jzd,raaya',a,JLC;ND;RLC,,raaya
rabonchuku,jzd,rabón (chucu),s,RGL;RLC,,rabo!n (chuku)
rabona,jzd,rabòna,s,RGL;RLC,,rabo*na
racha-2,jzd,racha,a,EJG;JLC;ND;RGL;RLC;VP,,racha
racha7,jzd,rachá',a,EJG;RLC,a:dv1b,racha!7
ramada,jzd,ramàda,s,JLC,,rama*da
ranchera,jzd,ranchèra,s,RGL;RLC,,ranche*ra
ranchugubinya,jzd,Ranchu Gubìña,s,JLC;VP,,ranchu (gu-)bi*nya
rangu,jzd,rangù,a,EJG;VC;VP,,rangu*
raw7raw7raw7,jzd,rahu' rahu' rahu',smb,RGL,,raw7 raw7 raw7
raxtrojo,jzd,raxhtròjo,s,JLC,,raxtro*jo
rayadu,jzd,rayàdu,a,JLC,,raya*du
razhi-2,jzd,raxi,a,EJG;JLC;ND,,razhi
rew,jzd,réu,s,JLC,,re!w
reja,jzd,rèja,s,RLC,,re*ja
relle,jzd,rèlè,s,JLC;RLC,,re*lle*
renda-2,jzd,rèndà,a,JLC;RLC;VP,a:dv1a,re*nda*
renku,jzd,rèncu,a,JLC;RLC,,re*nku
resyu,jzd,rèsiu,a,JLC;RLC,,re*syu
resa,jzd,resá,s,RLC,,re-sa!
rebyata,jzd,rebiàta,s,RGL;RLC,,rebya*ta
redondo,jzd,redòndò,s,RGL;RLC,,redo*ndo*
redxe7,jzd,redxé',a,EJG;JLC;ND;RGL;RLC,,redxe!7
reeche-2,jzd,reèchè',a,EJG;JLC;ND;RGL;RLC;VP,a:dv1a,ree*che*
reechendase-2,jzd,reèchè' ndase,a,EJG;JLC;ND;RLC;VP,a:dv1a,ree*che* nd.ase
reela-2,jzd,reèlà',a,EJG;JLC;ND;VC,a:dv1a,ree*la*
reenkeseboya,jzd,reènquè' sebòya,clq,RGL;RLC,,ree*nke* sebo*ya
reela-3,jzd,reelà',a,EJG;RLC;VP,,reela*
reesu,jzd,Reesu',n,JLC,n:mas,reesu
refafu,jzd,refàfu,s,JLC;RLC,,refa*fu
refletor,jzd,refletór,s,RGL;RLC,,refle-to!r
regadera,jzd,regadèra,s,JLC;RLC,,regade*ra
relo,jzd,reló,s,RLC,,relo!
remedyu,jzd,remèdiu,s,JLC;RGL;RLC,,reme*dyu
remyendu,jzd,remièndu,s,JLC;RLC,,remye*ndu
repeyu,jzd,repèyu,s,RGL;RLC,,repe*yu
resadora,jzd,resadòra,s,RLC,,resado*ra
resistol,jzd,resistól,s,JAR;RLC,,resis-to!l
rexe,jzd,rexhe,s,JLC,,rexe
reyenu,jzd,reyènu,s,RLC,,reye*nu
rhrhrhrhrhrrum,jzd,rhrhrhrhrhrrum,smb,RGL,,rhrhrhrhrhrrum
rigola,jzd,rí gola,a,EJG;JLC;RLC;VC;VP,,ri! gola
riryaku,jzd,rí riàcu,a,JLC;RLC;VC,,ri! r.ya*ku
ri7ni,jzd,rí'ni',a,EJG;JLC;ND;RGL;RLC;VP,,ri!7ni
riwu,jzd,Ríu,n,JLC,n:fam,ri!wu
ri7-2,jzd,rì',dem,EJG;ND;RLC;VC;VP,,ri*7
ri7ka7,jzd,rì'cá',dem,VP,dem:dir,ri*7 +ka!7
ri7rika7,jzd,rì' rica',av,EJG;JLC;VC,,ri*7 ri+ +ka7
ri7zhya,jzd,rì' xià,v,EJG;VC,vC:i,ri*7 zhya*
ridxi7-2,jzd,ridxì',av,EJG;JLC;ND;RLC;VC;VP,,ri+ dxi*7
rizhidxinde,jzd,rixidxi nde,s,RLC,,ri-zhidxi nde
riga-2,jzd,riga,s,EJG;JLC;RLC;VC,,riga
rigalu,jzd,riga lu,s,EJG;RLC,,riga lu
rigambyo7xo,jzd,riga mbió'xho',s,EJG;JLC;ND;RLC;VP,,riga mb.yo!7xo
rii,jzd,rii,s,EJG;JLC;ND;RLC;VP,,rii
riindo7pa,jzd,rii ndó'pa',s,RLC,,rii ndo!7pa
rini-2,jzd,rini,s,EJG;JLC;ND;RLC;VP,,rini
ripi-2,jzd,ripi,a,JLC;ND,,ripi
riri71,jzd,rirí' [1],a,EJG;JLC;ND;RLC;VP,,riri!7
riri72,jzd,rirí' [2],a,EJG;JLC;ND;RLC;VP,,riri!7
rizi7,jzd,rizì',s,EJG;VC,,rizi*7
ro7,jzd,ró',a,EJG;JLC;ND;RGL;RLC;VP,a:dv1b,ro!7
ro7ba,jzd,ró'ba',a,EJG;JLC;RGL;RLC;VP,a:dv1b,ro!7ba
roosa,jzd,Róosa,n,JLC,n:mas,ro!osa
roncha,jzd,ròncha,s,JLC;RLC,,ro*ncha
ronda1,jzd,rònda,s,RLC,,ro*nda
ronda2,jzd,rònda,s,RLC,,ro*nda
rosasebe,jzd,Ròsa Sèbe,n,JLC,nn:fam,ro*sa se*be
rosatachu,jzd,Ròsa Tàchu,n,JLC,nn:fam,ro*sa ta*chu
rosateru7,jzd,Ròsa Terú',n,RLC,n:fem,ro*sa teru!7
rosawiini,jzd,Ròsa Huiini',n,JLC;RLC,nn:mas,ro*sa wiini
rosazholla,jzd,Ròsa Xòla,n,JLC;RLC,nn:mas,ro*sa zho*lla
roska,jzd,ròsca,s,RGL;RLC,,ro*ska
royu,jzd,ròyu,s,RLC,,ro*yu
roballu,jzd,robàlu,s,JLC,,roba*llu
rolla-2,jzd,rolà,a,EJG;RLC,,rolla*
ronda7-2,jzd,rondá',num,JLC,"num, q",ronda!7
roo-2,jzd,roo,a,EJG;ND;RGL,,roo
roolo,jzd,roòlò',s,RLC,,roo*lo*
roonde,jzd,roòndè',a,EJG,,roo*nde*
roonde-2,jzd,roondè',s,EJG;JLC;RLC,,roonde*
roote-2,jzd,rootè',a,RLC,,roote*
rosadu1,jzd,rosàdu,a,JLC,,rosa*du
rosadu2,jzd,Rosàdu,n,JLC,n:fam,rosa*du
rrun,jzd,rr̀ún,smb,RGL;RLC,,rr*::u!n`
rr3mrr3mrr3m,jzd,rɨm rrɨm rrɨm,smb,RLC,,rr3m rr3m rr3m
rrak,jzd,rAc,smb,RGL,,rrAk
rra,jzd,ra,smb,JLC,,rra
rrarra,jzd,rrá rrá,smb,EJG;JLC;RLC,,rra! rra!
rrahrrahrrahrrahrrah,jzd,rá̤ rrá̤ rrá̤ rrá̤ rrá̤,smb,RLC,,rra!H rra!H rra!H rra!H rra!H
rrak-2,jzd,rác,smb,JLC;RLC,,rra!k
rrabano,jzd,ràbano,s,,,rra*ba-no
rrama,jzd,ràma,s,,,rra*ma
rramawiini,jzd,ràma huiini',s,,,rra*ma wiini
rrah,jzd,ra̤ˤ,smb,RLC,,rra:H
rraarraa,jzd,raa rraa,smb,JLC,,rraa rraa
rramon,jzd,ramón,s,,,rramo!n
rramonera,jzd,ramonèra,s,,,rramone*ra
rrasgadu,jzd,Rasgàdu,n,JLC,n:fam,rrasga*du
rrawrraw,jzd,rau rrau,smb,RGL;RLC,,rraw rraw
rraw7rraw7,jzd,rrau' rrau',smb,RGL;RLC,,rraw7 rraw7
rrerre,jzd,rre rre,smb,JLC,,rre rre
rre7rre7,jzd,rré' rré',smb,EJG;JLC;RGL;RLC,,rre!7 rre!7
rrechu,jzd,rèchu,a,EJG;VC,,rre*chu
rreempa,jzd,rrémpà,a,EJG;JLC;RLC,,rree*mpa*
rreenke,jzd,reènquè',s,EJG;JLC;RGL;RLC;VP,,rree*nke*
rregerrege,jzd,regue rregue,smb,,,rrege rrege
rrenkin,jzd,renquín,s,EJG,,rrenki!n
rrepoyo,jzd,repòyo,s,,,rrepo*yo
rrinrrin,jzd,rín rrín,smb,RGL,,rri!n rri!n
rrin,jzd,rínːː,smb,RGL,,rri!n::
rrosa,jzd,Ròsa,n,JLC;RLC,n:mas,rro*sa
rromeru,jzd,romèru,s,,,rrome*ru
rrr,jzd,rr,smb,,,rrr
rrrremem,jzd,rrr em em,smb,RGL,,rrrr em em
rrrraa,jzd,rrraa,smb,RGL,,rrrraa
rrrrrr,jzd,rrrrr,smb,RGL,,rrrrrr
rrrrrrrrrrrrrrrr,jzd,"rrrrrr rrr rrr rrr,̰́",smb,RGL,,"rrrrrrr rrr rrr rrr,`!"
rruturrurr,jzd,ru tu rru rrːːːːːː,smb,RLC,,rru tu rru rr :: :: ::
rrum,jzd,rúm,smb,RGL,,rru!m
rrunrrun-2,jzd,rún rrún,smb,JLC;RLC,,rru!n rru!n
rruumrruumpruum,jzd,rúum rrúum prúum,smb,RGL,,rru!um rru!um pru!um
rruku,jzd,rùcu,a,RGL;RLC,,rru*ku
rruzaa,jzd,ruzaà,a,JLC,,rru-zaa*
rrukurruku,jzd,rrucu rrucu,smb,VC,,rruku rruku
rrumrrumrrum,jzd,rumːː rrumːː rrumːː,smb,RLC,,rrum:: rrum:: rrum::
rruuchi1,jzd,ruùchì',s,EJG;JLC,,rruu*chi*
rruuchi2,jzd,ruùchì',s,EJG;VP,,rruu*chi*
ru,jzd,ru,s,EJG;JLC;ND;RGL;RLC;VP,,ru
ruba7du,jzd,ru ba'du',s,JLC;RLC,,ru ba7du
rubi7ku,jzd,ru bi'cu',s,RLC,,ru bi7ku
rubidxi,jzd,ru bidxi,s,RLC,,ru bidxi
runeflema,jzd,ru nè flèma,s,,s:lf,ru ne* fle*ma
runextallemuku,jzd,ru nè xtalè mucu,s,RLC,s:lf,ru ne* x.talle* muku
ruro7,jzd,ru ró',s,RLC,,ru ro!7
ruxti7dxiibigidxa,jzd,ru xtì' dxiìbì' guidxa,s,RLC,s:lf,ru x.ti*7 dxii*bi* gidxa
ruxti7geza,jzd,ru xtì' gueza,s,RLC,s:lf,ru x.ti*7 geza
ru7na,jzd,rú'na',a,ND;VC,a:dv1b,ru!7na
ruku-2,jzd,rúcu,a,JLC;ND;RLC,a:dv1b,ru!ku
ruumruum,jzd,rúum rúum,smb,RGL,,ru!um ru!um
rungu-2,jzd,rùngù,a,RLC,a:dv1a,ru*ngu*
ruba-2,jzd,ruba,s,EJG;JLC;ND;RLC;VP,,ruba
ruku-3,jzd,rucu,a,EJG;JLC;ND;RGL;RLC,,ruku
rungu-3,jzd,rungù,a,JLC;RGL;VC,,rungu*
ruperu,jzd,rupèru,s,RGL;RLC,,rupe*ru
ruuzhe-2,jzd,ruùxè',a,EJG;JLC;RGL,a:dv1a,ruu*zhe*
ruxi-2,jzd,ruxhì,a,JLC,,ruxi*
rwango,jzd,ruángo,a,JLC;RLC,,rwa!ngo
rwaaritiiba,jzd,ruaa (rí) tiiba',s,EJG;ND;RLC;VC,s:lf,rwaa (ri!) tiiba
rwaa1,jzd,ruaa,s,EJG;JLC;ND;RGL;RLC;VP,,rwaa
rwaa2,jzd,ruaa,s,EJG;ND;RGL;RLC;VP,s:rel,rwaa
rwaabeche7,jzd,ruaa beché',s,EJG;RLC,,rwaa beche!7
rwaabeelalu,jzd,ruaa beelà' lu,s,RGL;RLC,,rwaa beela* lu
rwaachaande,jzd,ruaa chaande',s,EJG;RGL;RLC,,rwaa chaande
rwaadidi,jzd,ruaa didì,s,EJG;JLC;RLC,,rwaa didi*
rwaadxe7,jzd,ruaa dxe',s,EJG;RGL;RLC,,rwaa dxe7
rwaadyaga,jzd,ruaa diaga,s,RGL;RLC,,rwaa dyaga
rwaagayu,jzd,ruaa gàyu,s,RGL;RLC,,rwaa ga*yu
rwaagiigu,jzd,ruaa guiigu',s,RLC,,rwaa giigu
rwaakeenge,jzd,ruaa queengue',s,VC,,rwaa keenge
rwaalaga,jzd,ruaa laga,s,EJG;RLC,,rwaa laga
rwaalagalugya7,jzd,ruaa laga luguià',s,RGL;RLC,,rwaa laga lu=gya*7
rwaalagazhagete7,jzd,ruaa laga xagueté',s,RGL;RLC,,rwaa laga zha=g.ete!7
rwaalote,jzd,ruaa lotè,s,EJG;ND;RLC,,rwaa lote*
rwaamani7chuga,jzd,ruaa maní'chu'ga,s,RGL;RLC,,rwaa mani!7=chuga
rwaanuusi,jzd,ruaa nuùsì',s,EJG;RLC,s:lf,rwaa n.uu* +si*
rwaande,jzd,ruaa nde,s,RGL;RLC,,rwaa nde
rwaapaapa,jzd,ruaa paapa',s,EJG;JLC;ND;RGL;RLC;VP,,rwaa paapa
rwaapantalon,jzd,ruaa pantalón,s,JLC;RLC,,rwaa panta-lo!n
rwaapiiru,jzd,ruaa piiru',s,RLC,,rwaa piiru
rwaarazhi,jzd,ruaa raxi,s,RLC,,rwaa razhi
rwaarinayeche7,jzd,ruaa rí nayeché',s,JLC;RLC,s:lf,rwaa ri! na-yeche!7
rwaaroo,jzd,ruaa roo,s,EJG;ND;RGL;RLC,,rwaa roo
rwaasa,jzd,ruaa sa,s,EJG;RLC;VC,,rwaa sa
rwaataaba,jzd,ruaa taaba',s,JLC;RGL;RLC,,rwaa taaba
rwaateede,jzd,ruaa teedè',s,RGL;RLC,,rwaa teede*
rwaaxkurrgi7,jzd,ruaa xcurrgui',s,RLC,,rwaa x.kurr=gi7
rwaaxya,jzd,ruaa xhià,s,EJG;ND;RLC;VC,,rwaa xya*
rwaayaabi,jzd,ruaa yaabi',s,JLC;RLC,,rwaa yaabi
rwaayeche7,jzd,ruaa yeché',s,RLC,,rwaa yeche!7
rwaayelle7,jzd,ruaa yelé',s,EJG;ND;RGL;RLC,,rwaa yelle!7
rwaayuzhe,jzd,ruaa yuxe,s,EJG;RLC,,rwaa yuzhe
rwaazhubi,jzd,ruaa xubi,s,RGL;RLC,,rwaa zhubi
rwaazuumba,jzd,ruaa zuumba',s,EJG;ND;RLC,,rwaa zuumba
rwaalaga-2,jzd,ruaalàga,s,RGL;RLC,,rwaa=la*ga
rweeda,jzd,rueèdà',s,JLC;RGL;RLC;VP,,rwee*da*
rwidu,jzd,ruìdu,s,RLC;VP,,rwi*du
ryekezha7na,jzd,riễque xa'na',smb,RLC,,rye^&ke zha7na
ss,jzd,s s,smb,JLC,,s s
ssss,jzd,s s s s,smb,JLC,,s s s s
szum,jzd,s zum,smb,RGL,,s zum
ssuudi,jzd,suudì',s,EJG;RLC;VP,,s.suudi*
stalle,jzd,stalè,q,ND;VP,,s.t.alle*
staani,jzd,staanì',s,RLC;VP,s:pos,s.taani*
ste,jzd,ste,s,RLC;VP,s:pos,s.te
stubi,jzd,stubì,a,ND;VP,,s.tubi*
s3m7,jzd,sɨm',smb,JLC,,s3m7
s3ss3ss3s,jzd,sɨs sɨs sɨs,smb,RLC,,s3s s3s s3s
s3ss3ss3s-2,jzd,sɨsˤ sɨsˤ sɨsˤ,smb,RLC,,s3s: s3s: s3s:
s,jzd,sːːːː,smb,RLC;RLL,,s:: ::
s-2,jzd,sːːːːːːːː,smb,RLC,,s:: :: :: ::
s6h,jzd,sːːːːːːːː əh,smb,RLC,,s:: :: :: :: 6h
szaginye7lii,jzd,sːːːːːː za guíñé' lii,itj,RLC,,s:: :: :: za gi!nye!7 lii
sssah,jzd,sːːːː sːːːː sːːːː a̤,smb,RLC,,s:: :: s:: :: s:: :: aH
seh,jzd,sːː e̤,smb,RLC,,s:: eH
spsp,jzd,sːː p sːː p,smb,RLC,,s:: p s:: p
sum,jzd,sːːúm,smb,RLC,,s::u!m
sumsum,jzd,sˤúm sˤúm,smb,RGL,,s:u!m s:u!m
sikisikisiki,jzd,sIcI sIcI sIcI,smb,RGL,,sIkI sIkI sIkI
sa1,jzd,sa,a,EJG;ND;VC,"a, dsp",sa
sa2,jzd,sa,prt,EJG;ND,,sa
sasasassas,jzd,sa sa sas sas,smb,RGL,,sa sa sas sas
sa7mpa,jzd,sá'mpa',a,JLC;RLC,,sa!7mpa
saasaa,jzd,sáa sáa,smb,JLC,,sa!a sa!a
sanjamayorckph,jzd,Sánja Mayór,s,JLC,,sa!nja mayo!r  CK-PH
sas,jzd,sásˤ,smb,RLC,,sa!s:
sasssasssasssass,jzd,sássːːsássːːsássːː sássːː,smb,RLC,,sa!ss::sa!ss::sa!ss:: sa!ss::
sabadu,jzd,sàbadu,s,JLC;RGL;RLC,,sa*ba+du
saku,jzd,sàcu,s,JLC;RGL;RLC,,sa*ku
sanja,jzd,sànja,s,JLC;RLC,,sa*nja
sanjaro7,jzd,sànja ró',s,JLC;RLC,,sa*nja ro!7
sanjaxkurrgi7,jzd,sànja xcurrgui',s,RGL;RLC,,sa*nja x.kurr=gi7
sapi,jzd,sàpi,a,JLC;RLC,,sa*pi
sabor,jzd,sabór,s,RGL,,sa-bo!r
samboko,jzd,samboco,s,EJG;JLC;ND;RGL;RLC;VP,,sa-mboko
sanfan,jzd,sanfán,s,JLC;RLC;VP,,sa-nfa!n
santyaagu,jzd,santiáagu,s,JLC;RLC;VP,,sa-ntya!agu
sarten,jzd,sartén,s,RGL;RLC,,sa-rte!n
sa,jzd,saˤ,smb,,,sa:
saa,jzd,saa,s,EJG;JLC;ND;RGL;RLC;VP,,saa
saagendaxxeela,jzd,saa (g)(e)ndaxheela',s,RGL;RLC,,saa (g)(e)nda+ x.xeela
saagidxi,jzd,saa guidxi,s,JLC;RGL;RLC,,saa gidxi
saakubi,jzd,saa cùbi,s,RLC,,saa ku*bi
saaro7,jzd,saa ró',s,JLC;RLC,,saa ro!7
saasanfransisku,jzd,saa sanfransìscu,s,RGL;RLC,,saa sa-nfra-nsi*sku
saasanpedru,jzd,saa sanpèdru,s,RGL;RLC,,saa sa-npe*dru
saaxti7bido7,jzd,saa xtì' bido',s,RGL;RLC,,saa x.ti*7 bi-do7
sabalote,jzd,sabalòte,s,,,sabalo*te
sabizendegola,jzd,Sabizènde Gola,s,JLC,,sabize*nde gola
saderumani7,jzd,sadèru maní',s,RGL,,sade*ru mani!7
saka-2,jzd,saca,s,EJG;JLC;ND;RLC;VP,,saka
sakapasesakapasesakapaseu,jzd,saca pase saca pase saca pase ú,smb,RGL,,saka pase saka pase saka pase u!
sakatukachu,jzd,sacatucáchu,s,JLC,,sakatu-ka!chu
sakrixtan,jzd,sakrixhtán,s,RGL;RLC,,sakri-xta!n
saltin,jzd,Saltín,n,,n:ani,sal-ti!n
sandunga,jzd,sandùnga,s,RGL,,sandu*nga
sanjeronimo,jzd,Sanjerònimo,s,VP,,sanje-ro*ni+mo
sankudu1,jzd,sancùdu,s,JLC,,sanku*du
sankudu2,jzd,Sancùdu,n,JLC,nn:mas,sanku*du
santamaryazhadanilula7,jzd,Santa Mariá Xadanì Lulá',s,RGL,,santama-rya! zha=dani* lu-la!7
santeburru,jzd,santebùrru,s,JLC,,santebu*rru
santyagu,jzd,Santiàgu,n,JLC,n:mas,santya*gu
sapatu,jzd,sapàtu,s,RGL;RLC,,sapa*tu
sapatiya,jzd,sapatìya,s,RGL;RLC,,sapati*ya
sarampyon,jzd,sarampión,s,RGL;RLC,,sara-mpyo!n
sarampyonzhinya7,jzd,sarampión xiñá',s,RLC,,sara-mpyo!n zhi-nya!7
sarampyonmoradu,jzd,sarampión moràdu,s,RGL;RLC,,saram-pyo!n mora*du
sardina,jzd,sardìna,s,JLC,,sardi*na
sas-2,jzd,sas,smb,RGL,,sas
sassas,jzd,sas sas,smb,JLC,,sas sas
sassassassas,jzd,sasˤsasˤsasˤsasˤ,smb,RLC,,sas:sas:sas:sas:
sayulla,jzd,Sayùla,n,,n:ani,sayu*lla
seebe,jzd,Séebe,n,JLC,n:mas,se!ebe
seku,jzd,sécu,s,RLC,,se!ku
sebu,jzd,sèbu,s,JLC;RLC,,se*bu
seja,jzd,sèja,s,RLC,,se*ja
sentru,jzd,sèntru,s,JLC;RLC,,se*ntru
senya,jzd,sèña,s,RGL;RLC,,se*nya
senyandaanibatana7,jzd,sèña ndaani' bata nà',s,RGL;RLC,,se*nya ndaani bata na*7
senyandaanibatanyee,jzd,sèña ndaani' bata ñee,s,RGL;RLC,,se*nya ndaani bata nyee
sera,jzd,sèra,s,RGL;RLC,,se*ra
sercha,jzd,sèrcha,s,RGL,,se*rcha
sesu,jzd,sèsu,s,RLC,,se*su
seyu,jzd,sèyu,s,JLC;RLC,,se*yu
sebu-2,jzd,sebú,s,JLC;VC,,se-bu!
semya,jzd,semiá,s,,,se-mya!
sepiw,jzd,sepíu,s,JAR;JLC;RGL;RLC,,se-pi!w
seboya,jzd,sebòya,s,,,sebo*ya
see,jzd,see,a,RLC,,see
segeta,jzd,seguèta,s,RGL,,sege*ta
segundu,jzd,segùndu,num,RGL;RLC,num:ord,segu*ndu
seguru1,jzd,segùru,s,RGL;RLC;VP,,segu*ru
seguru2,jzd,segùru,a,RGL;RLC;VP,,segu*ru
selebru,jzd,selèbru,s,RGL;RLC,,sele*bru
seloso,jzd,selòso,a,RGL;RLC,,selo*so
semana,jzd,semàna,s,RGL;RLC;VP,,sema*na
sensiw,jzd,sensíu,a,JLC;RLC,,sen-si!w
sendedor,jzd,sendedór,s,RGL;RLC,,sende-do!r
sentabu,jzd,sentàbu,s,JLC,,senta*bu
sentenaryu,jzd,sentenàriu,s,RGL;RLC,,sentena*ryu
sentimetru,jzd,sentìmetru,s,JAR;RGL;RLC,,senti*me-tru
serawa,jzd,seràhua,s,JLC;RLC,,sera*wa
seresa,jzd,serèsa,s,,,sere*sa
serruchu,jzd,serrùchu,s,JAR;RLC,,serru*chu
sesinaninaguudxi,jzd,sesìna ni naguudxì',s,RLC,,sesi*na ni na-guudxi*
setyembre,jzd,setièmbre,s,RGL;RLC,,setye*mbre
si7bya7,jzd,sì' bia',clq,EJG;RLC;VC,,si*7 bya7
si7rwaa,jzd,sì' ruaa,clq,EJG;VC,,si*7 rwaa
sida,jzd,sìda,s,RLC,,si*da
sinchazhya,jzd,sìncha xiá,s,JLC;RGL,,si*ncha zhya!
sindi,jzd,Sìndi,n,,n:ani,si*ndi
sindiku,jzd,sìndicu,s,RGL;RLC,,si*ndiku
sinta,jzd,sìnta,s,RGL,,si*nta
sityu,jzd,sìtiu,s,RGL;RLC,,si*tyu
sigun,jzd,sigún,prp,RGL;RLC,,si-gu!n
sinsel,jzd,sinsél,s,RGL;RLC,,si-nse!l
sinseldepunta,jzd,sinsél de pùnta,s,RGL;RLC,,si-nse!l de pu*nta
siinku,jzd,siìncù',s,ND;VP,,sii*nku*
siiwi,jzd,siihui',s,EJG;VC,,siiwi
sika,jzd,sicà,av,EJG;JLC;ND;RLC;VC;VP,,sika*
sikape7,jzd,sicàpe',av,EJG;ND;RLC,,sika* +pe7
sikasi,jzd,sicàsì,av,EJG;VC;VP,,sika* +si*
sikaga,jzd,sicà ga,av,EJG;JLC;ND;VC;VP,,sika* ga
sikaka,jzd,sicà cà,av,EJG;ND;RLC;VC,,sika* ka*
sikakakaga,jzd,sicà càcà ga,av,EJG;RLC;VC,,sika* ka* +ka* ga
sikake,jzd,sicà què,av,EJG;ND;VC,,sika* ke*
sikari7,jzd,sicà rì',av,EJG;JLC;ND;RLC;VC;VP,,sika* ri*7
sikarika7,jzd,sicà ricá',av,EJG;RLC;VC,,sika* rika!7
sikaru,jzd,sicà rù,av,JLC;RGL;RLC;VP,,sika* ru*
sikatiika,jzd,sicà tiicà',av,EJG;RLC;VC,,sika* tii +ka*
silantru,jzd,silàntru,s,,,sila*ntru
silindru,jzd,silìndru,s,JLC;RGL;RLC,,sili*ndru
silindor,jzd,silindór,s,JLC;RGL;RLC,,silin-do!r
simentu,jzd,simèntu,s,RGL;RLC,,sime*ntu
sin,jzd,sin,prp,,,sin+
sinturon,jzd,sinturón,s,RGL;RLC,,sintu-ro!n
sisaya,jzd,sisàya,s,RGL,,sisa*ya
sisi-2,jzd,sisi,a,EJG;JLC;ND;RGL;RLC;VP,,sisi
sisisisilu,jzd,sisi sisi lu,clq,RLC,,sisi sisi lu
skalera,jzd,scalèra,s,JLC;RGL;RLC,,skale*ra
skalerawiini,jzd,scalèra huiini',s,RGL;RLC,,skale*ra wiini
skina,jzd,squìna,s,JLC,,ski*na
skusadu,jzd,scusàdu,s,RLC,,skusa*du
skwela,jzd,scuèla,s,JLC;RGL;RLC,,skwe*la
so7,jzd,só',a,EJG;JLC;ND;RLC,a:dv1b,so!7
so7mbaaya,jzd,só' mbaàyà',a,RGL;RLC,a:dv1b,so!7 mbaa*ya*
so7pe,jzd,só'pe',s,JLC;ND;RLC;VP,,so!7pe
so7peikeraa,jzd,só'pe' ique raà,s,JLC,,so!7pe ike raa*
so7pewela,jzd,só'pe' huèla,s,JLC;VP,,so!7pe we*la
songe7tu,jzd,són gue'tu',s,RGL;RLC,,so!n ge7tu
sonmadrina,jzd,són madrìna,s,RGL;RLC,,so!n madri*na
sonmedyuzhiga,jzd,són médiu xiga,s,RGL;RLC,,so!n me!dyu zhiga
sonridxeka7,jzd,són ridxeca',s,RGL;RLC,,so!n ri-dxe +ka7
sontoro,jzd,són tòro,s,RGL;RLC,,so!n to*ro
sonyaa,jzd,són yaà,s,RGL;RLC,,so!n yaa*
sopa,jzd,sòpa,s,JLC;RGL;RLC,,so*pa
so7-2,jzd,So',n,JLC,n:fem,so7
sobrestante,jzd,sobrestànte,s,RGL;RLC,,sobresta*nte
soldadu,jzd,soldàdu,s,RLC;VP,,solda*du
solobino,jzd,Solobìno,n,,n:ani,solobi*no
sopilote,jzd,Sopilòte,n,JLC,n:ani,sopilo*te
sosonkle,jzd,sosònkle,s,JLC,,soso*nkle
speju,jzd,spèju,s,EJG;JLC;ND;RGL;RLC;VP,,spe*ju
spwela,jzd,spuèla,s,RGL;RLC,,spwe*la
ssspompom,jzd,sss póm póm,smb,RGL,,sss po!m po!m
stanyu,jzd,stàñu,s,JAR;RGL;RLC,,sta*nyu
steru,jzd,stèru,s,RGL;RLC,,ste*ru
stojadu,jzd,stojàdu,a,JLC;RLC,,stoja*du
stya,jzd,stiá,s,JLC,,stya!
su,jzd,su,a,JLC;RLC;VC;VP,,su
sumbidxi,jzd,súmbìdxi,s,EJG;JLC;ND;RGL;VP,,su!-mbi*dxi
sum-2,jzd,súm,smb,JLC;RGL,,su!m
sunda,jzd,sùnda,s,EJG;RLC,,su*nda
sufon,jzd,sufón,s,JLC,,su-fo!n
subada,jzd,subàda,s,RGL;RLC,,suba*da
sultera,jzd,sultèra,s,RGL;RLC,,sulte*ra
sulteru,jzd,sultèru,s,RGL;RLC,,sulte*ru
sulteruyooxo,jzd,sultèru yooxho',s,RGL;RLC,,sulte*ru yooxo
sumbreru,jzd,sumbrèru,s,JLC;RLC;VP,,sumbre*ru
sumbrerote,jzd,sumbreròte,s,JLC;RLC,,sumbrero*te
sunu,jzd,sunu,s,JLC,,sunu
suplador,jzd,supladór,s,RGL;RLC,,supla-do!r
swegra,jzd,suègra,s,RGL;RLC,,swe*gra
swegru,jzd,suègru,s,RGL;RLC,,swe*gru
sweru,jzd,suèru,s,RGL;RLC,,swe*ru
sweter,jzd,suèter,s,RGL;RLC,,swe*ter
syado7ro7,jzd,siádo' ró',s,JLC;RLC;VP,,sya!-do7 r.o!7
syado7,jzd,siádo',s,JLC;ND;RGL;RLC;VC;VP,,sya!=do7
syado7gye7,jzd,siádo' guie',s,ND;RLC,,sya!=do7 gye7
syado7gye7ru7,jzd,siádo' guie' rú',s,RGL;RLC;VP,,sya!=do7 gye7 ru!7
syerra,jzd,sièrra,s,JAR;RLC,,sye*rra
t,jzd,t́,smb,JLC;RGL,,t!
tey,jzd,t́ éy,smb,RLC,,t! e!y
tttt,jzd,t́ t́ t́ t́,smb,RGL,,t! t! t! t!
ttttetttt,jzd,t́ t́ t́ t́ >eːː t́ t́ t́ t́,smb,RGL,,t! t! t! t! >e:: t! t! t! t!
t3kt3kt3kt3kt3kt3k,jzd,tɨc tɨc tɨc tɨc tɨc tɨc,smb,RLC,,t3k t3k t3k t3k t3k t3k
t6xt6xt6x,jzd,tə́xh tə́xh tə́xh,smb,RLC,,t6!x t6!x t6!x
t6st6s,jzd,təs təs,smb,RLC,,t6s t6s
trrrrrrrtrrrrtrrrrr,jzd,tRRRRRRR tRRRR tRRRRR,smb,RGL,,tRRRRRRR tRRRR tRRRRR
tuku7tuku7,jzd,tUcú' tUcú',smb,JLC,,tU-ku!7 tU-ku!7
tws,jzd,ts̹ːː,smb,,,tWs::
ta,jzd,tá,voc,EJG;JLC;ND;RLC;VP,,ta!
tabagu,jzd,tá bagu,s,VC,,ta! b.agu
tabiida,jzd,tá bíida,s,EJG;ND,,ta! bi!ida
taelle,jzd,Tá Èle,n,JLC,nn:mas,ta! e*lle
tafan,jzd,Tá Fán,n,JLC,nn:mas,ta! fa!n
taga7na,jzd,tá gá'na',s,EJG;JLC;ND;RLC;VC;VP,,ta! ga!7na
tagicha7,jzd,Tá guíchá',n,JLC,nn:mas,ta! gi!cha!7
tako7re,jzd,Tá Co're',n,JLC,nn:mas,ta! ko7re
takumbya,jzd,Tá Cúmbia,n,RLC,nn:mas,ta! ku!mbya
takura,jzd,tá cùra,s,JLC,,ta! ku*ra
talyonbeeryu,jzd,Tá Lión Beèriu,n,VC,nn:mas,ta! lyo!n bee*ryu
tangongo,jzd,Tá Ngòngò,n,JLC,nn:mas,ta! ngo*ngo*
tapen7,jzd,Tá Pen',n,JLC,n:mas,ta! pen7
tapi7,jzd,tá pi',s,VC,,ta! pi7
tatyan,jzd,Tá Tián,n,JLC,nn:mas,ta! tya!n
tawiiyu,jzd,Tá Huíiyu,n,JLC,nn:mas,ta! wi!iyu
tawiiyuikengola,jzd,Tá Huiiyu' Ique Ngola,n,JLC,nn:mas,ta! wiiyu ike ngola
taya7gi,jzd,Tá Yá'gui',n,JLC,nn:mas,ta! ya!7gi
tazha7na,jzd,Tá Xa'na',n,RGL,nn:mas,ta! zha7na
tazholla,jzd,Tá Xòla,n,JLC,nn:mas,ta! zho*lla
ta7ba,jzd,tá'ba',a,EJG;JLC;ND,a:dv1b,ta!7ba
ta7dxi,jzd,tá'dxi',a,EJG;ND;RLC,a:dv1b,ta!7dxi
ta7w,jzd,tá'u',smb,RGL,,ta!7w
taabu,jzd,Táabu,n,JLC,n:mas,ta!abu
taala-2,jzd,Táala,n,RLC,n:fem,ta!ala
taw7taw7taw7taw7taw7taw7taw7taw7,jzd,táhu' tahu' táhu' tahu' táhu' tahu' táhu' tahu',smb,RGL,,ta!w7 taw7 ta!w7 taw7 ta!w7 taw7 ta!w7 taw7
tay,jzd,táy,s,JLC;RLC,,ta!y
taw7taw7,jzd,ta̰u' ta̰u',smb,RGL,,ta'w7 ta'w7
tabanu,jzd,tàbanu,s,VC,,ta*ba+nu
tabla,jzd,tàbla,s,JLC;RGL;RLC,,ta*bla
tachu,jzd,Tàchu,n,JLC,n:mas,ta*chu
tachungola,jzd,Tàchu Ngola,n,JLC,nn:mas,ta*chu ngola
tachupi7,jzd,Tàchu Pí',n,JLC,nn:mas,ta*chu pi!7
taku,jzd,tàcu,s,RLC,,ta*ku
talku,jzd,tàlcu,s,RGL;RLC,,ta*lku
tanke,jzd,tànque,s,,,ta*nke
tapa,jzd,tàpa,s,JLC,,ta*pa
tasagi7,jzd,tàsa (gui'),s,JLC;RLC,,ta*sa (gi7)
tasazha7na,jzd,tàsa xa'na',s,RGL;RLC,,ta*sa zha7na
tasazhibi,jzd,tàsa xibi,s,RLC,,ta*sa zhibi
tasazhike,jzd,tàsa xique,s,RLC,,ta*sa zhike
tata,jzd,tàta,s,JLC;RGL;RLC,,ta*ta
tatabida,jzd,tàta bìda,s,RLC,"s, xcl",ta*ta bi*da
tatabiida,jzd,tàta biida',s,RGL;RLC,,ta*ta biida
tatayu7du,jzd,tàta yu'du',s,JLC;RLC,,ta*ta yu7du
tala7chi,jzd,tala'chi',s,JLC;RLC,,ta-la7chi
tapu7,jzd,tapu',s,EJG;JLC;ND;RLC,,ta-pu7
tarron,jzd,tarrón,s,JLC;RGL;RLC,,ta-rro!n
tarya,jzd,tariá,s,JLC;RGL;RLC,,ta-rya!
ta7,jzd,ta',smb,EJG;ND;RLC,,ta7
taaka,jzd,taàcà',s,EJG;JLC;ND;RLC;VC,,taa*ka*
taangu,jzd,taàngù',s,JLC;RLC,,taa*ngu*
taanguyu,jzd,taàngù' yu,s,JLC;ND;RLC;VP,,taa*ngu* yu
taaba-2,jzd,taaba',a,EJG;JLC;ND;RGL;RLC;VP,,taaba
taadxi-2,jzd,taadxi',a,EJG;ND;RLC;VP,,taadxi
taaka-2,jzd,taacà',a,EJG;JLC;ND;RLC;VC,,taaka*
taala-3,jzd,taalà',a,EJG;JLC;ND;RGL;VP,,taala*
taata-2,jzd,taata',a,EJG;JLC;ND;RGL;VC;VP,,taata
taburete,jzd,taburète,s,JLC;RGL;RLC;VP,,tabure*te
taganeru,jzd,taganèru,s,RGL;RLC,,tagane*ru
taktak,jzd,tac tac,smb,JLC,,tak tak
takatakatakataka,jzd,taca taca taca taca,smb,JLC;RGL,,taka taka taka taka
takerya,jzd,taqueriá,s,RGL;RLC,,take-rya!
talachu,jzd,talàchu,s,JLC;RGL;RLC,,tala*chu
talegaxkye,jzd,talèga xquie,s,RGL;RLC,,tale*ga x.kye
talera,jzd,talèra,s,RGL,,tale*ra
tamarindu,jzd,tamarìndu,s,,,tamari*ndu
tambora,jzd,tambòra,s,JLC;RGL;RLC,,tambo*ra
tan,jzd,tan,av,JLC,,tan
tantam,jzd,tan tám,smb,,,tan ta!m
tapa-2,jzd,tapa,num,EJG;JLC;ND;VP,,tapa
tapadegandeluchii,jzd,tapa (de) gandè lu chii,num,JLC,,tapa (de+) gande* lu chii
tapagaywaa,jzd,tapa gayuaa,num,EJG;ND,,tapa ga-ywaa
tapakwini,jzd,tapa cuini,q,JLC,q:med,tapa kwini
tapalategande,jzd,tapa late gandè,num,EJG;ND;VP,,tapa late gande*
tapalategandechii,jzd,tapa late gandè chii,num,ND;VP,,tapa late gande* chii
tapalugande,jzd,tapa lu gandè,num,JLC,,tapa lu gande*
tapadu,jzd,tapàdu,s,RLC,,tapa*du
tapanku,jzd,tapàncù,s,JLC;RLC,,tapa*nku*
tapadera,jzd,tapadèra,s,RGL;RLC,,tapa-de*ra
tarraya,jzd,tarràya,s,JLC;RGL;RLC,,tarra*ya
tarrayeru,jzd,tarrayèru,s,RGL;RLC,,tarraye*ru
tarugu,jzd,tarùgu,s,RGL,,taru*gu
tas,jzd,tas,smb,RGL,,tas
tasseeplakplakplak,jzd,tas ˤ see plac plac plac,smb,JLC;RGL,,tas : see plak plak plak
tawu7,jzd,taù',s,JLC,,tawu*7
te-2,jzd,te,a,EJG;JLC;ND;RLC;VP,,te
telayu,jzd,te layu,a,EJG;JLC;ND;RLC;VP,,te la=yu
tew,jzd,Téu,n,JLC,n:mas,te!w
te7,jzd,tè',s,EJG;FSL;JLC;RLC;VP,,te*7
teja,jzd,tèja,s,RGL;RLC,,te*ja
tejazhya,jzd,tèja xiá,s,RGL,,te*ja zhya!
teka,jzd,tèca,s,EJG,,te*ka
teku,jzd,tècu,s,EJG;JLC;RLC,,te*ku
telabidxigi,jzd,tèla bidxìgui,s,RGL;RLC,,te*la bidxi*=gi
telladelari,jzd,tèla (de lari),s,RLC,,te*lla (de lari)
telladyaga,jzd,tèla diaga,s,RGL;RLC,,te*lla dyaga
tellalu,jzd,tèla lu,s,RLC,,te*lla lu
tellandaani,jzd,tèla ndaani',s,RGL;RLC,,te*lla ndaani
tellande,jzd,tèla nde,s,RGL;RLC,,te*lla nde
temyo,jzd,Tèmio,n,JLC,n:mas,te*myo
tende-2,jzd,tèndè,a,RLC,"a:dv1a, s:der",te*nde*
tere,jzd,Tère,n,JLC,n:fem,te*re
tersyu,jzd,tèrsiu,s,RGL;RLC,s:med,te*rsyu
tetanu,jzd,tètanu,s,RLC,,te*tanu
teyu,jzd,Tèyu,n,JLC,n:mas,te*yu
tenor,jzd,tenór,s,RGL,,te-no!r
te7-2,jzd,te',smb,RLC,,te7
teede-2,jzd,teèdè',a,EJG;RLC;VC,a:dv1a,tee*de*
tejabana,jzd,tejabàna,s,JLC;RLC,,teja-ba*na
tekle7tekle7,jzd,teclé' teclé',smb,RLC,,tekle!7 tekle!7
tenampa,jzd,Tenámpa,n,JLC,nn:mas,tena!mpa
tenasa,jzd,tenàsa,s,JLC;RGL;RLC,,tena*sa
tende-3,jzd,tendè,a,EJG;JLC;ND;RGL;VP,,tende*
tendidu,jzd,tendìdu,a,RGL;RLC,,tendi*du
terrenu,jzd,terrènu,s,VP,,terre*nu
tesoreru,jzd,tesorèru,s,RGL;RLC,,tesore*ru
textigu,jzd,texhtìgu,s,RGL;RLC,,texti*gu
teyukwaata,jzd,Teyu Cuaata',n,JLC,nn:mas,teyu kwaata
ti,jzd,tí,av,RLC,,ti!+
tingi7,jzd,tínguì',clq,EJG;GB;VC,,ti!+ ngi*7
tingi7bido7,jzd,tínguì' bido',s,EJG;ND;VC,s:lf,ti!+ ngi*7 bi-do7
tiito,jzd,Tíito,n,JLC,n:mas,ti!ito
tin,jzd,Tín,n,JLC,n:mas,ti!n
tintintin,jzd,tín tín tín,smb,RLC,,ti!n ti!n ti!n
tiw,jzd,tíu,s,JLC,,ti!w
ti-2,jzd,tì,prt,EJG;ND;RLC;VP,,ti*
timukarreta,jzd,tìmu carrèta,s,RGL;RLC,,ti*mu karre*ta
tina,jzd,tìna,s,JLC;RLC,,ti*na
tinachiku,jzd,Tìna Chìcu,n,JLC,nn:fam,ti*na chi*ku
tinasikyu,jzd,Tìna Sìquiu,n,JLC,nn:fam,ti*na si*kyu
tine,jzd,tìne,s,RLC,,ti*ne
tinu,jzd,Tìnu,n,JLC,n:mas,ti*nu
tinuman,jzd,Tìnu Mán,n,JLC,nn:mas,ti*nu ma!n
tinya,jzd,tìña,s,RGL;RLC,,ti*nya
tirapantalon,jzd,tìra pantalón,s,RGL;RLC,,ti*ra panta-lo!n
tiru1,jzd,tìru,s,EJG;JLC;ND;VP,,ti*ru
tiru2,jzd,tìru,s,JLC;RGL;RLC,,ti*ru
tiru3,jzd,tìru,s,JLC;RLC,,ti*ru
ti-3,jzd,ti,n,EJG;JLC;ND;VP,ndf,ti+
tigyaa,jzd,ti guiaa,s,JLC;RGL,,ti+ gyaa
tilapa7,jzd,ti lapá',a,JLC;RLC;VC,a:dv1b,ti+ lapa!7
ti7xi,jzd,ti'xhi',s,EJG;JLC;ND;RGL;RLC;VC;VP,,ti7xi
ti7xina7,jzd,ti'xhi' nà',s,JLC;RLC,,ti7xi na*7
ti7xinyee,jzd,ti'xhi' ñee,s,RLC,,ti7xi nyee
tifoydea,jzd,tifoydèa,s,RLC,,tifoyde*a
tigu,jzd,tigu,a,JLC;ND,,tigu
tii,jzd,tii,prn,RLC,prn:ndf,tii
tiika,jzd,tiicà',prn,EJG;ND;RLC,prn:ndf,tii +ka*
tiisi,jzd,tiisì',prn,EJG,prn:ndf,tii +si*
tiiba-2,jzd,tiiba',a,JLC;ND,,tiiba
tiiku,jzd,tiicù',av,JLC,,tiiku*
tika,jzd,ticà,av,RLC;VC,,tika*
tiki,jzd,tiqui,a,FSL;VC,,tiki
tilintilin,jzd,tilin tilin,smb,JLC;RLC,,tilin tilin
tilla,jzd,tilà,av,JLC;VC,,tilla*
tillasi,jzd,tilàsì,av,EJG;ND;VC;VP,,tilla* +si*
tintin,jzd,tin tin,smb,JLC,,tin tin
tini,jzd,tini,s,JAR;ND;RGL;RLC;VC;VP,,tini
tinidyaga,jzd,tini diaga,s,EJG;JLC;ND;RGL;RLC;VC,,tini dyaga
tinigye,jzd,tini guie,s,EJG;ND;VC,,tini gye
tinilu,jzd,tini lu,s,EJG;ND;RGL;VC,,tini lu
tinizha7na,jzd,tini xa'na',s,RGL;VC,,tini zha7na
tipa,jzd,tipa,s,EJG;JLC;ND;RGL;RLC,,tipa
tipi-2,jzd,tipi,a,JLC;VP,,tipi
tj3mtj3mtj3m,jzd,tjɨm tjɨm tjɨm,smb,RLC,,tj3m tj3m tj3m
tlastlastlastlas,jzd,tlás tlás tlás tlás,smb,RLC,,tla!s tla!s tla!s tla!s
tlayuda,jzd,tlayùda,s,RLC,,tlayu*da
to7brimbrimbrim,jzd,tó' brimbrimbrim,smb,RLC,,to!7 brimbrimbrim
to7w,jzd,tó'u',smb,RGL,,to!7w
ton1,jzd,Tón,n,JLC,n:fem,to!n
ton2,jzd,Tón,n,JLC,n:mas,to!n
tooba,jzd,Tóoba,n,JLC,n:mas,to!oba
tobya,jzd,Tòbia,n,JLC,n:mas,to*bya
toke,jzd,tòque,s,JLC;RLC,,to*ke
tonya,jzd,Tòña,n,JLC,n:fem,to*nya
tonyachendu,jzd,Tòña Chèndu,n,JLC,nn:fam,to*nya che*ndu
tonyo,jzd,Tòño,n,JLC,n:mas,to*nyo
tonyogya7ti,jzd,Tòño (G)yá'ti',n,JLC,nn:mas,to*nyo (g)ya!7ti
tonyobe7te,jzd,Tòño Be'te',n,JLC,nn:mas,to*nyo be7te
tonyobo7nyo,jzd,Tòño Bó'ño',n,JLC,nn:mas,to*nyo bo!7nyo
tonyocha,jzd,Tòño Chá,n,JLC,nn:mas,to*nyo cha!
tonyoflaku,jzd,Tòño Flàcu,n,JLC,nn:mas,to*nyo fla*ku
tonyomun,jzd,Tòño Mún,n,JLC,nn:mas,to*nyo mu!n
tonyonde,jzd,Tòño Nde,n,JLC,nn:mas,to*nyo nde
tonyongola,jzd,Tòño Ngola,n,JLC,nn:mas,to*nyo ngola
tope,jzd,tòpe,s,JLC,,to*pe
toro,jzd,tòro,s,JLC,,to*ro
tox,jzd,tòxh,smb,RGL,,to*x
tomas,jzd,Tomás,n,JLC,n:mas,to-ma!s
tomaschiitu,jzd,Tomás Chíitu,n,JLC,nn:mas,to-ma!s chi!itu
tomastoro,jzd,Tomás Tòro,n,JLC,nn:mas,to-ma!s to*ro
tomasweru,jzd,Tomás Huèru,n,JLC,nn:mas,to-ma!s we*ru
torrson,jzd,torrsón,s,RLC,,to-rrso!n
torsal,jzd,torsál,s,RGL;RLC,,to-rsa!l
to7x,jzd,to'xh,smb,RGL,,to7x
to7xto7xto7x,jzd,to'xh to'xh to'xh,smb,JLC;RGL,,to7x to7x to7x
tobtobtobtob,jzd,tob tob tob tob,smb,JLC,,tob tob tob tob
tobi,jzd,tobi,num,EJG;JLC;ND;VP,,tobi
tobisi,jzd,tobisì,q,JLC;VP,,tobi +si*
tobiga,jzd,tobi ga,q,RGL;RLC,q:med,tobi ga
tobilu,jzd,tobi lu,a,EJG;JLC;ND;RGL;RLC,,tobi lu
tobiluchonna,jzd,tobi lu chonnà,num,JLC,,tobi lu chonna*
tobiluga7,jzd,tobi lu ga',num,JLC,,tobi lu ga7
tobilugadxe,jzd,tobi lu gadxè,num,JLC,,tobi lu gadxe*
tobilutapa,jzd,tobi lu tapa,num,,,tobi lu tapa
tobiluxono,jzd,tobi lu xhonò,num,JLC,,tobi lu xono*
tobiluxoopa,jzd,tobi lu xhoopa',num,JLC,,tobi lu xoopa
tobilucha,jzd,tobi lucha,q,ND;VC,,tobi lucha
tobirwaatobilu,jzd,tobi ruaa tobi lu,clq,EJG;ND;RLC;VC,,tobi rwaa tobi lu
tobisinkwenta,jzd,tobi sincuènta,q,RGL;RLC,q:med,tobi sinkwe*nta
tobitobi,jzd,tobi tobi,q,EJG;ND;RLC,,tobi tobi
toledu,jzd,Tolèdu,n,JLC,n:fam,tole*du
tolostoke,jzd,Tolostòque,s,JLC,,tolosto*ke
tonelada,jzd,tonelàda,s,RGL;RLC,,tonela*da
toope-2,jzd,toòpè',a,JLC;ND;RLC,,too*pe*
torolo7chi,jzd,torolo'chi',s,JLC;RGL,,toro-lo7chi
torrniw,jzd,torrníu,s,RLC,,torr-ni!w
tosferina,jzd,tosferìna,s,RLC,,tosferi*na
tostada,jzd,tostàda,s,RLC,,tosta*da
totole,jzd,totole,smb,EJG,smb:s,totole
toutou7,jzd,tou tou',smb,JLC;RGL,,tou tou7
tow7tow7tow7tow7tow7tow7,jzd,tohu' tohu' tohu' tohu' tohu' tohu',smb,RGL,,tow7 tow7 tow7 tow7 tow7 tow7
towu7,jzd,toù',smb,EJG;JLC;ND;VP,smb:s,towu*7
tratratra,jzd,tra tra tra,smb,,,tra tra tra
tra,jzd,trá,av,JLC;RLC,,tra!
trak,jzd,"trác""",smb,RGL,,"tra!k"""
tratratratratra,jzd,trátrátrátrátrá,smb,RLC,,tra!tra!tra!tra!tra!
trabe,jzd,tràbe,s,RLC,,tra*be
trajedegye7,jzd,tràje de guie',s,RGL;RLC,,tra*je de gye7
trampa,jzd,tràmpa,s,JAR,,tra*mpa
trasa,jzd,tràsa,s,JLC,,tra*sa
traxte,jzd,tràxhte,s,JLC,,tra*xte
traya,jzd,tràya,s,RGL;RLC,,tra*ya
trapi7chi,jzd,trapi'chi',s,JLC;RGL;RLC,,tra-pi7chi
trabajador,jzd,trabajadór,s,RGL,,trabaja-do!r
traw7,jzd,trahu',smb,RGL,,traw7
traw7traw7,jzd,trahu' trahu',smb,JLC;RGL,,traw7 traw7
traysyoneru,jzd,traysionèru,a,RGL;RLC,,traysyone*ru
tren,jzd,trén,s,JLC;RLC,,tre!n
trenta,jzd,trènta,num,JLC,,tre*nta
tre7,jzd,treˤ',smb,JLC,,tre:7
trhrhrhrh1,jzd,trhrhrhrh,smb,RGL,,trhrhrhrh
trhrhrhrh2,jzd,trhrhrhrh,smb,RGL,,trhrhrhrh
trixte,jzd,trìxhte,a,RGL;RLC,,tri*xte
triktriktrik,jzd,tric tric tric,smb,JLC,,trik trik trik
trintrintrin,jzd,trin trin trin,smb,,,trin trin trin
trojaniza,jzd,tròja (niza),s,RLC,,tro*ja (niza)
trompo,jzd,tròmpo,s,JLC,,tro*mpo
trompeta,jzd,trompèta,s,RGL,,trompe*ta
trrrrrrtrrrr,jzd,trrrrrŕ trrrŕ,smb,RGL,,trrrrrr! trrrr!
trrrrrr7,jzd,trrrrrr',smb,,,trrrrrr7
trusa,jzd,trùsa,s,RGL;RLC,,tru*sa
tugundisa7bweltulubido7,jzd,tu (g)undisá' buèltu lu bido',clq,RLC,,tu (g)u-ndisa!7 bwe*ltu lu bi-do7
tul,jzd,túl,s,RLC,,tu!l
tumdumdum,jzd,túm dúm dúm,smb,RLC,,tu!m du!m du!m
tumtzumtum,jzd,túm tzúm túm,smb,RLC,,tu!m tzu!m tu!m
tu-2,jzd,tù,prn,EJG;JLC;ND;VC;VP,prn:ri-a,tu*
tulou7,jzd,Tù Lou',n,JLC,n:ani,tu* lo.u7
tuti,jzd,tùtì,s,RLC;VC,s:der,tu*+ ti*
tutiika,jzd,tùtiicà',prn,EJG;JLC;ND;RLC;VC,prn:ndf-a,tu*+ tii +ka*
tutiisi,jzd,tùtiisì',prn,EJG;JLC;ND;RLC;VC;VP,prn:ndf-a,tu*+ tii +si*
tubi-2,jzd,tùbi,a,JLC;VC,,tu*bi
tubu,jzd,tùbu,s,JLC;RGL;RLC,,tu*bu
tububidxadxa,jzd,tùbu bidxàdxà,s,JLC;RLC,,tu*bu bi-dxa*dxa*
tuju,jzd,tùju,s,JLC;RLC,,tu*ju
tunku,jzd,tùncu,a,JLC;RLC,,tu*nku
tusa1,jzd,tùsa,s,JLC,,tu*sa
tusa2,jzd,Tùsa,n,JLC,nn:mas,tu*sa
tutanu,jzd,tùtanu,s,JLC;RLC,,tu*ta+nu
tutu,jzd,tùtu,s,RGL;RLC,,tu*tu
tumas,jzd,Tumás,n,JLC,n:mas,tu-ma!s
tu7mbro7mtu7mbro7m,jzd,tu'm bro'm tu'm bro'm,smb,RGL,,tu7m bro7m tu7m bro7m
tubiza,jzd,tubiza,q,EJG;JLC;ND;RLC;VP,,tub=iza
tukutukutuku,jzd,tucu tucu tucu,smb,RGL;RLC,,tuku tuku tuku
tum,jzd,tum,smb,RGL,,tum
tumtum,jzd,tum tum,smb,JLC;RGL,,tum tum
tum7,jzd,tum',smb,JLC,,tum7
tup,jzd,tup,smb,JLC,,tup
turr,jzd,turr,smb,JLC,,turr
tuucha,jzd,tuucha',a,EJG;JLC;ND;VP,,tuucha
tuudxi,jzd,tuudxì',q,EJG;JLC;ND;RLC;VP,,tuudxi*
tuum,jzd,tuum,smb,RGL,,tuum
tuumtuumtuum1,jzd,tuum tuum tuum,smb,RGL,,tuum tuum tuum
tuumtuumtuum2,jzd,tuum tuum tuum,smb,RGL,,tuum tuum tuum
tuumbu,jzd,tuumbu',a,JLC;ND;RLC,,tuumbu
tuutu,jzd,tuutu',a,RGL;RLC,,tuutu
tuxu,jzd,tuxhu,a,EJG;VC,,tuxu
twaya,jzd,tuàya,s,JLC;RLC,,twa*ya
twerka,jzd,tuèrca,s,JAR;RLC,,twe*rka
twetanu,jzd,tuètanu,s,RLC,,twe*tanu
tya,jzd,tiá,s,JLC;RGL;RLC,,tya!
tyan,jzd,Tián,n,JLC,n:mas,tya!n
tyanlezhu,jzd,Tián Léxu,n,JLC,nn:mas,tya!n le!zhu
tyana,jzd,Tiàna,n,JLC,n:fem,tya*na
tyempu,jzd,tièmpu,s,RLC,,tye*mpu
tyempugendazi7,jzd,tièmpu (g)(e)ndazì',s,JLC;RLC,,tye*mpu (g)(e)nda+ zi*7
tyempubinugada,jzd,tièmpu bìnu gada,s,RGL;RLC,,tye*mpu bi*nu gada
tyempucha7wi,jzd,tièmpu chá'hui',s,RGL;RLC,,tye*mpu cha!7wi
tyempugeneralchare,jzd,tièmpu Jenerál Chàre,s,RGL;RLC,,tye*mpu gene-ra!l cha*re
tyempugubinya,jzd,tièmpu gubiña,s,RGL;RLC,,tye*mpu gu-binya
tyenda,jzd,tiènda,s,RGL;RLC,,tye*nda
tyempudyawa,jzd,Tiempu Diàhua,n,,n:ani,tyempu dya*wa
tyu,jzd,tiú,s,JLC,,tyu!
tz3mtz3mtz3m,jzd,tzɨm tzɨm tzɨm,smb,RLC,,tz3m tz3m tz3m
tz7,jzd,tz',smb,,,tz7
tzwahtzwah,jzd,tzːːua̤ tzːːua̤,smb,RLC,,tz::waH tz::waH
tzastzas,jzd,tzas tzas,smb,JLC,,tzas tzas
tztztzdzdzdz,jzd,tztztzdzdzdz,smb,RLC,,tztztzdzdzdz
tzumtzumtzumtzum,jzd,tzúm tzúm tzúm tzúm,smb,RLC,,tzu!m tzu!m tzu!m tzu!m
tzuntzuntzun,jzd,tzún tzún tzún,smb,RLC,,tzu!n tzu!n tzu!n
uje7le,jzd,úje'(le'),smb,RGL,,u!je7(le)
upupup,jzd,úp úp úp,smb,RGL,,u!p u!p u!p
uuuuuuuuuuuuuuuu,jzd,úú̀ ṵṵṵṵṵṵ úúṵ̀ṵṵṵṵṵ,smb,RGL,,u!u!` u'u'u'u'u'u' u!u!`u'u'u'u'u'u'
u,jzd,ùːːˤ,itj,EJG;RLC,,u*:::
ulle,jzd,ùle,s,JLC;RLC,,u*lle
ulserarwaala7dxido7,jzd,ùlsera ruaa la'dxido',s,RLC,s:lf,u*lsera rwaa la7dxi=do7
unya,jzd,ùña,s,RLC,,u*nya
ulan,jzd,ulán,s,RGL;RLC,,u-la!n
uryadani,jzd,uriá danì,s,JLC;RLC,,u-rya! dani*
uryagiigu,jzd,uriá guiigu',s,JLC;RLC,,u-rya! giigu
uryapwerta7,jzd,uriá puertá',s,JLC;RLC,,u-rya! pwe-rta!7
uryayoo,jzd,uriá yoo,s,JLC;RLC,,u-rya! yoo
u3,jzd,uɨ́ːːːːːː,itj,RLC,,u3!:: :: ::
uhl,jzd,ṳːːL,smb,RGL,,u:: HL
uuuu,jzd,uːː ùˤ ùˤ ùˤ,smb,RGL,,u:: u*: u*: u*:
ui,jzd,uːːíːː,smb,RGL,,u::i!::
uwa7,jzd,uːːua'ːː,smb,RGL,,u::wa7::
ugador,jzd,ugadór,s,EJG;RGL;RLC;VC,,uga-do!r
ui-2,jzd,uíːːːː,smb,RLC,,ui!:: ::
ulanda,jzd,ulànda,s,RLC,,ula*nda
uwih,jzd,uhuih,itj,RGL,,uwih
uy,jzd,uyːː,itj,RGL,,uy::
wiwwiw,jzd,huIu huIu,smb,RGL,,wIw wIw
wa7lli,jzd,huá'li',s,ND,,wa!7lli
wa7wa,jzd,huá'hua',a,EJG;JLC;RLC,a:dv1b,wa!7wa
wa7xa,jzd,huá'xha',s,JLC;ND;RLC;VP,,wa!7xa
waardu,jzd,Huáardu,n,JLC;RLC,n:mas,wa!ardu
wawwaw,jzd,huáu huáu,smb,JLC;RGL,,wa!w wa!w
wabi,jzd,huàbi,s,EJG;JLC;ND;RLC,,wa*bi
wana,jzd,huàna,s,JLC;RLC,,wa*na
wante,jzd,huànte,s,JLC;RLC,,wa*nte
wanu,jzd,huànu,s,JLC;RLC,,wa*nu
wati-2,jzd,huàtì,a,JLC;ND;RLC;VC,a:dv1a,wa*ti*
wado7,jzd,huado',prfp,EJG;JLC;ND;RLC,,wa-do7
wadxaa,jzd,huadxaà,prfp,EJG;ND;RLC;VC,,wa-dxaa*
wadxi,jzd,huadxi,prfp,EJG;JLC;ND;RGL;RLC;VP,,wa-dxi
wala7dxi,jzd,hualá'dxi',prfp,EJG;ND;VC,,wa-la!7dxi
wananna7lii,jzd,huananná' lii,clq,EJG;VC,,wa-nanna!7 lii
wandi7,jzd,huandì',prfp,EJG;ND;RLC;VP,,wa-ndi*7
waniisi,jzd,huaniìsì',prfp,EJG;ND;RLC;VC;VP,,wa-nii*si*
wara,jzd,huara,prfp,JLC;RLC;VP,,wa-ra
waradenerrbyu,jzd,huara de nèrrbiu,prfp,RLC,,wa-ra de ne*rrbyu
waradxitaxkye,jzd,huara dxita xquie,prfp,RLC,,wa-ra dxita x.kye
warala7dxi,jzd,huara la'dxi',prfp,RLC,,wa-ra la7dxi
warala7dxido7,jzd,huara la'dxi'do',prfp,JLC;RGL;RLC,,wa-ra la7dxi=do7
waramatris,jzd,huara matrís,prfp,RLC,,wa-ra ma-tri!s
waxinni,jzd,huaxhinni,prfp,EJG;JLC;ND;VP,,wa-xinni
wazaaka1,jzd,huazaacà',prfp,EJG;ND;RLC;VP,,wa-zaaka*
wazaaka2,jzd,huazaacà',prfp,EJG;ND;RLC;VP,,wa-zaaka*
wazhye7,jzd,huaxié',prfp,EJG;JLC;RGL;VP,,wa-zhye!7
waachu,jzd,huaachu',s,RLC,,waachu
waawa-2,jzd,huaahua',a,EJG;VC,,waawa
wachinangu,jzd,huachinángu,s,JLC,,wachina!ngu
wada7,jzd,huadá',s,EJG;JLC;ND;RLC;VP,,wada!7
wadxi1,jzd,huadxi,a,VC,,wadxi
wadxi2,jzd,huadxi,av,RLC;VC;VP,,wadxi
wadxiwa7,jzd,huadxi hua',av,EJG;JLC;ND;RLC;VP,,wadxi wa7
waga,jzd,huaga,s,EJG;JLC;ND;RGL;VP,,waga
wagawiini,jzd,huaga huiini',s,JLC,,waga wiini
waghplaaplaa,jzd,huagh plaa plaa,smb,RGL,,wagh plaa plaa
wagu,jzd,huagu,s,EJG;ND,,wagu
wajaka,jzd,Huajàca,s,VP,,waja*ka
wakagela,jzd,huaca guela,s,JLC,,waka gela
watemala,jzd,Huatemàla,s,RLC,,watema*la
wati-3,jzd,huatì,a,EJG;ND;RGL;RLC;VP,,wati*
way7,jzd,huay',smb,JLC;RGL,,way7
wayaba,jzd,huayàba,s,,,waya*ba
wazha,jzd,huaxà,av,EJG;ND;RLC,,wazha*
we,jzd,hué,itj,EJG;JLC;RLC,,we!
weba,jzd,huèba,s,JLC;RLC,,we*ba
weju,jzd,huèju,itj,RLC,,we*ju
weku,jzd,huècu,s,JAR;JLC;RLC,,we*ku
wekugayugu,jzd,huècu (g)ayùgu,s,RGL;RLC,,we*ku (g)a-yu*gu
wekusilindru,jzd,huècu silìndru,s,RGL;RLC,,we*ku sili*ndru
wekuyoo,jzd,huècu yoo,s,JLC;RLC,,we*ku yoo
wela,jzd,huèla,s,EJG;JLC;ND;RLC;VC;VP,,we*la
welu,jzd,huèlu,s,JLC;RLC;VC;VP,,we*lu
wera,jzd,huèra,a,RLC,,we*ra
werfanu,jzd,huèrfanu,a,RLC,,we*rfa-nu
weru,jzd,huèru,a,JLC;RLC,,we*ru
werta7,jzd,huertá',s,RLC,,we-rta!7
wela7,jzd,huelá',s,EJG;ND;VC,,wela!7
wereja,jzd,huerèja,a,RLC,,were*ja
wi,jzd,Huí,n,RLC,n:mas,wi!
wi7ni,jzd,huí'ni',a,EJG;ND;RLC,a:dv1b,wi!7ni
wiwiwi,jzd,huíˤ huíˤ huíˤ,smb,JLC;RGL,,wi!: wi!: wi!:
wicha,jzd,Huícha,n,JLC,n:fem,wi!cha
wicho1,jzd,Huícho,n,RLC,n:mas,wi!cho
wicho2,jzd,Huícho,n,JLC;RLC,n:mas,wi!cho
wiwiwiwiwiwiwiwiwi,jzd,huíhuihuihui huíhuihuihuihui,smb,RLC,,wi!wiwiwi wi!wiwiwiwi
wiyu,jzd,huíyu,smb,RGL,,wi!yu
wiiii,jzd,huḭḭḭḭ,smb,RGL,,wi'i'i'i'
wicha-2,jzd,Huìcha,n,JLC,n:fem,wi*cha
wicho,jzd,Huìcho,n,JLC,n:mas,wi*cho
wiyu-2,jzd,Huìyu,n,JLC,n:mas,wi*yu
wiyulofyo,jzd,Huìyu Lòfio,n,JLC,nn:mas,wi*yu lo*fyo
wibagu,jzd,huibagu,nom,EJG;ND;VC,,wi-b.agu
widxaana,jzd,huidxaana',nom,EJG;JLC;ND;RLC,,wi-dxaana
widxyaa,jzd,huidxiaà,nom,EJG;ND;VC,,wi-dxyaa*
wikiinde,jzd,huiquiindè',nom,EJG;ND,,wi-kiinde*
wilaa,jzd,huilaa,nom,EJG;ND,,wi-laa
wilu,jzd,huilu,nom,EJG;ND,,wi-lu
winduuba,jzd,huinduuba',nom,VC,,wi-nd.uuba
wirii,jzd,huirii,nom,EJG;ND;VC,,wi-rii
wiriidiidxa,jzd,huirii diidxa',nom,EJG;ND,,wi-rii diidxa
wiriiga7de,jzd,huirii ga'de',nom,ND;VC,,wi-rii g.a7de
wiriixi,jzd,huiriìxhì',nom,EJG;ND;VC,,wi-rii*xi*
witii,jzd,huitii,nom,EJG;ND;VC,,wi-tii
witoo,jzd,huitoo,nom,EJG;ND;VC,,wi-too
witubi,jzd,huitubì,nom,EJG;ND;VC,,wi-tubi*
wixaana,jzd,huixhaana',nom,EJG;VC,,wi-xaana
wiyuunda,jzd,huiyuunda',nom,EJG;ND;VC,,wi-y.uunda
wi7do,jzd,hui'do',a,EJG;ND;VC,,wi7do
wido7,jzd,huidó',a,EJG;JLC;ND;VC,,wido!7
widu7,jzd,huidú',s,EJG;ND,,widu!7
widxe,jzd,huidxè,av,EJG;JLC;ND;RGL;RLC;VC;VP,,widxe*
wii-2,jzd,huii,s,EJG;ND,,wii
wiikiwiini,jzd,huiìquì' huiini',s,RLC,,wii*ki* wiini
wiiwi,jzd,huiìhuì',s,,,wii*wi*
wiini-2,jzd,huiini',a,RLC,,wiini
wiiwi-2,jzd,huiihui',s,EJG;JLC;ND;RLC;VP,,wiiwi
wiki,jzd,huiqui,s,EJG;ND;VC,,wiki
wiriwiriwiri,jzd,huiri huiri huiri,smb,RGL,,wiri wiri wiri
wp,jzd,huṕ,smb,RGL;RLC,,wp!
xju,jzd,xh jú,smb,RGL,,x ju!
xxxx,jzd,xh xh xh xh,smb,RLC;VC,,x x x x
xkite,jzd,xquitè,s,EJG;JLC;RLC,s:pos,x.k.ite*
xkitegubidxa,jzd,xquitè gubidxa,s,JLC;VC,s:pos,x.k.ite* gu-bidxa
xkachu,jzd,xcàchu,s,RGL,s:pos,x.ka*chu
xkanda,jzd,xcàndà,s,EJG;JLC;VC;VP,s:pos,x.ka*nda*
xkayu,jzd,xcàyu,s,EJG;JLC;RLC;VP,s:pos,x.ka*yu
xkanya,jzd,xcañá,s,EJG;RGL;RLC,s:pos,x.ka-nya!
xkaadxi,jzd,xcaàdxì',q,EJG;JLC;RLC;VP,,x.kaa*dxi*
xkaancha,jzd,xcaànchà',s,JLC;VC,s:pos,x.kaa*ncha*
xkaanchaneza,jzd,xcaànchà' neza,s,VC,s:pos,x.kaa*ncha* neza
xkaanchayaga,jzd,xcaànchà' yaga,s,JLC,s:pos,x.kaa*ncha* yaga
xkaanchayoo,jzd,xcaànchà' yoo,s,VC,s:pos,x.kaa*ncha* yoo
xkaapa,jzd,xcaàpà',s,JLC;RLC;VC,s:pos,x.kaa*pa*
xkaanda,jzd,xcaanda',s,EJG;JLC;RLC;VP,s:pos,x.kaanda
xkaani,jzd,xcaani',s,EJG;JLC;RLC;VP,s:pos,x.kaani
xkampana,jzd,xcampàna,s,,s:pos,x.kampa*na
xkenda,jzd,xquenda,s,EJG;RGL;RLC;VP,s:pos,x.kenda
xkendawara,jzd,xquenda huara,s,EJG;RGL;RLC,s:pos,x.kenda wa-ra
xkesaba7du,jzd,xquesa (ba'du'),s,RLC,s:pos,x.kesa (ba7du)
xkesado,jzd,xquesadó,s,EJG;JLC;RGL;RLC;VC;VP,s:pos,x.kesa=do!
xki7rawiini,jzd,xquí'ra' (huiini'),s,JLC,s:pos,x.ki!7ra (wiini)
xkizhe,jzd,xquìxe,s,JLC,s:pos,x.ki*zhe
xki7,jzd,xqui',s,EJG;VC,s:pos,x.ki7
xki7mani7,jzd,xqui' maní',s,RLC,s:pos,x.ki7 mani!7
xki7ra7,jzd,xqui' ra',s,RLC,s:pos,x.ki7 ra7
xki7yaa,jzd,xqui' yaa,s,EJG;RLC;VC,s:pos,x.ki7 yaa
xkidinyeepatu,jzd,xquidi ñee pàtu,s,JLC,s:pos,x.kidi nyee pa*tu
xkidxa,jzd,xquidxa,s,JLC,s:pos,x.kidxa
xkidxibido7,jzd,Xquidxi Bido',s,JLC,s:pos,x.kidxi bi-do7
xkiibabidxadxa,jzd,xquiiba' bidxàdxà,s,JLC;RLC,s:pos,x.kiiba bi-dxa*dxa*
xkiichi,jzd,xquiichì,s,RGL,s:pos,x.kiichi*
xkiinde,jzd,xquiindè',s,EJG;VC,s:pos,x.kiinde*
xkipirilima,jzd,xquipí' rì' lìma,s,RGL;VC,s:pos,x.kipi!' ri! li*ma
xkipi7,jzd,xquipí',s,EJG;ND;RGL;RLC;VP,s:pos,x.kipi!7
xkipi7karreta,jzd,xquipí' carrèta,s,JLC;RLC,s:pos,x.kipi!7 karre*ta
xkipi7naweku,jzd,xquipí' nahuècu,s,RGL;RLC,s:pos,x.kipi!7 na-we*ku
xkipi7rolla,jzd,xquipí' rolà,s,EJG;RGL;RLC;VC,s:pos,x.kipi!7 rolla*
xkipiroo,jzd,xquipì roo,s,EJG,s:pos,x.kipi* roo
xkitegubidxa-2,jzd,xquitè gubidxa,s,EJG;ND;VC;VP,s:pos,x.kite* gu-bidxa
xkixi7,jzd,xquixhí',s,EJG;JLC;RLC,s:pos,x.kixi!7
xkixi7yuze,jzd,xquixhí' yùzè,s,JLC;RLC,s:pos,x.kixi!7 yu*ze*
xkolla,jzd,xcòla,s,JLC,s:pos,x.ko*lla
xkooko,jzd,xcooco',s,EJG;RLC;VP,s:pos,x.kooko
xkrexta,jzd,xkrèxhta,s,RGL;RLC,s:pos,x.kre*xta
xku,jzd,xcu,s,,,x.ku
xkulaya,jzd,xcu laya,s,JLC;RGL;RLC,s:pos,x.ku laya
xkunyeede,jzd,xcu ñeedè',s,EJG;JLC;RGL;RLC;VP,s:pos,x.ku nyeede*
xkuzana,jzd,xcu zana,s,RLC,s:pos,x.ku zana
xkudugubidxa,jzd,xcùdù gubidxa,s,JLC;VC,s:pos,x.ku*du* gu-bidxa
xkuchiw,jzd,xcuchíu,s,JLC,s:pos,x.ku-chi!w
xkula7,jzd,xculà',s,EJG;JLC;RGL;RLC;VP,s:pos,x.ku-la*7
xkunaa,jzd,xcunaa,s,EJG;RLC,s:pos,x.ku-naa
xku7xubido7,jzd,xcu'xhu' bido',s,JLC;RLC,s:pos,x.ku7xu bi-do7
xkupadani,jzd,xcupa danì,s,JLC;RLC,s:pos,x.kupa dani*
xkupageela,jzd,xcupa gueela',s,EJG;ND;RLC,s:pos,x.kupa geela
xkupayu,jzd,xcupa yu,s,JLC;RLC,s:pos,x.kupa yu
xkurrgi7,jzd,xcurrgui',s,JLC;RGL,,x.kurr=gi7
xkuuchi,jzd,xcuuchì',s,,,x.kuuchi*
xkwana7,jzd,xcuaná',s,JLC;RLC,s:pos,x.kw.ana!7
xkwagu1,jzd,xcuàgù,s,EJG,s:pos,x.kwa*gu*
xkwagu2,jzd,xcuàgù,s,EJG;JLC;RGL;RLC;VP,s:pos,x.kwa*gu*
xkwagu3,jzd,xcuàgù,s,EJG;RLC;VP,s:pos,x.kwa*gu*
xkwa7sa,jzd,xcua'sa',s,EJG;JLC;ND;RGL;RLC;VP,s:pos,x.kwa7sa
xkwa7samani7,jzd,Xcua'sa' Maní',n,JLC,nn:mas,x.kwa7sa mani!7
xkwa7saraa,jzd,xcua'sa' raà,s,RGL;RLC,s:pos,x.kwa7sa raa*
xkwaa,jzd,xcuaa,s,VC,s:pos,x.kwaa
xkwaana,jzd,xcuaana',s,JLC;VC,s:pos,x.kwaana
xkwaanabata,jzd,xcuaana'bata,s,VC;VP,s:pos,x.kwaana=bata
xkwana7-2,jzd,xcuaná',s,,,x.kwana!7
xkwenta,jzd,xcuènta,s,RGL;RLC,s:pos,x.kwe*nta
xkwi,jzd,xcui,s,,,x.kwi
xkwidi,jzd,xcuídi,s,EJG;JLC;RLC;VP,s:pos,x.kwi!di
xkyaa,jzd,xquiaa,s,EJG;VC,s:pos,x.kyaa
xkyaaparo7diidxa,jzd,xquiaapà' ró' diidxa',s,EJG;RLC;VC,s:pos,x.kyaapa* ro!7 diidxa
xkyaapadiidxa,jzd,xquiaapà'diidxa',s,EJG;ND;RLC;VC,s:pos,x.kyaapa*=diidxa
xkye,jzd,xquie,s,EJG;RGL;RLC,s:pos,x.kye
xkyeriyape,jzd,xquie rí yape,s,RLC,s:lf,x.kye ri! yape
xpyaanibeeyu,jzd,xpiaani' beeyù',s,JLC;RGL;RLC,s:pos,x.p.yaani beeyu*
xpyaanidxi,jzd,xpiaani' dxi,s,RGL;RLC,s:pos,x.p.yaani dxi
xpatayuze,jzd,xpàta yùzè,s,JLC,s:pos,x.pa*ta yu*ze*
xpacheeza,jzd,xpacheeza',s,VP,s:pos,x.pa-cheeza
xpa7du,jzd,xpa'du',s,EJG;VP,s:pos,x.pa7du
xpadrinu,jzd,xpadrìnu,s,RGL;RLC,s:pos,x.padri*nu
xpanda,jzd,xpandà,q,JLC,q:int,x.panda*
xpata,jzd,xpata,s,,,x.pata
xpechu,jzd,xpèchu,s,RGL,s:pos,x.pe*chu
xpeenye,jzd,xpeeñè',s,EJG;JLC;ND;RLC;VP,s:pos,x.peenye*
xpeeyutatonyo,jzd,xpeeyù' tá tòño,s,JLC;RLC,s:pos,x.peeyu* ta! to*nyo
xperewabi,jzd,xpere huàbi,s,JLC;RLC,s:pos,x.pere wa*bi
xperezhunazhi,jzd,xpere xunaxi,s,EJG,s:pos,x.pere zhunazhi
xpinisagye,jzd,xpi nisaguie,s,JLC;RLC,s:pos,x.pi nisa=gye
xpiku,jzd,xpìcu,s,RGL;RLC,s:pos,x.pi*ku
xpichugabichu7be,jzd,xpichuga bichú' be,s,RGL;RLC,s:pos,x.pi-chuga bichu!7 be
xpikiili,jzd,xpiquiilì',s,EJG;ND;VC,s:pos,x.pi-kiili*
xpizhwaana,jzd,xpixuaana',s,EJG;RLC;VP,s:pos,x.pi-zh.waana
xpi7kubinnidxaba7,jzd,xpi'cu' binnìdxabá',s,VC,s:pos,x.pi7ku binni*=dxaba!7
xpiini,jzd,xpiini',s,EJG;VC;VP,s:pos,x.piini
xpinni,jzd,xpinnì,s,EJG;RLC;VC;VP,s:pos,x.pinni*
xprima,jzd,xprìma,s,RGL;RLC,s:pos,x.pri*ma
xprimu,jzd,xprìmu,s,RGL;RLC,s:pos,x.pri*mu
xpuyu7,jzd,xpuyú',s,VP,s:pos,x.puyu!7
xpya7,jzd,xpia',s,EJG;JLC;RLC;VP,s:pos,x.pya7
xtalle,jzd,xtalè,q,EJG;JLC;RGL;VP,,x.t.alle*
xte,jzd,xte,s,EJG;ND,s:pos,x.te
xti,jzd,xtí,a,JLC;ND;VP,,x.ti!+
xtiwu7,jzd,xtíu',prn,RLC;VP,prn:pos,x.ti!+wu7
xti7,jzd,xtì',prn,EJG;JLC;ND;RLC;VP,prn:pos,x.ti*7
xti7be,jzd,xtì'be,prn,RLC;VP,prn:pos,x.ti*7 +be*
xti7du,jzd,xtì'du,prn,RLC;VP,prn:pos,x.ti*7 +du*
xti7ka7,jzd,xtì'ca,prn,VP,prn:pos,x.ti*7 +ka7
xti7ka7be,jzd,xtì'ca'be,prn,RLC;VP,prn:pos,x.ti*7 +ka7 +be*
xti7ka7me,jzd,xtì'ca'me,prn,ND;RLC;VP,prn:pos,x.ti*7 +ka7 +me*
xti7ka7ni,jzd,xtì'ca'ni,prn,RLC;VP,prn:pos,x.ti*7 +ka7 +ni*
xti7lu7,jzd,xtì'lu',prn,RLC;VP,prn:pos,x.ti*7 +lu7
xti7me,jzd,xtì'me,prn,RLC;VP,prn:pos,x.ti*7 +me*
xti7ni,jzd,xtì'ni,prn,RLC;VP,prn:pos,x.ti*7 +ni*
xti7ni7,jzd,xtì'ni',prn,RLC;VP,prn:pos,x.ti*7 +ni7
xti7nu,jzd,xtì'nu,prn,RLC;VP,prn:pos,x.ti*7 +nu*
xti7tu,jzd,xtìtu,prn,VP,prn:pos,x.ti*7 +tu*
xti7zhe,jzd,xtìxè,prn,VC;VP,prn:pos,x.ti*7 +zhe*
xtiipi,jzd,xtiìpì',s,EJG;JLC;ND;RLC;VP,s:pos,x.tii*pi*
xtiidxa,jzd,xtiidxa',s,RGL;RLC,s:pos,x.tiidxa
xtiidxage7tu,jzd,xtiidxa' gue'tu',s,RGL;RLC,s:pos,x.tiidxa ge7tu
xtiidxami7xi,jzd,xtiidxa' mí'xhi',s,JLC,s:pos,x.tiidxa mi!7xi
xtiidxanaduxu7,jzd,xtiidxa' naduxhú',s,RGL;RLC,s:pos,x.tiidxa na-duxu!7
xtiidxayooxo,jzd,xtiidxa' yooxho',s,RLC,s:pos,x.tiidxa yooxo
xtinne7,jzd,xtinné',prn,RLC;VP,prn:pos,x.tinn+e!7
xtipa,jzd,xtipa,s,EJG;RGL;RLC,s:pos,x.tipa
xtobi,jzd,xtobi,a,EJG;JLC;ND;RLC;VP,,x.tobi
xtoodxumi,jzd,xtoo dxumì,s,RLC,s:pos,x.too dxumi*
xtoogiiba,jzd,xtoo guiiba',s,JLC;RLC,s:pos,x.too giiba
xtoogitarra,jzd,xtoo guitàrra,s,JLC;RLC,s:pos,x.too gita*rra
xtrasa,jzd,xtràsa,s,JLC,s:pos,x.tra*sa
xtriku,jzd,xtrìcù,s,JLC,s:pos,x.tri*ku*
xtrooko,jzd,xtroocò',s,JLC,s:pos,x.trooko*
xtubiza,jzd,xtúbiza,q,JLC,,x.tu!b=iza
xtubi,jzd,xtubì,q,JLC;RGL,,x.tubi*
xtuudxi,jzd,xtuùdxì',s,EJG;ND;RLC,"s:pos, q",x.tuu*dxi*
xtuxu,jzd,xtuxhu,s,EJG;JLC;ND;RLC;VP,s:pos,x.tuxu
xtuxugubidxa,jzd,xtuxhu gubidxa,s,JLC;RLC,s:pos,x.tuxu gu-bidxa
xtwi,jzd,xtui,s,JLC;RLC;VP,s:pos,x.twi
xxa7ka,jzd,xha'ca',s,RLC;VP,s:pos,x.xa7ka
xxaapa,jzd,xhaapa',s,EJG;RLC;VP,s:pos,x.xaapa
xxaba,jzd,xhaba,s,EJG;JLC;ND;RGL;RLC;VP,s:pos,x.xaba
xxabani,jzd,xhabani,s,RLC,s:pos,x.xaba +ni*
xxababeenda,jzd,xhaba beenda',s,RLC,s:pos,x.xaba beenda
xxababenye,jzd,xhaba beñe,s,EJG;VC,s:pos,x.xaba benye
xxabadaa,jzd,xhaba daa,s,EJG;JLC;ND;RLC,s:pos,x.xaba daa
xxabageela,jzd,xhaba gueela',s,EJG;ND;RLC,s:pos,x.xaba geela
xxabaladi,jzd,xhaba ladi,s,JLC,s:pos,x.xaba ladi
xxabaluuna,jzd,xhaba luuna',s,JLC;RLC,s:pos,x.xaba luuna
xxaga,jzd,xhaga,s,EJG;JLC;ND;RGL;RLC;VP,s:pos,x.xaga
xxeela,jzd,xheela',s,EJG;RGL;RLC;VP,s:pos,x.xeela
xxixpinnigula7sa7,jzd,xhi xpinnì gula'sa',s,JLC;RLC,,x.xi x.pinni* gu-la7sa7
xxwana,jzd,xhuana,s,EJG;VC,s:pos,x.xwana
xxyaga,jzd,xhiaga,s,EJG;JLC;ND,s:pos,x.xyaga
xxye7,jzd,xhie',s,EJG;JLC;ND;RLC;RLL;VC;VP,s:pos,x.xye7
xyapa,jzd,xhiapà,num,EJG;VC,,x.y.apa*
xyazhi7,jzd,xhiaxí',s,JLC;RGL;VC,s:pos,x.ya=zhi!7
xyaallabizu,jzd,xhiaalà' bizu,s,JLC,s:pos,x.yaalla* bizu
xyapa-2,jzd,xhiapà,s,EJG;JLC,s:pos,x.yapa*
xyuzhi,jzd,xhiuxi,s,JLC,s:pos,x.yu=zhi
xzha,jzd,xhà,s,EJG;JLC;ND;RLC;VC,s:pos,x.zha*
xzhyaa,jzd,xhiaà,s,EJG;JLC;ND;RLC;VP,s:pos,x.zhyaa*
xzhyaayoo,jzd,xhiaà yoo,s,EJG;JLC,s:pos,x.zhyaa* yoo
x3kx3kx3k,jzd,xhɨc xhɨc xhɨc,smb,RLC,,x3k x3k x3k
x3xx3xx3xx3x,jzd,xhɨxh xhɨxh xhɨxh xhɨxh,smb,RLC,,x3x x3x x3x x3x
x7x7x7,jzd,xh' xh' xh',smb,RGL,,x7 x7 x7
x,jzd,xhːː,smb,RGL,,x::
xa,jzd,xha,smb,RGL,,xa
xaxaxaxaxa,jzd,xhá xhá xhá xhá xhá,smb,RLC,,xa! xa! xa! xa! xa!
xax,jzd,xháxh,smb,RLC,,xa!x
xa7,jzd,xha̰',smb,JLC,,xa'7
xa7xa7,jzd,xha' xha',smb,JLC;RGL,,xa7 xa7
xaaxaa,jzd,xhaa xhaa,smb,JLC,,xaa xaa
xaata,jzd,xhaata',av,EJG;JLC;RGL;RLC;VC;VP,,xaata
xaaya-2,jzd,xhaaya',a,VC,,xaaya
xadxi,jzd,xhadxi,a,JLC;ND;RLC;VP,,xadxi
xakxak,jzd,xhac xhac,smb,JLC,,xak xak
xakaxaka,jzd,xhaca xhaca,smb,RGL,,xaka xaka
xaku-2,jzd,xhacu,a,EJG;RLC,,xaku
xaw7xaw7,jzd,xhahu' xhahu',smb,JLC;RGL,,xaw7 xaw7
xaw7xaw7xaw7,jzd,xhahu' xhahu' xhahu',smb,RGL,,xaw7 xaw7 xaw7
xe7mxe7mxe7mxe7,jzd,xhé' mxhé' mxhé' mxhé',smb,RLC,,xe!7 mxe!7 mxe!7 mxe!7
xe7mbe,jzd,xhé'mbe',a,EJG,a:dv1b,xe!7mbe
xexexexe,jzd,xhéxhéxhéxhé,smb,RLC,,xe!xe!xe!xe!
xexexexexe,jzd,xhéxhéxhéxhéxhé,smb,RLC,,xe!xe!xe!xe!xe!
xeta,jzd,Xhèta,n,JLC,nn:mas,xe*ta
xewi,jzd,Xhèhui,n,JLC,n:mas,xe*wi
xeembe-2,jzd,xheembe',a,EJG,,xeembe
xek,jzd,xhec,smb,RGL,,xek
xeta-2,jzd,xheta,a,EJG;JLC;RLC,,xeta
xexe,jzd,xhexhe,s,ND,,xexe
xi,jzd,xhi,s,,,xi
xibiyooxo,jzd,xhi biyooxho',s,VC,,xi bi=yooxo
xinisagye,jzd,xhi nisaguie,s,VC,,xi nisa=gye
xirini,jzd,xhi rini,s,JLC;RLC,,xi rini
xi-2,jzd,xhì,s,JLC,,xi*
xinni-2,jzd,xhìnnì,s,EJG;JLC;ND;RLC,,xi*nni*
xii-2,jzd,xhii,a,JLC;RLC;VP,,xii
xiidi-2,jzd,xhiidi',a,RLC,,xiidi
xiiwi-2,jzd,xhiihui',a,EJG;JLC;ND;RLC;VP,,xiiwi
xo7pa,jzd,xhó'pa',a,RLC;VC,,xo!7pa
xou,jzd,xhóu,itj,EJG;VC,,xo!u
xo7,jzd,xho',s,EJG;JLC;ND;RLC;VP,,xo7
xo7dxaba7,jzd,xho' dxabá',s,EJG;RLC,,xo7 dxaba!7
xo7gu7xubido7,jzd,xho' gu'xhu' bido',s,RLC,,xo7 gu7xu bi-do7
xo7lanna7,jzd,xho' lanná',s,EJG;RGL,,xo7 lanna!7
xo7naxi,jzd,xho' naxhi,s,EJG,,xo7 naxi
xo7xa,jzd,xho' xhà,s,RGL;RLC,,xo7 xa*
xo7yi7,jzd,xho' yì',s,RGL;RLC,,xo7 yi*7
xo7yu7,jzd,xho' yù',s,JLC,,xo7 yu*7
xo7yuudxu,jzd,xho' yuudxu',s,EJG;ND;RGL;RLC,,xo7 yuudxu
xoka-2,jzd,xhoca,a,EJG;VC;VP,,xoka
xonda,jzd,xhondà,a,EJG,,xonda*
xono,jzd,xhonò,num,EJG;JLC;ND;RLC;VP,,xono*
xonogubidxa,jzd,xhonò gubidxa,s,JLC;RGL;VP,,xono* gu-bidxa
xoopa,jzd,xhoopa',num,EJG;JLC;ND;RLC;VP,,xoopa
xopa-2,jzd,xhopà,a,RLC,,xopa*
xozegolayuze,jzd,xhoze gola yùzè,s,JLC,,xoze gola yu*ze*
xt,jzd,xht,itj,RGL,,xt
xteru,jzd,xhtèru,s,EJG;RLC,,xte*ru
xtya,jzd,xhtiá,s,JLC,,xtya!
xu7ni,jzd,xhú'ni',a,EJG;JLC;ND;RLC;VC,a:dv1b,xu!7ni
xunku,jzd,xhùncu,s,EJG;JLC;ND;RGL;RLC;VP,,xu*nku
xunkuwiinibenda7,jzd,xhùncu huiini' bendá',s,RGL;RLC,,xu*nku wiini bend.a!7
xupi,jzd,xhùpì,a,ND;RLC;VC,a:dv1a,xu*pi*
xubaana,jzd,xhubaana',s,ND;VC,s:pos,xu-baana
xunu,jzd,xhunu,s,EJG;ND;RGL,,xunu
xuuni-2,jzd,xhuuni',a,VP,,xuuni
xuuta,jzd,xhuuta',a,VC,,xuuta
xuxu-2,jzd,xhuxhù,a,EJG;ND;RLC;VP,,xuxu*
xxx,jzd,xhxhxh,smb,RGL,,xxx
xyanta,jzd,xhiànta,s,JLC,,xya*nta
ya7gi,jzd,yá'gui',a,EJG;JLC,a:dv1b,y.a!7gi
ya7ni,jzd,yá'ni',a,VP,a:dv1b,y.a!7ni
ya7zi,jzd,yá'zi',a,JLC;VP,a:dv1b,y.a!7zi
ya7gi-2,jzd,ya'gui',a,RLC,,y.a7gi
yaande,jzd,yaandè',a,EJG;VP,a:dv1a,y.aande*
yaapabyaani-2,jzd,yaapa' biaani',s,VC,,y.aapa b.y.aani
yaapawii-2,jzd,yaapa'huiì,s,EJG;VC,,y.aapa=wii*
yache,jzd,yachè,a,EJG,,y.ache*
yakado7,jzd,yaca (do'),av,EJG;JLC;ND;RLC,,y.aka (do7)
ye7chu,jzd,yé'chu',a,EJG;ND;RGL;RLC;VP,a:dv1b,y.e!7chu
ye7gu,jzd,yé'gu',a,EJG;RLC;VP,a:dv1b,y.e!7gu
yelle7-2,jzd,yelé',a,EJG;ND;RGL;RLC;VC;VP,,y.elle!7
yu7da,jzd,yú'da',a,JLC;RGL;RLC,a:dv1b,y.u!7da
ya-3,jzd,ya,av,EJG;JLC;ND;RLC;VP,,ya
yangakaa,jzd,ya ngà caa,av,EJG;VC;VP,,ya nga* kaa
ya-4,jzd,Yá,n,JLC;RGL;RLC,n:fem,ya!
ya7nda,jzd,yá'nda',a,JLC;RGL,a:dv1sim,ya!7nda
ya7ni-2,jzd,yá'ni',a,EJG;ND;RGL;VP,a:dv1b,ya!7ni
ya7se,jzd,yá'se',a,EJG;JLC;RGL;RLC;VP,"a:dv1b, s",ya!7se
yaanke,jzd,Yáanque,n,JLC,n:mas,ya!anke
yan,jzd,Yán,n,JLC,n:mas,ya!n
yaaaw,jzd,yá̰a̰á̰̀u,smb,RGL,,ya'!a'a'!`w
ya1,jzd,yà,a,EJG;JLC;ND;RGL;RLC;VP,,ya*
ya2,jzd,riaya,s,EJG;JLC;ND;RLC,,ya*
ya3,jzd,riaabi',s,EJG;JLC;ND;RLC,,ya*
ya7-4,jzd,yà',av,VC,,ya*7
ya7laala,jzd,yà' laa là,clq,EJG;JLC;RLC,,ya*7 laa la*
yabe,jzd,riaalà',s,JAR,,ya*be
yabemiksta,jzd,rielé',s,JAR,,ya*be mi*ksta
yako7ckph,jzd,riì',n,JLC,n:mas,ya*ko7  CK-PH
yana-2,jzd,Yàna,n,JLC,n:fem,ya*na
yanabizi,jzd,Yàna Bìzi,n,JLC,nn:fem,ya*na bi*zi
yanta,jzd,yànta,s,RGL,,ya*nta
yanu1,jzd,yànu,s,RGL,,ya*nu
yanu2,jzd,Yànu,n,JLC,n:mas,ya*nu
yanubidxaa,jzd,Yànu Bidxaà,n,JLC,nn:mas,ya*nu bi-dxaa*
yanubizi,jzd,Yànu Bizi,n,JLC,nn:mas,ya*nu bizi
yanuchachi7,jzd,Yànu Chachí',n,JLC,nn:mas,ya*nu chachi!7
yape,jzd,yàpe,s,,,ya*pe
yarda,jzd,yàrda,s,RGL,s:med,ya*rda
yayayoo,jzd,yàyà yoo,s,VC,,ya*ya* yoo
ya71,jzd,ya',int,EJG;ND;RLC;VC;VP,,ya7
ya72,jzd,ya',itj,EJG;ND;RLC;VC;VP,,ya7
ya7ne,jzd,ya' nè,itj,EJG;VC,,ya7 ne*
yaa,jzd,yaa,s,JLC;RLC,,yaa
yaachi,jzd,yaàchì',s,JLC,,yaa*chi*
yaapi,jzd,yaàpì',s,JLC;VC,,yaa*pi*
yaawi-2,jzd,yaàhuì',a,JLC;VC,,yaa*wi*
yaabi-2,jzd,yaabi',a,EJG;RLC,,yaabi
yaalla-2,jzd,yaalà',s,RGL;RLC,,yaalla*
yaallabido7,jzd,yaalà' bido',s,,,yaalla* bi-do7
yaapawagu-2,jzd,yaapa' huagu,s,EJG;VC,,yaapa wagu
yachi7,jzd,yachí',a,EJG;JLC;VC,,yachi!7
yaga,jzd,yaga,s,JAR;RLC,,yaga
yagabyuzhe,jzd,yaga biùxè,s,JAR,,yaga b.yu*zhe*
yagabate,jzd,yaga bàte,s,JLC,,yaga ba*te
yagabe7nye,jzd,yaga bé'ñe',s,EJG;RGL;VC,,yaga be!7nye
yagabuu,jzd,yaga buù,s,JLC;RGL,,yaga buu*
yagale,jzd,yaga lè,s,JLC;ND;RLC,,yaga le*
yagale7,jzd,yaga le',s,EJG;JLC;ND,,yaga le7
yaganandawi,jzd,yaga nandàhuì,s,JAR,,yaga na-nda*wi*
yaganyee,jzd,yaga ñee,s,EJG;RLC;VC;VP,,yaga nyee
yagarwaa,jzd,yaga ruaa,s,JLC;RLC;VP,,yaga rwaa
yagatiki,jzd,yaga tiqui,s,VC,,yaga tiki
yagatuxu,jzd,yaga tùxhu,s,EJG;VC,,yaga tu*xu
yagatuxu-2,jzd,yaga tuxhu,s,,,yaga tuxu
yagazhada,jzd,yaga xada,s,VC,,yaga zhada
yagabidxichi,jzd,yagabidxichi,s,ND,,yaga=bi-dxichi
yaksyaksyaks,jzd,yacs yacs yacs,smb,RGL,,yaks yaks yaks
yana7,jzd,yaná',a,JLC;ND,a:dv1b,yana!7
yanna,jzd,yanna,av,EJG;JLC;ND;RGL;RLC;VP,,yanna
yannaka,jzd,yannacà,av,EJG;RLC,,yanna +ka*
yannadxi,jzd,yanna dxi,av,EJG;JLC;RGL;RLC;VP,,yanna dxi
yannadxipe7,jzd,yanna dxipe',av,RGL,,yanna dxi +pe7
yannageela,jzd,yanna gueela',av,EJG;RGL;RLC,,yanna geela
yannari7,jzd,yanna rí',av,RLC;VC;VP,,yanna ri!7
yanni,jzd,yanni,s,EJG;JLC;ND;VP,,yanni
yannibatana7,jzd,yanni bata nà',s,RGL,,yanni bata na*7
yannibatanyee,jzd,yanni bata ñee,s,RGL,,yanni bata nyee
yannibote,jzd,yanni bòte,s,JLC,,yanni bo*te
yannina7,jzd,yanni nà',s,JLC;RLC;VP,,yanni na*7
yannina7mani7,jzd,yanni nà' maní',s,RGL;RLC,,yanni na*7 mani!7
yaxu,jzd,yaxhu,s,,,yaxu
yaya-2,jzd,yaya,s,EJG;ND,,yaya
yaza,jzd,yaza,s,EJG;JLC;ND;RLC;VC;VP,,yaza
yeeto,jzd,Yéeto,n,JLC,n:mas,ye!eto
yel,jzd,Yél,n,JLC,n:mas,ye!l
yenchutadxaa,jzd,Yénchu Ta Dxaà,n,JLC,nn:mas,ye!nchu ta dxaa*
yemabikwinina7,jzd,yèma (bicuini) nà',s,RGL;RLC,,ye*ma (bi-kwini) na*7
yenchu,jzd,Yènchu,n,JLC,n:mas,ye*nchu
yenchugeta,jzd,Yènchu Gueta,n,JLC,nn:mas,ye*nchu geta
yenchupiirri,jzd,Yènchu Piìrrì',n,JLC,nn:mas,ye*nchu pii*rri*
yerru,jzd,yèrru,s,JLC;RLC,,ye*rru
yesu,jzd,yèsu,s,RGL;RLC,,ye*su
yewa,jzd,yèhua,s,JLC;RGL;RLC,,ye*wa
yewangola,jzd,yèhua ngola,s,RLC,,ye*wa ngola
yeche7-2,jzd,yeché',a,EJG;RGL;RLC;VP,,yeche!7
yeeta,jzd,yeètà',s,EJG;JLC;VP,,yee*ta*
yeetabayu7,jzd,yeètà' bayú',s,JLC;VC,,yee*ta* bayu!7
yeenda,jzd,yeenda',a,EJG;RLC,,yeenda
yerbabwena,jzd,yerbabuèna,s,,,yerbabwe*na
yerbasanta,jzd,yerbasànta,s,,,yerbasa*nta
yin,jzd,Yín,n,JLC,n:mas,yi!n
yi7-2,jzd,yì',a,EJG;RLC,,yi*7
yo7xo-2,jzd,yó'xho',a,EJG;RLC;VP,a:dv1b,yo!7xo
yooka,jzd,Yóoca,n,JLC,n:mas,yo!oka
yoomo,jzd,Yóomo,n,JLC,n:mas,yo!omo
yoomogidxa,jzd,Yóomo Guìdxa,n,JLC,nn:mas,yo!omo gi*dxa
yoomokwaata,jzd,Yóomo Cuaata',n,JLC,nn:mas,yo!omo kwaata
yo,jzd,yò,av,EJG;JLC;ND;RLC;VP,,yo*
yodo,jzd,yòdo,s,RLC,,yo*do
yoya1,jzd,yòya,voc,RLC,,yo*ya
yoya2,jzd,Yòya,n,JLC,n:fem,yo*ya
yodes,jzd,yodés,s,RLC,,yo-de!s
yonde7,jzd,yondé',s,,,yonde!7
yoo,jzd,yoo,s,EJG;JLC;ND;RLC;VP,,yoo
yoodebasoo,jzd,yoo de basoo,s,JLC,,yoo de ba-soo
yoodebenye,jzd,yoo de beñe,s,JLC,,yoo de benye
yoodebindii,jzd,yoo de bindiì,s,JLC,,yoo de bi-ndii*
yoodeladriw,jzd,yoo de ladríu,s,RGL,,yoo de la-dri!w
yoodetechu,jzd,yoo de tèchu,s,RLC,,yoo de te*chu
yoodeteja,jzd,yoo de tèja,s,RLC,,yoo de te*ja
yoodetejabana,jzd,yoo de tejabàna,s,JLC,,yoo de teja-ba*na
yoodezha,jzd,yoo dèxa,s,JLC;RLC;VP,,yoo de*zha
yoogyaa,jzd,yoo guiaa,s,VC,,yoo gyaa
yoolaawi,jzd,yoo laahuì',s,EJG;JLC;ND;RGL;RLC,,yoo laawi*
yoorariziidikabesekundarya,jzd,Yoo ra Riziidi'ca'be Sécundària,s,RLC,s:lf,yoo ra+ ri-ziidi +ka' +be* se!kunda*rya
yooro7,jzd,yoo ró',s,RGL,,yoo ro!7
yooskwella,jzd,yoo scuèla,s,JLC;VP,,yoo skwe*lla
yoozinya,jzd,yoo ziña,s,JLC;RLC;VP,,yoo zinya
yoocha,jzd,yoòchà',s,JLC,,yoo*cha*
yooxo,jzd,yooxho',a,JLC;ND;RLC,,yooxo
yorona,jzd,yoròna,s,RLC,,yoro*na
yorro,jzd,yorrò,s,EJG;VC,,yorro*
yotebi,jzd,yotebí,s,RLC,,yote-bi!
yu-2,jzd,yu,s,EJG;JLC;ND;RGL;RLC;VP,,yu
yubaba7,jzd,yu babá',s,JLC,,yu baba!7
yubenye,jzd,yu beñe,s,JLC;RLC,,yu benye
yuchuga,jzd,yu chuga,s,RGL;RLC,,yu chuga
yude,jzd,yu de,s,EJG;JLC;ND;RGL;RLC;VP,,yu de
yuga7nda,jzd,yu gá'nda',s,JLC;RLC,,yu ga!7nda
yugidxi,jzd,yu guidxì,s,JLC;RLC,,yu gidxi*
yugiigu,jzd,yu guiigu',s,JLC;RLC,,yu giigu
yuguchi,jzd,yu guchi,s,JLC;VC,,yu guchi
yugudxa,jzd,yu gudxa,s,EJG;ND;RLC,,yu gudxa
yugye,jzd,yu guie,s,JLC;RLC,,yu gye
yukwe7la,jzd,yu cue'la',s,JLC;RGL;RLC;VP,,yu kwe7la
yunanda,jzd,yu nanda,s,JLC,,yu nanda
yunda7,jzd,yu ndá',s,JLC;RLC,,yu nda!7
yute,jzd,yu te,s,JLC,,yu te
yute7,jzd,Yu Tè',s,JLC;RLC;VC,,yu te*7
yuyaase,jzd,yu yaase',s,JLC;RLC,,yu yaase
yuzhinya71,jzd,yu xiñà',s,JLC;RLC,,yu zhi-nya*7
yuzhinya72,jzd,Yu xiñà',s,JLC;RLC,,yu zhi-nya*7
yuzidi,jzd,yu zidi,s,JLC;RLC,,yu zidi
yu7dxu,jzd,yú'dxu',a,JLC;RLC,a:dv1b,yu!7dxu
yu7la,jzd,yú'la',a,JLC;ND;RLC,,yu!7la
yubya,jzd,yùbia,s,RGL;RLC,,yu*bya
yuze,jzd,yùzè,s,EJG;JLC;RLC;VP,,yu*ze*
yuzedaa,jzd,yùzè daa,s,JLC;ND;RLC;VP,,yu*ze* daa
yuzegeenda,jzd,yùzè gueèndà',s,JLC,,yu*ze* gee*nda*
yuzeri7ni,jzd,yùzè rí'ni',s,RGL,,yu*ze* ri!7ni
yuzewiini,jzd,yùzè huiini',s,JLC;VP,,yu*ze* wiini
yu7du,jzd,yu'du',s,EJG;JLC;ND;RGL;RLC;VP,,yu7.du
yu7duro7,jzd,yu'du' ró',s,RLC,,yu7.du ro!7
yu7ba,jzd,yu'ba',s,JLC;ND;VP,,yu7ba
yu7chi-2,jzd,yu'chi',s,JLC,,yu7chi
yuzhi,jzd,yuxi,s,EJG;JLC;ND;RLC;VP,,yu=zhi
yuzhido7,jzd,yuxido',s,EJG;JLC,,yu=zhi do7
yuzhigye,jzd,yuxi guie,s,JLC;VP,,yu=zhi gye
yuzhinwi,jzd,yuxi nuì,s,EJG,,yu=zhi n.wi*
yuzhiraaya,jzd,yuxi raaya',s,EJG,,yu=zhi raaya
yuba-2,jzd,yuba,s,EJG;JLC;ND;RLC;VP,,yuba
yubaike,jzd,yuba ique,s,JLC;RLC,,yuba ike
yudxi,jzd,Yudxi,s,JLC;VC;VP,,yudxi
yute7-2,jzd,Yutè',s,RLC,,yute*7
yuu-2,jzd,yuù,a,EJG;JLC;ND;RLC;VC;VP,,yuu*
yuuba-2,jzd,yuuba',s,EJG;JLC;ND;RGL;RLC;VP,,yuuba
yuubadxitaladi,jzd,yuuba' (dxita) ladi,s,JLC;RLC;VC,,yuuba (dxita) ladi
yuubaba7du,jzd,yuuba' ba'du',s,RGL;RLC,,yuuba ba7du
yuubadeche,jzd,yuuba' deche,s,RLC,,yuuba deche
yuubadyaga,jzd,yuuba' diaga,s,JLC;RGL;RLC,,yuuba dyaga
yuubagalaalu,jzd,yuuba' galaà lu,s,EJG;RLC;VC,,yuuba ga-laa* lu
yuubala7dxido7,jzd,yuuba' la'dxi'do',s,RGL;RLC,,yuuba la7dxi=do7
yuubalaya,jzd,yuuba' laya,s,JLC;RGL;RLC,,yuuba laya
yuubandaani,jzd,yuuba' ndaani',s,EJG;JLC;RGL;RLC;VP,,yuuba ndaani
yuubanyee,jzd,yuuba' ñee,s,RGL;RLC,,yuuba nyee
yuubaobaryu,jzd,yuuba' obàriu,s,RLC,,yuuba oba*ryu
yuubayaa,jzd,yuuba' yaa,s,EJG;JLC;ND;RGL;RLC;VP,,yuuba yaa
yuubayanni,jzd,yuuba' yanni,s,RGL;RLC,,yuuba yanni
yuubayati,jzd,yuuba' yatì,s,RLC;VP,,yuuba yati*
yuubazhibi,jzd,yuuba' xibi,s,RGL;RLC,,yuuba zhibi
yuubaike,jzd,yuubaique,s,EJG;ND;RGL;RLC,,yuuba=ike
yuudxu-2,jzd,yuudxu',a,RLC,,yuudxu
yuxu7,jzd,yuxhú',a,EJG;ND;VC;VP,,yuxu!7
yuya,jzd,yuyà,s,ND;VP,,yuya*
z,jzd,zːːːːːːːː,smb,RLC,,z :: :: :: ::
zandaka,jzd,zandàcà,clq,RLC;VP,,z.anda* +ka*
zandazha,jzd,zandàxà,clq,EJG;RLC,,z.anda* +zha*
zapalu,jzd,zapa lu,s,EJG;ND;RLC;VC,,z.apa lu
zyaabi,jzd,ziaabi',clq,ND;RLC,,z.yaabi
zyuulla-2,jzd,ziuula',a,EJG;JLC;ND;RGL;RLC;VP,,z.yuulla
z3m,jzd,zɨ́m,smb,RLC,,z3!m
z3s,jzd,zɨ́sːː,smb,RLC,,z3!s ::
z3sz3sz3sz3sz3sz3s,jzd,zɨ́s zɨ́s zɨ́szɨ́szɨ́s zɨ́s,smb,RLC,,z3!s z3!s z3!sz3!sz3!s z3!s
zm,jzd,zˤmˤ,smb,RGL,,z:m:
zzzz,jzd,ẑːː ẑːː ẑːː ẑːː,smb,RLC,,z^:: z^:: z^:: z^::
za1,jzd,za,s,EJG;JLC;ND;RLC;VP,,za
za2,jzd,za,s,EJG;JLC;ND;RLC;VP,,za
zaparrlama,jzd,za parrlàma,s,RLC,,za parr-la*ma
za7,jzd,zá',a,JLC,,za!7
za7bi,jzd,zá'bi',a,EJG;JLC;ND,"a:dv1b, dsp",za!7bi
za7bilu,jzd,zá'bi' lu,a,JLC;RLC,a:dv1b,za!7bi # lu
za7bigaa,jzd,zá'bi' gaà,a,EJG;JLC;RLC;VP,a:dv1b,za!7bi gaa*
za7bilubi,jzd,zá'bi' lu bi,a,VC,a:dv1b,za!7bi lu bi
za7bina7,jzd,zá'bi' nà',a,EJG;RLC,a:dv1b,za!7bi na*7
za7bixtiidxa,jzd,zá'bi' xtiidxa',a,EJG;ND;RLC,a:dv1b,za!7bi x.tiidxa
za1-2,jzd,zà,a,ND;RLC;VP,a:dv1a,za*
za2-2,jzd,zà,a,JLC,"a:dv1a, s:der",za*
za3,jzd,zà,a,RGL;RLC,a:dv1a,za*
zaka,jzd,zacà,av,EJG;JLC;ND;RLC;VP,,za+ ka*
zakaka,jzd,zacàcà,av,EJG;RLC;VP,,za+ ka* +ka*
zakasi,jzd,zacàsì,av,JLC;RLC,,za+ ka* +si*
zakati7,jzd,zacàtí',av,JLC;RLC,,za+ ka* +ti!7
zakatika,jzd,zacà ticà,av,JLC;RLC,,za+ ka* tika*
zake,jzd,zaquè,av,JLC;ND;RLC;VP,,za+ ke*
zakeka,jzd,zaquècà,av,JLC;RLC;VP,,za+ ke* +ka*
zaa-2,jzd,zaà,av,EJG;JLC;ND;RLC;VP,,zaa*
ze,jzd,ze,s,EJG;JLC;ND;RLC,,ze
zebeelabiwi,jzd,ze beelà' bihui,s,JLC;RLC,,ze beela* biwi
ze7,jzd,zé',a,EJG;RLC,a:dv1b,ze!7
ze7lu,jzd,zé' lu,a,EJG;JLC;RLC,a:dv1b,ze!7 lu
ze7layasintilaya,jzd,zè' laya sín ti làya,clq,JLC;RLC,,ze*7 laya si!n ti+ la*ya
zee-2,jzd,zee,s,,,zee
zeeyaagi,jzd,zee yaagui',s,JLC;VC,,zee yaagi
zella7,jzd,zelá',s,EJG;ND;VC,,zella!7
zh,jzd,x,smb,RGL,,zh
zhaa,jzd,x́ a'a',smb,JLC;RGL,,zh!`a'a'
zhalle7-2,jzd,rixalé',a,EJG;JLC;RGL;RLC;VP,,zh.alle!7
zhawela7,jzd,xahuelá',s,EJG;RLC,s:pos,zh.awela!7
zhi7nye,jzd,xí'ñe',a,JLC;VC,a:dv1b,zh.i!7nye
zhombre,jzd,xòmbre,itj,JLC;RLC;VP,,zh.o*mbre
zhumale,jzd,xumàle,s,EJG;RGL;RLC;VP,s:pos,zh.uma*le
zhumbale,jzd,xumbàle,s,EJG;RGL;RLC;VP,s:pos,zh.umba*le
zhwanga,jzd,xuàngà,s,FSL;JLC;RGL;RLC,,zh.wa*nga*
zhwaanagola,jzd,xuaana'(gòla),s,EJG;JLC;ND;RLC,,zh.waana(=go*la)
zhya-2,jzd,xià,a,JLC;ND;RLC,"a:dv1a, s:der",zh.y.a*
zhyeke,jzd,xieque,nom,ND;RLC,,zh.y.eke
zh3kzh3k,jzd,xɨc xɨc,smb,RLC,,zh3k zh3k
zhm,jzd,xːːmːː,smb,RLC,,zh::m::
zhaghazhaghazhagha,jzd,xAghA xAghA xAghA,smb,RGL,,zhAghA zhAghA zhAghA
zha1,jzd,xa,enf,EJG;ND;RLC;VC;VP,,zha
zha2,jzd,xa,smb,RGL,,zha
zhadxe,jzd,xa dxé,itj,RLC,,zha dxe!
zhazhezhazhe,jzd,xá xé xá xé,smb,RLC,,zha! zhe! zha! zhe!
zha-4,jzd,xá,dem,ND;RLC,,zha!+
zha7zha7,jzd,xá' xá',smb,JLC;RGL,,zha!7 zha!7
zha7ta,jzd,xá'ta',a,EJG;JLC;RLC,a:dv1b,zha!7ta
zhada,jzd,xáda,a,EJG;JLC;ND;RLC;VP,,zha!da
zhaw7zhaw7,jzd,xáhu' xáhu',smb,RGL,,zha!w7 zha!w7
zhaxzhaxzhax,jzd,xáxh xáxh xáxh,smb,RLC,,zha!x zha!x zha!x
zhate1,jzd,xàte,s,JLC,,zha*te
zhate2,jzd,Xàte,n,JLC,nn:mas,zha*te
zhawi,jzd,xàhui,s,EJG;JLC;ND,,zha*wi
zha-5,jzd,xa,prp,EJG;ND;RLC,prp:loc,zha+
zhagiba7,jzd,xa(gu)iba',prp,EJG;RLC;VC;VP,prp:loc:lf,zha+ (g)i-ba7
zhadani,jzd,Xadanì,s,EJG;JLC;RGL;VP,,zha+ dani*
zhade,jzd,xade,prp,EJG;ND;RGL;RLC,prp:loc:lf,zha+ de
zhadxi,jzd,xadxi,prp,EJG;JLC;ND;RGL;RLC;VP,prp:loc:lf,zha+ dxi
zhagete7,jzd,xagueté',prp,EJG;JLC;RLC;VP,prp:loc:lf,zha+ g.ete!7
zhagidxilayu1,jzd,xaguidxilayu,prp,EJG;VC,prp:loc:lf,zha+ gidxi=la=yu
zhagidxilayu2,jzd,xaguidxilayu,prp,EJG;VC,prp:loc:lf,zha+ gidxi=la=yu
zhagu,jzd,xagu,prp,EJG;VC,prp:loc:lf,zha+ gu
zhaike1,jzd,xaique,prp,EJG;RLC,prp:loc:lf,zha+ ike
zhaike2,jzd,xaique,s,EJG;JLC;ND;RGL;RLC;VP,,zha+ ike
zhakodona7,jzd,xacòdo nà',prp,JLC;RGL;RLC;VP,prp:loc:lf,zha+ ko*do na*7
zhalayu,jzd,xalayu,prp,EJG;ND;RLC;VC,prp:loc:lf,zha+ la=yu
zhalaribyu,jzd,xalari biú,prp,EJG;RLC,prp:loc:lf,zha+ lari b.y.u!
zhale7,jzd,xale',prp,EJG;ND;RLC,prp:loc:lf,zha+ le7
zhana7,jzd,xanà',prp,EJG;RLC,prp:loc:lf,zha+ na*7
zhandaanimanizhubi,jzd,xandaani' maní' xúbi,prp,RLC,prp:loc:lf,zha+ ndaani mani!' zhu!bi
zhandaanimeuzhubi,jzd,xandaani' meú xúbi,prp,RGL;RLC,prp:loc:lf,zha+ ndaani meu! zhu!bi
zhanyee,jzd,xañee,prp,EJG;ND;VP,prp:loc:lf,zha+ nyee
zhatininyee,jzd,xatini (ñee),prp,EJG;JLC;ND;RGL;RLC;VP,prp:loc:lf,zha+ tini (nyee)
zhatinina7,jzd,xatini nà',prp,RGL;RLC,prp:loc:lf,zha+ tini na*7
zhaxkacha,jzd,xaxcàcha,prp,RGL,prp:loc:lf,zha+ x.ka*cha
zhaxku,jzd,xaxcu,prp,RGL;RLC,prp:loc:lf,zha+ x.ku
zhaxxigi,jzd,xaxhigui,prp,RGL;RLC,prp:loc:lf,zha+ x.xigi
zhayanni,jzd,xayanni,prp,RGL;RLC;VP,prp:loc:lf,zha+ yanni
zhayu,jzd,xayu,prp,EJG;ND;RLC;VC,prp:loc:lf,zha+ yu
zhabu,jzd,xabú,s,EJG;JLC;ND;RGL;RLC;VP,,zha-bu!
zhandye,jzd,xandié,s,,,zha-ndye!
zha7chaani,jzd,xa' chaani',s,EJG;JLC;ND;RLC;VC;VP,,zha7 chaani
zha7naroo,jzd,xa'(na) roo,s,EJG;ND;RGL;RLC,,zha7(na) roo
zha7na1,jzd,xa'na',s,EJG;JLC;ND;RGL;RLC;VP,,zha7na
zha7na2,jzd,xa'na',s,EJG;ND;RGL;RLC;VP,s:rel,zha7na
zha7naaguzha7,jzd,xa'na' aguxá',s,JLC;RLC,,zha7na aguzha!7
zha7nabikwinina7,jzd,xa'na' bicuini nà',s,RGL;RLC,,zha7na bi-kwini na*7
zha7nabizhuga,jzd,xa'na' bixugà,s,RGL;RLC,,zha7na bi-zhuga*
zha7nadyaga,jzd,xa'na' diaga,s,RGL;RLC,,zha7na dyaga
zha7nagelagidi,jzd,xa'na' guela guidi,s,JLC;RLC,,zha7na gela gidi
zha7nagidirwaa,jzd,xa'na' guidi ruaa,s,RGL;RLC,,zha7na gidi rwaa
zha7nangola,jzd,xa'na' ngola,s,JLC;RLC,,zha7na ngola
zha7nawiini,jzd,xa'na' huiini',s,JLC;RLC,,zha7na wiini
zha7nazhidxi,jzd,xa'na' xidxi,s,RGL;RLC,,zha7na zhidxi
zhataata,jzd,xataata',a,EJG;RLC,a:sim,zha=taata
zhaazhaa1,jzd,xaa xaa,smb,RGL,,zhaa zhaa
zhaazhaa2,jzd,xaa xaa,smb,JLC,,zhaa zhaa
zhaazhaa3,jzd,xaa xaa,smb,JLC,,zhaa zhaa
zhaayayaga,jzd,xaàyà' (yaga),s,JLC;VC,,zhaa*ya* (yaga)
zhabizende,jzd,Xabizènde,s,EJG;JLC;RLC;VP,,zhabize*nde
zhagazhaga,jzd,xaga xaga,smb,,,zhaga zhaga
zhagazhigizhogozhugu,jzd,xaga xigui xogo xugu,smb,RLC,,zhaga zhigi zhogo zhugu
zhakuzhakuzhaku,jzd,xacu xacu xacu,smb,RGL,,zhaku zhaku zhaku
zhandye-2,jzd,xandié,s,EJG,,zhan-dye!
zhandu7,jzd,xandú',s,EJG;JLC;RLC;VC;VP,,zhandu!7
zhandu7biropa,jzd,xandú' biropa,s,VC,,zhandu!7 bi-ropa
zhandu7yaa,jzd,xandú' yaa,s,VC,,zhandu!7 yaa
zhaw7zhaw71,jzd,xahu' xahu',smb,RGL,,zhaw7 zhaw7
zhaw7zhaw72,jzd,xahu' xahu',smb,RGL,,zhaw7 zhaw7
zhaw7zhaw7zhaw7,jzd,xahu' xahu' xahu',smb,RGL,,zhaw7 zhaw7 zhaw7
zhezhe1,jzd,xe xe,av,ND,,zhe zhe
zhezhe2,jzd,xe xe,smb,EJG;JLC;ND;RGL;RLC,,zhe zhe
zhezhezhe,jzd,xé xé xé,smb,RLC,,zhe! zhe! zhe!
zhezhezhezhe,jzd,xé xé xé xé,smb,RLC,,zhe! zhe! zhe! zhe!
zhe7xe,jzd,xé'xhe',a,EJG;RLC,a:dv1b,zhe!7xe
zhebe7,jzd,xebé',a,EJG;JLC;ND,a:dv1sim,zhebe!7
zheedxezheedxewiini,jzd,xeedxe' ~ xeedxe' huiini',s,,,zheedxe ~ zheedxe wiini
zheexe-2,jzd,xeexhe',a,EJG,,zheexe
zhegezhegezhegezhege,jzd,xegue xegue xegue xegue,smb,RGL;RLC,,zhege zhege zhege zhege
zhenzhe,jzd,xenxè,a,EJG;VC,,zhenzhe*
zhi1,jzd,xi,a,EJG;JLC;ND;RLC,,zhi
zhi2,jzd,xi,s,EJG;RLC,,zhi
zhi3,jzd,xi,smb,EJG;ND,,zhi
zhi7,jzd,xí',a,EJG;JLC;ND;RLC;VP,a:dv1b,zhi!7
zhi7zhi7zhi7,jzd,xí' xí' xí',smb,RLC,,zhi!7 zhi!7 zhi!7
zhi-2,jzd,xì,int,VC,,zhi*
zhipe71,jzd,xìpe',int,EJG;JLC;ND;RLC;VC,,zhi* +pe7
zhipe72,jzd,xìpe',itj,EJG;JLC;ND;RLC;VC,,zhi* +pe7
zhibya7,jzd,xì bia',int,ND;RLC,,zhi* bya7
zhigaba7,jzd,xì gabá',int,JLC;RLC,,zhi* gaba!7
zhimodo,jzd,xì mòdo,int,JLC;RGL;RLC;VP,,zhi* mo*do
zhinaka,jzd,xì nàcà,int,JLC;RLC,,zhi* n.aka*
zhine,jzd,xì nè,int,EJG;RLC,,zhi* ne*
zhinyee,jzd,xì ñée,int,JLC;ND;RLC;VP,,zhi* nye!e
zhipara,jzd,xì para,int,JLC;RLC,,zhi* para
zhi-3,jzd,xi,nmr,,,zhi+
zhidalle,jzd,xidalè,nom,EJG;JLC;ND;VC,,zhi+ d.alle*
zhida,jzd,xidà,nom,EJG;VC,,zhi+ da*
zhidadaawi,jzd,xidà Daahui',nom,EJG,,zhi+ da* daawi
zhidanisa,jzd,xidà nisa,nom,EJG,,zhi+ da* nisa
zhidxaa,jzd,xidxaà,nom,JLC;RLC;VP,,zhi+ dxaa*
zhidxi-2,jzd,xidxi,nom,RLC;VP,,zhi+ dxi
zhidye,jzd,xidie,nom,EJG;JLC;RLC,,zhi+ dye
zhidyee,jzd,xidiee,nom,EJG;JLC;VC,,zhi+ dyee
zhiguudxi,jzd,xiguudxì',nom,EJG;ND,,zhi+ g.uudxi*
zhigaba7-2,jzd,xigabá',nom,EJG,,zhi+ gaba!7
zhigidi7,jzd,xiguidí',nom,RLC,,zhi+ gidi!7
zhigidxa7,jzd,xiguidxá',nom,EJG;ND;RLC,,zhi+ gidxa!7
zhigiidi,jzd,xiguiidi',nom,EJG;ND,,zhi+ giidi
zhigiidxi,jzd,xiguiidxi',nom,ND,,zhi+ giidxi
zhiguude,jzd,xiguùdè',nom,EJG;JLC,,zhi+ guu*de*
zhilase,jzd,xilase,nom,EJG;JLC;RGL;RLC;VP,,zhi+ l.ase
zhiladxi7,jzd,xiladxí',nom,EJG;JLC;ND;RLC;VP,,zhi+ ladxi!7
zhilaga,jzd,xilaga,nom,JLC;RLC,,zhi+ laga
zhilate,jzd,xilate,nom,VC,,zhi+ late
zhilwe7,jzd,xiluè',nom,EJG;JLC;ND;RLC;VP,,zhi+ lwe*7
zhindxa7,jzd,xindxá',nom,EJG;ND;RLC;VP,,zhi+ ndxa!7
zhindxa7nanda,jzd,xindxá' nanda,nom,RLC;VP,,zhi+ ndxa!7 n.anda
zhindxa7neyuubandaani,jzd,xindxá' nè yuuba' ndaani',nom,RLC,,zhi+ ndxa!7 ne* yuuba ndaani
zhindxa7xtibrama,jzd,xindxá' xtì bràma,nom,RLC,,zhi+ ndxa!7 x.ti* bra*ma
zhindxa7xti7dxiibigidxa,jzd,xindxá' xtì' dxiìbì' guidxa,nom,RLC,,zhi+ ndxa!7 x.ti*7 dxii*bi* gidxa
zhindxa7xti7mani7,jzd,xindxá' xtì' maní',nom,RLC,,zhi+ ndxa!7 x.ti*7 mani!7
zhindxaa,jzd,xindxaà,nom,EJG;JLC;ND;RLC;VP,,zhi+ ndxaa*
zhindxaado7,jzd,xindxaà do',nom,EJG;RLC;VC,,zhi+ ndxaa* do7
zhindxu7,jzd,xindxu',nom,EJG;VC,,zhi+ ndxu7
zhinga7ru,jzd,xingá'ru',nom,JLC;RLC,,zhi+ nga!7ru
zhiroo,jzd,xiroo,nom,JLC;ND;RLC,,zhi+ roo
zhirooba,jzd,xirooba',nom,ND;RLC;VP,,zhi+ rooba
zhizaa,jzd,xizaa,nom,JLC;ND;RLC,,zhi+ zaa
zhi7ke,jzd,xi'que',s,EJG;JLC;ND;RGL;RLC;VP,,zhi7ke
zhibi,jzd,xibi,s,EJG;JLC;ND;RLC;VP,,zhibi
zhibina7,jzd,xibi nà',s,VC,,zhibi na*7
zhibikudxe,jzd,Xibicùdxè,s,EJG;JLC;VP,,zhibi=ku*dxe*
zhidxi-3,jzd,xidxi,s,JLC;RGL;RLC;VP,,zhidxi
zhiga,jzd,xiga,s,RLC,,zhiga
zhigaba,jzd,xiga ba,s,RGL;RLC,,zhiga ba
zhigabe,jzd,xiga be,s,VP,,zhiga be
zhigabidxadxa,jzd,xiga bidxàdxà,s,EJG;RLC;VP,,zhiga bi-dxa*dxa*
zhigabizunu,jzd,xiga bizunu,s,EJG;JLC;RLC;VP,,zhiga bi-zunu
zhigabiiru,jzd,xiga biìrù',s,EJG;RLC;VC,,zhiga bii*ru*
zhigageta,jzd,xiga gueta,s,EJG;RGL;RLC;VP,,zhiga geta
zhigagiiba,jzd,xiga guiiba',s,EJG;JLC;RLC,,zhiga giiba
zhigaike,jzd,xiga ique,s,EJG;RLC;VP,,zhiga ike
zhigalaa,jzd,xiga laà,s,EJG;RLC,,zhiga laa*
zhigambyo7ko,jzd,xiga mbio'co',s,EJG;VC,,zhiga mbyo7ko
zhigando7pa,jzd,xiga ndó'pa',s,JLC;ND;RLC,,zhiga ndo!7pa
zhigapumpu,jzd,xiga puùmpù',s,JLC,,zhiga pu*mpu*
zhigi,jzd,xigui,s,JLC;ND;RLC,,zhigi
zhigi7-2,jzd,xiguí',a,JLC;VC,,zhigi!7
zhii-3,jzd,xii,s,EJG;JLC;ND;RLC;VP,,zhii
zhiiduubizhiiduubi,jzd,xii duubi' xii duubi',clq,EJG;ND;RLC;VC,,zhii duubi zhii duubi
zhiikaanga,jzd,xii caanga',s,JLC;RGL;RLC,,zhii kaanga
zhiiriguudxi,jzd,xii rí guùdxì',s,EJG;RGL;RLC,,zhii ri! guu*dxi*
zhiiroo,jzd,xii roo,s,JLC;RLC,,zhii roo
zhiitaaba,jzd,xii taaba',s,RGL;RLC,,zhii taaba
zhiitaadxi,jzd,xii taadxi',s,JLC;RGL;RLC,,zhii taadxi
zhiiyu7la,jzd,xii yú'la',s,RGL;RLC,,zhii yu!7la
zhiiyuudxu,jzd,xii yuùdxù',s,RGL;RLC,,zhii yuu*dxu*
zhii-4,jzd,xiì,a,JLC;RLC,,zhii*
zhiizha,jzd,xiìxà',prn,JLC;ND;RLC;VP,prn:ndf,zhii* +zha*
zhiidxu,jzd,xiidxu',s,EJG;ND;VC,,zhiidxu
zhiinyi,jzd,xiiñi',s,EJG;JLC;ND;RGL;RLC;VP,,zhiinyi
zhiinyibelle,jzd,xiiñi' bele,s,JLC;VC,,zhiinyi belle
zhiinyidxaapa,jzd,xiiñi' dxaapà',s,EJG;JLC;ND;RLC;VP,,zhiinyi dxaapa*
zhiinyidyuzhi,jzd,xiiñi' diúxi,s,JLC;RLC,,zhiinyi dyu!zhi
zhiinyigaana,jzd,xiiñi' gaanà',s,EJG;JLC;ND;RLC;VC;VP,,zhiinyi gaana*
zhiinyigi,jzd,xiiñi' gui,s,JLC;VC,,zhiinyi gi
zhiinyigiiche,jzd,xiiñi' guiichè',s,EJG;ND;RGL;RLC;VP,,zhiinyi giiche*
zhiinyijnadxii,jzd,xiiñi' jnadxiì,s,RGL;RLC,,zhiinyi j.na-dxii*
zhiinyilugola,jzd,xiiñi' lu gòla,s,RLC,,zhiinyi lu go*la
zhiinyiwiini,jzd,xiiñi' huiini',s,RGL;RLC,,zhiinyi wiini
zhiinyixtubi,jzd,xiiñi' xtubì,s,RGL;RLC,,zhiinyi x.tubi*
zhiinyiyu7du,jzd,xiiñi' yu'du',s,EJG;JLC;ND;RGL;RLC;VP,,zhiinyi yu7.du
zhiinyigabya,jzd,xiiñi'gabia,s,VC,,zhiinyi=ga-bya
zhiinyigi7xi,jzd,xiiñi'gui'xhi',s,EJG;JLC;ND;RGL;RLC;VP,,zhiinyi=gi7xi
zhika7,jzd,xicá',s,EJG;JLC;VC;VP,,zhika!7
zhike7,jzd,xiqué',av,EJG,,zhike!7
zhinyigiiche,jzd,xiñi guiichè',s,JLC,,zhinyi giiche*
zhiringa7,jzd,xiringá',s,JLC;RLC;VP,,zhiri-nga!7
zholla,jzd,xòla,s,JLC,,zho*lla
zho7do7,jzd,xo' do',a,EJG;JLC;RLC;VC,"a:lf, av:lf",zho7 do7
zhoo-2,jzd,xoo,a,EJG;RGL,,zhoo
zhoozhoo,jzd,xoo xoo,a,EJG;ND;RLC,,zhoo zhoo
zhore7,jzd,xoré',s,EJG;VC,,zhore!7
zhu,jzd,xu,s,JLC;ND;RLC;VP,,zhu
zhu7ba,jzd,xú'ba',a,JLC;ND;RGL;RLC;VP,a:dv1b,zhu!7ba
zhumbe7,jzd,xúmbe',s,EJG;JLC;ND;VP,,zhu!mbe7
zhudxi-2,jzd,xùdxi,a,EJG;JLC;ND;VC,"a:dv1a, s:der",zhu*dxi
zhuga,jzd,xùgà,s,EJG;JLC;ND;RGL;RLC;VC;VP,,zhu*ga*
zhundxi-2,jzd,xùndxì,a,JLC,a:dv1a,zhu*ndxi*
zhunazhi,jzd,Xunaxi,n,JLC;ND;RGL;RLC,n:fem,zhu-nazhi
zhunazhiwadalupe,jzd,Xunaxi Huadalùpe,s,RGL;RLC,,zhu-nazhi wadalu*pe
zhunazhido7,jzd,Xunaxido',n,JLC;RLC,n:fem,zhu-nazhi=do7
zhubaande,jzd,xubaande',s,EJG;VP,,zhub=aande
zhuba7,jzd,xubá',a,RLC,"a:dv1b, s",zhuba!7
zhuba7gye,jzd,xubá' guie,s,,,zhuba!7 gye
zhuba7nyaa,jzd,xubá' ñaà,s,EJG;JLC;VP,,zhuba!7 nyaa*
zhuba7do7diidxarwaa,jzd,xubá'do' diidxa' ruaa,clq,EJG,,zhuba!7=do7 diidxa rwaa
zhubi,jzd,xubi,a,EJG;JLC;ND;VP,,zhubi
zhudxi-3,jzd,xudxi,a,JLC,,zhudxi
zhumbalende,jzd,xumbàle nde,s,RLC,,zhumba*le nde
zhuta7-2,jzd,xutá',a,JLC;ND;RLC,,zhuta!7
zhuubi-2,jzd,xuùbì',a,EJG;JLC;ND;RLC,,zhuu*bi*
zhuubidutu,jzd,xùbì dutu,a,JLC,,zhuu*bi* dutu
zhuundxi,jzd,xuùndxì',s,ND;VC,,zhuu*ndxi*
zhuundxiguuna,jzd,xuùndxì' guuna',s,ND;VC,,zhuu*ndxi* guuna
zhuuba1-2,jzd,xuuba',s,JLC;ND;VC,,zhuuba
zhuuba2-2,jzd,xuuba',s,EJG;ND;RLC,,zhuuba
zhuubi-3,jzd,xuubì',a,EJG;ND;VC,"a, s:der",zhuubi*
zhuuga,jzd,xuuga',s,JLC;ND;VC;VP,,zhuuga
zhuumzhuum,jzd,xuum xuum,smb,RGL,,zhuum zhuum
zhwa,jzd,xuá,s,EJG;JLC;ND;RLC;VC,,zhwa!
zhwakubi,jzd,xuá cùbi,s,VC,,zhwa! ku*bi
zhwalidxi,jzd,xuá lidxi,s,EJG;VC,,zhwa! lidxi
zhya-3,jzd,xiá,s,JLC;ND;RGL;RLC,,zhya!
zhyaa,jzd,xiaà,s,,,zhyaa*
zhyana,jzd,xiana,s,ND;RLC,,zhyana
zhyebata,jzd,xiè bata,a,VC,,zhye* bata
zhyeguze,jzd,xiè gùze,a,JLC;RLC;VP,,zhye* gu*ze
zhyegulle,jzd,xiè gulè,a,JLC;RLC,,zhye* gu.lle*
zhyeladi,jzd,xiè ladi,a,RGL;RLC;VP,,zhye* ladi
zhyenyee,jzd,xiè ñee,a,JLC;RLC,,zhye* nyee
zhyee-2,jzd,xieè,a,JLC;RLC;VC;VP,,zhyee*
zidxilayu,jzd,zí dxi layu,clq,VC,,zi! dxi la=yu
zikanda,jzd,zí candà,clq,VP,,zi! kanda*
zikawi,jzd,zí cahuì,clq,VC,,zi! kawi*
zinibizinibizinibi,jzd,zí nĩbì zí nĩbì zí nĩbì,smb,RLC,,zi! ni&bi* zi! ni&bi* zi! ni&bi*
zirageela,jzd,zí ra gueela',clq,RGL,,zi! ra+ geela
zixinni,jzd,zí xhinni,clq,RGL;RLC,,zi! xinni
zi7ni,jzd,zí'ni',a,EJG;VC,a:dv1b,zi!7ni
zinye-2,jzd,zíñe,a,EJG;JLC;ND;RLC,a:dv1b,zi!nye
zi7-2,jzd,zì',s,EJG;JLC;ND;RLC;VP,,zi*7
ziriki,jzd,ziríqui,s,JLC;RLC,,zi-ri!ki
zidi,jzd,zidi,s,EJG;JLC;ND;RLC;VP,,zidi
zidide,jzd,zidi de,s,EJG;JLC;ND;RLC,,zidi de
zidinwi7,jzd,zidi nuí',s,RLC,,zidi n.wi!7
zidiraaya,jzd,zidi raaya',s,RLC,,zidi raaya
ziizi,jzd,ziìzì',a,EJG;ND;RLC,,zii*zi*
zinyabanda7,jzd,ziña bandà',s,JLC,,zinya ba-nda*7
zinyarundubi,jzd,ziña rundùbì,s,JLC;RLC,,zinya r.u-ndu*bi*
zisizisi,jzd,zisi zisi,a,EJG;VC,,zisi zisi
zitu,jzd,zitu,av,EJG;JLC;ND;RGL;RLC;VP,,zitu
zituzitu,jzd,zitu zitu,av,EJG;ND;RLC,,zitu zitu
zm-2,jzd,zḿːːːːːː,smb,RLC,,zm!:: :: ::
zu-2,jzd,zú,a,RLC,"a:dv1b, dsp",zu!
zunisa,jzd,zú nisa,a,RLC,a:dv1b,zu! nisa
zu7m,jzd,zú'm,smb,RGL,,zu!7m
zu7mba,jzd,zú'mba',a,JLC;ND;RLC,a:dv1b,zu!7mba
zuchaawi,jzd,zúchaahui',a,EJG;JLC;ND;RGL;RLC;VP,a:dv1b,zu!=chaawi
zugeda,jzd,zúgueda,a,JLC;RLC;VC;VP,a:dv1b,zu!=geda
zuka,jzd,zúcà,a,JLC;ND;RLC;VP,"a:dv1b, dsp",zu!=ka*
zundi7,jzd,zúndì',a,EJG;JLC;RLC,"a:dv1b, dsp",zu!=ndi*7
zuriki7,jzd,zúriquí',a,JLC;RLC,"a:dv1b, dsp",zu!=riki!7
zutipa,jzd,zútipa,a,JLC;ND;RLC;VP,a:dv1b,zu!=tipa
zuwaa,jzd,zúhuaa,a,EJG;JLC;RGL;RLC;VP,"a:dv1b, dsp",zu!=waa
zuwaana7,jzd,zúhuaa nà',a,JLC;RLC,"a:dv1b, dsp",zu!=waa na*7
zuzhalle7,jzd,zúxalé',a,JLC;RLC;VP,a:dv1b,zu!=zh.alle!7
zuzhibi-2,jzd,zúxibi,a,EJG;JLC;ND;RGL;RLC,"a:dv1b, dsp",zu!=zhibi
zuzhii,jzd,zúxiì,a,EJG;VC,"a:dv1b, dsp",zu!=zhii*
zum,jzd,zúm,smb,RGL,,zu!m
zumzumzum,jzd,zúm zúm zúm,smb,RLC,,zu!m zu!m zu!m
zum-2,jzd,zúmˤ,smb,RLC,,zu!m:
zummm,jzd,zúmmm,smb,RGL,,zu!mmm
zumba,jzd,zùmbà,a,EJG;JLC;VC,a:dv1a,zu*mba*
zukii,jzd,zuquiì,s,EJG;RGL;RLC;VP,,zu-kii*
zumzumzum-2,jzd,zûm zûm zûm,smb,RLC,,zu^m zu^m zu^m
zuba,jzd,zubà,a,EJG;JLC;ND;RLC;VP,"a:dv1a, dsp",zuba*
zubaluxtiidxa,jzd,zubà lu xtiidxa',a,JLC,"a:dv1a, dsp",zuba* # lu x.tiidxa
zubaikenyee,jzd,zubà ique ñee,a,JLC;RGL;RLC,"a:dv1a, dsp",zuba* ike nyee
zubakwe7,jzd,zubà cue',a,RLC,"a:dv1a, dsp",zuba* kwe7
zubawati,jzd,zubà huàtì,a,RLC,"a:dv1a, dsp",zuba* wa*ti*
zubayanni,jzd,zubà yanni,a,ND;RGL;RLC,"a:dv1a, dsp",zuba* yanni
zum-3,jzd,zum,smb,RLC,,zum
zumrrum,jzd,zum rrúm,smb,RGL,,zum- rru!m
zunubeenda,jzd,zunu beenda',s,VC,,zunu beenda
zya7,jzd,zia',a,EJG;JLC;ND;RLC;VP,,zya7
zzzzzas,jzd,zzzz zas,smb,RGL,,zzzz zas
