record_id,headword_raw_2007,headword_unicode_compat,surface_2013_reconciled,primary_surface_2013_reconciled,variants_2013_reconciled_json,record_type,parent_headword_2013_reconciled,grammatical_label_raw,tone_annotation_raw,gloss_es,entry_line_raw_2007,continuation_raw_2007,printed_page,pdf_page_2007,column,source_section,source_id,source_edition_extracted,target_edition,reconciliation_status,dialect_scope,extraction_status
PICKETT-ZE-0001,"abati’, gabati’","abati’, gabati’","abatiꞌ, gabatiꞌ",abatiꞌ,"[""abatiꞌ"", ""gabatiꞌ""]",ENTRY,,,[al],ninguna parte,"abati’, gabati’ [al] ninguna parte",,3,17,1,ZAPOTECO_ESPAÑOL,BIB003_PICKETT_VOCABULARIO,2007_FIFTH_ELECTRONIC,2013_FIFTH_ELECTRONIC_SECOND_VERSION,DOCUMENTED_UNICODE_RECONCILIATION_NOT_BYTE_EXTRACTED_2013,JUCHITAN_HISTORICAL_SOURCE,STRUCTURED_BACKFILL_V0_1
PICKETT-ZE-0002,"adxagayá’, gadxagayá’","adxagayá’, gadxagayá’","adxagayáꞌ, gadxagayáꞌ",adxagayáꞌ,"[""adxagayáꞌ"", ""gadxagayáꞌ""]",ENTRY,,,,"payasada, tontería","adxagayá’, gadxagayá’ payasada, tontería",,3,17,1,ZAPOTECO_ESPAÑOL,BIB003_PICKETT_VOCABULARIO,2007_FIFTH_ELECTRONIC,2013_FIFTH_ELECTRONIC_SECOND_VERSION,DOCUMENTED_UNICODE_RECONCILIATION_NOT_BYTE_EXTRACTED_2013,JUCHITAN_HISTORICAL_SOURCE,STRUCTURED_BACKFILL_V0_1
PICKETT-ZE-0003,"adxé, gadxé","adxé, gadxé","adxé, gadxé",adxé,"[""adxé"", ""gadxé""]",ENTRY,,,,"diferente, distinto","adxé, gadxé diferente, distinto",,3,17,1,ZAPOTECO_ESPAÑOL,BIB003_PICKETT_VOCABULARIO,2007_FIFTH_ELECTRONIC,2013_FIFTH_ELECTRONIC_SECOND_VERSION,DOCUMENTED_UNICODE_RECONCILIATION_NOT_BYTE_EXTRACTED_2013,JUCHITAN_HISTORICAL_SOURCE,STRUCTURED_BACKFILL_V0_1
PICKETT-ZE-0004,aguxa’,aguxa’,aguxaꞌ,aguxaꞌ,"[""aguxaꞌ""]",ENTRY,,,[b.b.al],aguja,aguxa’ [b.b.al] aguja,,3,17,1,ZAPOTECO_ESPAÑOL,BIB003_PICKETT_VOCABULARIO,2007_FIFTH_ELECTRONIC,2013_FIFTH_ELECTRONIC_SECOND_VERSION,DOCUMENTED_UNICODE_RECONCILIATION_NOT_BYTE_EXTRACTED_2013,JUCHITAN_HISTORICAL_SOURCE,STRUCTURED_BACKFILL_V0_1
PICKETT-ZE-0005,amá,amá,amá,amá,"[""amá""]",ENTRY,,,[b.al],mamá,amá [b.al] mamá,,3,17,1,ZAPOTECO_ESPAÑOL,BIB003_PICKETT_VOCABULARIO,2007_FIFTH_ELECTRONIC,2013_FIFTH_ELECTRONIC_SECOND_VERSION,DOCUMENTED_UNICODE_RECONCILIATION_NOT_BYTE_EXTRACTED_2013,JUCHITAN_HISTORICAL_SOURCE,STRUCTURED_BACKFILL_V0_1
PICKETT-ZE-0006,amigu,amigu,amigu,amigu,"[""amigu""]",ENTRY,,,[b.a.b],amigo,amigu [b.a.b] amigo,,3,17,1,ZAPOTECO_ESPAÑOL,BIB003_PICKETT_VOCABULARIO,2007_FIFTH_ELECTRONIC,2013_FIFTH_ELECTRONIC_SECOND_VERSION,DOCUMENTED_UNICODE_RECONCILIATION_NOT_BYTE_EXTRACTED_2013,JUCHITAN_HISTORICAL_SOURCE,STRUCTURED_BACKFILL_V0_1
PICKETT-ZE-0007,aníu,aníu,aníu,aníu,"[""aníu""]",ENTRY,,,[b.al],anillo,aníu [b.al] anillo,,3,17,1,ZAPOTECO_ESPAÑOL,BIB003_PICKETT_VOCABULARIO,2007_FIFTH_ELECTRONIC,2013_FIFTH_ELECTRONIC_SECOND_VERSION,DOCUMENTED_UNICODE_RECONCILIATION_NOT_BYTE_EXTRACTED_2013,JUCHITAN_HISTORICAL_SOURCE,STRUCTURED_BACKFILL_V0_1
PICKETT-ZE-0008,apá,apá,apá,apá,"[""apá""]",ENTRY,,,[b.al],papá,apá [b.al] papá,,3,17,1,ZAPOTECO_ESPAÑOL,BIB003_PICKETT_VOCABULARIO,2007_FIFTH_ELECTRONIC,2013_FIFTH_ELECTRONIC_SECOND_VERSION,DOCUMENTED_UNICODE_RECONCILIATION_NOT_BYTE_EXTRACTED_2013,JUCHITAN_HISTORICAL_SOURCE,STRUCTURED_BACKFILL_V0_1
PICKETT-ZE-0009,"aronda’, garonda’","aronda’, garonda’","arondaꞌ, garondaꞌ",arondaꞌ,"[""arondaꞌ"", ""garondaꞌ""]",ENTRY,,,[b.b.al],"medio, mitad","aronda’, garonda’ [b.b.al] medio, mitad",,3,17,1,ZAPOTECO_ESPAÑOL,BIB003_PICKETT_VOCABULARIO,2007_FIFTH_ELECTRONIC,2013_FIFTH_ELECTRONIC_SECOND_VERSION,DOCUMENTED_UNICODE_RECONCILIATION_NOT_BYTE_EXTRACTED_2013,JUCHITAN_HISTORICAL_SOURCE,STRUCTURED_BACKFILL_V0_1
PICKETT-ZE-0010,asientu,asientu,asientu,asientu,"[""asientu""]",ENTRY,,,[b.a.b],"asiento, silla","asientu [b.a.b] asiento, silla",,3,17,1,ZAPOTECO_ESPAÑOL,BIB003_PICKETT_VOCABULARIO,2007_FIFTH_ELECTRONIC,2013_FIFTH_ELECTRONIC_SECOND_VERSION,DOCUMENTED_UNICODE_RECONCILIATION_NOT_BYTE_EXTRACTED_2013,JUCHITAN_HISTORICAL_SOURCE,STRUCTURED_BACKFILL_V0_1
PICKETT-ZE-0011,ba’,ba’,baꞌ,baꞌ,"[""baꞌ""]",ENTRY,,,,sepulcro,ba’ sepulcro,,3,17,1,ZAPOTECO_ESPAÑOL,BIB003_PICKETT_VOCABULARIO,2007_FIFTH_ELECTRONIC,2013_FIFTH_ELECTRONIC_SECOND_VERSION,DOCUMENTED_UNICODE_RECONCILIATION_NOT_BYTE_EXTRACTED_2013,JUCHITAN_HISTORICAL_SOURCE,STRUCTURED_BACKFILL_V0_1
PICKETT-ZE-0012,ba’ yaa,ba’ yaa,baꞌ yaa,baꞌ yaa,"[""baꞌ yaa""]",SUBENTRY,baꞌ,,,Es la forma de flores representando el cuerpo del recién enterrado.,ba’ yaa Es la forma de flores,representando el cuerpo del recién enterrado.,3,17,1,ZAPOTECO_ESPAÑOL,BIB003_PICKETT_VOCABULARIO,2007_FIFTH_ELECTRONIC,2013_FIFTH_ELECTRONIC_SECOND_VERSION,DOCUMENTED_UNICODE_RECONCILIATION_NOT_BYTE_EXTRACTED_2013,JUCHITAN_HISTORICAL_SOURCE,STRUCTURED_BACKFILL_V0_1
PICKETT-ZE-0013,baba’,baba’,babaꞌ,babaꞌ,"[""babaꞌ""]",ENTRY,,,[b.al],comezón,baba’ [b.al] comezón,,3,17,1,ZAPOTECO_ESPAÑOL,BIB003_PICKETT_VOCABULARIO,2007_FIFTH_ELECTRONIC,2013_FIFTH_ELECTRONIC_SECOND_VERSION,DOCUMENTED_UNICODE_RECONCILIATION_NOT_BYTE_EXTRACTED_2013,JUCHITAN_HISTORICAL_SOURCE,STRUCTURED_BACKFILL_V0_1
PICKETT-ZE-0014,bacaguela,bacaguela,bacaguela,bacaguela,"[""bacaguela""]",ENTRY,,,,"tijereta, tijerilla (insecto)","bacaguela tijereta, tijerilla (insecto)",,3,17,1,ZAPOTECO_ESPAÑOL,BIB003_PICKETT_VOCABULARIO,2007_FIFTH_ELECTRONIC,2013_FIFTH_ELECTRONIC_SECOND_VERSION,DOCUMENTED_UNICODE_RECONCILIATION_NOT_BYTE_EXTRACTED_2013,JUCHITAN_HISTORICAL_SOURCE,STRUCTURED_BACKFILL_V0_1
PICKETT-ZE-0015,baca’nda’,baca’nda’,bacaꞌndaꞌ,bacaꞌndaꞌ,"[""bacaꞌndaꞌ""]",ENTRY,,,[b.al.b],sombra,baca’nda’ [b.al.b] sombra,,3,17,1,ZAPOTECO_ESPAÑOL,BIB003_PICKETT_VOCABULARIO,2007_FIFTH_ELECTRONIC,2013_FIFTH_ELECTRONIC_SECOND_VERSION,DOCUMENTED_UNICODE_RECONCILIATION_NOT_BYTE_EXTRACTED_2013,JUCHITAN_HISTORICAL_SOURCE,STRUCTURED_BACKFILL_V0_1
PICKETT-ZE-0016,bacaanda’,bacaanda’,bacaandaꞌ,bacaandaꞌ,"[""bacaandaꞌ""]",ENTRY,,,,sueño,bacaanda’ sueño,,3,17,1,ZAPOTECO_ESPAÑOL,BIB003_PICKETT_VOCABULARIO,2007_FIFTH_ELECTRONIC,2013_FIFTH_ELECTRONIC_SECOND_VERSION,DOCUMENTED_UNICODE_RECONCILIATION_NOT_BYTE_EXTRACTED_2013,JUCHITAN_HISTORICAL_SOURCE,STRUCTURED_BACKFILL_V0_1
PICKETT-ZE-0017,"da’ bacaanda lú, nuu bacaanda lú","da’ bacaanda lú, nuu bacaanda lú","daꞌ bacaanda lú, nuu bacaanda lú",daꞌ bacaanda lú,"[""daꞌ bacaanda lú"", ""nuu bacaanda lú""]",SUBENTRY,bacaandaꞌ,,[al-b-b],tener sueño,"da’ bacaanda lú [al-b-b], nuu bacaanda lú [a-al.b.b-b] tener sueño",,3,17,1,ZAPOTECO_ESPAÑOL,BIB003_PICKETT_VOCABULARIO,2007_FIFTH_ELECTRONIC,2013_FIFTH_ELECTRONIC_SECOND_VERSION,DOCUMENTED_UNICODE_RECONCILIATION_NOT_BYTE_EXTRACTED_2013,JUCHITAN_HISTORICAL_SOURCE,STRUCTURED_BACKFILL_V0_1
PICKETT-ZE-0018,"bacaxaba, baquixhaba","bacaxaba, baquixhaba","bacaxaba, baquixhaba",bacaxaba,"[""bacaxaba"", ""baquixhaba""]",ENTRY,,,,tarántula venenosa,"bacaxaba, baquixhaba tarántula venenosa",,3,17,1,ZAPOTECO_ESPAÑOL,BIB003_PICKETT_VOCABULARIO,2007_FIFTH_ELECTRONIC,2013_FIFTH_ELECTRONIC_SECOND_VERSION,DOCUMENTED_UNICODE_RECONCILIATION_NOT_BYTE_EXTRACTED_2013,JUCHITAN_HISTORICAL_SOURCE,STRUCTURED_BACKFILL_V0_1
PICKETT-ZE-0019,bacueœa,bacueḻa,bacueḻa,bacueḻa,"[""bacueḻa""]",ENTRY,,,[b.a.a],totomostle,bacueœa [b.a.a] totomostle,,3,17,1,ZAPOTECO_ESPAÑOL,BIB003_PICKETT_VOCABULARIO,2007_FIFTH_ELECTRONIC,2013_FIFTH_ELECTRONIC_SECOND_VERSION,DOCUMENTED_UNICODE_RECONCILIATION_NOT_BYTE_EXTRACTED_2013,JUCHITAN_HISTORICAL_SOURCE,STRUCTURED_BACKFILL_V0_1
PICKETT-ZE-0020,bacuxu’,bacuxu’,bacuxuꞌ,bacuxuꞌ,"[""bacuxuꞌ""]",ENTRY,,,[b.b.al],bellísima (flor),bacuxu’ [b.b.al] bellísima (flor),,3,17,1,ZAPOTECO_ESPAÑOL,BIB003_PICKETT_VOCABULARIO,2007_FIFTH_ELECTRONIC,2013_FIFTH_ELECTRONIC_SECOND_VERSION,DOCUMENTED_UNICODE_RECONCILIATION_NOT_BYTE_EXTRACTED_2013,JUCHITAN_HISTORICAL_SOURCE,STRUCTURED_BACKFILL_V0_1
PICKETT-ZE-0021,bacuuza,bacuuza,bacuuza,bacuuza,"[""bacuuza""]",ENTRY,,,[b.a.a],brasas de leña,bacuuza [b.a.a] brasas de leña,,3,17,1,ZAPOTECO_ESPAÑOL,BIB003_PICKETT_VOCABULARIO,2007_FIFTH_ELECTRONIC,2013_FIFTH_ELECTRONIC_SECOND_VERSION,DOCUMENTED_UNICODE_RECONCILIATION_NOT_BYTE_EXTRACTED_2013,JUCHITAN_HISTORICAL_SOURCE,STRUCTURED_BACKFILL_V0_1
PICKETT-ZE-0022,bacuza gui,bacuza gui,bacuza gui,bacuza gui,"[""bacuza gui""]",ENTRY,,,[b.a.al-al],luciérnaga,bacuza gui [b.a.al-al] luciérnaga,,3,17,1,ZAPOTECO_ESPAÑOL,BIB003_PICKETT_VOCABULARIO,2007_FIFTH_ELECTRONIC,2013_FIFTH_ELECTRONIC_SECOND_VERSION,DOCUMENTED_UNICODE_RECONCILIATION_NOT_BYTE_EXTRACTED_2013,JUCHITAN_HISTORICAL_SOURCE,STRUCTURED_BACKFILL_V0_1
PICKETT-ZE-0023,badiá’,badiá’,badiáꞌ,badiáꞌ,"[""badiáꞌ""]",ENTRY,,,[b.a],batea,badiá’ [b.a] batea,,3,17,1,ZAPOTECO_ESPAÑOL,BIB003_PICKETT_VOCABULARIO,2007_FIFTH_ELECTRONIC,2013_FIFTH_ELECTRONIC_SECOND_VERSION,DOCUMENTED_UNICODE_RECONCILIATION_NOT_BYTE_EXTRACTED_2013,JUCHITAN_HISTORICAL_SOURCE,STRUCTURED_BACKFILL_V0_1
PICKETT-ZE-0024,ba’du’,ba’du’,baꞌduꞌ,baꞌduꞌ,"[""baꞌduꞌ""]",ENTRY,,,,"niño, niña, chamaco, chamaca","ba’du’ niño, niña, chamaco, chamaca",,3,17,2,ZAPOTECO_ESPAÑOL,BIB003_PICKETT_VOCABULARIO,2007_FIFTH_ELECTRONIC,2013_FIFTH_ELECTRONIC_SECOND_VERSION,DOCUMENTED_UNICODE_RECONCILIATION_NOT_BYTE_EXTRACTED_2013,JUCHITAN_HISTORICAL_SOURCE,STRUCTURED_BACKFILL_V0_1
PICKETT-ZE-0025,badu bizabi,badu bizabi,badu bizabi,badu bizabi,"[""badu bizabi""]",SUBENTRY,baꞌduꞌ,,,huérfano,badu bizabi [b-b.b.a] huérfano,,3,17,2,ZAPOTECO_ESPAÑOL,BIB003_PICKETT_VOCABULARIO,2007_FIFTH_ELECTRONIC,2013_FIFTH_ELECTRONIC_SECOND_VERSION,DOCUMENTED_UNICODE_RECONCILIATION_NOT_BYTE_EXTRACTED_2013,JUCHITAN_HISTORICAL_SOURCE,STRUCTURED_BACKFILL_V0_1
PICKETT-ZE-0026,badu dxaapa’,badu dxaapa’,badu dxaapaꞌ,badu dxaapaꞌ,"[""badu dxaapaꞌ""]",SUBENTRY,baꞌduꞌ,,,"muchacha, jovencita","badu dxaapa’ muchacha, jovencita",,3,17,2,ZAPOTECO_ESPAÑOL,BIB003_PICKETT_VOCABULARIO,2007_FIFTH_ELECTRONIC,2013_FIFTH_ELECTRONIC_SECOND_VERSION,DOCUMENTED_UNICODE_RECONCILIATION_NOT_BYTE_EXTRACTED_2013,JUCHITAN_HISTORICAL_SOURCE,STRUCTURED_BACKFILL_V0_1
PICKETT-ZE-0027,badu dxapa huiini’,badu dxapa huiini’,badu dxapa huiiniꞌ,badu dxapa huiiniꞌ,"[""badu dxapa huiiniꞌ""]",SUBENTRY,baꞌduꞌ,,,"muchachita, niña, chamaca","badu dxapa huiini’ muchachita, niña,",chamaca,3,17,2,ZAPOTECO_ESPAÑOL,BIB003_PICKETT_VOCABULARIO,2007_FIFTH_ELECTRONIC,2013_FIFTH_ELECTRONIC_SECOND_VERSION,DOCUMENTED_UNICODE_RECONCILIATION_NOT_BYTE_EXTRACTED_2013,JUCHITAN_HISTORICAL_SOURCE,STRUCTURED_BACKFILL_V0_1
PICKETT-ZE-0028,badu huiini’,badu huiini’,badu huiiniꞌ,badu huiiniꞌ,"[""badu huiiniꞌ""]",SUBENTRY,baꞌduꞌ,,,"criatura, nene","badu huiini’ criatura, nene",,3,17,2,ZAPOTECO_ESPAÑOL,BIB003_PICKETT_VOCABULARIO,2007_FIFTH_ELECTRONIC,2013_FIFTH_ELECTRONIC_SECOND_VERSION,DOCUMENTED_UNICODE_RECONCILIATION_NOT_BYTE_EXTRACTED_2013,JUCHITAN_HISTORICAL_SOURCE,STRUCTURED_BACKFILL_V0_1
PICKETT-ZE-0029,badu nguiiu,badu nguiiu,badu nguiiu,badu nguiiu,"[""badu nguiiu""]",SUBENTRY,baꞌduꞌ,,,"joven, muchacho","badu nguiiu joven, muchacho",,3,17,2,ZAPOTECO_ESPAÑOL,BIB003_PICKETT_VOCABULARIO,2007_FIFTH_ELECTRONIC,2013_FIFTH_ELECTRONIC_SECOND_VERSION,DOCUMENTED_UNICODE_RECONCILIATION_NOT_BYTE_EXTRACTED_2013,JUCHITAN_HISTORICAL_SOURCE,STRUCTURED_BACKFILL_V0_1
PICKETT-ZE-0030,badu nguiiu huiini’,badu nguiiu huiini’,badu nguiiu huiiniꞌ,badu nguiiu huiiniꞌ,"[""badu nguiiu huiiniꞌ""]",SUBENTRY,baꞌduꞌ,,,"niño, chamaquito, muchachito","badu nguiiu huiini’ niño, chamaquito,",muchachito,3,17,2,ZAPOTECO_ESPAÑOL,BIB003_PICKETT_VOCABULARIO,2007_FIFTH_ELECTRONIC,2013_FIFTH_ELECTRONIC_SECOND_VERSION,DOCUMENTED_UNICODE_RECONCILIATION_NOT_BYTE_EXTRACTED_2013,JUCHITAN_HISTORICAL_SOURCE,STRUCTURED_BACKFILL_V0_1
PICKETT-ZE-0031,naba’du’,naba’du’,nabaꞌduꞌ,nabaꞌduꞌ,"[""nabaꞌduꞌ""]",SUBENTRY,baꞌduꞌ,,,infantil,naba’du’ infantil,,3,17,2,ZAPOTECO_ESPAÑOL,BIB003_PICKETT_VOCABULARIO,2007_FIFTH_ELECTRONIC,2013_FIFTH_ELECTRONIC_SECOND_VERSION,DOCUMENTED_UNICODE_RECONCILIATION_NOT_BYTE_EXTRACTED_2013,JUCHITAN_HISTORICAL_SOURCE,STRUCTURED_BACKFILL_V0_1
PICKETT-ZE-0032,balaaga’,balaaga’,balaagaꞌ,balaagaꞌ,"[""balaagaꞌ""]",ENTRY,,,,balsa,balaaga’ balsa,,3,17,2,ZAPOTECO_ESPAÑOL,BIB003_PICKETT_VOCABULARIO,2007_FIFTH_ELECTRONIC,2013_FIFTH_ELECTRONIC_SECOND_VERSION,DOCUMENTED_UNICODE_RECONCILIATION_NOT_BYTE_EXTRACTED_2013,JUCHITAN_HISTORICAL_SOURCE,STRUCTURED_BACKFILL_V0_1
PICKETT-ZE-0033,banda,banda,banda,banda,"[""banda""]",ENTRY,,,[b.a],¿cuántos?,banda [b.a] ¿cuántos?,,3,17,2,ZAPOTECO_ESPAÑOL,BIB003_PICKETT_VOCABULARIO,2007_FIFTH_ELECTRONIC,2013_FIFTH_ELECTRONIC_SECOND_VERSION,DOCUMENTED_UNICODE_RECONCILIATION_NOT_BYTE_EXTRACTED_2013,JUCHITAN_HISTORICAL_SOURCE,STRUCTURED_BACKFILL_V0_1
PICKETT-ZE-0034,bandá’,bandá’,bandáꞌ,bandáꞌ,"[""bandáꞌ""]",ENTRY,,,[b.a],sombra proyectada por un objeto,bandá’ [b.a] sombra proyectada por un,objeto,3,17,2,ZAPOTECO_ESPAÑOL,BIB003_PICKETT_VOCABULARIO,2007_FIFTH_ELECTRONIC,2013_FIFTH_ELECTRONIC_SECOND_VERSION,DOCUMENTED_UNICODE_RECONCILIATION_NOT_BYTE_EXTRACTED_2013,JUCHITAN_HISTORICAL_SOURCE,STRUCTURED_BACKFILL_V0_1
PICKETT-ZE-0035,bandaa,bandaa,bandaa,bandaa,"[""bandaa""]",ENTRY,,,[b.a],comején; callejón,bandaa [b.a] comején; callejón,,3,17,2,ZAPOTECO_ESPAÑOL,BIB003_PICKETT_VOCABULARIO,2007_FIFTH_ELECTRONIC,2013_FIFTH_ELECTRONIC_SECOND_VERSION,DOCUMENTED_UNICODE_RECONCILIATION_NOT_BYTE_EXTRACTED_2013,JUCHITAN_HISTORICAL_SOURCE,STRUCTURED_BACKFILL_V0_1
PICKETT-ZE-0036,bandadi’,bandadi’,bandadiꞌ,bandadiꞌ,"[""bandadiꞌ""]",ENTRY,,,[b.b.al],corteza; los pedacitos de leña,bandadi’ [b.b.al] corteza; los pedacitos de,leña,3,17,2,ZAPOTECO_ESPAÑOL,BIB003_PICKETT_VOCABULARIO,2007_FIFTH_ELECTRONIC,2013_FIFTH_ELECTRONIC_SECOND_VERSION,DOCUMENTED_UNICODE_RECONCILIATION_NOT_BYTE_EXTRACTED_2013,JUCHITAN_HISTORICAL_SOURCE,STRUCTURED_BACKFILL_V0_1
PICKETT-ZE-0037,bandaga,bandaga,bandaga,bandaga,"[""bandaga""]",ENTRY,,,,hoja,bandaga hoja,,3,17,2,ZAPOTECO_ESPAÑOL,BIB003_PICKETT_VOCABULARIO,2007_FIFTH_ELECTRONIC,2013_FIFTH_ELECTRONIC_SECOND_VERSION,DOCUMENTED_UNICODE_RECONCILIATION_NOT_BYTE_EXTRACTED_2013,JUCHITAN_HISTORICAL_SOURCE,STRUCTURED_BACKFILL_V0_1
PICKETT-ZE-0038,bandase,bandase,bandase,bandase,"[""bandase""]",ENTRY,,,,poco profundo,bandase poco profundo,,3,17,2,ZAPOTECO_ESPAÑOL,BIB003_PICKETT_VOCABULARIO,2007_FIFTH_ELECTRONIC,2013_FIFTH_ELECTRONIC_SECOND_VERSION,DOCUMENTED_UNICODE_RECONCILIATION_NOT_BYTE_EXTRACTED_2013,JUCHITAN_HISTORICAL_SOURCE,STRUCTURED_BACKFILL_V0_1
PICKETT-ZE-0039,banduí’,banduí’,banduíꞌ,banduíꞌ,"[""banduíꞌ""]",ENTRY,,,[b.a],lama,banduí’ [b.a] lama,,3,17,2,ZAPOTECO_ESPAÑOL,BIB003_PICKETT_VOCABULARIO,2007_FIFTH_ELECTRONIC,2013_FIFTH_ELECTRONIC_SECOND_VERSION,DOCUMENTED_UNICODE_RECONCILIATION_NOT_BYTE_EXTRACTED_2013,JUCHITAN_HISTORICAL_SOURCE,STRUCTURED_BACKFILL_V0_1
PICKETT-ZE-0040,bangu’,bangu’,banguꞌ,banguꞌ,"[""banguꞌ""]",ENTRY,,,[b.al],banco,bangu’ [b.al] banco,,3,17,2,ZAPOTECO_ESPAÑOL,BIB003_PICKETT_VOCABULARIO,2007_FIFTH_ELECTRONIC,2013_FIFTH_ELECTRONIC_SECOND_VERSION,DOCUMENTED_UNICODE_RECONCILIATION_NOT_BYTE_EXTRACTED_2013,JUCHITAN_HISTORICAL_SOURCE,STRUCTURED_BACKFILL_V0_1
PICKETT-ZE-0041,"baquixhaba, bacaxaba","baquixhaba, bacaxaba","baquixhaba, bacaxaba",baquixhaba,"[""baquixhaba"", ""bacaxaba""]",ENTRY,,,,tarántula venenosa,"baquixhaba, bacaxaba tarántula venenosa",,3,17,2,ZAPOTECO_ESPAÑOL,BIB003_PICKETT_VOCABULARIO,2007_FIFTH_ELECTRONIC,2013_FIFTH_ELECTRONIC_SECOND_VERSION,DOCUMENTED_UNICODE_RECONCILIATION_NOT_BYTE_EXTRACTED_2013,JUCHITAN_HISTORICAL_SOURCE,STRUCTURED_BACKFILL_V0_1
PICKETT-ZE-0042,basoo,basoo,basoo,basoo,"[""basoo""]",ENTRY,,,,adobe,basoo adobe,,3,17,2,ZAPOTECO_ESPAÑOL,BIB003_PICKETT_VOCABULARIO,2007_FIFTH_ELECTRONIC,2013_FIFTH_ELECTRONIC_SECOND_VERSION,DOCUMENTED_UNICODE_RECONCILIATION_NOT_BYTE_EXTRACTED_2013,JUCHITAN_HISTORICAL_SOURCE,STRUCTURED_BACKFILL_V0_1
PICKETT-ZE-0043,bataná’,bataná’,batanáꞌ,batanáꞌ,"[""batanáꞌ""]",ENTRY,,,[b.b.a],mano,bataná’ [b.b.a] mano,,4,18,1,ZAPOTECO_ESPAÑOL,BIB003_PICKETT_VOCABULARIO,2007_FIFTH_ELECTRONIC,2013_FIFTH_ELECTRONIC_SECOND_VERSION,DOCUMENTED_UNICODE_RECONCILIATION_NOT_BYTE_EXTRACTED_2013,JUCHITAN_HISTORICAL_SOURCE,STRUCTURED_BACKFILL_V0_1
PICKETT-ZE-0044,ndaani bataná’,ndaani bataná’,ndaani batanáꞌ,ndaani batanáꞌ,"[""ndaani batanáꞌ""]",SUBENTRY,batanáꞌ,,,palma de la mano,ndaani bataná’ [b-b.b.a] palma de la,mano,4,18,1,ZAPOTECO_ESPAÑOL,BIB003_PICKETT_VOCABULARIO,2007_FIFTH_ELECTRONIC,2013_FIFTH_ELECTRONIC_SECOND_VERSION,DOCUMENTED_UNICODE_RECONCILIATION_NOT_BYTE_EXTRACTED_2013,JUCHITAN_HISTORICAL_SOURCE,STRUCTURED_BACKFILL_V0_1
PICKETT-ZE-0045,"bataana, bataana dxita","bataana, bataana dxita","bataana, bataana dxita",bataana,"[""bataana"", ""bataana dxita""]",ENTRY,,,[b.a.a]; [b.a.al-al.b],garrapata,"bataana [b.a.a], bataana dxita [b.a.al-al.b]",garrapata,4,18,1,ZAPOTECO_ESPAÑOL,BIB003_PICKETT_VOCABULARIO,2007_FIFTH_ELECTRONIC,2013_FIFTH_ELECTRONIC_SECOND_VERSION,DOCUMENTED_UNICODE_RECONCILIATION_NOT_BYTE_EXTRACTED_2013,JUCHITAN_HISTORICAL_SOURCE,STRUCTURED_BACKFILL_V0_1
PICKETT-ZE-0046,batañee,batañee,batañee,batañee,"[""batañee""]",ENTRY,,,,pie,batañee pie,,4,18,1,ZAPOTECO_ESPAÑOL,BIB003_PICKETT_VOCABULARIO,2007_FIFTH_ELECTRONIC,2013_FIFTH_ELECTRONIC_SECOND_VERSION,DOCUMENTED_UNICODE_RECONCILIATION_NOT_BYTE_EXTRACTED_2013,JUCHITAN_HISTORICAL_SOURCE,STRUCTURED_BACKFILL_V0_1
PICKETT-ZE-0047,ndaani batañee,ndaani batañee,ndaani batañee,ndaani batañee,"[""ndaani batañee""]",SUBENTRY,batañee,,,planta del pie,ndaani batañee planta del pie,,4,18,1,ZAPOTECO_ESPAÑOL,BIB003_PICKETT_VOCABULARIO,2007_FIFTH_ELECTRONIC,2013_FIFTH_ELECTRONIC_SECOND_VERSION,DOCUMENTED_UNICODE_RECONCILIATION_NOT_BYTE_EXTRACTED_2013,JUCHITAN_HISTORICAL_SOURCE,STRUCTURED_BACKFILL_V0_1
PICKETT-ZE-0048,batee,batee,batee,batee,"[""batee""]",ENTRY,,,[b.a],chispa,batee [b.a] chispa,,4,18,1,ZAPOTECO_ESPAÑOL,BIB003_PICKETT_VOCABULARIO,2007_FIFTH_ELECTRONIC,2013_FIFTH_ELECTRONIC_SECOND_VERSION,DOCUMENTED_UNICODE_RECONCILIATION_NOT_BYTE_EXTRACTED_2013,JUCHITAN_HISTORICAL_SOURCE,STRUCTURED_BACKFILL_V0_1
PICKETT-ZE-0049,baxa,baxa,baxa,baxa,"[""baxa""]",ENTRY,,,[a],flecha,baxa [a] flecha,,4,18,1,ZAPOTECO_ESPAÑOL,BIB003_PICKETT_VOCABULARIO,2007_FIFTH_ELECTRONIC,2013_FIFTH_ELECTRONIC_SECOND_VERSION,DOCUMENTED_UNICODE_RECONCILIATION_NOT_BYTE_EXTRACTED_2013,JUCHITAN_HISTORICAL_SOURCE,STRUCTURED_BACKFILL_V0_1
PICKETT-ZE-0050,bayu’,bayu’,bayuꞌ,bayuꞌ,"[""bayuꞌ""]",ENTRY,,,[b.al],pañuelo,bayu’ [b.al] pañuelo,,4,18,1,ZAPOTECO_ESPAÑOL,BIB003_PICKETT_VOCABULARIO,2007_FIFTH_ELECTRONIC,2013_FIFTH_ELECTRONIC_SECOND_VERSION,DOCUMENTED_UNICODE_RECONCILIATION_NOT_BYTE_EXTRACTED_2013,JUCHITAN_HISTORICAL_SOURCE,STRUCTURED_BACKFILL_V0_1
PICKETT-ZE-0051,baza,baza,baza,baza,"[""baza""]",ENTRY,,,[a],flecha,baza [a] flecha,,4,18,1,ZAPOTECO_ESPAÑOL,BIB003_PICKETT_VOCABULARIO,2007_FIFTH_ELECTRONIC,2013_FIFTH_ELECTRONIC_SECOND_VERSION,DOCUMENTED_UNICODE_RECONCILIATION_NOT_BYTE_EXTRACTED_2013,JUCHITAN_HISTORICAL_SOURCE,STRUCTURED_BACKFILL_V0_1
PICKETT-ZE-0052,bé,bé,bé,bé,"[""bé""]",ENTRY,,,,moho; nube en los ojos,bé moho; nube en los ojos,,4,18,1,ZAPOTECO_ESPAÑOL,BIB003_PICKETT_VOCABULARIO,2007_FIFTH_ELECTRONIC,2013_FIFTH_ELECTRONIC_SECOND_VERSION,DOCUMENTED_UNICODE_RECONCILIATION_NOT_BYTE_EXTRACTED_2013,JUCHITAN_HISTORICAL_SOURCE,STRUCTURED_BACKFILL_V0_1
PICKETT-ZE-0053,beche’,beche’,becheꞌ,becheꞌ,"[""becheꞌ""]",ENTRY,,,[b.al],persona con labio leporino,beche’ [b.al] persona con labio leporino,,4,18,1,ZAPOTECO_ESPAÑOL,BIB003_PICKETT_VOCABULARIO,2007_FIFTH_ELECTRONIC,2013_FIFTH_ELECTRONIC_SECOND_VERSION,DOCUMENTED_UNICODE_RECONCILIATION_NOT_BYTE_EXTRACTED_2013,JUCHITAN_HISTORICAL_SOURCE,STRUCTURED_BACKFILL_V0_1
PICKETT-ZE-0054,beede,beede,beede,beede,"[""beede""]",ENTRY,,,[b.a],sarna,beede [b.a] sarna,,4,18,1,ZAPOTECO_ESPAÑOL,BIB003_PICKETT_VOCABULARIO,2007_FIFTH_ELECTRONIC,2013_FIFTH_ELECTRONIC_SECOND_VERSION,DOCUMENTED_UNICODE_RECONCILIATION_NOT_BYTE_EXTRACTED_2013,JUCHITAN_HISTORICAL_SOURCE,STRUCTURED_BACKFILL_V0_1
PICKETT-ZE-0055,beedxe’,beedxe’,beedxeꞌ,beedxeꞌ,"[""beedxeꞌ""]",ENTRY,,,,tigre,beedxe’ tigre,,4,18,1,ZAPOTECO_ESPAÑOL,BIB003_PICKETT_VOCABULARIO,2007_FIFTH_ELECTRONIC,2013_FIFTH_ELECTRONIC_SECOND_VERSION,DOCUMENTED_UNICODE_RECONCILIATION_NOT_BYTE_EXTRACTED_2013,JUCHITAN_HISTORICAL_SOURCE,STRUCTURED_BACKFILL_V0_1
PICKETT-ZE-0056,(bedxe) chiiñu’,(bedxe) chiiñu’,(bedxe) chiiñuꞌ,(bedxe) chiiñuꞌ,"[""(bedxe) chiiñuꞌ""]",SUBENTRY,beedxeꞌ,,,oso hormiguero,(bedxe) chiiñu’ oso hormiguero,,4,18,1,ZAPOTECO_ESPAÑOL,BIB003_PICKETT_VOCABULARIO,2007_FIFTH_ELECTRONIC,2013_FIFTH_ELECTRONIC_SECOND_VERSION,DOCUMENTED_UNICODE_RECONCILIATION_NOT_BYTE_EXTRACTED_2013,JUCHITAN_HISTORICAL_SOURCE,STRUCTURED_BACKFILL_V0_1
PICKETT-ZE-0057,bedxe yaga,bedxe yaga,bedxe yaga,bedxe yaga,"[""bedxe yaga""]",SUBENTRY,beedxeꞌ,,,tigrillo,bedxe yaga tigrillo,,4,18,1,ZAPOTECO_ESPAÑOL,BIB003_PICKETT_VOCABULARIO,2007_FIFTH_ELECTRONIC,2013_FIFTH_ELECTRONIC_SECOND_VERSION,DOCUMENTED_UNICODE_RECONCILIATION_NOT_BYTE_EXTRACTED_2013,JUCHITAN_HISTORICAL_SOURCE,STRUCTURED_BACKFILL_V0_1
PICKETT-ZE-0058,begu,begu,begu,begu,"[""begu""]",ENTRY,,,[b.a],peine,begu [b.a] peine,,4,18,1,ZAPOTECO_ESPAÑOL,BIB003_PICKETT_VOCABULARIO,2007_FIFTH_ELECTRONIC,2013_FIFTH_ELECTRONIC_SECOND_VERSION,DOCUMENTED_UNICODE_RECONCILIATION_NOT_BYTE_EXTRACTED_2013,JUCHITAN_HISTORICAL_SOURCE,STRUCTURED_BACKFILL_V0_1
PICKETT-ZE-0059,behua,behua,behua,behua,"[""behua""]",ENTRY,,,[b.a],huachinango,behua [b.a] huachinango,,4,18,1,ZAPOTECO_ESPAÑOL,BIB003_PICKETT_VOCABULARIO,2007_FIFTH_ELECTRONIC,2013_FIFTH_ELECTRONIC_SECOND_VERSION,DOCUMENTED_UNICODE_RECONCILIATION_NOT_BYTE_EXTRACTED_2013,JUCHITAN_HISTORICAL_SOURCE,STRUCTURED_BACKFILL_V0_1
PICKETT-ZE-0060,beela,beela,beela,beela,"[""beela""]",ENTRY,,,[b.a],carne,beela [b.a] carne,,4,18,1,ZAPOTECO_ESPAÑOL,BIB003_PICKETT_VOCABULARIO,2007_FIFTH_ELECTRONIC,2013_FIFTH_ELECTRONIC_SECOND_VERSION,DOCUMENTED_UNICODE_RECONCILIATION_NOT_BYTE_EXTRACTED_2013,JUCHITAN_HISTORICAL_SOURCE,STRUCTURED_BACKFILL_V0_1
PICKETT-ZE-0061,bela xa’na’,bela xa’na’,bela xaꞌnaꞌ,bela xaꞌnaꞌ,"[""bela xaꞌnaꞌ""]",SUBENTRY,beela,,,nalga,bela xa’na’ [b-al.b] nalga,,4,18,1,ZAPOTECO_ESPAÑOL,BIB003_PICKETT_VOCABULARIO,2007_FIFTH_ELECTRONIC,2013_FIFTH_ELECTRONIC_SECOND_VERSION,DOCUMENTED_UNICODE_RECONCILIATION_NOT_BYTE_EXTRACTED_2013,JUCHITAN_HISTORICAL_SOURCE,STRUCTURED_BACKFILL_V0_1
PICKETT-ZE-0062,bela bizabi,bela bizabi,bela bizabi,bela bizabi,"[""bela bizabi""]",SUBENTRY,beela,,,padrastro,bela bizabi [b-al.b.b] padrastro,,4,18,1,ZAPOTECO_ESPAÑOL,BIB003_PICKETT_VOCABULARIO,2007_FIFTH_ELECTRONIC,2013_FIFTH_ELECTRONIC_SECOND_VERSION,DOCUMENTED_UNICODE_RECONCILIATION_NOT_BYTE_EXTRACTED_2013,JUCHITAN_HISTORICAL_SOURCE,STRUCTURED_BACKFILL_V0_1
PICKETT-ZE-0063,beœe,beḻe,beḻe,beḻe,"[""beḻe""]",ENTRY,,,,"llama, flama","beœe llama, flama",,4,18,1,ZAPOTECO_ESPAÑOL,BIB003_PICKETT_VOCABULARIO,2007_FIFTH_ELECTRONIC,2013_FIFTH_ELECTRONIC_SECOND_VERSION,DOCUMENTED_UNICODE_RECONCILIATION_NOT_BYTE_EXTRACTED_2013,JUCHITAN_HISTORICAL_SOURCE,STRUCTURED_BACKFILL_V0_1
PICKETT-ZE-0064,beœeguí,beḻeguí,beḻeguí,beḻeguí,"[""beḻeguí""]",SUBENTRY,beœe,,,estrella (arc.),beœeguí estrella (arc.),,4,18,1,ZAPOTECO_ESPAÑOL,BIB003_PICKETT_VOCABULARIO,2007_FIFTH_ELECTRONIC,2013_FIFTH_ELECTRONIC_SECOND_VERSION,DOCUMENTED_UNICODE_RECONCILIATION_NOT_BYTE_EXTRACTED_2013,JUCHITAN_HISTORICAL_SOURCE,STRUCTURED_BACKFILL_V0_1
PICKETT-ZE-0065,benda,benda,benda,benda,"[""benda""]",ENTRY,,,,"pescado, pez","benda pescado, pez",,4,18,1,ZAPOTECO_ESPAÑOL,BIB003_PICKETT_VOCABULARIO,2007_FIFTH_ELECTRONIC,2013_FIFTH_ELECTRONIC_SECOND_VERSION,DOCUMENTED_UNICODE_RECONCILIATION_NOT_BYTE_EXTRACTED_2013,JUCHITAN_HISTORICAL_SOURCE,STRUCTURED_BACKFILL_V0_1
PICKETT-ZE-0066,"benda buaa, benda boaa","benda buaa, benda boaa","benda buaa, benda boaa",benda buaa,"[""benda buaa"", ""benda boaa""]",SUBENTRY,benda,,,camarón,"benda buaa, benda boaa camarón",,4,18,1,ZAPOTECO_ESPAÑOL,BIB003_PICKETT_VOCABULARIO,2007_FIFTH_ELECTRONIC,2013_FIFTH_ELECTRONIC_SECOND_VERSION,DOCUMENTED_UNICODE_RECONCILIATION_NOT_BYTE_EXTRACTED_2013,JUCHITAN_HISTORICAL_SOURCE,STRUCTURED_BACKFILL_V0_1
PICKETT-ZE-0067,"benda gaœi’, benda ngaœi’","benda gaḻi’, benda ngaḻi’","benda gaḻiꞌ, benda ngaḻiꞌ",benda gaḻiꞌ,"[""benda gaḻiꞌ"", ""benda ngaḻiꞌ""]",SUBENTRY,benda,,[b-b.al],anguila,"benda gaœi’, benda ngaœi’ [b-b.al]",anguila,4,18,1,ZAPOTECO_ESPAÑOL,BIB003_PICKETT_VOCABULARIO,2007_FIFTH_ELECTRONIC,2013_FIFTH_ELECTRONIC_SECOND_VERSION,DOCUMENTED_UNICODE_RECONCILIATION_NOT_BYTE_EXTRACTED_2013,JUCHITAN_HISTORICAL_SOURCE,STRUCTURED_BACKFILL_V0_1
PICKETT-ZE-0068,benda,benda,benda,benda,"[""benda""]",ENTRY,,,[b.a],hermana de ella,benda [b.a] hermana de ella,,4,18,1,ZAPOTECO_ESPAÑOL,BIB003_PICKETT_VOCABULARIO,2007_FIFTH_ELECTRONIC,2013_FIFTH_ELECTRONIC_SECOND_VERSION,DOCUMENTED_UNICODE_RECONCILIATION_NOT_BYTE_EXTRACTED_2013,JUCHITAN_HISTORICAL_SOURCE,STRUCTURED_BACKFILL_V0_1
PICKETT-ZE-0069,beenda’,beenda’,beendaꞌ,beendaꞌ,"[""beendaꞌ""]",ENTRY,,,,culebra,beenda’ culebra,,4,18,1,ZAPOTECO_ESPAÑOL,BIB003_PICKETT_VOCABULARIO,2007_FIFTH_ELECTRONIC,2013_FIFTH_ELECTRONIC_SECOND_VERSION,DOCUMENTED_UNICODE_RECONCILIATION_NOT_BYTE_EXTRACTED_2013,JUCHITAN_HISTORICAL_SOURCE,STRUCTURED_BACKFILL_V0_1
PICKETT-ZE-0070,beenda gope’,beenda gope’,beenda gopeꞌ,beenda gopeꞌ,"[""beenda gopeꞌ""]",SUBENTRY,beendaꞌ,,,víbora sorda,beenda gope’ [b-b.al] víbora sorda,,4,18,1,ZAPOTECO_ESPAÑOL,BIB003_PICKETT_VOCABULARIO,2007_FIFTH_ELECTRONIC,2013_FIFTH_ELECTRONIC_SECOND_VERSION,DOCUMENTED_UNICODE_RECONCILIATION_NOT_BYTE_EXTRACTED_2013,JUCHITAN_HISTORICAL_SOURCE,STRUCTURED_BACKFILL_V0_1
PICKETT-ZE-0071,beenda gubizi,beenda gubizi,beenda gubizi,beenda gubizi,"[""beenda gubizi""]",SUBENTRY,beendaꞌ,,,culebra de cascabel,beenda gubizi culebra de cascabel,,4,18,1,ZAPOTECO_ESPAÑOL,BIB003_PICKETT_VOCABULARIO,2007_FIFTH_ELECTRONIC,2013_FIFTH_ELECTRONIC_SECOND_VERSION,DOCUMENTED_UNICODE_RECONCILIATION_NOT_BYTE_EXTRACTED_2013,JUCHITAN_HISTORICAL_SOURCE,STRUCTURED_BACKFILL_V0_1
PICKETT-ZE-0072,beenda xiiñi guiche,beenda xiiñi guiche,beenda xiiñi guiche,beenda xiiñi guiche,"[""beenda xiiñi guiche""]",SUBENTRY,beendaꞌ,,,culebra voladora,beenda xiiñi guiche [b-b-b.a] culebra,voladora,4,18,1,ZAPOTECO_ESPAÑOL,BIB003_PICKETT_VOCABULARIO,2007_FIFTH_ELECTRONIC,2013_FIFTH_ELECTRONIC_SECOND_VERSION,DOCUMENTED_UNICODE_RECONCILIATION_NOT_BYTE_EXTRACTED_2013,JUCHITAN_HISTORICAL_SOURCE,STRUCTURED_BACKFILL_V0_1
PICKETT-ZE-0073,beenda yu,beenda yu,beenda yu,beenda yu,"[""beenda yu""]",SUBENTRY,beendaꞌ,,,lombriz de tierra,beenda yu lombriz de tierra,,4,18,1,ZAPOTECO_ESPAÑOL,BIB003_PICKETT_VOCABULARIO,2007_FIFTH_ELECTRONIC,2013_FIFTH_ELECTRONIC_SECOND_VERSION,DOCUMENTED_UNICODE_RECONCILIATION_NOT_BYTE_EXTRACTED_2013,JUCHITAN_HISTORICAL_SOURCE,STRUCTURED_BACKFILL_V0_1
PICKETT-ZE-0074,beñe,beñe,beñe,beñe,"[""beñe""]",ENTRY,,,,"barro, lodo","beñe barro, lodo",,4,18,1,ZAPOTECO_ESPAÑOL,BIB003_PICKETT_VOCABULARIO,2007_FIFTH_ELECTRONIC,2013_FIFTH_ELECTRONIC_SECOND_VERSION,DOCUMENTED_UNICODE_RECONCILIATION_NOT_BYTE_EXTRACTED_2013,JUCHITAN_HISTORICAL_SOURCE,STRUCTURED_BACKFILL_V0_1
PICKETT-ZE-0075,be’ñe’,be’ñe’,beꞌñeꞌ,beꞌñeꞌ,"[""beꞌñeꞌ""]",ENTRY,,,[al.b],"lagarto, cocodrilo, caimán","be’ñe’ [al.b] lagarto, cocodrilo, caimán",,4,18,1,ZAPOTECO_ESPAÑOL,BIB003_PICKETT_VOCABULARIO,2007_FIFTH_ELECTRONIC,2013_FIFTH_ELECTRONIC_SECOND_VERSION,DOCUMENTED_UNICODE_RECONCILIATION_NOT_BYTE_EXTRACTED_2013,JUCHITAN_HISTORICAL_SOURCE,STRUCTURED_BACKFILL_V0_1
PICKETT-ZE-0076,bere,bere,bere,bere,"[""bere""]",ENTRY,,,,gallina,bere gallina,,4,18,1,ZAPOTECO_ESPAÑOL,BIB003_PICKETT_VOCABULARIO,2007_FIFTH_ELECTRONIC,2013_FIFTH_ELECTRONIC_SECOND_VERSION,DOCUMENTED_UNICODE_RECONCILIATION_NOT_BYTE_EXTRACTED_2013,JUCHITAN_HISTORICAL_SOURCE,STRUCTURED_BACKFILL_V0_1
PICKETT-ZE-0077,bere leœe,bere leḻe,bere leḻe,bere leḻe,"[""bere leḻe""]",SUBENTRY,bere,,,alcaraván,bere leœe [b-a] alcaraván,,4,18,1,ZAPOTECO_ESPAÑOL,BIB003_PICKETT_VOCABULARIO,2007_FIFTH_ELECTRONIC,2013_FIFTH_ELECTRONIC_SECOND_VERSION,DOCUMENTED_UNICODE_RECONCILIATION_NOT_BYTE_EXTRACTED_2013,JUCHITAN_HISTORICAL_SOURCE,STRUCTURED_BACKFILL_V0_1
PICKETT-ZE-0078,bere guidxa,bere guidxa,bere guidxa,bere guidxa,"[""bere guidxa""]",SUBENTRY,,,,correcamino,bere guidxa [b-a.b] correcamino,,4,18,2,ZAPOTECO_ESPAÑOL,BIB003_PICKETT_VOCABULARIO,2007_FIFTH_ELECTRONIC,2013_FIFTH_ELECTRONIC_SECOND_VERSION,DOCUMENTED_UNICODE_RECONCILIATION_NOT_BYTE_EXTRACTED_2013,JUCHITAN_HISTORICAL_SOURCE,STRUCTURED_BACKFILL_V0_1
PICKETT-ZE-0079,bere xunaxi,bere xunaxi,bere xunaxi,bere xunaxi,"[""bere xunaxi""]",SUBENTRY,,,,codorniz,bere xunaxi codorniz,,4,18,2,ZAPOTECO_ESPAÑOL,BIB003_PICKETT_VOCABULARIO,2007_FIFTH_ELECTRONIC,2013_FIFTH_ELECTRONIC_SECOND_VERSION,DOCUMENTED_UNICODE_RECONCILIATION_NOT_BYTE_EXTRACTED_2013,JUCHITAN_HISTORICAL_SOURCE,STRUCTURED_BACKFILL_V0_1
PICKETT-ZE-0080,"berendrú’, berenbþ","berendrú’, berenbŕ","berendrúꞌ, berenbŕ",berendrúꞌ,"[""berendrúꞌ"", ""berenbŕ""]",ENTRY,,,[b.b.al],hormiga león (la bŕ se pronuncia con una vibración bilabial),"berendrú’, berenbþ [b.b.al] hormiga león",(la bþ se pronuncia con una vibración bilabial),4,18,2,ZAPOTECO_ESPAÑOL,BIB003_PICKETT_VOCABULARIO,2007_FIFTH_ELECTRONIC,2013_FIFTH_ELECTRONIC_SECOND_VERSION,DOCUMENTED_UNICODE_RECONCILIATION_NOT_BYTE_EXTRACTED_2013,JUCHITAN_HISTORICAL_SOURCE,STRUCTURED_BACKFILL_V0_1
PICKETT-ZE-0081,berendxinga,berendxinga,berendxinga,berendxinga,"[""berendxinga""]",ENTRY,,,[b.b.a.a],grillo,berendxinga [b.b.a.a] grillo,,4,18,2,ZAPOTECO_ESPAÑOL,BIB003_PICKETT_VOCABULARIO,2007_FIFTH_ELECTRONIC,2013_FIFTH_ELECTRONIC_SECOND_VERSION,DOCUMENTED_UNICODE_RECONCILIATION_NOT_BYTE_EXTRACTED_2013,JUCHITAN_HISTORICAL_SOURCE,STRUCTURED_BACKFILL_V0_1
PICKETT-ZE-0082,be’te’,be’te’,beꞌteꞌ,beꞌteꞌ,"[""beꞌteꞌ""]",ENTRY,,,,zorrillo,be’te’ zorrillo,,4,18,2,ZAPOTECO_ESPAÑOL,BIB003_PICKETT_VOCABULARIO,2007_FIFTH_ELECTRONIC,2013_FIFTH_ELECTRONIC_SECOND_VERSION,DOCUMENTED_UNICODE_RECONCILIATION_NOT_BYTE_EXTRACTED_2013,JUCHITAN_HISTORICAL_SOURCE,STRUCTURED_BACKFILL_V0_1
PICKETT-ZE-0083,beu’,beu’,beuꞌ,beuꞌ,"[""beuꞌ""]",ENTRY,,,[a],cereza,beu’ [a] cereza,,4,18,2,ZAPOTECO_ESPAÑOL,BIB003_PICKETT_VOCABULARIO,2007_FIFTH_ELECTRONIC,2013_FIFTH_ELECTRONIC_SECOND_VERSION,DOCUMENTED_UNICODE_RECONCILIATION_NOT_BYTE_EXTRACTED_2013,JUCHITAN_HISTORICAL_SOURCE,STRUCTURED_BACKFILL_V0_1
PICKETT-ZE-0084,beeu,beeu,beeu,beeu,"[""beeu""]",ENTRY,,,[a],luna; mes,beeu [a] luna; mes,,4,18,2,ZAPOTECO_ESPAÑOL,BIB003_PICKETT_VOCABULARIO,2007_FIFTH_ELECTRONIC,2013_FIFTH_ELECTRONIC_SECOND_VERSION,DOCUMENTED_UNICODE_RECONCILIATION_NOT_BYTE_EXTRACTED_2013,JUCHITAN_HISTORICAL_SOURCE,STRUCTURED_BACKFILL_V0_1
PICKETT-ZE-0085,bexa,bexa,bexa,bexa,"[""bexa""]",ENTRY,,,[b.a],grano en el rostro,bexa [b.a] grano en el rostro,,4,18,2,ZAPOTECO_ESPAÑOL,BIB003_PICKETT_VOCABULARIO,2007_FIFTH_ELECTRONIC,2013_FIFTH_ELECTRONIC_SECOND_VERSION,DOCUMENTED_UNICODE_RECONCILIATION_NOT_BYTE_EXTRACTED_2013,JUCHITAN_HISTORICAL_SOURCE,STRUCTURED_BACKFILL_V0_1
PICKETT-ZE-0086,bexu,bexu,bexu,bexu,"[""bexu""]",ENTRY,,,[a.b],peso (unidad monetaria),bexu [a.b] peso (unidad monetaria),,4,18,2,ZAPOTECO_ESPAÑOL,BIB003_PICKETT_VOCABULARIO,2007_FIFTH_ELECTRONIC,2013_FIFTH_ELECTRONIC_SECOND_VERSION,DOCUMENTED_UNICODE_RECONCILIATION_NOT_BYTE_EXTRACTED_2013,JUCHITAN_HISTORICAL_SOURCE,STRUCTURED_BACKFILL_V0_1
PICKETT-ZE-0087,be’za’,be’za’,beꞌzaꞌ,beꞌzaꞌ,"[""beꞌzaꞌ""]",ENTRY,,,,racimo,be’za’ racimo,,4,18,2,ZAPOTECO_ESPAÑOL,BIB003_PICKETT_VOCABULARIO,2007_FIFTH_ELECTRONIC,2013_FIFTH_ELECTRONIC_SECOND_VERSION,DOCUMENTED_UNICODE_RECONCILIATION_NOT_BYTE_EXTRACTED_2013,JUCHITAN_HISTORICAL_SOURCE,STRUCTURED_BACKFILL_V0_1
PICKETT-ZE-0088,bezalú,bezalú,bezalú,bezalú,"[""bezalú""]",ENTRY,,,,ojo,bezalú ojo,,4,18,2,ZAPOTECO_ESPAÑOL,BIB003_PICKETT_VOCABULARIO,2007_FIFTH_ELECTRONIC,2013_FIFTH_ELECTRONIC_SECOND_VERSION,DOCUMENTED_UNICODE_RECONCILIATION_NOT_BYTE_EXTRACTED_2013,JUCHITAN_HISTORICAL_SOURCE,STRUCTURED_BACKFILL_V0_1
PICKETT-ZE-0089,bezayaga,bezayaga,bezayaga,bezayaga,"[""bezayaga""]",ENTRY,,,,guanacaste,bezayaga guanacaste,,4,18,2,ZAPOTECO_ESPAÑOL,BIB003_PICKETT_VOCABULARIO,2007_FIFTH_ELECTRONIC,2013_FIFTH_ELECTRONIC_SECOND_VERSION,DOCUMENTED_UNICODE_RECONCILIATION_NOT_BYTE_EXTRACTED_2013,JUCHITAN_HISTORICAL_SOURCE,STRUCTURED_BACKFILL_V0_1
PICKETT-ZE-0090,bi,bi,bi,bi,"[""bi""]",ENTRY,,,,"viento, aire, aliento","bi viento, aire, aliento",,5,19,1,ZAPOTECO_ESPAÑOL,BIB003_PICKETT_VOCABULARIO,2007_FIFTH_ELECTRONIC,2013_FIFTH_ELECTRONIC_SECOND_VERSION,DOCUMENTED_UNICODE_RECONCILIATION_NOT_BYTE_EXTRACTED_2013,JUCHITAN_HISTORICAL_SOURCE,STRUCTURED_BACKFILL_V0_1
PICKETT-ZE-0091,"bi guiaa, bi yooxho","bi guiaa, bi yooxho","bi guiaa, bi yooxho",bi guiaa,"[""bi guiaa"", ""bi yooxho""]",SUBENTRY,bi,,,viento del norte,"bi guiaa, bi yooxho viento del norte",,5,19,1,ZAPOTECO_ESPAÑOL,BIB003_PICKETT_VOCABULARIO,2007_FIFTH_ELECTRONIC,2013_FIFTH_ELECTRONIC_SECOND_VERSION,DOCUMENTED_UNICODE_RECONCILIATION_NOT_BYTE_EXTRACTED_2013,JUCHITAN_HISTORICAL_SOURCE,STRUCTURED_BACKFILL_V0_1
PICKETT-ZE-0092,bi nisa,bi nisa,bi nisa,bi nisa,"[""bi nisa""]",SUBENTRY,bi,,,viento del sur,bi nisa viento del sur,,5,19,1,ZAPOTECO_ESPAÑOL,BIB003_PICKETT_VOCABULARIO,2007_FIFTH_ELECTRONIC,2013_FIFTH_ELECTRONIC_SECOND_VERSION,DOCUMENTED_UNICODE_RECONCILIATION_NOT_BYTE_EXTRACTED_2013,JUCHITAN_HISTORICAL_SOURCE,STRUCTURED_BACKFILL_V0_1
PICKETT-ZE-0093,bii,bii,bii,bii,"[""bii""]",ENTRY,,,[a],mezquite,bii [a] mezquite,,5,19,1,ZAPOTECO_ESPAÑOL,BIB003_PICKETT_VOCABULARIO,2007_FIFTH_ELECTRONIC,2013_FIFTH_ELECTRONIC_SECOND_VERSION,DOCUMENTED_UNICODE_RECONCILIATION_NOT_BYTE_EXTRACTED_2013,JUCHITAN_HISTORICAL_SOURCE,STRUCTURED_BACKFILL_V0_1
PICKETT-ZE-0094,bia,bia,bia,bia,"[""bia""]",ENTRY,,,,achiote,bia achiote,,5,19,1,ZAPOTECO_ESPAÑOL,BIB003_PICKETT_VOCABULARIO,2007_FIFTH_ELECTRONIC,2013_FIFTH_ELECTRONIC_SECOND_VERSION,DOCUMENTED_UNICODE_RECONCILIATION_NOT_BYTE_EXTRACTED_2013,JUCHITAN_HISTORICAL_SOURCE,STRUCTURED_BACKFILL_V0_1
PICKETT-ZE-0095,bia’,bia’,biaꞌ,biaꞌ,"[""biaꞌ""]",ENTRY,,,,como (por ej.: bia’ tapa = como cuatro),bia’ como (por ej.: bia’ tapa = como,cuatro),5,19,1,ZAPOTECO_ESPAÑOL,BIB003_PICKETT_VOCABULARIO,2007_FIFTH_ELECTRONIC,2013_FIFTH_ELECTRONIC_SECOND_VERSION,DOCUMENTED_UNICODE_RECONCILIATION_NOT_BYTE_EXTRACTED_2013,JUCHITAN_HISTORICAL_SOURCE,STRUCTURED_BACKFILL_V0_1
PICKETT-ZE-0096,biaa,biaa,biaa,biaa,"[""biaa""]",ENTRY,,,[a],extendido,biaa [a] extendido,,5,19,1,ZAPOTECO_ESPAÑOL,BIB003_PICKETT_VOCABULARIO,2007_FIFTH_ELECTRONIC,2013_FIFTH_ELECTRONIC_SECOND_VERSION,DOCUMENTED_UNICODE_RECONCILIATION_NOT_BYTE_EXTRACTED_2013,JUCHITAN_HISTORICAL_SOURCE,STRUCTURED_BACKFILL_V0_1
PICKETT-ZE-0097,bia’ ca’ti’,bia’ ca’ti’,biaꞌ caꞌtiꞌ,biaꞌ caꞌtiꞌ,"[""biaꞌ caꞌtiꞌ""]",ENTRY,,,,éste nomás; poquito,bia’ ca’ti’ éste nomás; poquito,,5,19,1,ZAPOTECO_ESPAÑOL,BIB003_PICKETT_VOCABULARIO,2007_FIFTH_ELECTRONIC,2013_FIFTH_ELECTRONIC_SECOND_VERSION,DOCUMENTED_UNICODE_RECONCILIATION_NOT_BYTE_EXTRACTED_2013,JUCHITAN_HISTORICAL_SOURCE,STRUCTURED_BACKFILL_V0_1
PICKETT-ZE-0098,biaa gueta,biaa gueta,biaa gueta,biaa gueta,"[""biaa gueta""]",ENTRY,,,[a-al.b],tuna,biaa gueta [a-al.b] tuna,,5,19,1,ZAPOTECO_ESPAÑOL,BIB003_PICKETT_VOCABULARIO,2007_FIFTH_ELECTRONIC,2013_FIFTH_ELECTRONIC_SECOND_VERSION,DOCUMENTED_UNICODE_RECONCILIATION_NOT_BYTE_EXTRACTED_2013,JUCHITAN_HISTORICAL_SOURCE,STRUCTURED_BACKFILL_V0_1
PICKETT-ZE-0099,biadxi,biadxi,biadxi,biadxi,"[""biadxi""]",ENTRY,,,,ciruela,biadxi ciruela,,5,19,1,ZAPOTECO_ESPAÑOL,BIB003_PICKETT_VOCABULARIO,2007_FIFTH_ELECTRONIC,2013_FIFTH_ELECTRONIC_SECOND_VERSION,DOCUMENTED_UNICODE_RECONCILIATION_NOT_BYTE_EXTRACTED_2013,JUCHITAN_HISTORICAL_SOURCE,STRUCTURED_BACKFILL_V0_1
PICKETT-ZE-0100,biaagueta,biaagueta,biaagueta,biaagueta,"[""biaagueta""]",ENTRY,,,[a.al.b],penca de nopal,biaagueta [a.al.b] penca de nopal,,5,19,1,ZAPOTECO_ESPAÑOL,BIB003_PICKETT_VOCABULARIO,2007_FIFTH_ELECTRONIC,2013_FIFTH_ELECTRONIC_SECOND_VERSION,DOCUMENTED_UNICODE_RECONCILIATION_NOT_BYTE_EXTRACTED_2013,JUCHITAN_HISTORICAL_SOURCE,STRUCTURED_BACKFILL_V0_1
PICKETT-ZE-0101,biaahui,biaahui,biaahui,biaahui,"[""biaahui""]",ENTRY,,,[b.a],zapote negro,biaahui [b.a] zapote negro,,5,19,1,ZAPOTECO_ESPAÑOL,BIB003_PICKETT_VOCABULARIO,2007_FIFTH_ELECTRONIC,2013_FIFTH_ELECTRONIC_SECOND_VERSION,DOCUMENTED_UNICODE_RECONCILIATION_NOT_BYTE_EXTRACTED_2013,JUCHITAN_HISTORICAL_SOURCE,STRUCTURED_BACKFILL_V0_1
PICKETT-ZE-0102,biaje,biaje,biaje,biaje,"[""biaje""]",ENTRY,,,[a.b],vez,biaje [a.b] vez,,5,19,1,ZAPOTECO_ESPAÑOL,BIB003_PICKETT_VOCABULARIO,2007_FIFTH_ELECTRONIC,2013_FIFTH_ELECTRONIC_SECOND_VERSION,DOCUMENTED_UNICODE_RECONCILIATION_NOT_BYTE_EXTRACTED_2013,JUCHITAN_HISTORICAL_SOURCE,STRUCTURED_BACKFILL_V0_1
PICKETT-ZE-0103,bialazi,bialazi,bialazi,bialazi,"[""bialazi""]",ENTRY,,,[b.a.a],mosca,bialazi [b.a.a] mosca,,5,19,1,ZAPOTECO_ESPAÑOL,BIB003_PICKETT_VOCABULARIO,2007_FIFTH_ELECTRONIC,2013_FIFTH_ELECTRONIC_SECOND_VERSION,DOCUMENTED_UNICODE_RECONCILIATION_NOT_BYTE_EXTRACTED_2013,JUCHITAN_HISTORICAL_SOURCE,STRUCTURED_BACKFILL_V0_1
PICKETT-ZE-0104,biana,biana,biana,biana,"[""biana""]",ENTRY,,,,liebre,biana liebre,,5,19,1,ZAPOTECO_ESPAÑOL,BIB003_PICKETT_VOCABULARIO,2007_FIFTH_ELECTRONIC,2013_FIFTH_ELECTRONIC_SECOND_VERSION,DOCUMENTED_UNICODE_RECONCILIATION_NOT_BYTE_EXTRACTED_2013,JUCHITAN_HISTORICAL_SOURCE,STRUCTURED_BACKFILL_V0_1
PICKETT-ZE-0105,biaani’,biaani’,biaaniꞌ,biaaniꞌ,"[""biaaniꞌ""]",ENTRY,,,,luz,biaani’ luz,,5,19,1,ZAPOTECO_ESPAÑOL,BIB003_PICKETT_VOCABULARIO,2007_FIFTH_ELECTRONIC,2013_FIFTH_ELECTRONIC_SECOND_VERSION,DOCUMENTED_UNICODE_RECONCILIATION_NOT_BYTE_EXTRACTED_2013,JUCHITAN_HISTORICAL_SOURCE,STRUCTURED_BACKFILL_V0_1
PICKETT-ZE-0106,bia’qui’,bia’qui’,biaꞌquiꞌ,biaꞌquiꞌ,"[""biaꞌquiꞌ""]",ENTRY,,,,cuervo,bia’qui’ cuervo,,5,19,1,ZAPOTECO_ESPAÑOL,BIB003_PICKETT_VOCABULARIO,2007_FIFTH_ELECTRONIC,2013_FIFTH_ELECTRONIC_SECOND_VERSION,DOCUMENTED_UNICODE_RECONCILIATION_NOT_BYTE_EXTRACTED_2013,JUCHITAN_HISTORICAL_SOURCE,STRUCTURED_BACKFILL_V0_1
PICKETT-ZE-0107,biasa,biasa,biasa,biasa,"[""biasa""]",ENTRY,,,[b.a],canal de agua,biasa [b.a] canal de agua,,5,19,1,ZAPOTECO_ESPAÑOL,BIB003_PICKETT_VOCABULARIO,2007_FIFTH_ELECTRONIC,2013_FIFTH_ELECTRONIC_SECOND_VERSION,DOCUMENTED_UNICODE_RECONCILIATION_NOT_BYTE_EXTRACTED_2013,JUCHITAN_HISTORICAL_SOURCE,STRUCTURED_BACKFILL_V0_1
PICKETT-ZE-0108,bia’si,bia’si,biaꞌsi,biaꞌsi,"[""biaꞌsi""]",ENTRY,,,[b.a],"exactamente, completo","bia’si [b.a] exactamente, completo",,5,19,1,ZAPOTECO_ESPAÑOL,BIB003_PICKETT_VOCABULARIO,2007_FIFTH_ELECTRONIC,2013_FIFTH_ELECTRONIC_SECOND_VERSION,DOCUMENTED_UNICODE_RECONCILIATION_NOT_BYTE_EXTRACTED_2013,JUCHITAN_HISTORICAL_SOURCE,STRUCTURED_BACKFILL_V0_1
PICKETT-ZE-0109,bia’ti’,bia’ti’,biaꞌtiꞌ,biaꞌtiꞌ,"[""biaꞌtiꞌ""]",ENTRY,,,[b.al],"medida, tal como","bia’ti’ [b.al] medida, tal como",,5,19,1,ZAPOTECO_ESPAÑOL,BIB003_PICKETT_VOCABULARIO,2007_FIFTH_ELECTRONIC,2013_FIFTH_ELECTRONIC_SECOND_VERSION,DOCUMENTED_UNICODE_RECONCILIATION_NOT_BYTE_EXTRACTED_2013,JUCHITAN_HISTORICAL_SOURCE,STRUCTURED_BACKFILL_V0_1
PICKETT-ZE-0110,biaxi beela,biaxi beela,biaxi beela,biaxi beela,"[""biaxi beela""]",ENTRY,,,[b-b.a],cicatrización,biaxi beela [b-b.a] cicatrización,,5,19,1,ZAPOTECO_ESPAÑOL,BIB003_PICKETT_VOCABULARIO,2007_FIFTH_ELECTRONIC,2013_FIFTH_ELECTRONIC_SECOND_VERSION,DOCUMENTED_UNICODE_RECONCILIATION_NOT_BYTE_EXTRACTED_2013,JUCHITAN_HISTORICAL_SOURCE,STRUCTURED_BACKFILL_V0_1
PICKETT-ZE-0111,biazee,biazee,biazee,biazee,"[""biazee""]",ENTRY,,,[a.b],atole de elote,biazee [a.b] atole de elote,,5,19,2,ZAPOTECO_ESPAÑOL,BIB003_PICKETT_VOCABULARIO,2007_FIFTH_ELECTRONIC,2013_FIFTH_ELECTRONIC_SECOND_VERSION,DOCUMENTED_UNICODE_RECONCILIATION_NOT_BYTE_EXTRACTED_2013,JUCHITAN_HISTORICAL_SOURCE,STRUCTURED_BACKFILL_V0_1
PICKETT-ZE-0112,bi’cu’,bi’cu’,biꞌcuꞌ,biꞌcuꞌ,"[""biꞌcuꞌ""]",ENTRY,,,,perro,bi’cu’ perro,,5,19,2,ZAPOTECO_ESPAÑOL,BIB003_PICKETT_VOCABULARIO,2007_FIFTH_ELECTRONIC,2013_FIFTH_ELECTRONIC_SECOND_VERSION,DOCUMENTED_UNICODE_RECONCILIATION_NOT_BYTE_EXTRACTED_2013,JUCHITAN_HISTORICAL_SOURCE,STRUCTURED_BACKFILL_V0_1
PICKETT-ZE-0113,bicudxe,bicudxe,bicudxe,bicudxe,"[""bicudxe""]",ENTRY,,,[b.a.a],Son los palitos que se usan para empezar una lumbre.,bicudxe [b.a.a] Son los palitos que se usan,para empezar una lumbre.,5,19,2,ZAPOTECO_ESPAÑOL,BIB003_PICKETT_VOCABULARIO,2007_FIFTH_ELECTRONIC,2013_FIFTH_ELECTRONIC_SECOND_VERSION,DOCUMENTED_UNICODE_RECONCILIATION_NOT_BYTE_EXTRACTED_2013,JUCHITAN_HISTORICAL_SOURCE,STRUCTURED_BACKFILL_V0_1
PICKETT-ZE-0114,bicuini,bicuini,bicuini,bicuini,"[""bicuini""]",ENTRY,,,,dedo,bicuini dedo,,5,19,2,ZAPOTECO_ESPAÑOL,BIB003_PICKETT_VOCABULARIO,2007_FIFTH_ELECTRONIC,2013_FIFTH_ELECTRONIC_SECOND_VERSION,DOCUMENTED_UNICODE_RECONCILIATION_NOT_BYTE_EXTRACTED_2013,JUCHITAN_HISTORICAL_SOURCE,STRUCTURED_BACKFILL_V0_1
PICKETT-ZE-0115,bicuini ná’,bicuini ná’,bicuini náꞌ,bicuini náꞌ,"[""bicuini náꞌ""]",SUBENTRY,bicuini,,,dedo de la mano,bicuini ná’ [b-a] dedo de la mano,,5,19,2,ZAPOTECO_ESPAÑOL,BIB003_PICKETT_VOCABULARIO,2007_FIFTH_ELECTRONIC,2013_FIFTH_ELECTRONIC_SECOND_VERSION,DOCUMENTED_UNICODE_RECONCILIATION_NOT_BYTE_EXTRACTED_2013,JUCHITAN_HISTORICAL_SOURCE,STRUCTURED_BACKFILL_V0_1
PICKETT-ZE-0116,bicuini ñee,bicuini ñee,bicuini ñee,bicuini ñee,"[""bicuini ñee""]",SUBENTRY,bicuini,,,dedo del pie,bicuini ñee dedo del pie,,5,19,2,ZAPOTECO_ESPAÑOL,BIB003_PICKETT_VOCABULARIO,2007_FIFTH_ELECTRONIC,2013_FIFTH_ELECTRONIC_SECOND_VERSION,DOCUMENTED_UNICODE_RECONCILIATION_NOT_BYTE_EXTRACTED_2013,JUCHITAN_HISTORICAL_SOURCE,STRUCTURED_BACKFILL_V0_1
PICKETT-ZE-0117,bicuuni,bicuuni,bicuuni,bicuuni,"[""bicuuni""]",ENTRY,,,[b.b.a],memela,bicuuni [b.b.a] memela,,5,19,2,ZAPOTECO_ESPAÑOL,BIB003_PICKETT_VOCABULARIO,2007_FIFTH_ELECTRONIC,2013_FIFTH_ELECTRONIC_SECOND_VERSION,DOCUMENTED_UNICODE_RECONCILIATION_NOT_BYTE_EXTRACTED_2013,JUCHITAN_HISTORICAL_SOURCE,STRUCTURED_BACKFILL_V0_1
PICKETT-ZE-0118,bicuti’,bicuti’,bicutiꞌ,bicutiꞌ,"[""bicutiꞌ""]",ENTRY,,,[b.b.al],gusano,bicuti’ [b.b.al] gusano,,5,19,2,ZAPOTECO_ESPAÑOL,BIB003_PICKETT_VOCABULARIO,2007_FIFTH_ELECTRONIC,2013_FIFTH_ELECTRONIC_SECOND_VERSION,DOCUMENTED_UNICODE_RECONCILIATION_NOT_BYTE_EXTRACTED_2013,JUCHITAN_HISTORICAL_SOURCE,STRUCTURED_BACKFILL_V0_1
PICKETT-ZE-0119,bichi,bichi,bichi,bichi,"[""bichi""]",ENTRY,,,[al.b],"amigo, compañero","bichi [al.b] amigo, compañero",,5,19,2,ZAPOTECO_ESPAÑOL,BIB003_PICKETT_VOCABULARIO,2007_FIFTH_ELECTRONIC,2013_FIFTH_ELECTRONIC_SECOND_VERSION,DOCUMENTED_UNICODE_RECONCILIATION_NOT_BYTE_EXTRACTED_2013,JUCHITAN_HISTORICAL_SOURCE,STRUCTURED_BACKFILL_V0_1
PICKETT-ZE-0120,bi’chi’,bi’chi’,biꞌchiꞌ,biꞌchiꞌ,"[""biꞌchiꞌ""]",ENTRY,,,,hermano de él,bi’chi’ hermano de él,,5,19,2,ZAPOTECO_ESPAÑOL,BIB003_PICKETT_VOCABULARIO,2007_FIFTH_ELECTRONIC,2013_FIFTH_ELECTRONIC_SECOND_VERSION,DOCUMENTED_UNICODE_RECONCILIATION_NOT_BYTE_EXTRACTED_2013,JUCHITAN_HISTORICAL_SOURCE,STRUCTURED_BACKFILL_V0_1
PICKETT-ZE-0121,biichi,biichi,biichi,biichi,"[""biichi""]",ENTRY,,,[b.a],piojo,biichi [b.a] piojo,,5,19,2,ZAPOTECO_ESPAÑOL,BIB003_PICKETT_VOCABULARIO,2007_FIFTH_ELECTRONIC,2013_FIFTH_ELECTRONIC_SECOND_VERSION,DOCUMENTED_UNICODE_RECONCILIATION_NOT_BYTE_EXTRACTED_2013,JUCHITAN_HISTORICAL_SOURCE,STRUCTURED_BACKFILL_V0_1
PICKETT-ZE-0122,bichi do’,bichi do’,bichi doꞌ,bichi doꞌ,"[""bichi doꞌ""]",SUBENTRY,biichi,,,piojito,bichi do’ [b-al] piojito,,5,19,2,ZAPOTECO_ESPAÑOL,BIB003_PICKETT_VOCABULARIO,2007_FIFTH_ELECTRONIC,2013_FIFTH_ELECTRONIC_SECOND_VERSION,DOCUMENTED_UNICODE_RECONCILIATION_NOT_BYTE_EXTRACTED_2013,JUCHITAN_HISTORICAL_SOURCE,STRUCTURED_BACKFILL_V0_1
PICKETT-ZE-0123,bichi dxiña,bichi dxiña,bichi dxiña,bichi dxiña,"[""bichi dxiña""]",SUBENTRY,biichi,,,pinolillo,bichi dxiña [b-a] pinolillo,,5,19,2,ZAPOTECO_ESPAÑOL,BIB003_PICKETT_VOCABULARIO,2007_FIFTH_ELECTRONIC,2013_FIFTH_ELECTRONIC_SECOND_VERSION,DOCUMENTED_UNICODE_RECONCILIATION_NOT_BYTE_EXTRACTED_2013,JUCHITAN_HISTORICAL_SOURCE,STRUCTURED_BACKFILL_V0_1
PICKETT-ZE-0124,bichi ndii,bichi ndii,bichi ndii,bichi ndii,"[""bichi ndii""]",SUBENTRY,biichi,,,grillo real,bichi ndii [b-a] grillo real,,5,19,2,ZAPOTECO_ESPAÑOL,BIB003_PICKETT_VOCABULARIO,2007_FIFTH_ELECTRONIC,2013_FIFTH_ELECTRONIC_SECOND_VERSION,DOCUMENTED_UNICODE_RECONCILIATION_NOT_BYTE_EXTRACTED_2013,JUCHITAN_HISTORICAL_SOURCE,STRUCTURED_BACKFILL_V0_1
PICKETT-ZE-0125,bichiiña’,bichiiña’,bichiiñaꞌ,bichiiñaꞌ,"[""bichiiñaꞌ""]",ENTRY,,,,espuma,bichiiña’ espuma,,5,19,2,ZAPOTECO_ESPAÑOL,BIB003_PICKETT_VOCABULARIO,2007_FIFTH_ELECTRONIC,2013_FIFTH_ELECTRONIC_SECOND_VERSION,DOCUMENTED_UNICODE_RECONCILIATION_NOT_BYTE_EXTRACTED_2013,JUCHITAN_HISTORICAL_SOURCE,STRUCTURED_BACKFILL_V0_1
PICKETT-ZE-0126,bichiqui,bichiqui,bichiqui,bichiqui,"[""bichiqui""]",ENTRY,,,,gancho para cortar frutas,bichiqui gancho para cortar frutas,,5,19,2,ZAPOTECO_ESPAÑOL,BIB003_PICKETT_VOCABULARIO,2007_FIFTH_ELECTRONIC,2013_FIFTH_ELECTRONIC_SECOND_VERSION,DOCUMENTED_UNICODE_RECONCILIATION_NOT_BYTE_EXTRACTED_2013,JUCHITAN_HISTORICAL_SOURCE,STRUCTURED_BACKFILL_V0_1
PICKETT-ZE-0127,bichiisa,bichiisa,bichiisa,bichiisa,"[""bichiisa""]",ENTRY,,,[b.a.a],"corona de palma verde (usada para adornar en Todos Santos; antiguamente, se usaba también en los convites de las “velas”)",bichiisa [b.a.a] corona de palma verde,"(usada para adornar en Todos Santos; antiguamente, se usaba también en los convites de las “velas”)",5,19,2,ZAPOTECO_ESPAÑOL,BIB003_PICKETT_VOCABULARIO,2007_FIFTH_ELECTRONIC,2013_FIFTH_ELECTRONIC_SECOND_VERSION,DOCUMENTED_UNICODE_RECONCILIATION_NOT_BYTE_EXTRACTED_2013,JUCHITAN_HISTORICAL_SOURCE,STRUCTURED_BACKFILL_V0_1
PICKETT-ZE-0128,bichita,bichita,bichita,bichita,"[""bichita""]",ENTRY,,,,tonto,bichita tonto,,5,19,2,ZAPOTECO_ESPAÑOL,BIB003_PICKETT_VOCABULARIO,2007_FIFTH_ELECTRONIC,2013_FIFTH_ELECTRONIC_SECOND_VERSION,DOCUMENTED_UNICODE_RECONCILIATION_NOT_BYTE_EXTRACTED_2013,JUCHITAN_HISTORICAL_SOURCE,STRUCTURED_BACKFILL_V0_1
PICKETT-ZE-0129,bichooxhe,bichooxhe,bichooxhe,bichooxhe,"[""bichooxhe""]",ENTRY,,,[b.b.a],"jitomate, tomate","bichooxhe [b.b.a] jitomate, tomate",,5,19,2,ZAPOTECO_ESPAÑOL,BIB003_PICKETT_VOCABULARIO,2007_FIFTH_ELECTRONIC,2013_FIFTH_ELECTRONIC_SECOND_VERSION,DOCUMENTED_UNICODE_RECONCILIATION_NOT_BYTE_EXTRACTED_2013,JUCHITAN_HISTORICAL_SOURCE,STRUCTURED_BACKFILL_V0_1
PICKETT-ZE-0130,bichooxhe ndaba’,bichooxhe ndaba’,bichooxhe ndabaꞌ,bichooxhe ndabaꞌ,"[""bichooxhe ndabaꞌ""]",SUBENTRY,bichooxhe,,,tomate verde,bichooxhe ndaba’ [b-b.al] tomate verde,,5,19,2,ZAPOTECO_ESPAÑOL,BIB003_PICKETT_VOCABULARIO,2007_FIFTH_ELECTRONIC,2013_FIFTH_ELECTRONIC_SECOND_VERSION,DOCUMENTED_UNICODE_RECONCILIATION_NOT_BYTE_EXTRACTED_2013,JUCHITAN_HISTORICAL_SOURCE,STRUCTURED_BACKFILL_V0_1
PICKETT-ZE-0131,bichu’,bichu’,bichuꞌ,bichuꞌ,"[""bichuꞌ""]",ENTRY,,,[b.al],concha,bichu’ [b.al] concha,,5,19,2,ZAPOTECO_ESPAÑOL,BIB003_PICKETT_VOCABULARIO,2007_FIFTH_ELECTRONIC,2013_FIFTH_ELECTRONIC_SECOND_VERSION,DOCUMENTED_UNICODE_RECONCILIATION_NOT_BYTE_EXTRACTED_2013,JUCHITAN_HISTORICAL_SOURCE,STRUCTURED_BACKFILL_V0_1
PICKETT-ZE-0132,bichubé,bichubé,bichubé,bichubé,"[""bichubé""]",ENTRY,,,[b.al.b],caracol,bichubé [b.al.b] caracol,,5,19,2,ZAPOTECO_ESPAÑOL,BIB003_PICKETT_VOCABULARIO,2007_FIFTH_ELECTRONIC,2013_FIFTH_ELECTRONIC_SECOND_VERSION,DOCUMENTED_UNICODE_RECONCILIATION_NOT_BYTE_EXTRACTED_2013,JUCHITAN_HISTORICAL_SOURCE,STRUCTURED_BACKFILL_V0_1
PICKETT-ZE-0133,bichucu,bichucu,bichucu,bichucu,"[""bichucu""]",ENTRY,,,,gorgojo,bichucu gorgojo,,5,19,2,ZAPOTECO_ESPAÑOL,BIB003_PICKETT_VOCABULARIO,2007_FIFTH_ELECTRONIC,2013_FIFTH_ELECTRONIC_SECOND_VERSION,DOCUMENTED_UNICODE_RECONCILIATION_NOT_BYTE_EXTRACTED_2013,JUCHITAN_HISTORICAL_SOURCE,STRUCTURED_BACKFILL_V0_1
PICKETT-ZE-0134,bichuga,bichuga,bichuga,bichuga,"[""bichuga""]",ENTRY,,,,cáscara dura,bichuga cáscara dura,,5,19,2,ZAPOTECO_ESPAÑOL,BIB003_PICKETT_VOCABULARIO,2007_FIFTH_ELECTRONIC,2013_FIFTH_ELECTRONIC_SECOND_VERSION,DOCUMENTED_UNICODE_RECONCILIATION_NOT_BYTE_EXTRACTED_2013,JUCHITAN_HISTORICAL_SOURCE,STRUCTURED_BACKFILL_V0_1
PICKETT-ZE-0135,bichuga dxita,bichuga dxita,bichuga dxita,bichuga dxita,"[""bichuga dxita""]",SUBENTRY,bichuga,,,cascarón,bichuga dxita cascarón,,5,19,2,ZAPOTECO_ESPAÑOL,BIB003_PICKETT_VOCABULARIO,2007_FIFTH_ELECTRONIC,2013_FIFTH_ELECTRONIC_SECOND_VERSION,DOCUMENTED_UNICODE_RECONCILIATION_NOT_BYTE_EXTRACTED_2013,JUCHITAN_HISTORICAL_SOURCE,STRUCTURED_BACKFILL_V0_1
PICKETT-ZE-0136,bichuga ique,bichuga ique,bichuga ique,bichuga ique,"[""bichuga ique""]",SUBENTRY,bichuga,,,cráneo,bichuga ique cráneo,,5,19,2,ZAPOTECO_ESPAÑOL,BIB003_PICKETT_VOCABULARIO,2007_FIFTH_ELECTRONIC,2013_FIFTH_ELECTRONIC_SECOND_VERSION,DOCUMENTED_UNICODE_RECONCILIATION_NOT_BYTE_EXTRACTED_2013,JUCHITAN_HISTORICAL_SOURCE,STRUCTURED_BACKFILL_V0_1
PICKETT-ZE-0137,bichugaa,bichugaa,bichugaa,bichugaa,"[""bichugaa""]",ENTRY,,,[b.al.b],saltamontes,bichugaa [b.al.b] saltamontes,,5,19,2,ZAPOTECO_ESPAÑOL,BIB003_PICKETT_VOCABULARIO,2007_FIFTH_ELECTRONIC,2013_FIFTH_ELECTRONIC_SECOND_VERSION,DOCUMENTED_UNICODE_RECONCILIATION_NOT_BYTE_EXTRACTED_2013,JUCHITAN_HISTORICAL_SOURCE,STRUCTURED_BACKFILL_V0_1
PICKETT-ZE-0138,bidaani’,bidaani’,bidaaniꞌ,bidaaniꞌ,"[""bidaaniꞌ""]",ENTRY,,,,huipil,bidaani’ huipil,,5,19,2,ZAPOTECO_ESPAÑOL,BIB003_PICKETT_VOCABULARIO,2007_FIFTH_ELECTRONIC,2013_FIFTH_ELECTRONIC_SECOND_VERSION,DOCUMENTED_UNICODE_RECONCILIATION_NOT_BYTE_EXTRACTED_2013,JUCHITAN_HISTORICAL_SOURCE,STRUCTURED_BACKFILL_V0_1
PICKETT-ZE-0139,bidaani quichi’,bidaani quichi’,bidaani quichiꞌ,bidaani quichiꞌ,"[""bidaani quichiꞌ""]",SUBENTRY,bidaaniꞌ,,,huipil de cabeza,bidaani quichi’ [b-b.al] huipil de,cabeza,5,19,2,ZAPOTECO_ESPAÑOL,BIB003_PICKETT_VOCABULARIO,2007_FIFTH_ELECTRONIC,2013_FIFTH_ELECTRONIC_SECOND_VERSION,DOCUMENTED_UNICODE_RECONCILIATION_NOT_BYTE_EXTRACTED_2013,JUCHITAN_HISTORICAL_SOURCE,STRUCTURED_BACKFILL_V0_1
PICKETT-ZE-0140,bidi,bidi,bidi,bidi,"[""bidi""]",ENTRY,,,,talaje (especie de chinche),bidi talaje (especie de chinche),,6,20,1,ZAPOTECO_ESPAÑOL,BIB003_PICKETT_VOCABULARIO,2007_FIFTH_ELECTRONIC,2013_FIFTH_ELECTRONIC_SECOND_VERSION,DOCUMENTED_UNICODE_RECONCILIATION_NOT_BYTE_EXTRACTED_2013,JUCHITAN_HISTORICAL_SOURCE,STRUCTURED_BACKFILL_V0_1
PICKETT-ZE-0141,bidó’,bidó’,bidóꞌ,bidóꞌ,"[""bidóꞌ""]",ENTRY,,,,santo,bidó’ santo,,6,20,1,ZAPOTECO_ESPAÑOL,BIB003_PICKETT_VOCABULARIO,2007_FIFTH_ELECTRONIC,2013_FIFTH_ELECTRONIC_SECOND_VERSION,DOCUMENTED_UNICODE_RECONCILIATION_NOT_BYTE_EXTRACTED_2013,JUCHITAN_HISTORICAL_SOURCE,STRUCTURED_BACKFILL_V0_1
PICKETT-ZE-0142,bidolaguí’,bidolaguí’,bidolaguíꞌ,bidolaguíꞌ,"[""bidolaguíꞌ""]",ENTRY,,,[b.a.al.al],escarabajo,bidolaguí’ [b.a.al.al] escarabajo,,6,20,1,ZAPOTECO_ESPAÑOL,BIB003_PICKETT_VOCABULARIO,2007_FIFTH_ELECTRONIC,2013_FIFTH_ELECTRONIC_SECOND_VERSION,DOCUMENTED_UNICODE_RECONCILIATION_NOT_BYTE_EXTRACTED_2013,JUCHITAN_HISTORICAL_SOURCE,STRUCTURED_BACKFILL_V0_1
PICKETT-ZE-0143,bidu’,bidu’,biduꞌ,biduꞌ,"[""biduꞌ""]",ENTRY,,(adj),[b.al],coqueta,bidu’ [b.al] (adj) coqueta,,6,20,1,ZAPOTECO_ESPAÑOL,BIB003_PICKETT_VOCABULARIO,2007_FIFTH_ELECTRONIC,2013_FIFTH_ELECTRONIC_SECOND_VERSION,DOCUMENTED_UNICODE_RECONCILIATION_NOT_BYTE_EXTRACTED_2013,JUCHITAN_HISTORICAL_SOURCE,STRUCTURED_BACKFILL_V0_1
PICKETT-ZE-0144,biduaa,biduaa,biduaa,biduaa,"[""biduaa""]",ENTRY,,,,plátano,biduaa plátano,,6,20,1,ZAPOTECO_ESPAÑOL,BIB003_PICKETT_VOCABULARIO,2007_FIFTH_ELECTRONIC,2013_FIFTH_ELECTRONIC_SECOND_VERSION,DOCUMENTED_UNICODE_RECONCILIATION_NOT_BYTE_EXTRACTED_2013,JUCHITAN_HISTORICAL_SOURCE,STRUCTURED_BACKFILL_V0_1
PICKETT-ZE-0145,bidua chita,bidua chita,bidua chita,bidua chita,"[""bidua chita""]",SUBENTRY,biduaa,,,plátano macho,bidua chita plátano macho,,6,20,1,ZAPOTECO_ESPAÑOL,BIB003_PICKETT_VOCABULARIO,2007_FIFTH_ELECTRONIC,2013_FIFTH_ELECTRONIC_SECOND_VERSION,DOCUMENTED_UNICODE_RECONCILIATION_NOT_BYTE_EXTRACTED_2013,JUCHITAN_HISTORICAL_SOURCE,STRUCTURED_BACKFILL_V0_1
PICKETT-ZE-0146,bidunu,bidunu,bidunu,bidunu,"[""bidunu""]",ENTRY,,,,remolino de aire o de viento,bidunu remolino de aire o de viento,,6,20,1,ZAPOTECO_ESPAÑOL,BIB003_PICKETT_VOCABULARIO,2007_FIFTH_ELECTRONIC,2013_FIFTH_ELECTRONIC_SECOND_VERSION,DOCUMENTED_UNICODE_RECONCILIATION_NOT_BYTE_EXTRACTED_2013,JUCHITAN_HISTORICAL_SOURCE,STRUCTURED_BACKFILL_V0_1
PICKETT-ZE-0147,biduyu,biduyu,biduyu,biduyu,"[""biduyu""]",ENTRY,,,[b.a.a],lombriz intestinal,biduyu [b.a.a] lombriz intestinal,,6,20,1,ZAPOTECO_ESPAÑOL,BIB003_PICKETT_VOCABULARIO,2007_FIFTH_ELECTRONIC,2013_FIFTH_ELECTRONIC_SECOND_VERSION,DOCUMENTED_UNICODE_RECONCILIATION_NOT_BYTE_EXTRACTED_2013,JUCHITAN_HISTORICAL_SOURCE,STRUCTURED_BACKFILL_V0_1
PICKETT-ZE-0148,bidxaa,bidxaa,bidxaa,bidxaa,"[""bidxaa""]",ENTRY,,,[b.a],bruja,bidxaa [b.a] bruja,,6,20,1,ZAPOTECO_ESPAÑOL,BIB003_PICKETT_VOCABULARIO,2007_FIFTH_ELECTRONIC,2013_FIFTH_ELECTRONIC_SECOND_VERSION,DOCUMENTED_UNICODE_RECONCILIATION_NOT_BYTE_EXTRACTED_2013,JUCHITAN_HISTORICAL_SOURCE,STRUCTURED_BACKFILL_V0_1
PICKETT-ZE-0149,bidxadxa,bidxadxa,bidxadxa,bidxadxa,"[""bidxadxa""]",ENTRY,,,[b.a.a],colador,bidxadxa [b.a.a] colador,,6,20,1,ZAPOTECO_ESPAÑOL,BIB003_PICKETT_VOCABULARIO,2007_FIFTH_ELECTRONIC,2013_FIFTH_ELECTRONIC_SECOND_VERSION,DOCUMENTED_UNICODE_RECONCILIATION_NOT_BYTE_EXTRACTED_2013,JUCHITAN_HISTORICAL_SOURCE,STRUCTURED_BACKFILL_V0_1
PICKETT-ZE-0150,bidxí,bidxí,bidxí,bidxí,"[""bidxí""]",ENTRY,,,,pitahaya,bidxí pitahaya,,6,20,1,ZAPOTECO_ESPAÑOL,BIB003_PICKETT_VOCABULARIO,2007_FIFTH_ELECTRONIC,2013_FIFTH_ELECTRONIC_SECOND_VERSION,DOCUMENTED_UNICODE_RECONCILIATION_NOT_BYTE_EXTRACTED_2013,JUCHITAN_HISTORICAL_SOURCE,STRUCTURED_BACKFILL_V0_1
PICKETT-ZE-0151,"bidxi’, bidxi mbo’co’","bidxi’, bidxi mbo’co’","bidxiꞌ, bidxi mboꞌcoꞌ",bidxiꞌ,"[""bidxiꞌ"", ""bidxi mboꞌcoꞌ""]",ENTRY,,,[b.al]; [b.al-b],sapo,"bidxi’ [b.al], bidxi mbo’co’ [b.al-b] sapo",,6,20,1,ZAPOTECO_ESPAÑOL,BIB003_PICKETT_VOCABULARIO,2007_FIFTH_ELECTRONIC,2013_FIFTH_ELECTRONIC_SECOND_VERSION,DOCUMENTED_UNICODE_RECONCILIATION_NOT_BYTE_EXTRACTED_2013,JUCHITAN_HISTORICAL_SOURCE,STRUCTURED_BACKFILL_V0_1
PICKETT-ZE-0152,bidxi ñee gaa,bidxi ñee gaa,bidxi ñee gaa,bidxi ñee gaa,"[""bidxi ñee gaa""]",SUBENTRY,"bidxiꞌ, bidxi mboꞌcoꞌ",,,rana,bidxi ñee gaa [b.al-b-b] rana,,6,20,1,ZAPOTECO_ESPAÑOL,BIB003_PICKETT_VOCABULARIO,2007_FIFTH_ELECTRONIC,2013_FIFTH_ELECTRONIC_SECOND_VERSION,DOCUMENTED_UNICODE_RECONCILIATION_NOT_BYTE_EXTRACTED_2013,JUCHITAN_HISTORICAL_SOURCE,STRUCTURED_BACKFILL_V0_1
PICKETT-ZE-0153,biidxi’,biidxi’,biidxiꞌ,biidxiꞌ,"[""biidxiꞌ""]",ENTRY,,,,semilla,biidxi’ semilla,,6,20,1,ZAPOTECO_ESPAÑOL,BIB003_PICKETT_VOCABULARIO,2007_FIFTH_ELECTRONIC,2013_FIFTH_ELECTRONIC_SECOND_VERSION,DOCUMENTED_UNICODE_RECONCILIATION_NOT_BYTE_EXTRACTED_2013,JUCHITAN_HISTORICAL_SOURCE,STRUCTURED_BACKFILL_V0_1
PICKETT-ZE-0154,bidxichi,bidxichi,bidxichi,bidxichi,"[""bidxichi""]",ENTRY,,,,dinero,bidxichi dinero,,6,20,1,ZAPOTECO_ESPAÑOL,BIB003_PICKETT_VOCABULARIO,2007_FIFTH_ELECTRONIC,2013_FIFTH_ELECTRONIC_SECOND_VERSION,DOCUMENTED_UNICODE_RECONCILIATION_NOT_BYTE_EXTRACTED_2013,JUCHITAN_HISTORICAL_SOURCE,STRUCTURED_BACKFILL_V0_1
PICKETT-ZE-0155,bidxichi huana’,bidxichi huana’,bidxichi huanaꞌ,bidxichi huanaꞌ,"[""bidxichi huanaꞌ""]",SUBENTRY,bidxichi,,,pedacitos de loza con que juegan los niños al comercio,bidxichi huana’ [b-b.al] pedacitos de,loza con que juegan los niños al comercio,6,20,1,ZAPOTECO_ESPAÑOL,BIB003_PICKETT_VOCABULARIO,2007_FIFTH_ELECTRONIC,2013_FIFTH_ELECTRONIC_SECOND_VERSION,DOCUMENTED_UNICODE_RECONCILIATION_NOT_BYTE_EXTRACTED_2013,JUCHITAN_HISTORICAL_SOURCE,STRUCTURED_BACKFILL_V0_1
PICKETT-ZE-0156,bidxiguí,bidxiguí,bidxiguí,bidxiguí,"[""bidxiguí""]",ENTRY,,,[b.al.al],araña,bidxiguí [b.al.al] araña,,6,20,1,ZAPOTECO_ESPAÑOL,BIB003_PICKETT_VOCABULARIO,2007_FIFTH_ELECTRONIC,2013_FIFTH_ELECTRONIC_SECOND_VERSION,DOCUMENTED_UNICODE_RECONCILIATION_NOT_BYTE_EXTRACTED_2013,JUCHITAN_HISTORICAL_SOURCE,STRUCTURED_BACKFILL_V0_1
PICKETT-ZE-0157,bidxiná’,bidxiná’,bidxináꞌ,bidxináꞌ,"[""bidxináꞌ""]",ENTRY,,,[b.al.a],biceps,bidxiná’ [b.al.a] biceps,,6,20,1,ZAPOTECO_ESPAÑOL,BIB003_PICKETT_VOCABULARIO,2007_FIFTH_ELECTRONIC,2013_FIFTH_ELECTRONIC_SECOND_VERSION,DOCUMENTED_UNICODE_RECONCILIATION_NOT_BYTE_EXTRACTED_2013,JUCHITAN_HISTORICAL_SOURCE,STRUCTURED_BACKFILL_V0_1
PICKETT-ZE-0158,bidxiña,bidxiña,bidxiña,bidxiña,"[""bidxiña""]",ENTRY,,,[b.b.a],venado,bidxiña [b.b.a] venado,,6,20,1,ZAPOTECO_ESPAÑOL,BIB003_PICKETT_VOCABULARIO,2007_FIFTH_ELECTRONIC,2013_FIFTH_ELECTRONIC_SECOND_VERSION,DOCUMENTED_UNICODE_RECONCILIATION_NOT_BYTE_EXTRACTED_2013,JUCHITAN_HISTORICAL_SOURCE,STRUCTURED_BACKFILL_V0_1
PICKETT-ZE-0159,bidxiñee,bidxiñee,bidxiñee,bidxiñee,"[""bidxiñee""]",ENTRY,,,[b.al.b],pantorrilla,bidxiñee [b.al.b] pantorrilla,,6,20,1,ZAPOTECO_ESPAÑOL,BIB003_PICKETT_VOCABULARIO,2007_FIFTH_ELECTRONIC,2013_FIFTH_ELECTRONIC_SECOND_VERSION,DOCUMENTED_UNICODE_RECONCILIATION_NOT_BYTE_EXTRACTED_2013,JUCHITAN_HISTORICAL_SOURCE,STRUCTURED_BACKFILL_V0_1
PICKETT-ZE-0160,bidxu,bidxu,bidxu,bidxu,"[""bidxu""]",ENTRY,,,[a],un tipo de enfermedad del puerco,bidxu [a] un tipo de enfermedad del puerco,,6,20,1,ZAPOTECO_ESPAÑOL,BIB003_PICKETT_VOCABULARIO,2007_FIFTH_ELECTRONIC,2013_FIFTH_ELECTRONIC_SECOND_VERSION,DOCUMENTED_UNICODE_RECONCILIATION_NOT_BYTE_EXTRACTED_2013,JUCHITAN_HISTORICAL_SOURCE,STRUCTURED_BACKFILL_V0_1
PICKETT-ZE-0161,bidxu,bidxu,bidxu,bidxu,"[""bidxu""]",ENTRY,,,[b.a],semilla del algodón,bidxu [b.a] semilla del algodón,,6,20,1,ZAPOTECO_ESPAÑOL,BIB003_PICKETT_VOCABULARIO,2007_FIFTH_ELECTRONIC,2013_FIFTH_ELECTRONIC_SECOND_VERSION,DOCUMENTED_UNICODE_RECONCILIATION_NOT_BYTE_EXTRACTED_2013,JUCHITAN_HISTORICAL_SOURCE,STRUCTURED_BACKFILL_V0_1
PICKETT-ZE-0162,bidxumi,bidxumi,bidxumi,bidxumi,"[""bidxumi""]",ENTRY,,,[b.a.a],chamiza,bidxumi [b.a.a] chamiza,,6,20,1,ZAPOTECO_ESPAÑOL,BIB003_PICKETT_VOCABULARIO,2007_FIFTH_ELECTRONIC,2013_FIFTH_ELECTRONIC_SECOND_VERSION,DOCUMENTED_UNICODE_RECONCILIATION_NOT_BYTE_EXTRACTED_2013,JUCHITAN_HISTORICAL_SOURCE,STRUCTURED_BACKFILL_V0_1
PICKETT-ZE-0163,bieju,bieju,bieju,bieju,"[""bieju""]",ENTRY,,,[a.b],grande,bieju [a.b] grande,,6,20,1,ZAPOTECO_ESPAÑOL,BIB003_PICKETT_VOCABULARIO,2007_FIFTH_ELECTRONIC,2013_FIFTH_ELECTRONIC_SECOND_VERSION,DOCUMENTED_UNICODE_RECONCILIATION_NOT_BYTE_EXTRACTED_2013,JUCHITAN_HISTORICAL_SOURCE,STRUCTURED_BACKFILL_V0_1
PICKETT-ZE-0164,bieque,bieque,bieque,bieque,"[""bieque""]",ENTRY,,,,vuelta; torsión,bieque vuelta; torsión,,6,20,1,ZAPOTECO_ESPAÑOL,BIB003_PICKETT_VOCABULARIO,2007_FIFTH_ELECTRONIC,2013_FIFTH_ELECTRONIC_SECOND_VERSION,DOCUMENTED_UNICODE_RECONCILIATION_NOT_BYTE_EXTRACTED_2013,JUCHITAN_HISTORICAL_SOURCE,STRUCTURED_BACKFILL_V0_1
PICKETT-ZE-0165,biga’,biga’,bigaꞌ,bigaꞌ,"[""bigaꞌ""]",ENTRY,,,[b.al],izquierdo,biga’ [b.al] izquierdo,,6,20,1,ZAPOTECO_ESPAÑOL,BIB003_PICKETT_VOCABULARIO,2007_FIFTH_ELECTRONIC,2013_FIFTH_ELECTRONIC_SECOND_VERSION,DOCUMENTED_UNICODE_RECONCILIATION_NOT_BYTE_EXTRACTED_2013,JUCHITAN_HISTORICAL_SOURCE,STRUCTURED_BACKFILL_V0_1
PICKETT-ZE-0166,bigá’,bigá’,bigáꞌ,bigáꞌ,"[""bigáꞌ""]",ENTRY,,,,collar,bigá’ collar,,6,20,2,ZAPOTECO_ESPAÑOL,BIB003_PICKETT_VOCABULARIO,2007_FIFTH_ELECTRONIC,2013_FIFTH_ELECTRONIC_SECOND_VERSION,DOCUMENTED_UNICODE_RECONCILIATION_NOT_BYTE_EXTRACTED_2013,JUCHITAN_HISTORICAL_SOURCE,STRUCTURED_BACKFILL_V0_1
PICKETT-ZE-0167,bigadxe,bigadxe,bigadxe,bigadxe,"[""bigadxe""]",ENTRY,,,[b.a.a],constelación siete cabrillas,bigadxe [b.a.a] constelación siete cabrillas,,6,20,2,ZAPOTECO_ESPAÑOL,BIB003_PICKETT_VOCABULARIO,2007_FIFTH_ELECTRONIC,2013_FIFTH_ELECTRONIC_SECOND_VERSION,DOCUMENTED_UNICODE_RECONCILIATION_NOT_BYTE_EXTRACTED_2013,JUCHITAN_HISTORICAL_SOURCE,STRUCTURED_BACKFILL_V0_1
PICKETT-ZE-0168,bigaraagu’,bigaraagu’,bigaraaguꞌ,bigaraaguꞌ,"[""bigaraaguꞌ""]",ENTRY,,,,coyol,bigaraagu’ coyol,,6,20,2,ZAPOTECO_ESPAÑOL,BIB003_PICKETT_VOCABULARIO,2007_FIFTH_ELECTRONIC,2013_FIFTH_ELECTRONIC_SECOND_VERSION,DOCUMENTED_UNICODE_RECONCILIATION_NOT_BYTE_EXTRACTED_2013,JUCHITAN_HISTORICAL_SOURCE,STRUCTURED_BACKFILL_V0_1
PICKETT-ZE-0169,bigarii,bigarii,bigarii,bigarii,"[""bigarii""]",ENTRY,,,,"chicharra, cigarra","bigarii chicharra, cigarra",,6,20,2,ZAPOTECO_ESPAÑOL,BIB003_PICKETT_VOCABULARIO,2007_FIFTH_ELECTRONIC,2013_FIFTH_ELECTRONIC_SECOND_VERSION,DOCUMENTED_UNICODE_RECONCILIATION_NOT_BYTE_EXTRACTED_2013,JUCHITAN_HISTORICAL_SOURCE,STRUCTURED_BACKFILL_V0_1
PICKETT-ZE-0170,bigose,bigose,bigose,bigose,"[""bigose""]",ENTRY,,,[b.b.a],zanate,bigose [b.b.a] zanate,,6,20,2,ZAPOTECO_ESPAÑOL,BIB003_PICKETT_VOCABULARIO,2007_FIFTH_ELECTRONIC,2013_FIFTH_ELECTRONIC_SECOND_VERSION,DOCUMENTED_UNICODE_RECONCILIATION_NOT_BYTE_EXTRACTED_2013,JUCHITAN_HISTORICAL_SOURCE,STRUCTURED_BACKFILL_V0_1
PICKETT-ZE-0171,bigote,bigote,bigote,bigote,"[""bigote""]",ENTRY,,,[b.a.b],bigote,bigote [b.a.b] bigote,,6,20,2,ZAPOTECO_ESPAÑOL,BIB003_PICKETT_VOCABULARIO,2007_FIFTH_ELECTRONIC,2013_FIFTH_ELECTRONIC_SECOND_VERSION,DOCUMENTED_UNICODE_RECONCILIATION_NOT_BYTE_EXTRACTED_2013,JUCHITAN_HISTORICAL_SOURCE,STRUCTURED_BACKFILL_V0_1
PICKETT-ZE-0172,bigu,bigu,bigu,bigu,"[""bigu""]",ENTRY,,,,tortuga,bigu tortuga,,6,20,2,ZAPOTECO_ESPAÑOL,BIB003_PICKETT_VOCABULARIO,2007_FIFTH_ELECTRONIC,2013_FIFTH_ELECTRONIC_SECOND_VERSION,DOCUMENTED_UNICODE_RECONCILIATION_NOT_BYTE_EXTRACTED_2013,JUCHITAN_HISTORICAL_SOURCE,STRUCTURED_BACKFILL_V0_1
PICKETT-ZE-0173,bigú,bigú,bigú,bigú,"[""bigú""]",ENTRY,,,[b.a],migaja,bigú [b.a] migaja,,6,20,2,ZAPOTECO_ESPAÑOL,BIB003_PICKETT_VOCABULARIO,2007_FIFTH_ELECTRONIC,2013_FIFTH_ELECTRONIC_SECOND_VERSION,DOCUMENTED_UNICODE_RECONCILIATION_NOT_BYTE_EXTRACTED_2013,JUCHITAN_HISTORICAL_SOURCE,STRUCTURED_BACKFILL_V0_1
PICKETT-ZE-0174,bigudxi,bigudxi,bigudxi,bigudxi,"[""bigudxi""]",ENTRY,,,,yerno,bigudxi yerno,,6,20,2,ZAPOTECO_ESPAÑOL,BIB003_PICKETT_VOCABULARIO,2007_FIFTH_ELECTRONIC,2013_FIFTH_ELECTRONIC_SECOND_VERSION,DOCUMENTED_UNICODE_RECONCILIATION_NOT_BYTE_EXTRACTED_2013,JUCHITAN_HISTORICAL_SOURCE,STRUCTURED_BACKFILL_V0_1
PICKETT-ZE-0175,biguidi’,biguidi’,biguidiꞌ,biguidiꞌ,"[""biguidiꞌ""]",ENTRY,,,[b.b.al],mariposa,biguidi’ [b.b.al] mariposa,,6,20,2,ZAPOTECO_ESPAÑOL,BIB003_PICKETT_VOCABULARIO,2007_FIFTH_ELECTRONIC,2013_FIFTH_ELECTRONIC_SECOND_VERSION,DOCUMENTED_UNICODE_RECONCILIATION_NOT_BYTE_EXTRACTED_2013,JUCHITAN_HISTORICAL_SOURCE,STRUCTURED_BACKFILL_V0_1
PICKETT-ZE-0176,"biguidi beela, biguidi ribeela","biguidi beela, biguidi ribeela","biguidi beela, biguidi ribeela",biguidi beela,"[""biguidi beela"", ""biguidi ribeela""]",SUBENTRY,biguidiꞌ,,[b-a],[b-al.a.a] murciélago,"biguidi beela [b-a], biguidi ribeela",[b-al.a.a] murciélago,6,20,2,ZAPOTECO_ESPAÑOL,BIB003_PICKETT_VOCABULARIO,2007_FIFTH_ELECTRONIC,2013_FIFTH_ELECTRONIC_SECOND_VERSION,DOCUMENTED_UNICODE_RECONCILIATION_NOT_BYTE_EXTRACTED_2013,JUCHITAN_HISTORICAL_SOURCE,STRUCTURED_BACKFILL_V0_1
PICKETT-ZE-0177,"biguié’, biyé’","biguié’, biyé’","biguiéꞌ, biyéꞌ",biguiéꞌ,"[""biguiéꞌ"", ""biyéꞌ""]",ENTRY,,,,Ofrenda de flores y frutas que se pone en usa casa en Todos Santos.,"biguié’, biyé’ Ofrenda de flores y frutas",que se pone en usa casa en Todos Santos.,6,20,2,ZAPOTECO_ESPAÑOL,BIB003_PICKETT_VOCABULARIO,2007_FIFTH_ELECTRONIC,2013_FIFTH_ELECTRONIC_SECOND_VERSION,DOCUMENTED_UNICODE_RECONCILIATION_NOT_BYTE_EXTRACTED_2013,JUCHITAN_HISTORICAL_SOURCE,STRUCTURED_BACKFILL_V0_1
PICKETT-ZE-0178,biguitu,biguitu,biguitu,biguitu,"[""biguitu""]",ENTRY,,,,,biguitu,,6,20,2,ZAPOTECO_ESPAÑOL,BIB003_PICKETT_VOCABULARIO,2007_FIFTH_ELECTRONIC,2013_FIFTH_ELECTRONIC_SECOND_VERSION,DOCUMENTED_UNICODE_RECONCILIATION_NOT_BYTE_EXTRACTED_2013,JUCHITAN_HISTORICAL_SOURCE,STRUCTURED_BACKFILL_V0_1
PICKETT-ZE-0179,color biguitu,color biguitu,color biguitu,color biguitu,"[""color biguitu""]",SUBENTRY,biguitu,,,"color naranja, anaranjado","color biguitu [b.al-b.al.b] color naranja,",anaranjado,6,20,2,ZAPOTECO_ESPAÑOL,BIB003_PICKETT_VOCABULARIO,2007_FIFTH_ELECTRONIC,2013_FIFTH_ELECTRONIC_SECOND_VERSION,DOCUMENTED_UNICODE_RECONCILIATION_NOT_BYTE_EXTRACTED_2013,JUCHITAN_HISTORICAL_SOURCE,STRUCTURED_BACKFILL_V0_1
PICKETT-ZE-0180,biguitu rini,biguitu rini,biguitu rini,biguitu rini,"[""biguitu rini""]",ENTRY,,,[b.al.b-al.b],oropéndola,biguitu rini [b.al.b-al.b] oropéndola,,6,20,2,ZAPOTECO_ESPAÑOL,BIB003_PICKETT_VOCABULARIO,2007_FIFTH_ELECTRONIC,2013_FIFTH_ELECTRONIC_SECOND_VERSION,DOCUMENTED_UNICODE_RECONCILIATION_NOT_BYTE_EXTRACTED_2013,JUCHITAN_HISTORICAL_SOURCE,STRUCTURED_BACKFILL_V0_1
PICKETT-ZE-0181,bihui,bihui,bihui,bihui,"[""bihui""]",ENTRY,,,,"marrano, cochino, cerdo, puerco","bihui marrano, cochino, cerdo, puerco",,6,20,2,ZAPOTECO_ESPAÑOL,BIB003_PICKETT_VOCABULARIO,2007_FIFTH_ELECTRONIC,2013_FIFTH_ELECTRONIC_SECOND_VERSION,DOCUMENTED_UNICODE_RECONCILIATION_NOT_BYTE_EXTRACTED_2013,JUCHITAN_HISTORICAL_SOURCE,STRUCTURED_BACKFILL_V0_1
PICKETT-ZE-0182,bihui gui’xhi’,bihui gui’xhi’,bihui guiꞌxhiꞌ,bihui guiꞌxhiꞌ,"[""bihui guiꞌxhiꞌ""]",SUBENTRY,bihui,,,"jabalí, puerco montés","bihui gui’xhi’ jabalí, puerco montés",,6,20,2,ZAPOTECO_ESPAÑOL,BIB003_PICKETT_VOCABULARIO,2007_FIFTH_ELECTRONIC,2013_FIFTH_ELECTRONIC_SECOND_VERSION,DOCUMENTED_UNICODE_RECONCILIATION_NOT_BYTE_EXTRACTED_2013,JUCHITAN_HISTORICAL_SOURCE,STRUCTURED_BACKFILL_V0_1
PICKETT-ZE-0183,bilá,bilá,bilá,bilá,"[""bilá""]",ENTRY,,,,"casi, por poco","bilá casi, por poco",,6,20,2,ZAPOTECO_ESPAÑOL,BIB003_PICKETT_VOCABULARIO,2007_FIFTH_ELECTRONIC,2013_FIFTH_ELECTRONIC_SECOND_VERSION,DOCUMENTED_UNICODE_RECONCILIATION_NOT_BYTE_EXTRACTED_2013,JUCHITAN_HISTORICAL_SOURCE,STRUCTURED_BACKFILL_V0_1
PICKETT-ZE-0184,"bilihuana’, birihuana’","bilihuana’, birihuana’","bilihuanaꞌ, birihuanaꞌ",bilihuanaꞌ,"[""bilihuanaꞌ"", ""birihuanaꞌ""]",ENTRY,,,[b.b.b.al],tejamanil,"bilihuana’, birihuana’ [b.b.b.al] tejamanil",,6,20,2,ZAPOTECO_ESPAÑOL,BIB003_PICKETT_VOCABULARIO,2007_FIFTH_ELECTRONIC,2013_FIFTH_ELECTRONIC_SECOND_VERSION,DOCUMENTED_UNICODE_RECONCILIATION_NOT_BYTE_EXTRACTED_2013,JUCHITAN_HISTORICAL_SOURCE,STRUCTURED_BACKFILL_V0_1
PICKETT-ZE-0185,bilopayoo,bilopayoo,bilopayoo,bilopayoo,"[""bilopayoo""]",ENTRY,,,[b.b.b.al],salamanquesa,bilopayoo [b.b.b.al] salamanquesa,,6,20,2,ZAPOTECO_ESPAÑOL,BIB003_PICKETT_VOCABULARIO,2007_FIFTH_ELECTRONIC,2013_FIFTH_ELECTRONIC_SECOND_VERSION,DOCUMENTED_UNICODE_RECONCILIATION_NOT_BYTE_EXTRACTED_2013,JUCHITAN_HISTORICAL_SOURCE,STRUCTURED_BACKFILL_V0_1
PICKETT-ZE-0186,bilumbu’,bilumbu’,bilumbuꞌ,bilumbuꞌ,"[""bilumbuꞌ""]",ENTRY,,,[b.b.al],cachimbo,bilumbu’ [b.b.al] cachimbo,,7,21,1,ZAPOTECO_ESPAÑOL,BIB003_PICKETT_VOCABULARIO,2007_FIFTH_ELECTRONIC,2013_FIFTH_ELECTRONIC_SECOND_VERSION,DOCUMENTED_UNICODE_RECONCILIATION_NOT_BYTE_EXTRACTED_2013,JUCHITAN_HISTORICAL_SOURCE,STRUCTURED_BACKFILL_V0_1
PICKETT-ZE-0187,biní,biní,biní,biní,"[""biní""]",ENTRY,,,,siembra,biní siembra,,7,21,1,ZAPOTECO_ESPAÑOL,BIB003_PICKETT_VOCABULARIO,2007_FIFTH_ELECTRONIC,2013_FIFTH_ELECTRONIC_SECOND_VERSION,DOCUMENTED_UNICODE_RECONCILIATION_NOT_BYTE_EXTRACTED_2013,JUCHITAN_HISTORICAL_SOURCE,STRUCTURED_BACKFILL_V0_1
PICKETT-ZE-0188,biní,biní,biní,biní,"[""biní""]",ENTRY,,,,gajo (un segmento de la naranja); luna nueva,biní gajo (un segmento de la naranja); luna,nueva,7,21,1,ZAPOTECO_ESPAÑOL,BIB003_PICKETT_VOCABULARIO,2007_FIFTH_ELECTRONIC,2013_FIFTH_ELECTRONIC_SECOND_VERSION,DOCUMENTED_UNICODE_RECONCILIATION_NOT_BYTE_EXTRACTED_2013,JUCHITAN_HISTORICAL_SOURCE,STRUCTURED_BACKFILL_V0_1
PICKETT-ZE-0189,biní xcustiá,biní xcustiá,biní xcustiá,biní xcustiá,"[""biní xcustiá""]",ENTRY,,,[b-b.al],costilla,biní xcustiá [b-b.al] costilla,,7,21,1,ZAPOTECO_ESPAÑOL,BIB003_PICKETT_VOCABULARIO,2007_FIFTH_ELECTRONIC,2013_FIFTH_ELECTRONIC_SECOND_VERSION,DOCUMENTED_UNICODE_RECONCILIATION_NOT_BYTE_EXTRACTED_2013,JUCHITAN_HISTORICAL_SOURCE,STRUCTURED_BACKFILL_V0_1
PICKETT-ZE-0190,biniidxi,biniidxi,biniidxi,biniidxi,"[""biniidxi""]",ENTRY,,,[b.a.a],muérdago,biniidxi [b.a.a] muérdago,,7,21,1,ZAPOTECO_ESPAÑOL,BIB003_PICKETT_VOCABULARIO,2007_FIFTH_ELECTRONIC,2013_FIFTH_ELECTRONIC_SECOND_VERSION,DOCUMENTED_UNICODE_RECONCILIATION_NOT_BYTE_EXTRACTED_2013,JUCHITAN_HISTORICAL_SOURCE,STRUCTURED_BACKFILL_V0_1
PICKETT-ZE-0191,binni,binni,binni,binni,"[""binni""]",ENTRY,,,[b.a],"persona, gente, pueblo","binni [b.a] persona, gente, pueblo",,7,21,1,ZAPOTECO_ESPAÑOL,BIB003_PICKETT_VOCABULARIO,2007_FIFTH_ELECTRONIC,2013_FIFTH_ELECTRONIC_SECOND_VERSION,DOCUMENTED_UNICODE_RECONCILIATION_NOT_BYTE_EXTRACTED_2013,JUCHITAN_HISTORICAL_SOURCE,STRUCTURED_BACKFILL_V0_1
PICKETT-ZE-0192,binidxaba’,binidxaba’,binidxabaꞌ,binidxabaꞌ,"[""binidxabaꞌ""]",SUBENTRY,binni,,,diablo,binidxaba’ [b.b.b.al] diablo,,7,21,1,ZAPOTECO_ESPAÑOL,BIB003_PICKETT_VOCABULARIO,2007_FIFTH_ELECTRONIC,2013_FIFTH_ELECTRONIC_SECOND_VERSION,DOCUMENTED_UNICODE_RECONCILIATION_NOT_BYTE_EXTRACTED_2013,JUCHITAN_HISTORICAL_SOURCE,STRUCTURED_BACKFILL_V0_1
PICKETT-ZE-0193,binni dxaapa’,binni dxaapa’,binni dxaapaꞌ,binni dxaapaꞌ,"[""binni dxaapaꞌ""]",SUBENTRY,binni,,,"señorita, virgen, doncella, jovencita","binni dxaapa’ [b-al.b] señorita, virgen,","doncella, jovencita",7,21,1,ZAPOTECO_ESPAÑOL,BIB003_PICKETT_VOCABULARIO,2007_FIFTH_ELECTRONIC,2013_FIFTH_ELECTRONIC_SECOND_VERSION,DOCUMENTED_UNICODE_RECONCILIATION_NOT_BYTE_EXTRACTED_2013,JUCHITAN_HISTORICAL_SOURCE,STRUCTURED_BACKFILL_V0_1
PICKETT-ZE-0194,binni gola,binni gola,binni gola,binni gola,"[""binni gola""]",SUBENTRY,binni,,,"anciano, viejito","binni gola [b-a.b] anciano, viejito",,7,21,1,ZAPOTECO_ESPAÑOL,BIB003_PICKETT_VOCABULARIO,2007_FIFTH_ELECTRONIC,2013_FIFTH_ELECTRONIC_SECOND_VERSION,DOCUMENTED_UNICODE_RECONCILIATION_NOT_BYTE_EXTRACTED_2013,JUCHITAN_HISTORICAL_SOURCE,STRUCTURED_BACKFILL_V0_1
PICKETT-ZE-0195,binni guenda,binni guenda,binni guenda,binni guenda,"[""binni guenda""]",SUBENTRY,binni,,,hadas,binni guenda [b-al.b] hadas,,7,21,1,ZAPOTECO_ESPAÑOL,BIB003_PICKETT_VOCABULARIO,2007_FIFTH_ELECTRONIC,2013_FIFTH_ELECTRONIC_SECOND_VERSION,DOCUMENTED_UNICODE_RECONCILIATION_NOT_BYTE_EXTRACTED_2013,JUCHITAN_HISTORICAL_SOURCE,STRUCTURED_BACKFILL_V0_1
PICKETT-ZE-0196,binni güe’,binni güe’,binni güeꞌ,binni güeꞌ,"[""binni güeꞌ""]",SUBENTRY,binni,,,"borracho, borracha","binni güe’ [b-al] borracho, borracha",,7,21,1,ZAPOTECO_ESPAÑOL,BIB003_PICKETT_VOCABULARIO,2007_FIFTH_ELECTRONIC,2013_FIFTH_ELECTRONIC_SECOND_VERSION,DOCUMENTED_UNICODE_RECONCILIATION_NOT_BYTE_EXTRACTED_2013,JUCHITAN_HISTORICAL_SOURCE,STRUCTURED_BACKFILL_V0_1
PICKETT-ZE-0197,binni gula’sa’,binni gula’sa’,binni gulaꞌsaꞌ,binni gulaꞌsaꞌ,"[""binni gulaꞌsaꞌ""]",SUBENTRY,binni,,,"artefacto (los ídolos y demás objetos de barro o piedra hechos por los antiguos habitantes de la región, a quienes la leyenda atribuye el origen de la raza zapoteca)",binni gula’sa’ [b-al.b.b] artefacto (los,"ídolos y demás objetos de barro o piedra hechos por los antiguos habitantes de la región, a quienes la leyenda atribuye el origen de la raza zapoteca)",7,21,1,ZAPOTECO_ESPAÑOL,BIB003_PICKETT_VOCABULARIO,2007_FIFTH_ELECTRONIC,2013_FIFTH_ELECTRONIC_SECOND_VERSION,DOCUMENTED_UNICODE_RECONCILIATION_NOT_BYTE_EXTRACTED_2013,JUCHITAN_HISTORICAL_SOURCE,STRUCTURED_BACKFILL_V0_1
PICKETT-ZE-0198,binni guzana,binni guzana,binni guzana,binni guzana,"[""binni guzana""]",SUBENTRY,binni,,,mujer parturienta,binni guzana [b-al.b.b] mujer,parturienta,7,21,1,ZAPOTECO_ESPAÑOL,BIB003_PICKETT_VOCABULARIO,2007_FIFTH_ELECTRONIC,2013_FIFTH_ELECTRONIC_SECOND_VERSION,DOCUMENTED_UNICODE_RECONCILIATION_NOT_BYTE_EXTRACTED_2013,JUCHITAN_HISTORICAL_SOURCE,STRUCTURED_BACKFILL_V0_1
PICKETT-ZE-0199,binni huará,binni huará,binni huará,binni huará,"[""binni huará""]",SUBENTRY,binni,,,enfermo,binni huará [b-al.b] enfermo,,7,21,1,ZAPOTECO_ESPAÑOL,BIB003_PICKETT_VOCABULARIO,2007_FIFTH_ELECTRONIC,2013_FIFTH_ELECTRONIC_SECOND_VERSION,DOCUMENTED_UNICODE_RECONCILIATION_NOT_BYTE_EXTRACTED_2013,JUCHITAN_HISTORICAL_SOURCE,STRUCTURED_BACKFILL_V0_1
PICKETT-ZE-0200,binni lidxi,binni lidxi,binni lidxi,binni lidxi,"[""binni lidxi""]",SUBENTRY,binni,,,"familia, pariente","binni lidxi [b-al.b] familia, pariente",,7,21,1,ZAPOTECO_ESPAÑOL,BIB003_PICKETT_VOCABULARIO,2007_FIFTH_ELECTRONIC,2013_FIFTH_ELECTRONIC_SECOND_VERSION,DOCUMENTED_UNICODE_RECONCILIATION_NOT_BYTE_EXTRACTED_2013,JUCHITAN_HISTORICAL_SOURCE,STRUCTURED_BACKFILL_V0_1
PICKETT-ZE-0201,binni xquidxi,binni xquidxi,binni xquidxi,binni xquidxi,"[""binni xquidxi""]",SUBENTRY,binni,,,paisano,binni xquidxi [b-al.b] paisano,,7,21,1,ZAPOTECO_ESPAÑOL,BIB003_PICKETT_VOCABULARIO,2007_FIFTH_ELECTRONIC,2013_FIFTH_ELECTRONIC_SECOND_VERSION,DOCUMENTED_UNICODE_RECONCILIATION_NOT_BYTE_EXTRACTED_2013,JUCHITAN_HISTORICAL_SOURCE,STRUCTURED_BACKFILL_V0_1
PICKETT-ZE-0202,bioongo’,bioongo’,bioongoꞌ,bioongoꞌ,"[""bioongoꞌ""]",ENTRY,,,,pochote,bioongo’ pochote,,7,21,1,ZAPOTECO_ESPAÑOL,BIB003_PICKETT_VOCABULARIO,2007_FIFTH_ELECTRONIC,2013_FIFTH_ELECTRONIC_SECOND_VERSION,DOCUMENTED_UNICODE_RECONCILIATION_NOT_BYTE_EXTRACTED_2013,JUCHITAN_HISTORICAL_SOURCE,STRUCTURED_BACKFILL_V0_1
PICKETT-ZE-0203,biquiiche,biquiiche,biquiiche,biquiiche,"[""biquiiche""]",ENTRY,,,[b.a.a],huamúchil (árbol),biquiiche [b.a.a] huamúchil (árbol),,7,21,1,ZAPOTECO_ESPAÑOL,BIB003_PICKETT_VOCABULARIO,2007_FIFTH_ELECTRONIC,2013_FIFTH_ELECTRONIC_SECOND_VERSION,DOCUMENTED_UNICODE_RECONCILIATION_NOT_BYTE_EXTRACTED_2013,JUCHITAN_HISTORICAL_SOURCE,STRUCTURED_BACKFILL_V0_1
PICKETT-ZE-0204,biquié’,biquié’,biquiéꞌ,biquiéꞌ,"[""biquiéꞌ""]",ENTRY,,,[b.a],liendre,biquié’ [b.a] liendre,,7,21,1,ZAPOTECO_ESPAÑOL,BIB003_PICKETT_VOCABULARIO,2007_FIFTH_ELECTRONIC,2013_FIFTH_ELECTRONIC_SECOND_VERSION,DOCUMENTED_UNICODE_RECONCILIATION_NOT_BYTE_EXTRACTED_2013,JUCHITAN_HISTORICAL_SOURCE,STRUCTURED_BACKFILL_V0_1
PICKETT-ZE-0205,biquiixhu,biquiixhu,biquiixhu,biquiixhu,"[""biquiixhu""]",ENTRY,,,[b.b.a],costra,biquiixhu [b.b.a] costra,,7,21,1,ZAPOTECO_ESPAÑOL,BIB003_PICKETT_VOCABULARIO,2007_FIFTH_ELECTRONIC,2013_FIFTH_ELECTRONIC_SECOND_VERSION,DOCUMENTED_UNICODE_RECONCILIATION_NOT_BYTE_EXTRACTED_2013,JUCHITAN_HISTORICAL_SOURCE,STRUCTURED_BACKFILL_V0_1
PICKETT-ZE-0206,birí,birí,birí,birí,"[""birí""]",ENTRY,,,[b.a],hormiga,birí [b.a] hormiga,,7,21,1,ZAPOTECO_ESPAÑOL,BIB003_PICKETT_VOCABULARIO,2007_FIFTH_ELECTRONIC,2013_FIFTH_ELECTRONIC_SECOND_VERSION,DOCUMENTED_UNICODE_RECONCILIATION_NOT_BYTE_EXTRACTED_2013,JUCHITAN_HISTORICAL_SOURCE,STRUCTURED_BACKFILL_V0_1
PICKETT-ZE-0207,birixhiaa,birixhiaa,birixhiaa,birixhiaa,"[""birixhiaa""]",SUBENTRY,birí,,,hormiga aluda,birixhiaa [b.b.al] hormiga aluda,,7,21,1,ZAPOTECO_ESPAÑOL,BIB003_PICKETT_VOCABULARIO,2007_FIFTH_ELECTRONIC,2013_FIFTH_ELECTRONIC_SECOND_VERSION,DOCUMENTED_UNICODE_RECONCILIATION_NOT_BYTE_EXTRACTED_2013,JUCHITAN_HISTORICAL_SOURCE,STRUCTURED_BACKFILL_V0_1
PICKETT-ZE-0208,"birihuana’, bilihuana’","birihuana’, bilihuana’","birihuanaꞌ, bilihuanaꞌ",birihuanaꞌ,"[""birihuanaꞌ"", ""bilihuanaꞌ""]",ENTRY,,,[b.b.b.al],tejamanil,"birihuana’, bilihuana’ [b.b.b.al] tejamanil",,7,21,1,ZAPOTECO_ESPAÑOL,BIB003_PICKETT_VOCABULARIO,2007_FIFTH_ELECTRONIC,2013_FIFTH_ELECTRONIC_SECOND_VERSION,DOCUMENTED_UNICODE_RECONCILIATION_NOT_BYTE_EXTRACTED_2013,JUCHITAN_HISTORICAL_SOURCE,STRUCTURED_BACKFILL_V0_1
PICKETT-ZE-0209,biriipi,biriipi,biriipi,biriipi,"[""biriipi""]",ENTRY,,,[b.b.a],orzuelo,biriipi [b.b.a] orzuelo,,7,21,1,ZAPOTECO_ESPAÑOL,BIB003_PICKETT_VOCABULARIO,2007_FIFTH_ELECTRONIC,2013_FIFTH_ELECTRONIC_SECOND_VERSION,DOCUMENTED_UNICODE_RECONCILIATION_NOT_BYTE_EXTRACTED_2013,JUCHITAN_HISTORICAL_SOURCE,STRUCTURED_BACKFILL_V0_1
PICKETT-ZE-0210,biruba gui’ña’,biruba gui’ña’,biruba guiꞌñaꞌ,biruba guiꞌñaꞌ,"[""biruba guiꞌñaꞌ""]",ENTRY,,,[b.b.al-al.b],tulipán del campo,biruba gui’ña’ [b.b.al-al.b] tulipán del,campo,7,21,1,ZAPOTECO_ESPAÑOL,BIB003_PICKETT_VOCABULARIO,2007_FIFTH_ELECTRONIC,2013_FIFTH_ELECTRONIC_SECOND_VERSION,DOCUMENTED_UNICODE_RECONCILIATION_NOT_BYTE_EXTRACTED_2013,JUCHITAN_HISTORICAL_SOURCE,STRUCTURED_BACKFILL_V0_1
PICKETT-ZE-0211,biruuchu,biruuchu,biruuchu,biruuchu,"[""biruuchu""]",ENTRY,,,[b.b.a],desperdicio; lo que se vende en las misceláneas,biruuchu [b.b.a] desperdicio; lo que se,vende en las misceláneas,7,21,1,ZAPOTECO_ESPAÑOL,BIB003_PICKETT_VOCABULARIO,2007_FIFTH_ELECTRONIC,2013_FIFTH_ELECTRONIC_SECOND_VERSION,DOCUMENTED_UNICODE_RECONCILIATION_NOT_BYTE_EXTRACTED_2013,JUCHITAN_HISTORICAL_SOURCE,STRUCTURED_BACKFILL_V0_1
PICKETT-ZE-0212,birungu,birungu,birungu,birungu,"[""birungu""]",ENTRY,,,[b.b.a],tronco cortado,birungu [b.b.a] tronco cortado,,7,21,1,ZAPOTECO_ESPAÑOL,BIB003_PICKETT_VOCABULARIO,2007_FIFTH_ELECTRONIC,2013_FIFTH_ELECTRONIC_SECOND_VERSION,DOCUMENTED_UNICODE_RECONCILIATION_NOT_BYTE_EXTRACTED_2013,JUCHITAN_HISTORICAL_SOURCE,STRUCTURED_BACKFILL_V0_1
PICKETT-ZE-0213,bisiá,bisiá,bisiá,bisiá,"[""bisiá""]",ENTRY,,,[b.a],águila,bisiá [b.a] águila,,7,21,2,ZAPOTECO_ESPAÑOL,BIB003_PICKETT_VOCABULARIO,2007_FIFTH_ELECTRONIC,2013_FIFTH_ELECTRONIC_SECOND_VERSION,DOCUMENTED_UNICODE_RECONCILIATION_NOT_BYTE_EXTRACTED_2013,JUCHITAN_HISTORICAL_SOURCE,STRUCTURED_BACKFILL_V0_1
PICKETT-ZE-0214,bisiá gueedxe’,bisiá gueedxe’,bisiá gueedxeꞌ,bisiá gueedxeꞌ,"[""bisiá gueedxeꞌ""]",SUBENTRY,bisiá,,,quebrantahuesos,bisiá gueedxe’ [b-al.b] quebrantahuesos,,7,21,2,ZAPOTECO_ESPAÑOL,BIB003_PICKETT_VOCABULARIO,2007_FIFTH_ELECTRONIC,2013_FIFTH_ELECTRONIC_SECOND_VERSION,DOCUMENTED_UNICODE_RECONCILIATION_NOT_BYTE_EXTRACTED_2013,JUCHITAN_HISTORICAL_SOURCE,STRUCTURED_BACKFILL_V0_1
PICKETT-ZE-0215,bisiá huiini’,bisiá huiini’,bisiá huiiniꞌ,bisiá huiiniꞌ,"[""bisiá huiiniꞌ""]",SUBENTRY,bisiá,,,gavilán,bisiá huiini’ gavilán,,7,21,2,ZAPOTECO_ESPAÑOL,BIB003_PICKETT_VOCABULARIO,2007_FIFTH_ELECTRONIC,2013_FIFTH_ELECTRONIC_SECOND_VERSION,DOCUMENTED_UNICODE_RECONCILIATION_NOT_BYTE_EXTRACTED_2013,JUCHITAN_HISTORICAL_SOURCE,STRUCTURED_BACKFILL_V0_1
PICKETT-ZE-0216,bisi’ña’,bisi’ña’,bisiꞌñaꞌ,bisiꞌñaꞌ,"[""bisiꞌñaꞌ""]",ENTRY,,,[b.al.b],tepalcate,bisi’ña’ [b.al.b] tepalcate,,7,21,2,ZAPOTECO_ESPAÑOL,BIB003_PICKETT_VOCABULARIO,2007_FIFTH_ELECTRONIC,2013_FIFTH_ELECTRONIC_SECOND_VERSION,DOCUMENTED_UNICODE_RECONCILIATION_NOT_BYTE_EXTRACTED_2013,JUCHITAN_HISTORICAL_SOURCE,STRUCTURED_BACKFILL_V0_1
PICKETT-ZE-0217,bitii,bitii,bitii,bitii,"[""bitii""]",ENTRY,,,[b.a],ampolla,bitii [b.a] ampolla,,7,21,2,ZAPOTECO_ESPAÑOL,BIB003_PICKETT_VOCABULARIO,2007_FIFTH_ELECTRONIC,2013_FIFTH_ELECTRONIC_SECOND_VERSION,DOCUMENTED_UNICODE_RECONCILIATION_NOT_BYTE_EXTRACTED_2013,JUCHITAN_HISTORICAL_SOURCE,STRUCTURED_BACKFILL_V0_1
PICKETT-ZE-0218,bitiaa,bitiaa,bitiaa,bitiaa,"[""bitiaa""]",ENTRY,,,[b.a],epazote,bitiaa [b.a] epazote,,7,21,2,ZAPOTECO_ESPAÑOL,BIB003_PICKETT_VOCABULARIO,2007_FIFTH_ELECTRONIC,2013_FIFTH_ELECTRONIC_SECOND_VERSION,DOCUMENTED_UNICODE_RECONCILIATION_NOT_BYTE_EXTRACTED_2013,JUCHITAN_HISTORICAL_SOURCE,STRUCTURED_BACKFILL_V0_1
PICKETT-ZE-0219,bitindi ruaa yoo,bitindi ruaa yoo,bitindi ruaa yoo,bitindi ruaa yoo,"[""bitindi ruaa yoo""]",ENTRY,,,[b.b.al-b-al],golondrina de chimenea,bitindi ruaa yoo [b.b.al-b-al] golondrina,de chimenea,7,21,2,ZAPOTECO_ESPAÑOL,BIB003_PICKETT_VOCABULARIO,2007_FIFTH_ELECTRONIC,2013_FIFTH_ELECTRONIC_SECOND_VERSION,DOCUMENTED_UNICODE_RECONCILIATION_NOT_BYTE_EXTRACTED_2013,JUCHITAN_HISTORICAL_SOURCE,STRUCTURED_BACKFILL_V0_1
PICKETT-ZE-0220,bitindi tijera,bitindi tijera,bitindi tijera,bitindi tijera,"[""bitindi tijera""]",ENTRY,,,[b.b.al-b.a.b],papamoscas cola de tijera (pájaro),bitindi tijera [b.b.al-b.a.b] papamoscas,cola de tijera (pájaro),7,21,2,ZAPOTECO_ESPAÑOL,BIB003_PICKETT_VOCABULARIO,2007_FIFTH_ELECTRONIC,2013_FIFTH_ELECTRONIC_SECOND_VERSION,DOCUMENTED_UNICODE_RECONCILIATION_NOT_BYTE_EXTRACTED_2013,JUCHITAN_HISTORICAL_SOURCE,STRUCTURED_BACKFILL_V0_1
PICKETT-ZE-0221,biitu,biitu,biitu,biitu,"[""biitu""]",ENTRY,,,[b.a],"retoño o hoja tierna de la planta, gema yema","biitu [b.a] retoño o hoja tierna de la planta,",gema yema,7,21,2,ZAPOTECO_ESPAÑOL,BIB003_PICKETT_VOCABULARIO,2007_FIFTH_ELECTRONIC,2013_FIFTH_ELECTRONIC_SECOND_VERSION,DOCUMENTED_UNICODE_RECONCILIATION_NOT_BYTE_EXTRACTED_2013,JUCHITAN_HISTORICAL_SOURCE,STRUCTURED_BACKFILL_V0_1
PICKETT-ZE-0222,bitu xiga,bitu xiga,bitu xiga,bitu xiga,"[""bitu xiga""]",ENTRY,,,[b-al.b],morro,bitu xiga [b-al.b] morro,,7,21,2,ZAPOTECO_ESPAÑOL,BIB003_PICKETT_VOCABULARIO,2007_FIFTH_ELECTRONIC,2013_FIFTH_ELECTRONIC_SECOND_VERSION,DOCUMENTED_UNICODE_RECONCILIATION_NOT_BYTE_EXTRACTED_2013,JUCHITAN_HISTORICAL_SOURCE,STRUCTURED_BACKFILL_V0_1
PICKETT-ZE-0223,biiu,biiu,biiu,biiu,"[""biiu""]",ENTRY,,,[a],pulga,biiu [a] pulga,,7,21,2,ZAPOTECO_ESPAÑOL,BIB003_PICKETT_VOCABULARIO,2007_FIFTH_ELECTRONIC,2013_FIFTH_ELECTRONIC_SECOND_VERSION,DOCUMENTED_UNICODE_RECONCILIATION_NOT_BYTE_EXTRACTED_2013,JUCHITAN_HISTORICAL_SOURCE,STRUCTURED_BACKFILL_V0_1
PICKETT-ZE-0224,biulú,biulú,biulú,biulú,"[""biulú""]",ENTRY,,,,"chuparrosa, chupamirto, colibrí","biulú chuparrosa, chupamirto, colibrí",,7,21,2,ZAPOTECO_ESPAÑOL,BIB003_PICKETT_VOCABULARIO,2007_FIFTH_ELECTRONIC,2013_FIFTH_ELECTRONIC_SECOND_VERSION,DOCUMENTED_UNICODE_RECONCILIATION_NOT_BYTE_EXTRACTED_2013,JUCHITAN_HISTORICAL_SOURCE,STRUCTURED_BACKFILL_V0_1
PICKETT-ZE-0225,biuxi’,biuxi’,biuxiꞌ,biuxiꞌ,"[""biuxiꞌ""]",ENTRY,,,[b.al],"mosquito, jején","biuxi’ [b.al] mosquito, jején",,7,21,2,ZAPOTECO_ESPAÑOL,BIB003_PICKETT_VOCABULARIO,2007_FIFTH_ELECTRONIC,2013_FIFTH_ELECTRONIC_SECOND_VERSION,DOCUMENTED_UNICODE_RECONCILIATION_NOT_BYTE_EXTRACTED_2013,JUCHITAN_HISTORICAL_SOURCE,STRUCTURED_BACKFILL_V0_1
PICKETT-ZE-0226,biuyaa,biuyaa,biuyaa,biuyaa,"[""biuyaa""]",ENTRY,,,[b.al],lunar,biuyaa [b.al] lunar,,8,22,1,ZAPOTECO_ESPAÑOL,BIB003_PICKETT_VOCABULARIO,2007_FIFTH_ELECTRONIC,2013_FIFTH_ELECTRONIC_SECOND_VERSION,DOCUMENTED_UNICODE_RECONCILIATION_NOT_BYTE_EXTRACTED_2013,JUCHITAN_HISTORICAL_SOURCE,STRUCTURED_BACKFILL_V0_1
PICKETT-ZE-0227,biuuza’,biuuza’,biuuzaꞌ,biuuzaꞌ,"[""biuuzaꞌ""]",ENTRY,,,,huésped,biuuza’ huésped,,8,22,1,ZAPOTECO_ESPAÑOL,BIB003_PICKETT_VOCABULARIO,2007_FIFTH_ELECTRONIC,2013_FIFTH_ELECTRONIC_SECOND_VERSION,DOCUMENTED_UNICODE_RECONCILIATION_NOT_BYTE_EXTRACTED_2013,JUCHITAN_HISTORICAL_SOURCE,STRUCTURED_BACKFILL_V0_1
PICKETT-ZE-0228,bixé’,bixé’,bixéꞌ,bixéꞌ,"[""bixéꞌ""]",ENTRY,,,[b.a],"fantasma, visión, eco","bixé’ [b.a] fantasma, visión, eco",,8,22,1,ZAPOTECO_ESPAÑOL,BIB003_PICKETT_VOCABULARIO,2007_FIFTH_ELECTRONIC,2013_FIFTH_ELECTRONIC_SECOND_VERSION,DOCUMENTED_UNICODE_RECONCILIATION_NOT_BYTE_EXTRACTED_2013,JUCHITAN_HISTORICAL_SOURCE,STRUCTURED_BACKFILL_V0_1
PICKETT-ZE-0229,bixiá,bixiá,bixiá,bixiá,"[""bixiá""]",ENTRY,,,,otate,bixiá otate,,8,22,1,ZAPOTECO_ESPAÑOL,BIB003_PICKETT_VOCABULARIO,2007_FIFTH_ELECTRONIC,2013_FIFTH_ELECTRONIC_SECOND_VERSION,DOCUMENTED_UNICODE_RECONCILIATION_NOT_BYTE_EXTRACTED_2013,JUCHITAN_HISTORICAL_SOURCE,STRUCTURED_BACKFILL_V0_1
PICKETT-ZE-0230,bixidu’,bixidu’,bixiduꞌ,bixiduꞌ,"[""bixiduꞌ""]",ENTRY,,,[b.b.al],beso,bixidu’ [b.b.al] beso,,8,22,1,ZAPOTECO_ESPAÑOL,BIB003_PICKETT_VOCABULARIO,2007_FIFTH_ELECTRONIC,2013_FIFTH_ELECTRONIC_SECOND_VERSION,DOCUMENTED_UNICODE_RECONCILIATION_NOT_BYTE_EXTRACTED_2013,JUCHITAN_HISTORICAL_SOURCE,STRUCTURED_BACKFILL_V0_1
PICKETT-ZE-0231,bixiidxu’,bixiidxu’,bixiidxuꞌ,bixiidxuꞌ,"[""bixiidxuꞌ""]",ENTRY,,,,tejón,bixiidxu’ tejón,,8,22,1,ZAPOTECO_ESPAÑOL,BIB003_PICKETT_VOCABULARIO,2007_FIFTH_ELECTRONIC,2013_FIFTH_ELECTRONIC_SECOND_VERSION,DOCUMENTED_UNICODE_RECONCILIATION_NOT_BYTE_EXTRACTED_2013,JUCHITAN_HISTORICAL_SOURCE,STRUCTURED_BACKFILL_V0_1
PICKETT-ZE-0232,bixigui’,bixigui’,bixiguiꞌ,bixiguiꞌ,"[""bixiguiꞌ""]",ENTRY,,,[b.b.al],pliegue,bixigui’ [b.b.al] pliegue,,8,22,1,ZAPOTECO_ESPAÑOL,BIB003_PICKETT_VOCABULARIO,2007_FIFTH_ELECTRONIC,2013_FIFTH_ELECTRONIC_SECOND_VERSION,DOCUMENTED_UNICODE_RECONCILIATION_NOT_BYTE_EXTRACTED_2013,JUCHITAN_HISTORICAL_SOURCE,STRUCTURED_BACKFILL_V0_1
PICKETT-ZE-0233,bixooñe’,bixooñe’,bixooñeꞌ,bixooñeꞌ,"[""bixooñeꞌ""]",ENTRY,,,,yagual,bixooñe’ yagual,,8,22,1,ZAPOTECO_ESPAÑOL,BIB003_PICKETT_VOCABULARIO,2007_FIFTH_ELECTRONIC,2013_FIFTH_ELECTRONIC_SECOND_VERSION,DOCUMENTED_UNICODE_RECONCILIATION_NOT_BYTE_EXTRACTED_2013,JUCHITAN_HISTORICAL_SOURCE,STRUCTURED_BACKFILL_V0_1
PICKETT-ZE-0234,bixuga,bixuga,bixuga,bixuga,"[""bixuga""]",ENTRY,,,[b.b.a],uña,bixuga [b.b.a] uña,,8,22,1,ZAPOTECO_ESPAÑOL,BIB003_PICKETT_VOCABULARIO,2007_FIFTH_ELECTRONIC,2013_FIFTH_ELECTRONIC_SECOND_VERSION,DOCUMENTED_UNICODE_RECONCILIATION_NOT_BYTE_EXTRACTED_2013,JUCHITAN_HISTORICAL_SOURCE,STRUCTURED_BACKFILL_V0_1
PICKETT-ZE-0235,Bixhahui,Bixhahui,Bixhahui,Bixhahui,"[""Bixhahui""]",ENTRY,,,[b.b.a],Chihuitán,Bixhahui [b.b.a] Chihuitán,,8,22,1,ZAPOTECO_ESPAÑOL,BIB003_PICKETT_VOCABULARIO,2007_FIFTH_ELECTRONIC,2013_FIFTH_ELECTRONIC_SECOND_VERSION,DOCUMENTED_UNICODE_RECONCILIATION_NOT_BYTE_EXTRACTED_2013,JUCHITAN_HISTORICAL_SOURCE,STRUCTURED_BACKFILL_V0_1
PICKETT-ZE-0236,"bixhiapa, guixhiapa","bixhiapa, guixhiapa","bixhiapa, guixhiapa",bixhiapa,"[""bixhiapa"", ""guixhiapa""]",ENTRY,,,[b.b.a],red pequeña hecha de mecate,"bixhiapa, guixhiapa [b.b.a] red pequeña",hecha de mecate,8,22,1,ZAPOTECO_ESPAÑOL,BIB003_PICKETT_VOCABULARIO,2007_FIFTH_ELECTRONIC,2013_FIFTH_ELECTRONIC_SECOND_VERSION,DOCUMENTED_UNICODE_RECONCILIATION_NOT_BYTE_EXTRACTED_2013,JUCHITAN_HISTORICAL_SOURCE,STRUCTURED_BACKFILL_V0_1
PICKETT-ZE-0237,bixhiidi’,bixhiidi’,bixhiidiꞌ,bixhiidiꞌ,"[""bixhiidiꞌ""]",ENTRY,,,,enredo,bixhiidi’ enredo,,8,22,1,ZAPOTECO_ESPAÑOL,BIB003_PICKETT_VOCABULARIO,2007_FIFTH_ELECTRONIC,2013_FIFTH_ELECTRONIC_SECOND_VERSION,DOCUMENTED_UNICODE_RECONCILIATION_NOT_BYTE_EXTRACTED_2013,JUCHITAN_HISTORICAL_SOURCE,STRUCTURED_BACKFILL_V0_1
PICKETT-ZE-0238,bixhoze,bixhoze,bixhoze,bixhoze,"[""bixhoze""]",ENTRY,,,,"padre, papá","bixhoze padre, papá",,8,22,1,ZAPOTECO_ESPAÑOL,BIB003_PICKETT_VOCABULARIO,2007_FIFTH_ELECTRONIC,2013_FIFTH_ELECTRONIC_SECOND_VERSION,DOCUMENTED_UNICODE_RECONCILIATION_NOT_BYTE_EXTRACTED_2013,JUCHITAN_HISTORICAL_SOURCE,STRUCTURED_BACKFILL_V0_1
PICKETT-ZE-0239,bixhoze ti,bixhoze ti,bixhoze ti,bixhoze ti,"[""bixhoze ti""]",SUBENTRY,bixhoze,,,abuelo,bixhoze ti [b-a.b] abuelo,,8,22,1,ZAPOTECO_ESPAÑOL,BIB003_PICKETT_VOCABULARIO,2007_FIFTH_ELECTRONIC,2013_FIFTH_ELECTRONIC_SECOND_VERSION,DOCUMENTED_UNICODE_RECONCILIATION_NOT_BYTE_EXTRACTED_2013,JUCHITAN_HISTORICAL_SOURCE,STRUCTURED_BACKFILL_V0_1
PICKETT-ZE-0240,bixhoze gola,bixhoze gola,bixhoze gola,bixhoze gola,"[""bixhoze gola""]",SUBENTRY,bixhoze,,,bisabuelo,bixhoze gola bisabuelo,,8,22,1,ZAPOTECO_ESPAÑOL,BIB003_PICKETT_VOCABULARIO,2007_FIFTH_ELECTRONIC,2013_FIFTH_ELECTRONIC_SECOND_VERSION,DOCUMENTED_UNICODE_RECONCILIATION_NOT_BYTE_EXTRACTED_2013,JUCHITAN_HISTORICAL_SOURCE,STRUCTURED_BACKFILL_V0_1
PICKETT-ZE-0241,bixhoze yu’du’,bixhoze yu’du’,bixhoze yuꞌduꞌ,bixhoze yuꞌduꞌ,"[""bixhoze yuꞌduꞌ""]",SUBENTRY,bixhoze,,,padrino,bixhoze yu’du’ padrino,,8,22,1,ZAPOTECO_ESPAÑOL,BIB003_PICKETT_VOCABULARIO,2007_FIFTH_ELECTRONIC,2013_FIFTH_ELECTRONIC_SECOND_VERSION,DOCUMENTED_UNICODE_RECONCILIATION_NOT_BYTE_EXTRACTED_2013,JUCHITAN_HISTORICAL_SOURCE,STRUCTURED_BACKFILL_V0_1
PICKETT-ZE-0242,"biyé’, biguié’","biyé’, biguié’","biyéꞌ, biguiéꞌ",biyéꞌ,"[""biyéꞌ"", ""biguiéꞌ""]",ENTRY,,,,Ofrenda de flores y frutas que se pone en usa casa en Todos Santos.,"biyé’, biguié’ Ofrenda de flores y frutas",que se pone en usa casa en Todos Santos.,8,22,1,ZAPOTECO_ESPAÑOL,BIB003_PICKETT_VOCABULARIO,2007_FIFTH_ELECTRONIC,2013_FIFTH_ELECTRONIC_SECOND_VERSION,DOCUMENTED_UNICODE_RECONCILIATION_NOT_BYTE_EXTRACTED_2013,JUCHITAN_HISTORICAL_SOURCE,STRUCTURED_BACKFILL_V0_1
PICKETT-ZE-0243,bizaa,bizaa,bizaa,bizaa,"[""bizaa""]",ENTRY,,,,frijol,bizaa frijol,,8,22,1,ZAPOTECO_ESPAÑOL,BIB003_PICKETT_VOCABULARIO,2007_FIFTH_ELECTRONIC,2013_FIFTH_ELECTRONIC_SECOND_VERSION,DOCUMENTED_UNICODE_RECONCILIATION_NOT_BYTE_EXTRACTED_2013,JUCHITAN_HISTORICAL_SOURCE,STRUCTURED_BACKFILL_V0_1
PICKETT-ZE-0244,bizaa huiini’,bizaa huiini’,bizaa huiiniꞌ,bizaa huiiniꞌ,"[""bizaa huiiniꞌ""]",SUBENTRY,bizaa,,,ejote,bizaa huiini’ ejote,,8,22,1,ZAPOTECO_ESPAÑOL,BIB003_PICKETT_VOCABULARIO,2007_FIFTH_ELECTRONIC,2013_FIFTH_ELECTRONIC_SECOND_VERSION,DOCUMENTED_UNICODE_RECONCILIATION_NOT_BYTE_EXTRACTED_2013,JUCHITAN_HISTORICAL_SOURCE,STRUCTURED_BACKFILL_V0_1
PICKETT-ZE-0245,bizabi,bizabi,bizabi,bizabi,"[""bizabi""]",ENTRY,,,[b.b.a],huérfano,bizabi [b.b.a] huérfano,,8,22,1,ZAPOTECO_ESPAÑOL,BIB003_PICKETT_VOCABULARIO,2007_FIFTH_ELECTRONIC,2013_FIFTH_ELECTRONIC_SECOND_VERSION,DOCUMENTED_UNICODE_RECONCILIATION_NOT_BYTE_EXTRACTED_2013,JUCHITAN_HISTORICAL_SOURCE,STRUCTURED_BACKFILL_V0_1
PICKETT-ZE-0246,bizalú,bizalú,bizalú,bizalú,"[""bizalú""]",ENTRY,,,,ojo,bizalú ojo,,8,22,1,ZAPOTECO_ESPAÑOL,BIB003_PICKETT_VOCABULARIO,2007_FIFTH_ELECTRONIC,2013_FIFTH_ELECTRONIC_SECOND_VERSION,DOCUMENTED_UNICODE_RECONCILIATION_NOT_BYTE_EXTRACTED_2013,JUCHITAN_HISTORICAL_SOURCE,STRUCTURED_BACKFILL_V0_1
PICKETT-ZE-0247,biza’na’,biza’na’,bizaꞌnaꞌ,bizaꞌnaꞌ,"[""bizaꞌnaꞌ""]",ENTRY,,,,"hermano de ella, hermana de él","biza’na’ hermano de ella, hermana de él",,8,22,1,ZAPOTECO_ESPAÑOL,BIB003_PICKETT_VOCABULARIO,2007_FIFTH_ELECTRONIC,2013_FIFTH_ELECTRONIC_SECOND_VERSION,DOCUMENTED_UNICODE_RECONCILIATION_NOT_BYTE_EXTRACTED_2013,JUCHITAN_HISTORICAL_SOURCE,STRUCTURED_BACKFILL_V0_1
PICKETT-ZE-0248,bizé,bizé,bizé,bizé,"[""bizé""]",ENTRY,,,[b.a],pozo,bizé [b.a] pozo,,8,22,1,ZAPOTECO_ESPAÑOL,BIB003_PICKETT_VOCABULARIO,2007_FIFTH_ELECTRONIC,2013_FIFTH_ELECTRONIC_SECOND_VERSION,DOCUMENTED_UNICODE_RECONCILIATION_NOT_BYTE_EXTRACTED_2013,JUCHITAN_HISTORICAL_SOURCE,STRUCTURED_BACKFILL_V0_1
PICKETT-ZE-0249,bizi,bizi,bizi,bizi,"[""bizi""]",ENTRY,,,[a.b],tlacuache,bizi [a.b] tlacuache,,8,22,1,ZAPOTECO_ESPAÑOL,BIB003_PICKETT_VOCABULARIO,2007_FIFTH_ELECTRONIC,2013_FIFTH_ELECTRONIC_SECOND_VERSION,DOCUMENTED_UNICODE_RECONCILIATION_NOT_BYTE_EXTRACTED_2013,JUCHITAN_HISTORICAL_SOURCE,STRUCTURED_BACKFILL_V0_1
PICKETT-ZE-0250,biziaa,biziaa,biziaa,biziaa,"[""biziaa""]",ENTRY,,,[b.a],cacao,biziaa [b.a] cacao,,8,22,1,ZAPOTECO_ESPAÑOL,BIB003_PICKETT_VOCABULARIO,2007_FIFTH_ELECTRONIC,2013_FIFTH_ELECTRONIC_SECOND_VERSION,DOCUMENTED_UNICODE_RECONCILIATION_NOT_BYTE_EXTRACTED_2013,JUCHITAN_HISTORICAL_SOURCE,STRUCTURED_BACKFILL_V0_1
PICKETT-ZE-0251,biziña,biziña,biziña,biziña,"[""biziña""]",ENTRY,,,[b.b.a],ratón,biziña [b.b.a] ratón,,8,22,1,ZAPOTECO_ESPAÑOL,BIB003_PICKETT_VOCABULARIO,2007_FIFTH_ELECTRONIC,2013_FIFTH_ELECTRONIC_SECOND_VERSION,DOCUMENTED_UNICODE_RECONCILIATION_NOT_BYTE_EXTRACTED_2013,JUCHITAN_HISTORICAL_SOURCE,STRUCTURED_BACKFILL_V0_1
PICKETT-ZE-0252,bizu,bizu,bizu,bizu,"[""bizu""]",ENTRY,,,,"término general para avispa y abeja (Los términos para clases específicas incluyen los siguientes: bizu dxiña, bizu",bizu término general para avispa y abeja,"(Los términos para clases específicas incluyen los siguientes: bizu dxiña, bizu",8,22,1,ZAPOTECO_ESPAÑOL,BIB003_PICKETT_VOCABULARIO,2007_FIFTH_ELECTRONIC,2013_FIFTH_ELECTRONIC_SECOND_VERSION,DOCUMENTED_UNICODE_RECONCILIATION_NOT_BYTE_EXTRACTED_2013,JUCHITAN_HISTORICAL_SOURCE,STRUCTURED_BACKFILL_V0_1
PICKETT-ZE-0253,"dxiña do’, bizu yu, bizu do’, bizu","dxiña do’, bizu yu, bizu do’, bizu","dxiña doꞌ, bizu yu, bizu doꞌ, bizu",dxiña doꞌ,"[""dxiña doꞌ"", ""bizu yu"", ""bizu doꞌ"", ""bizu""]",SUBENTRY,bizu,,,,"dxiña do’, bizu yu, bizu do’, bizu",,8,22,1,ZAPOTECO_ESPAÑOL,BIB003_PICKETT_VOCABULARIO,2007_FIFTH_ELECTRONIC,2013_FIFTH_ELECTRONIC_SECOND_VERSION,DOCUMENTED_UNICODE_RECONCILIATION_NOT_BYTE_EXTRACTED_2013,JUCHITAN_HISTORICAL_SOURCE,STRUCTURED_BACKFILL_V0_1
PICKETT-ZE-0254,"gue’la’, bizu so’pe’, bizu ndi’","gue’la’, bizu so’pe’, bizu ndi’","gueꞌlaꞌ, bizu soꞌpeꞌ, bizu ndiꞌ",gueꞌlaꞌ,"[""gueꞌlaꞌ"", ""bizu soꞌpeꞌ"", ""bizu ndiꞌ""]",SUBENTRY,bizu,,[b.b.al.b],[b.b.a].),"gue’la’, bizu so’pe’ [b.b.al.b], bizu ndi’",[b.b.a].),8,22,1,ZAPOTECO_ESPAÑOL,BIB003_PICKETT_VOCABULARIO,2007_FIFTH_ELECTRONIC,2013_FIFTH_ELECTRONIC_SECOND_VERSION,DOCUMENTED_UNICODE_RECONCILIATION_NOT_BYTE_EXTRACTED_2013,JUCHITAN_HISTORICAL_SOURCE,STRUCTURED_BACKFILL_V0_1
PICKETT-ZE-0255,bizu ri’qui’,bizu ri’qui’,bizu riꞌquiꞌ,bizu riꞌquiꞌ,"[""bizu riꞌquiꞌ""]",ENTRY,,,,larva del zancudo,bizu ri’qui’ larva del zancudo,,8,22,2,ZAPOTECO_ESPAÑOL,BIB003_PICKETT_VOCABULARIO,2007_FIFTH_ELECTRONIC,2013_FIFTH_ELECTRONIC_SECOND_VERSION,DOCUMENTED_UNICODE_RECONCILIATION_NOT_BYTE_EXTRACTED_2013,JUCHITAN_HISTORICAL_SOURCE,STRUCTURED_BACKFILL_V0_1
PICKETT-ZE-0256,bizuudi’,bizuudi’,bizuudiꞌ,bizuudiꞌ,"[""bizuudiꞌ""]",ENTRY,,,,enagua,bizuudi’ enagua,,8,22,2,ZAPOTECO_ESPAÑOL,BIB003_PICKETT_VOCABULARIO,2007_FIFTH_ELECTRONIC,2013_FIFTH_ELECTRONIC_SECOND_VERSION,DOCUMENTED_UNICODE_RECONCILIATION_NOT_BYTE_EXTRACTED_2013,JUCHITAN_HISTORICAL_SOURCE,STRUCTURED_BACKFILL_V0_1
PICKETT-ZE-0257,bizunu,bizunu,bizunu,bizunu,"[""bizunu""]",ENTRY,,,,racimo,bizunu racimo,,8,22,2,ZAPOTECO_ESPAÑOL,BIB003_PICKETT_VOCABULARIO,2007_FIFTH_ELECTRONIC,2013_FIFTH_ELECTRONIC_SECOND_VERSION,DOCUMENTED_UNICODE_RECONCILIATION_NOT_BYTE_EXTRACTED_2013,JUCHITAN_HISTORICAL_SOURCE,STRUCTURED_BACKFILL_V0_1
PICKETT-ZE-0258,bladu’,bladu’,bladuꞌ,bladuꞌ,"[""bladuꞌ""]",ENTRY,,,[b.al],plato,bladu’ [b.al] plato,,8,22,2,ZAPOTECO_ESPAÑOL,BIB003_PICKETT_VOCABULARIO,2007_FIFTH_ELECTRONIC,2013_FIFTH_ELECTRONIC_SECOND_VERSION,DOCUMENTED_UNICODE_RECONCILIATION_NOT_BYTE_EXTRACTED_2013,JUCHITAN_HISTORICAL_SOURCE,STRUCTURED_BACKFILL_V0_1
PICKETT-ZE-0259,bladu sa’mpa’,bladu sa’mpa’,bladu saꞌmpaꞌ,bladu saꞌmpaꞌ,"[""bladu saꞌmpaꞌ""]",SUBENTRY,bladuꞌ,,,plato hondo,bladu sa’mpa’ [b.al-al.b] plato hondo,,8,22,2,ZAPOTECO_ESPAÑOL,BIB003_PICKETT_VOCABULARIO,2007_FIFTH_ELECTRONIC,2013_FIFTH_ELECTRONIC_SECOND_VERSION,DOCUMENTED_UNICODE_RECONCILIATION_NOT_BYTE_EXTRACTED_2013,JUCHITAN_HISTORICAL_SOURCE,STRUCTURED_BACKFILL_V0_1
PICKETT-ZE-0260,bladu yu,bladu yu,bladu yu,bladu yu,"[""bladu yu""]",SUBENTRY,bladuꞌ,,,plato de barro cocido,bladu yu [b.al-b] plato de barro cocido,,8,22,2,ZAPOTECO_ESPAÑOL,BIB003_PICKETT_VOCABULARIO,2007_FIFTH_ELECTRONIC,2013_FIFTH_ELECTRONIC_SECOND_VERSION,DOCUMENTED_UNICODE_RECONCILIATION_NOT_BYTE_EXTRACTED_2013,JUCHITAN_HISTORICAL_SOURCE,STRUCTURED_BACKFILL_V0_1
PICKETT-ZE-0261,borregu,borregu,borregu,borregu,"[""borregu""]",ENTRY,,,[b.a.b],borrego,borregu [b.a.b] borrego,,8,22,2,ZAPOTECO_ESPAÑOL,BIB003_PICKETT_VOCABULARIO,2007_FIFTH_ELECTRONIC,2013_FIFTH_ELECTRONIC_SECOND_VERSION,DOCUMENTED_UNICODE_RECONCILIATION_NOT_BYTE_EXTRACTED_2013,JUCHITAN_HISTORICAL_SOURCE,STRUCTURED_BACKFILL_V0_1
PICKETT-ZE-0262,buu,buu,buu,buu,"[""buu""]",ENTRY,,,[a],carbón,buu [a] carbón,,8,22,2,ZAPOTECO_ESPAÑOL,BIB003_PICKETT_VOCABULARIO,2007_FIFTH_ELECTRONIC,2013_FIFTH_ELECTRONIC_SECOND_VERSION,DOCUMENTED_UNICODE_RECONCILIATION_NOT_BYTE_EXTRACTED_2013,JUCHITAN_HISTORICAL_SOURCE,STRUCTURED_BACKFILL_V0_1
PICKETT-ZE-0263,buubu,buubu,buubu,buubu,"[""buubu""]",ENTRY,,,[a],zanate macho,buubu [a] zanate macho,,8,22,2,ZAPOTECO_ESPAÑOL,BIB003_PICKETT_VOCABULARIO,2007_FIFTH_ELECTRONIC,2013_FIFTH_ELECTRONIC_SECOND_VERSION,DOCUMENTED_UNICODE_RECONCILIATION_NOT_BYTE_EXTRACTED_2013,JUCHITAN_HISTORICAL_SOURCE,STRUCTURED_BACKFILL_V0_1
PICKETT-ZE-0264,bucá,bucá,bucá,bucá,"[""bucá""]",ENTRY,,,[b.a],esa persona (arc.),bucá [b.a] esa persona (arc.),,8,22,2,ZAPOTECO_ESPAÑOL,BIB003_PICKETT_VOCABULARIO,2007_FIFTH_ELECTRONIC,2013_FIFTH_ELECTRONIC_SECOND_VERSION,DOCUMENTED_UNICODE_RECONCILIATION_NOT_BYTE_EXTRACTED_2013,JUCHITAN_HISTORICAL_SOURCE,STRUCTURED_BACKFILL_V0_1
PICKETT-ZE-0265,bueltu,bueltu,bueltu,bueltu,"[""bueltu""]",ENTRY,,,[a.b],dinero,bueltu [a.b] dinero,,8,22,2,ZAPOTECO_ESPAÑOL,BIB003_PICKETT_VOCABULARIO,2007_FIFTH_ELECTRONIC,2013_FIFTH_ELECTRONIC_SECOND_VERSION,DOCUMENTED_UNICODE_RECONCILIATION_NOT_BYTE_EXTRACTED_2013,JUCHITAN_HISTORICAL_SOURCE,STRUCTURED_BACKFILL_V0_1
PICKETT-ZE-0266,bueno,bueno,bueno,bueno,"[""bueno""]",ENTRY,,,[a.b],bueno,bueno [a.b] bueno,,8,22,2,ZAPOTECO_ESPAÑOL,BIB003_PICKETT_VOCABULARIO,2007_FIFTH_ELECTRONIC,2013_FIFTH_ELECTRONIC_SECOND_VERSION,DOCUMENTED_UNICODE_RECONCILIATION_NOT_BYTE_EXTRACTED_2013,JUCHITAN_HISTORICAL_SOURCE,STRUCTURED_BACKFILL_V0_1
PICKETT-ZE-0267,buey,buey,buey,buey,"[""buey""]",ENTRY,,,[al],buey,buey [al] buey,,8,22,2,ZAPOTECO_ESPAÑOL,BIB003_PICKETT_VOCABULARIO,2007_FIFTH_ELECTRONIC,2013_FIFTH_ELECTRONIC_SECOND_VERSION,DOCUMENTED_UNICODE_RECONCILIATION_NOT_BYTE_EXTRACTED_2013,JUCHITAN_HISTORICAL_SOURCE,STRUCTURED_BACKFILL_V0_1
PICKETT-ZE-0268,bui’,bui’,buiꞌ,buiꞌ,"[""buiꞌ""]",ENTRY,,,[a],guayaba,bui’ [a] guayaba,,8,22,2,ZAPOTECO_ESPAÑOL,BIB003_PICKETT_VOCABULARIO,2007_FIFTH_ELECTRONIC,2013_FIFTH_ELECTRONIC_SECOND_VERSION,DOCUMENTED_UNICODE_RECONCILIATION_NOT_BYTE_EXTRACTED_2013,JUCHITAN_HISTORICAL_SOURCE,STRUCTURED_BACKFILL_V0_1
PICKETT-ZE-0269,buñega’,buñega’,buñegaꞌ,buñegaꞌ,"[""buñegaꞌ""]",ENTRY,,,[b.b.al],muñeca de trapo,buñega’ [b.b.al] muñeca de trapo,,8,22,2,ZAPOTECO_ESPAÑOL,BIB003_PICKETT_VOCABULARIO,2007_FIFTH_ELECTRONIC,2013_FIFTH_ELECTRONIC_SECOND_VERSION,DOCUMENTED_UNICODE_RECONCILIATION_NOT_BYTE_EXTRACTED_2013,JUCHITAN_HISTORICAL_SOURCE,STRUCTURED_BACKFILL_V0_1
PICKETT-ZE-0270,bupu,bupu,bupu,bupu,"[""bupu""]",ENTRY,,,,espuma,bupu espuma,,8,22,2,ZAPOTECO_ESPAÑOL,BIB003_PICKETT_VOCABULARIO,2007_FIFTH_ELECTRONIC,2013_FIFTH_ELECTRONIC_SECOND_VERSION,DOCUMENTED_UNICODE_RECONCILIATION_NOT_BYTE_EXTRACTED_2013,JUCHITAN_HISTORICAL_SOURCE,STRUCTURED_BACKFILL_V0_1
PICKETT-ZE-0271,buqué,buqué,buqué,buqué,"[""buqué""]",ENTRY,,,[b.a],aquella persona (arc.),buqué [b.a] aquella persona (arc.),,8,22,2,ZAPOTECO_ESPAÑOL,BIB003_PICKETT_VOCABULARIO,2007_FIFTH_ELECTRONIC,2013_FIFTH_ELECTRONIC_SECOND_VERSION,DOCUMENTED_UNICODE_RECONCILIATION_NOT_BYTE_EXTRACTED_2013,JUCHITAN_HISTORICAL_SOURCE,STRUCTURED_BACKFILL_V0_1
PICKETT-ZE-0272,burí’,burí’,buríꞌ,buríꞌ,"[""buríꞌ""]",ENTRY,,,[b.a],esta persona (arc.),burí’ [b.a] esta persona (arc.),,8,22,2,ZAPOTECO_ESPAÑOL,BIB003_PICKETT_VOCABULARIO,2007_FIFTH_ELECTRONIC,2013_FIFTH_ELECTRONIC_SECOND_VERSION,DOCUMENTED_UNICODE_RECONCILIATION_NOT_BYTE_EXTRACTED_2013,JUCHITAN_HISTORICAL_SOURCE,STRUCTURED_BACKFILL_V0_1
PICKETT-ZE-0273,burica’,burica’,buricaꞌ,buricaꞌ,"[""buricaꞌ""]",ENTRY,,,[b.b.al],aquella persona,burica’ [b.b.al] aquella persona,,8,22,2,ZAPOTECO_ESPAÑOL,BIB003_PICKETT_VOCABULARIO,2007_FIFTH_ELECTRONIC,2013_FIFTH_ELECTRONIC_SECOND_VERSION,DOCUMENTED_UNICODE_RECONCILIATION_NOT_BYTE_EXTRACTED_2013,JUCHITAN_HISTORICAL_SOURCE,STRUCTURED_BACKFILL_V0_1
PICKETT-ZE-0274,butaque,butaque,butaque,butaque,"[""butaque""]",ENTRY,,,[b.a.b],butaca,butaque [b.a.b] butaca,,8,22,2,ZAPOTECO_ESPAÑOL,BIB003_PICKETT_VOCABULARIO,2007_FIFTH_ELECTRONIC,2013_FIFTH_ELECTRONIC_SECOND_VERSION,DOCUMENTED_UNICODE_RECONCILIATION_NOT_BYTE_EXTRACTED_2013,JUCHITAN_HISTORICAL_SOURCE,STRUCTURED_BACKFILL_V0_1
PICKETT-ZE-0275,buxha’,buxha’,buxhaꞌ,buxhaꞌ,"[""buxhaꞌ""]",ENTRY,,,[b.al],enagua de holán,buxha’ [b.al] enagua de holán,,8,22,2,ZAPOTECO_ESPAÑOL,BIB003_PICKETT_VOCABULARIO,2007_FIFTH_ELECTRONIC,2013_FIFTH_ELECTRONIC_SECOND_VERSION,DOCUMENTED_UNICODE_RECONCILIATION_NOT_BYTE_EXTRACTED_2013,JUCHITAN_HISTORICAL_SOURCE,STRUCTURED_BACKFILL_V0_1
PICKETT-ZE-0276,buyu’,buyu’,buyuꞌ,buyuꞌ,"[""buyuꞌ""]",ENTRY,,,[b.al],pollo,buyu’ [b.al] pollo,,8,22,2,ZAPOTECO_ESPAÑOL,BIB003_PICKETT_VOCABULARIO,2007_FIFTH_ELECTRONIC,2013_FIFTH_ELECTRONIC_SECOND_VERSION,DOCUMENTED_UNICODE_RECONCILIATION_NOT_BYTE_EXTRACTED_2013,JUCHITAN_HISTORICAL_SOURCE,STRUCTURED_BACKFILL_V0_1
PICKETT-ZE-0277,ca,ca,ca,ca,"[""ca""]",ENTRY,,,,(indicador del plural que se antepone a los sustantivos y a algunos pronombres),ca (indicador del plural que se antepone a,los sustantivos y a algunos pronombres),9,23,1,ZAPOTECO_ESPAÑOL,BIB003_PICKETT_VOCABULARIO,2007_FIFTH_ELECTRONIC,2013_FIFTH_ELECTRONIC_SECOND_VERSION,DOCUMENTED_UNICODE_RECONCILIATION_NOT_BYTE_EXTRACTED_2013,JUCHITAN_HISTORICAL_SOURCE,STRUCTURED_BACKFILL_V0_1
PICKETT-ZE-0278,ca ndi’,ca ndi’,ca ndiꞌ,ca ndiꞌ,"[""ca ndiꞌ""]",SUBENTRY,ca,,,estos,ca ndi’ [b-a] estos,,9,23,1,ZAPOTECO_ESPAÑOL,BIB003_PICKETT_VOCABULARIO,2007_FIFTH_ELECTRONIC,2013_FIFTH_ELECTRONIC_SECOND_VERSION,DOCUMENTED_UNICODE_RECONCILIATION_NOT_BYTE_EXTRACTED_2013,JUCHITAN_HISTORICAL_SOURCE,STRUCTURED_BACKFILL_V0_1
PICKETT-ZE-0279,ca nga,ca nga,ca nga,ca nga,"[""ca nga""]",SUBENTRY,ca,,,esos,ca nga [b-a] esos,,9,23,1,ZAPOTECO_ESPAÑOL,BIB003_PICKETT_VOCABULARIO,2007_FIFTH_ELECTRONIC,2013_FIFTH_ELECTRONIC_SECOND_VERSION,DOCUMENTED_UNICODE_RECONCILIATION_NOT_BYTE_EXTRACTED_2013,JUCHITAN_HISTORICAL_SOURCE,STRUCTURED_BACKFILL_V0_1
PICKETT-ZE-0280,ca ngue,ca ngue,ca ngue,ca ngue,"[""ca ngue""]",SUBENTRY,ca,,,aquellos,ca ngue [b-a] aquellos,,9,23,1,ZAPOTECO_ESPAÑOL,BIB003_PICKETT_VOCABULARIO,2007_FIFTH_ELECTRONIC,2013_FIFTH_ELECTRONIC_SECOND_VERSION,DOCUMENTED_UNICODE_RECONCILIATION_NOT_BYTE_EXTRACTED_2013,JUCHITAN_HISTORICAL_SOURCE,STRUCTURED_BACKFILL_V0_1
PICKETT-ZE-0281,ca,ca,ca,ca,"[""ca""]",ENTRY,,,[a],"ese, eso (partícula determinativa que sigue a los sustantivos)","ca [a] ese, eso (partícula determinativa que",sigue a los sustantivos),9,23,1,ZAPOTECO_ESPAÑOL,BIB003_PICKETT_VOCABULARIO,2007_FIFTH_ELECTRONIC,2013_FIFTH_ELECTRONIC_SECOND_VERSION,DOCUMENTED_UNICODE_RECONCILIATION_NOT_BYTE_EXTRACTED_2013,JUCHITAN_HISTORICAL_SOURCE,STRUCTURED_BACKFILL_V0_1
PICKETT-ZE-0282,cá,cá,cá,cá,"[""cá""]",ENTRY,,,[a],escrito; pegado; puesto,cá [a] escrito; pegado; puesto,,9,23,1,ZAPOTECO_ESPAÑOL,BIB003_PICKETT_VOCABULARIO,2007_FIFTH_ELECTRONIC,2013_FIFTH_ELECTRONIC_SECOND_VERSION,DOCUMENTED_UNICODE_RECONCILIATION_NOT_BYTE_EXTRACTED_2013,JUCHITAN_HISTORICAL_SOURCE,STRUCTURED_BACKFILL_V0_1
PICKETT-ZE-0283,cá bieque,cá bieque,cá bieque,cá bieque,"[""cá bieque""]",SUBENTRY,cá,,,torcido,cá bieque [b-al.b] torcido,,9,23,1,ZAPOTECO_ESPAÑOL,BIB003_PICKETT_VOCABULARIO,2007_FIFTH_ELECTRONIC,2013_FIFTH_ELECTRONIC_SECOND_VERSION,DOCUMENTED_UNICODE_RECONCILIATION_NOT_BYTE_EXTRACTED_2013,JUCHITAN_HISTORICAL_SOURCE,STRUCTURED_BACKFILL_V0_1
PICKETT-ZE-0284,cá bixhiidi’,cá bixhiidi’,cá bixhiidiꞌ,cá bixhiidiꞌ,"[""cá bixhiidiꞌ""]",SUBENTRY,cá,,,enredado,cá bixhiidi’ [b-al.b.b] enredado,,9,23,1,ZAPOTECO_ESPAÑOL,BIB003_PICKETT_VOCABULARIO,2007_FIFTH_ELECTRONIC,2013_FIFTH_ELECTRONIC_SECOND_VERSION,DOCUMENTED_UNICODE_RECONCILIATION_NOT_BYTE_EXTRACTED_2013,JUCHITAN_HISTORICAL_SOURCE,STRUCTURED_BACKFILL_V0_1
PICKETT-ZE-0285,cá guí,cá guí,cá guí,cá guí,"[""cá guí""]",SUBENTRY,cá,,,"encendido, prendido","cá guí [b-al] encendido, prendido",,9,23,1,ZAPOTECO_ESPAÑOL,BIB003_PICKETT_VOCABULARIO,2007_FIFTH_ELECTRONIC,2013_FIFTH_ELECTRONIC_SECOND_VERSION,DOCUMENTED_UNICODE_RECONCILIATION_NOT_BYTE_EXTRACTED_2013,JUCHITAN_HISTORICAL_SOURCE,STRUCTURED_BACKFILL_V0_1
PICKETT-ZE-0286,cá lú,cá lú,cá lú,cá lú,"[""cá lú""]",SUBENTRY,cá,,,"depender de, atenerse a alguien","cá lú [b-al] depender de, atenerse a",alguien,9,23,1,ZAPOTECO_ESPAÑOL,BIB003_PICKETT_VOCABULARIO,2007_FIFTH_ELECTRONIC,2013_FIFTH_ELECTRONIC_SECOND_VERSION,DOCUMENTED_UNICODE_RECONCILIATION_NOT_BYTE_EXTRACTED_2013,JUCHITAN_HISTORICAL_SOURCE,STRUCTURED_BACKFILL_V0_1
PICKETT-ZE-0287,cá ñee,cá ñee,cá ñee,cá ñee,"[""cá ñee""]",SUBENTRY,cá,,,tiene puestos (los huaraches),cá ñee [b-al] tiene puestos (los,huaraches),9,23,1,ZAPOTECO_ESPAÑOL,BIB003_PICKETT_VOCABULARIO,2007_FIFTH_ELECTRONIC,2013_FIFTH_ELECTRONIC_SECOND_VERSION,DOCUMENTED_UNICODE_RECONCILIATION_NOT_BYTE_EXTRACTED_2013,JUCHITAN_HISTORICAL_SOURCE,STRUCTURED_BACKFILL_V0_1
PICKETT-ZE-0288,cá tini,cá tini,cá tini,cá tini,"[""cá tini""]",SUBENTRY,cá,,,oxidado,cá tini [b-al.b] oxidado,,9,23,1,ZAPOTECO_ESPAÑOL,BIB003_PICKETT_VOCABULARIO,2007_FIFTH_ELECTRONIC,2013_FIFTH_ELECTRONIC_SECOND_VERSION,DOCUMENTED_UNICODE_RECONCILIATION_NOT_BYTE_EXTRACTED_2013,JUCHITAN_HISTORICAL_SOURCE,STRUCTURED_BACKFILL_V0_1
PICKETT-ZE-0289,cabayu,cabayu,cabayu,cabayu,"[""cabayu""]",ENTRY,,,[b.a.b],caballo,cabayu [b.a.b] caballo,,9,23,1,ZAPOTECO_ESPAÑOL,BIB003_PICKETT_VOCABULARIO,2007_FIFTH_ELECTRONIC,2013_FIFTH_ELECTRONIC_SECOND_VERSION,DOCUMENTED_UNICODE_RECONCILIATION_NOT_BYTE_EXTRACTED_2013,JUCHITAN_HISTORICAL_SOURCE,STRUCTURED_BACKFILL_V0_1
PICKETT-ZE-0290,cachu,cachu,cachu,cachu,"[""cachu""]",ENTRY,,,[a.b],cuerno,cachu [a.b] cuerno,,9,23,1,ZAPOTECO_ESPAÑOL,BIB003_PICKETT_VOCABULARIO,2007_FIFTH_ELECTRONIC,2013_FIFTH_ELECTRONIC_SECOND_VERSION,DOCUMENTED_UNICODE_RECONCILIATION_NOT_BYTE_EXTRACTED_2013,JUCHITAN_HISTORICAL_SOURCE,STRUCTURED_BACKFILL_V0_1
PICKETT-ZE-0291,cadi,cadi,cadi,cadi,"[""cadi""]",ENTRY,,,[a.b],"no (partícula negativa que no se usa sola, sino como modificador de otras palabras)",cadi [a.b] no (partícula negativa que no se,"usa sola, sino como modificador de otras palabras)",9,23,1,ZAPOTECO_ESPAÑOL,BIB003_PICKETT_VOCABULARIO,2007_FIFTH_ELECTRONIC,2013_FIFTH_ELECTRONIC_SECOND_VERSION,DOCUMENTED_UNICODE_RECONCILIATION_NOT_BYTE_EXTRACTED_2013,JUCHITAN_HISTORICAL_SOURCE,STRUCTURED_BACKFILL_V0_1
PICKETT-ZE-0292,cadi dxandí’,cadi dxandí’,cadi dxandíꞌ,cadi dxandíꞌ,"[""cadi dxandíꞌ""]",SUBENTRY,cadi,,,no es cierto,cadi dxandí’ [al.b-b.a] no es cierto,,9,23,1,ZAPOTECO_ESPAÑOL,BIB003_PICKETT_VOCABULARIO,2007_FIFTH_ELECTRONIC,2013_FIFTH_ELECTRONIC_SECOND_VERSION,DOCUMENTED_UNICODE_RECONCILIATION_NOT_BYTE_EXTRACTED_2013,JUCHITAN_HISTORICAL_SOURCE,STRUCTURED_BACKFILL_V0_1
PICKETT-ZE-0293,cadi nagana,cadi nagana,cadi nagana,cadi nagana,"[""cadi nagana""]",SUBENTRY,cadi,,,fácil,cadi nagana [al.b-b] fácil,,9,23,1,ZAPOTECO_ESPAÑOL,BIB003_PICKETT_VOCABULARIO,2007_FIFTH_ELECTRONIC,2013_FIFTH_ELECTRONIC_SECOND_VERSION,DOCUMENTED_UNICODE_RECONCILIATION_NOT_BYTE_EXTRACTED_2013,JUCHITAN_HISTORICAL_SOURCE,STRUCTURED_BACKFILL_V0_1
PICKETT-ZE-0294,caadxi,caadxi,caadxi,caadxi,"[""caadxi""]",ENTRY,,,[b.a],poco,caadxi [b.a] poco,,9,23,1,ZAPOTECO_ESPAÑOL,BIB003_PICKETT_VOCABULARIO,2007_FIFTH_ELECTRONIC,2013_FIFTH_ELECTRONIC_SECOND_VERSION,DOCUMENTED_UNICODE_RECONCILIATION_NOT_BYTE_EXTRACTED_2013,JUCHITAN_HISTORICAL_SOURCE,STRUCTURED_BACKFILL_V0_1
PICKETT-ZE-0295,cadxigá,cadxigá,cadxigá,cadxigá,"[""cadxigá""]",SUBENTRY,caadxi,,,poco a poco,cadxigá [b.b.al] poco a poco,,9,23,1,ZAPOTECO_ESPAÑOL,BIB003_PICKETT_VOCABULARIO,2007_FIFTH_ELECTRONIC,2013_FIFTH_ELECTRONIC_SECOND_VERSION,DOCUMENTED_UNICODE_RECONCILIATION_NOT_BYTE_EXTRACTED_2013,JUCHITAN_HISTORICAL_SOURCE,STRUCTURED_BACKFILL_V0_1
PICKETT-ZE-0296,campana bizu,campana bizu,campana bizu,campana bizu,"[""campana bizu""]",ENTRY,,,[b.al.b-b],panal,campana bizu [b.al.b-b] panal,,9,23,1,ZAPOTECO_ESPAÑOL,BIB003_PICKETT_VOCABULARIO,2007_FIFTH_ELECTRONIC,2013_FIFTH_ELECTRONIC_SECOND_VERSION,DOCUMENTED_UNICODE_RECONCILIATION_NOT_BYTE_EXTRACTED_2013,JUCHITAN_HISTORICAL_SOURCE,STRUCTURED_BACKFILL_V0_1
PICKETT-ZE-0297,candaana,candaana,candaana,candaana,"[""candaana""]",ENTRY,,,[b.a.a],tener hambre,candaana [b.a.a] tener hambre,,9,23,1,ZAPOTECO_ESPAÑOL,BIB003_PICKETT_VOCABULARIO,2007_FIFTH_ELECTRONIC,2013_FIFTH_ELECTRONIC_SECOND_VERSION,DOCUMENTED_UNICODE_RECONCILIATION_NOT_BYTE_EXTRACTED_2013,JUCHITAN_HISTORICAL_SOURCE,STRUCTURED_BACKFILL_V0_1
PICKETT-ZE-0298,candelaria,candelaria,candelaria,candelaria,"[""candelaria""]",ENTRY,,,[b.b.a.b],febrero,candelaria [b.b.a.b] febrero,,9,23,1,ZAPOTECO_ESPAÑOL,BIB003_PICKETT_VOCABULARIO,2007_FIFTH_ELECTRONIC,2013_FIFTH_ELECTRONIC_SECOND_VERSION,DOCUMENTED_UNICODE_RECONCILIATION_NOT_BYTE_EXTRACTED_2013,JUCHITAN_HISTORICAL_SOURCE,STRUCTURED_BACKFILL_V0_1
PICKETT-ZE-0299,cani,cani,cani,cani,"[""cani""]",ENTRY,,,[b.a],"los, las, les (partícula que se refiere a los objetos)","cani [b.a] los, las, les (partícula que se",refiere a los objetos),9,23,1,ZAPOTECO_ESPAÑOL,BIB003_PICKETT_VOCABULARIO,2007_FIFTH_ELECTRONIC,2013_FIFTH_ELECTRONIC_SECOND_VERSION,DOCUMENTED_UNICODE_RECONCILIATION_NOT_BYTE_EXTRACTED_2013,JUCHITAN_HISTORICAL_SOURCE,STRUCTURED_BACKFILL_V0_1
PICKETT-ZE-0300,caru,caru,caru,caru,"[""caru""]",ENTRY,,,[a.b],caro,caru [a.b] caro,,9,23,1,ZAPOTECO_ESPAÑOL,BIB003_PICKETT_VOCABULARIO,2007_FIFTH_ELECTRONIC,2013_FIFTH_ELECTRONIC_SECOND_VERSION,DOCUMENTED_UNICODE_RECONCILIATION_NOT_BYTE_EXTRACTED_2013,JUCHITAN_HISTORICAL_SOURCE,STRUCTURED_BACKFILL_V0_1
PICKETT-ZE-0301,ca’ru’,ca’ru’,caꞌruꞌ,caꞌruꞌ,"[""caꞌruꞌ""]",ENTRY,,,[al.b],todavía no,ca’ru’ [al.b] todavía no,,9,23,1,ZAPOTECO_ESPAÑOL,BIB003_PICKETT_VOCABULARIO,2007_FIFTH_ELECTRONIC,2013_FIFTH_ELECTRONIC_SECOND_VERSION,DOCUMENTED_UNICODE_RECONCILIATION_NOT_BYTE_EXTRACTED_2013,JUCHITAN_HISTORICAL_SOURCE,STRUCTURED_BACKFILL_V0_1
PICKETT-ZE-0302,"ca’ru lica, ca’ru sica","ca’ru lica, ca’ru sica","caꞌru lica, caꞌru sica",caꞌru lica,"[""caꞌru lica"", ""caꞌru sica""]",SUBENTRY,caꞌruꞌ,,,todavía no,"ca’ru lica, ca’ru sica [al.b-b.a] todavía",no,9,23,1,ZAPOTECO_ESPAÑOL,BIB003_PICKETT_VOCABULARIO,2007_FIFTH_ELECTRONIC,2013_FIFTH_ELECTRONIC_SECOND_VERSION,DOCUMENTED_UNICODE_RECONCILIATION_NOT_BYTE_EXTRACTED_2013,JUCHITAN_HISTORICAL_SOURCE,STRUCTURED_BACKFILL_V0_1
PICKETT-ZE-0303,carrera Santiaagu’,carrera Santiaagu’,carrera Santiaaguꞌ,carrera Santiaaguꞌ,"[""carrera Santiaaguꞌ""]",ENTRY,,,[b.a.b-b.al.b],vía láctea,carrera Santiaagu’ [b.a.b-b.al.b] vía,láctea,9,23,1,ZAPOTECO_ESPAÑOL,BIB003_PICKETT_VOCABULARIO,2007_FIFTH_ELECTRONIC,2013_FIFTH_ELECTRONIC_SECOND_VERSION,DOCUMENTED_UNICODE_RECONCILIATION_NOT_BYTE_EXTRACTED_2013,JUCHITAN_HISTORICAL_SOURCE,STRUCTURED_BACKFILL_V0_1
PICKETT-ZE-0304,casi,casi,casi,casi,"[""casi""]",ENTRY,,,,"tal como, semejante, parecido; luego que, tan pronto que","casi tal como, semejante, parecido; luego","que, tan pronto que",9,23,1,ZAPOTECO_ESPAÑOL,BIB003_PICKETT_VOCABULARIO,2007_FIFTH_ELECTRONIC,2013_FIFTH_ELECTRONIC_SECOND_VERSION,DOCUMENTED_UNICODE_RECONCILIATION_NOT_BYTE_EXTRACTED_2013,JUCHITAN_HISTORICAL_SOURCE,STRUCTURED_BACKFILL_V0_1
PICKETT-ZE-0305,casi birá gueela’,casi birá gueela’,casi birá gueelaꞌ,casi birá gueelaꞌ,"[""casi birá gueelaꞌ""]",SUBENTRY,casi,,,amanecer,casi birá gueela’ [b-b.al.b] amanecer,,9,23,1,ZAPOTECO_ESPAÑOL,BIB003_PICKETT_VOCABULARIO,2007_FIFTH_ELECTRONIC,2013_FIFTH_ELECTRONIC_SECOND_VERSION,DOCUMENTED_UNICODE_RECONCILIATION_NOT_BYTE_EXTRACTED_2013,JUCHITAN_HISTORICAL_SOURCE,STRUCTURED_BACKFILL_V0_1
PICKETT-ZE-0306,cayaca,cayaca,cayaca,cayaca,"[""cayaca""]",ENTRY,,,[b.al.b],estar sucediendo,cayaca [b.al.b] estar sucediendo,,9,23,1,ZAPOTECO_ESPAÑOL,BIB003_PICKETT_VOCABULARIO,2007_FIFTH_ELECTRONIC,2013_FIFTH_ELECTRONIC_SECOND_VERSION,DOCUMENTED_UNICODE_RECONCILIATION_NOT_BYTE_EXTRACTED_2013,JUCHITAN_HISTORICAL_SOURCE,STRUCTURED_BACKFILL_V0_1
PICKETT-ZE-0307,cayaca lú,cayaca lú,cayaca lú,cayaca lú,"[""cayaca lú""]",SUBENTRY,cayaca,,,tener enfermedad de los ojos,cayaca lú [b.al.b-b] tener enfermedad,de los ojos,9,23,1,ZAPOTECO_ESPAÑOL,BIB003_PICKETT_VOCABULARIO,2007_FIFTH_ELECTRONIC,2013_FIFTH_ELECTRONIC_SECOND_VERSION,DOCUMENTED_UNICODE_RECONCILIATION_NOT_BYTE_EXTRACTED_2013,JUCHITAN_HISTORICAL_SOURCE,STRUCTURED_BACKFILL_V0_1
PICKETT-ZE-0308,cayaca nanda,cayaca nanda,cayaca nanda,cayaca nanda,"[""cayaca nanda""]",SUBENTRY,cayaca,,,tener frío,cayaca nanda [b.al.b-b] tener frío,,9,23,1,ZAPOTECO_ESPAÑOL,BIB003_PICKETT_VOCABULARIO,2007_FIFTH_ELECTRONIC,2013_FIFTH_ELECTRONIC_SECOND_VERSION,DOCUMENTED_UNICODE_RECONCILIATION_NOT_BYTE_EXTRACTED_2013,JUCHITAN_HISTORICAL_SOURCE,STRUCTURED_BACKFILL_V0_1
PICKETT-ZE-0309,cayaca nandá’,cayaca nandá’,cayaca nandáꞌ,cayaca nandáꞌ,"[""cayaca nandáꞌ""]",SUBENTRY,,,,"tener calor, estar haciendo calor","cayaca nandá’ [b.al.b-b.al] tener calor,",estar haciendo calor,9,23,2,ZAPOTECO_ESPAÑOL,BIB003_PICKETT_VOCABULARIO,2007_FIFTH_ELECTRONIC,2013_FIFTH_ELECTRONIC_SECOND_VERSION,DOCUMENTED_UNICODE_RECONCILIATION_NOT_BYTE_EXTRACTED_2013,JUCHITAN_HISTORICAL_SOURCE,STRUCTURED_BACKFILL_V0_1
PICKETT-ZE-0310,cayati nisa,cayati nisa,cayati nisa,cayati nisa,"[""cayati nisa""]",ENTRY,,,[b.a.al-al.b],tener sed,cayati nisa [b.a.al-al.b] tener sed,,9,23,2,ZAPOTECO_ESPAÑOL,BIB003_PICKETT_VOCABULARIO,2007_FIFTH_ELECTRONIC,2013_FIFTH_ELECTRONIC_SECOND_VERSION,DOCUMENTED_UNICODE_RECONCILIATION_NOT_BYTE_EXTRACTED_2013,JUCHITAN_HISTORICAL_SOURCE,STRUCTURED_BACKFILL_V0_1
PICKETT-ZE-0311,co’,co’,coꞌ,coꞌ,"[""coꞌ""]",ENTRY,,,,no (usado en respuestas),co’ no (usado en respuestas),,9,23,2,ZAPOTECO_ESPAÑOL,BIB003_PICKETT_VOCABULARIO,2007_FIFTH_ELECTRONIC,2013_FIFTH_ELECTRONIC_SECOND_VERSION,DOCUMENTED_UNICODE_RECONCILIATION_NOT_BYTE_EXTRACTED_2013,JUCHITAN_HISTORICAL_SOURCE,STRUCTURED_BACKFILL_V0_1
PICKETT-ZE-0312,color biguitu,color biguitu,color biguitu,color biguitu,"[""color biguitu""]",ENTRY,,,[b.al-b.al.b],color naranja,color biguitu [b.al-b.al.b] color naranja,,9,23,2,ZAPOTECO_ESPAÑOL,BIB003_PICKETT_VOCABULARIO,2007_FIFTH_ELECTRONIC,2013_FIFTH_ELECTRONIC_SECOND_VERSION,DOCUMENTED_UNICODE_RECONCILIATION_NOT_BYTE_EXTRACTED_2013,JUCHITAN_HISTORICAL_SOURCE,STRUCTURED_BACKFILL_V0_1
PICKETT-ZE-0313,coneju,coneju,coneju,coneju,"[""coneju""]",ENTRY,,,[b.a.b],conejo,coneju [b.a.b] conejo,,9,23,2,ZAPOTECO_ESPAÑOL,BIB003_PICKETT_VOCABULARIO,2007_FIFTH_ELECTRONIC,2013_FIFTH_ELECTRONIC_SECOND_VERSION,DOCUMENTED_UNICODE_RECONCILIATION_NOT_BYTE_EXTRACTED_2013,JUCHITAN_HISTORICAL_SOURCE,STRUCTURED_BACKFILL_V0_1
PICKETT-ZE-0314,co’re’,co’re’,coꞌreꞌ,coꞌreꞌ,"[""coꞌreꞌ""]",ENTRY,,,,muslo,co’re’ muslo,,9,23,2,ZAPOTECO_ESPAÑOL,BIB003_PICKETT_VOCABULARIO,2007_FIFTH_ELECTRONIC,2013_FIFTH_ELECTRONIC_SECOND_VERSION,DOCUMENTED_UNICODE_RECONCILIATION_NOT_BYTE_EXTRACTED_2013,JUCHITAN_HISTORICAL_SOURCE,STRUCTURED_BACKFILL_V0_1
PICKETT-ZE-0315,cuachi,cuachi,cuachi,cuachi,"[""cuachi""]",ENTRY,,,[a.b],"gemelo, cuate","cuachi [a.b] gemelo, cuate",,9,23,2,ZAPOTECO_ESPAÑOL,BIB003_PICKETT_VOCABULARIO,2007_FIFTH_ELECTRONIC,2013_FIFTH_ELECTRONIC_SECOND_VERSION,DOCUMENTED_UNICODE_RECONCILIATION_NOT_BYTE_EXTRACTED_2013,JUCHITAN_HISTORICAL_SOURCE,STRUCTURED_BACKFILL_V0_1
PICKETT-ZE-0316,cuananaxhi,cuananaxhi,cuananaxhi,cuananaxhi,"[""cuananaxhi""]",ENTRY,,,,fruta,cuananaxhi fruta,,9,23,2,ZAPOTECO_ESPAÑOL,BIB003_PICKETT_VOCABULARIO,2007_FIFTH_ELECTRONIC,2013_FIFTH_ELECTRONIC_SECOND_VERSION,DOCUMENTED_UNICODE_RECONCILIATION_NOT_BYTE_EXTRACTED_2013,JUCHITAN_HISTORICAL_SOURCE,STRUCTURED_BACKFILL_V0_1
PICKETT-ZE-0317,cuba,cuba,cuba,cuba,"[""cuba""]",ENTRY,,,,masa,cuba masa,,9,23,2,ZAPOTECO_ESPAÑOL,BIB003_PICKETT_VOCABULARIO,2007_FIFTH_ELECTRONIC,2013_FIFTH_ELECTRONIC_SECOND_VERSION,DOCUMENTED_UNICODE_RECONCILIATION_NOT_BYTE_EXTRACTED_2013,JUCHITAN_HISTORICAL_SOURCE,STRUCTURED_BACKFILL_V0_1
PICKETT-ZE-0318,cuba gueta,cuba gueta,cuba gueta,cuba gueta,"[""cuba gueta""]",SUBENTRY,cuba,,,masa para hacer tortilla,cuba gueta masa para hacer tortilla,,9,23,2,ZAPOTECO_ESPAÑOL,BIB003_PICKETT_VOCABULARIO,2007_FIFTH_ELECTRONIC,2013_FIFTH_ELECTRONIC_SECOND_VERSION,DOCUMENTED_UNICODE_RECONCILIATION_NOT_BYTE_EXTRACTED_2013,JUCHITAN_HISTORICAL_SOURCE,STRUCTURED_BACKFILL_V0_1
PICKETT-ZE-0319,cuchiá,cuchiá,cuchiá,cuchiá,"[""cuchiá""]",ENTRY,,,[b.al],"cuchilla de una falda, pieza","cuchiá [b.al] cuchilla de una falda, pieza",,9,23,2,ZAPOTECO_ESPAÑOL,BIB003_PICKETT_VOCABULARIO,2007_FIFTH_ELECTRONIC,2013_FIFTH_ELECTRONIC_SECOND_VERSION,DOCUMENTED_UNICODE_RECONCILIATION_NOT_BYTE_EXTRACTED_2013,JUCHITAN_HISTORICAL_SOURCE,STRUCTURED_BACKFILL_V0_1
PICKETT-ZE-0320,cue’,cue’,cueꞌ,cueꞌ,"[""cueꞌ""]",ENTRY,,,,"junto, al lado, contiguo","cue’ junto, al lado, contiguo",,9,23,2,ZAPOTECO_ESPAÑOL,BIB003_PICKETT_VOCABULARIO,2007_FIFTH_ELECTRONIC,2013_FIFTH_ELECTRONIC_SECOND_VERSION,DOCUMENTED_UNICODE_RECONCILIATION_NOT_BYTE_EXTRACTED_2013,JUCHITAN_HISTORICAL_SOURCE,STRUCTURED_BACKFILL_V0_1
PICKETT-ZE-0321,cue’ ti’xhi’,cue’ ti’xhi’,cueꞌ tiꞌxhiꞌ,cueꞌ tiꞌxhiꞌ,"[""cueꞌ tiꞌxhiꞌ""]",SUBENTRY,cueꞌ,,,costado,cue’ ti’xhi’ costado,,9,23,2,ZAPOTECO_ESPAÑOL,BIB003_PICKETT_VOCABULARIO,2007_FIFTH_ELECTRONIC,2013_FIFTH_ELECTRONIC_SECOND_VERSION,DOCUMENTED_UNICODE_RECONCILIATION_NOT_BYTE_EXTRACTED_2013,JUCHITAN_HISTORICAL_SOURCE,STRUCTURED_BACKFILL_V0_1
PICKETT-ZE-0322,cue’ yoo,cue’ yoo,cueꞌ yoo,cueꞌ yoo,"[""cueꞌ yoo""]",SUBENTRY,cueꞌ,,,"pared, junto a la pared","cue’ yoo [b-al] pared, junto a la pared",,9,23,2,ZAPOTECO_ESPAÑOL,BIB003_PICKETT_VOCABULARIO,2007_FIFTH_ELECTRONIC,2013_FIFTH_ELECTRONIC_SECOND_VERSION,DOCUMENTED_UNICODE_RECONCILIATION_NOT_BYTE_EXTRACTED_2013,JUCHITAN_HISTORICAL_SOURCE,STRUCTURED_BACKFILL_V0_1
PICKETT-ZE-0323,cuixhi’,cuixhi’,cuixhiꞌ,cuixhiꞌ,"[""cuixhiꞌ""]",ENTRY,,,[b.al],copete,cuixhi’ [b.al] copete,,9,23,2,ZAPOTECO_ESPAÑOL,BIB003_PICKETT_VOCABULARIO,2007_FIFTH_ELECTRONIC,2013_FIFTH_ELECTRONIC_SECOND_VERSION,DOCUMENTED_UNICODE_RECONCILIATION_NOT_BYTE_EXTRACTED_2013,JUCHITAN_HISTORICAL_SOURCE,STRUCTURED_BACKFILL_V0_1
PICKETT-ZE-0324,cha’ca’,cha’ca’,chaꞌcaꞌ,chaꞌcaꞌ,"[""chaꞌcaꞌ""]",ENTRY,,,[al.b],pájaro carpintero; el enamorado,cha’ca’ [al.b] pájaro carpintero; el,enamorado,9,23,2,ZAPOTECO_ESPAÑOL,BIB003_PICKETT_VOCABULARIO,2007_FIFTH_ELECTRONIC,2013_FIFTH_ELECTRONIC_SECOND_VERSION,DOCUMENTED_UNICODE_RECONCILIATION_NOT_BYTE_EXTRACTED_2013,JUCHITAN_HISTORICAL_SOURCE,STRUCTURED_BACKFILL_V0_1
PICKETT-ZE-0325,chagoola’,chagoola’,chagoolaꞌ,chagoolaꞌ,"[""chagoolaꞌ""]",ENTRY,,,,(el enviado especial que va de parte del novio para pedir la mano de una muchacha),chagoola’ (el enviado especial que va de,parte del novio para pedir la mano de una muchacha),9,23,2,ZAPOTECO_ESPAÑOL,BIB003_PICKETT_VOCABULARIO,2007_FIFTH_ELECTRONIC,2013_FIFTH_ELECTRONIC_SECOND_VERSION,DOCUMENTED_UNICODE_RECONCILIATION_NOT_BYTE_EXTRACTED_2013,JUCHITAN_HISTORICAL_SOURCE,STRUCTURED_BACKFILL_V0_1
PICKETT-ZE-0326,chaahui’,chaahui’,chaahuiꞌ,chaahuiꞌ,"[""chaahuiꞌ""]",ENTRY,,,,"suave; despacio, lentamente","chaahui’ suave; despacio, lentamente",,9,23,2,ZAPOTECO_ESPAÑOL,BIB003_PICKETT_VOCABULARIO,2007_FIFTH_ELECTRONIC,2013_FIFTH_ELECTRONIC_SECOND_VERSION,DOCUMENTED_UNICODE_RECONCILIATION_NOT_BYTE_EXTRACTED_2013,JUCHITAN_HISTORICAL_SOURCE,STRUCTURED_BACKFILL_V0_1
PICKETT-ZE-0327,checuyu,checuyu,checuyu,checuyu,"[""checuyu""]",ENTRY,,,[al.a.b],cuclillo,checuyu [al.a.b] cuclillo,,9,23,2,ZAPOTECO_ESPAÑOL,BIB003_PICKETT_VOCABULARIO,2007_FIFTH_ELECTRONIC,2013_FIFTH_ELECTRONIC_SECOND_VERSION,DOCUMENTED_UNICODE_RECONCILIATION_NOT_BYTE_EXTRACTED_2013,JUCHITAN_HISTORICAL_SOURCE,STRUCTURED_BACKFILL_V0_1
PICKETT-ZE-0328,cherí’,cherí’,cheríꞌ,cheríꞌ,"[""cheríꞌ""]",ENTRY,,,[b.a],"por aquí, de este lado","cherí’ [b.a] por aquí, de este lado",,9,23,2,ZAPOTECO_ESPAÑOL,BIB003_PICKETT_VOCABULARIO,2007_FIFTH_ELECTRONIC,2013_FIFTH_ELECTRONIC_SECOND_VERSION,DOCUMENTED_UNICODE_RECONCILIATION_NOT_BYTE_EXTRACTED_2013,JUCHITAN_HISTORICAL_SOURCE,STRUCTURED_BACKFILL_V0_1
PICKETT-ZE-0329,chericá’,chericá’,chericáꞌ,chericáꞌ,"[""chericáꞌ""]",ENTRY,,,[b.b.al],"por allá, otro lado, del otro lado, al otro lado","chericá’ [b.b.al] por allá, otro lado, del","otro lado, al otro lado",9,23,2,ZAPOTECO_ESPAÑOL,BIB003_PICKETT_VOCABULARIO,2007_FIFTH_ELECTRONIC,2013_FIFTH_ELECTRONIC_SECOND_VERSION,DOCUMENTED_UNICODE_RECONCILIATION_NOT_BYTE_EXTRACTED_2013,JUCHITAN_HISTORICAL_SOURCE,STRUCTURED_BACKFILL_V0_1
PICKETT-ZE-0330,chii,chii,chii,chii,"[""chii""]",ENTRY,,,,diez,chii diez,,9,23,2,ZAPOTECO_ESPAÑOL,BIB003_PICKETT_VOCABULARIO,2007_FIFTH_ELECTRONIC,2013_FIFTH_ELECTRONIC_SECOND_VERSION,DOCUMENTED_UNICODE_RECONCILIATION_NOT_BYTE_EXTRACTED_2013,JUCHITAN_HISTORICAL_SOURCE,STRUCTURED_BACKFILL_V0_1
PICKETT-ZE-0331,chicué’ chicué’,chicué’ chicué’,chicuéꞌ chicuéꞌ,chicuéꞌ chicuéꞌ,"[""chicuéꞌ chicuéꞌ""]",ENTRY,,,,disimuladamente,chicué’ chicué’ disimuladamente,,9,23,2,ZAPOTECO_ESPAÑOL,BIB003_PICKETT_VOCABULARIO,2007_FIFTH_ELECTRONIC,2013_FIFTH_ELECTRONIC_SECOND_VERSION,DOCUMENTED_UNICODE_RECONCILIATION_NOT_BYTE_EXTRACTED_2013,JUCHITAN_HISTORICAL_SOURCE,STRUCTURED_BACKFILL_V0_1
PICKETT-ZE-0332,chin,chin,chin,chin,"[""chin""]",ENTRY,,,[al],red; sonaja,chin [al] red; sonaja,,9,23,2,ZAPOTECO_ESPAÑOL,BIB003_PICKETT_VOCABULARIO,2007_FIFTH_ELECTRONIC,2013_FIFTH_ELECTRONIC_SECOND_VERSION,DOCUMENTED_UNICODE_RECONCILIATION_NOT_BYTE_EXTRACTED_2013,JUCHITAN_HISTORICAL_SOURCE,STRUCTURED_BACKFILL_V0_1
PICKETT-ZE-0333,chinguiili,chinguiili,chinguiili,chinguiili,"[""chinguiili""]",ENTRY,,,[b.a.a],cosquillas,chinguiili [b.a.a] cosquillas,,9,23,2,ZAPOTECO_ESPAÑOL,BIB003_PICKETT_VOCABULARIO,2007_FIFTH_ELECTRONIC,2013_FIFTH_ELECTRONIC_SECOND_VERSION,DOCUMENTED_UNICODE_RECONCILIATION_NOT_BYTE_EXTRACTED_2013,JUCHITAN_HISTORICAL_SOURCE,STRUCTURED_BACKFILL_V0_1
PICKETT-ZE-0334,"chiiñu’, bedxe chiiñu’","chiiñu’, bedxe chiiñu’","chiiñuꞌ, bedxe chiiñuꞌ",chiiñuꞌ,"[""chiiñuꞌ"", ""bedxe chiiñuꞌ""]",ENTRY,,,,oso hormiguero,"chiiñu’, bedxe chiiñu’ oso hormiguero",,10,24,1,ZAPOTECO_ESPAÑOL,BIB003_PICKETT_VOCABULARIO,2007_FIFTH_ELECTRONIC,2013_FIFTH_ELECTRONIC_SECOND_VERSION,DOCUMENTED_UNICODE_RECONCILIATION_NOT_BYTE_EXTRACTED_2013,JUCHITAN_HISTORICAL_SOURCE,STRUCTURED_BACKFILL_V0_1
PICKETT-ZE-0335,chiiñu’,chiiñu’,chiiñuꞌ,chiiñuꞌ,"[""chiiñuꞌ""]",ENTRY,,,,quince (arc.),chiiñu’ quince (arc.),,10,24,1,ZAPOTECO_ESPAÑOL,BIB003_PICKETT_VOCABULARIO,2007_FIFTH_ELECTRONIC,2013_FIFTH_ELECTRONIC_SECOND_VERSION,DOCUMENTED_UNICODE_RECONCILIATION_NOT_BYTE_EXTRACTED_2013,JUCHITAN_HISTORICAL_SOURCE,STRUCTURED_BACKFILL_V0_1
PICKETT-ZE-0336,chiqué,chiqué,chiqué,chiqué,"[""chiqué""]",ENTRY,,,[b.a],"antaño, en aquel tiempo, antes","chiqué [b.a] antaño, en aquel tiempo, antes",,10,24,1,ZAPOTECO_ESPAÑOL,BIB003_PICKETT_VOCABULARIO,2007_FIFTH_ELECTRONIC,2013_FIFTH_ELECTRONIC_SECOND_VERSION,DOCUMENTED_UNICODE_RECONCILIATION_NOT_BYTE_EXTRACTED_2013,JUCHITAN_HISTORICAL_SOURCE,STRUCTURED_BACKFILL_V0_1
PICKETT-ZE-0337,chiquitra’ca’,chiquitra’ca’,chiquitraꞌcaꞌ,chiquitraꞌcaꞌ,"[""chiquitraꞌcaꞌ""]",ENTRY,,,,triquitraque,chiquitra’ca’ triquitraque,,10,24,1,ZAPOTECO_ESPAÑOL,BIB003_PICKETT_VOCABULARIO,2007_FIFTH_ELECTRONIC,2013_FIFTH_ELECTRONIC_SECOND_VERSION,DOCUMENTED_UNICODE_RECONCILIATION_NOT_BYTE_EXTRACTED_2013,JUCHITAN_HISTORICAL_SOURCE,STRUCTURED_BACKFILL_V0_1
PICKETT-ZE-0338,chiirru,chiirru,chiirru,chiirru,"[""chiirru""]",ENTRY,,,[a],poquito (líquido),chiirru [a] poquito (líquido),,10,24,1,ZAPOTECO_ESPAÑOL,BIB003_PICKETT_VOCABULARIO,2007_FIFTH_ELECTRONIC,2013_FIFTH_ELECTRONIC_SECOND_VERSION,DOCUMENTED_UNICODE_RECONCILIATION_NOT_BYTE_EXTRACTED_2013,JUCHITAN_HISTORICAL_SOURCE,STRUCTURED_BACKFILL_V0_1
PICKETT-ZE-0339,chisa,chisa,chisa,chisa,"[""chisa""]",ENTRY,,,[a.b],ardilla,chisa [a.b] ardilla,,10,24,1,ZAPOTECO_ESPAÑOL,BIB003_PICKETT_VOCABULARIO,2007_FIFTH_ELECTRONIC,2013_FIFTH_ELECTRONIC_SECOND_VERSION,DOCUMENTED_UNICODE_RECONCILIATION_NOT_BYTE_EXTRACTED_2013,JUCHITAN_HISTORICAL_SOURCE,STRUCTURED_BACKFILL_V0_1
PICKETT-ZE-0340,chituguí’,chituguí’,chituguíꞌ,chituguíꞌ,"[""chituguíꞌ""]",ENTRY,,,[al.b.al],un pájaro amarillo,chituguí’ [al.b.al] un pájaro amarillo,,10,24,1,ZAPOTECO_ESPAÑOL,BIB003_PICKETT_VOCABULARIO,2007_FIFTH_ELECTRONIC,2013_FIFTH_ELECTRONIC_SECOND_VERSION,DOCUMENTED_UNICODE_RECONCILIATION_NOT_BYTE_EXTRACTED_2013,JUCHITAN_HISTORICAL_SOURCE,STRUCTURED_BACKFILL_V0_1
PICKETT-ZE-0341,chixhe,chixhe,chixhe,chixhe,"[""chixhe""]",ENTRY,,,,"apúrate, apúrese, pronto, rápido, presto,","chixhe apúrate, apúrese, pronto, rápido,","presto,",10,24,1,ZAPOTECO_ESPAÑOL,BIB003_PICKETT_VOCABULARIO,2007_FIFTH_ELECTRONIC,2013_FIFTH_ELECTRONIC_SECOND_VERSION,DOCUMENTED_UNICODE_RECONCILIATION_NOT_BYTE_EXTRACTED_2013,JUCHITAN_HISTORICAL_SOURCE,STRUCTURED_BACKFILL_V0_1
PICKETT-ZE-0342,chonna,chonna,chonna,chonna,"[""chonna""]",ENTRY,,,[b.a],tres,chonna [b.a] tres,,10,24,1,ZAPOTECO_ESPAÑOL,BIB003_PICKETT_VOCABULARIO,2007_FIFTH_ELECTRONIC,2013_FIFTH_ELECTRONIC_SECOND_VERSION,DOCUMENTED_UNICODE_RECONCILIATION_NOT_BYTE_EXTRACTED_2013,JUCHITAN_HISTORICAL_SOURCE,STRUCTURED_BACKFILL_V0_1
PICKETT-ZE-0343,chonna late gande,chonna late gande,chonna late gande,chonna late gande,"[""chonna late gande""]",SUBENTRY,chonna,,,sesenta,chonna late gande [b-al.b-b.a] sesenta,,10,24,1,ZAPOTECO_ESPAÑOL,BIB003_PICKETT_VOCABULARIO,2007_FIFTH_ELECTRONIC,2013_FIFTH_ELECTRONIC_SECOND_VERSION,DOCUMENTED_UNICODE_RECONCILIATION_NOT_BYTE_EXTRACTED_2013,JUCHITAN_HISTORICAL_SOURCE,STRUCTURED_BACKFILL_V0_1
PICKETT-ZE-0344,chonna late gande chii,chonna late gande chii,chonna late gande chii,chonna late gande chii,"[""chonna late gande chii""]",SUBENTRY,chonna,,[b-al.b-b-al],setenta,chonna late gande chii [b-al.b-b-al],setenta,10,24,1,ZAPOTECO_ESPAÑOL,BIB003_PICKETT_VOCABULARIO,2007_FIFTH_ELECTRONIC,2013_FIFTH_ELECTRONIC_SECOND_VERSION,DOCUMENTED_UNICODE_RECONCILIATION_NOT_BYTE_EXTRACTED_2013,JUCHITAN_HISTORICAL_SOURCE,STRUCTURED_BACKFILL_V0_1
PICKETT-ZE-0345,chubí’,chubí’,chubíꞌ,chubíꞌ,"[""chubíꞌ""]",ENTRY,,,[b],una fruta de la familia de higo,chubí’ [b] una fruta de la familia de higo,,10,24,1,ZAPOTECO_ESPAÑOL,BIB003_PICKETT_VOCABULARIO,2007_FIFTH_ELECTRONIC,2013_FIFTH_ELECTRONIC_SECOND_VERSION,DOCUMENTED_UNICODE_RECONCILIATION_NOT_BYTE_EXTRACTED_2013,JUCHITAN_HISTORICAL_SOURCE,STRUCTURED_BACKFILL_V0_1
PICKETT-ZE-0346,chubí’,chubí’,chubíꞌ,chubíꞌ,"[""chubíꞌ""]",ENTRY,,,[b.al],vámonos a la casa,chubí’ [b.al] vámonos a la casa,,10,24,1,ZAPOTECO_ESPAÑOL,BIB003_PICKETT_VOCABULARIO,2007_FIFTH_ELECTRONIC,2013_FIFTH_ELECTRONIC_SECOND_VERSION,DOCUMENTED_UNICODE_RECONCILIATION_NOT_BYTE_EXTRACTED_2013,JUCHITAN_HISTORICAL_SOURCE,STRUCTURED_BACKFILL_V0_1
PICKETT-ZE-0347,chupa,chupa,chupa,chupa,"[""chupa""]",ENTRY,,,[b.a],dos,chupa [b.a] dos,,10,24,1,ZAPOTECO_ESPAÑOL,BIB003_PICKETT_VOCABULARIO,2007_FIFTH_ELECTRONIC,2013_FIFTH_ELECTRONIC_SECOND_VERSION,DOCUMENTED_UNICODE_RECONCILIATION_NOT_BYTE_EXTRACTED_2013,JUCHITAN_HISTORICAL_SOURCE,STRUCTURED_BACKFILL_V0_1
PICKETT-ZE-0348,chupa chonna,chupa chonna,chupa chonna,chupa chonna,"[""chupa chonna""]",SUBENTRY,chupa,,,"algunos, unos cuantos","chupa chonna [b-a] algunos, unos",cuantos,10,24,1,ZAPOTECO_ESPAÑOL,BIB003_PICKETT_VOCABULARIO,2007_FIFTH_ELECTRONIC,2013_FIFTH_ELECTRONIC_SECOND_VERSION,DOCUMENTED_UNICODE_RECONCILIATION_NOT_BYTE_EXTRACTED_2013,JUCHITAN_HISTORICAL_SOURCE,STRUCTURED_BACKFILL_V0_1
PICKETT-ZE-0349,chupa late gande,chupa late gande,chupa late gande,chupa late gande,"[""chupa late gande""]",SUBENTRY,chupa,,,cuarenta,chupa late gande [b-al.b-b.a] cuarenta,,10,24,1,ZAPOTECO_ESPAÑOL,BIB003_PICKETT_VOCABULARIO,2007_FIFTH_ELECTRONIC,2013_FIFTH_ELECTRONIC_SECOND_VERSION,DOCUMENTED_UNICODE_RECONCILIATION_NOT_BYTE_EXTRACTED_2013,JUCHITAN_HISTORICAL_SOURCE,STRUCTURED_BACKFILL_V0_1
PICKETT-ZE-0350,chupa late gande chii,chupa late gande chii,chupa late gande chii,chupa late gande chii,"[""chupa late gande chii""]",SUBENTRY,chupa,,[b-al.b-b-al],cincuenta,chupa late gande chii [b-al.b-b-al],cincuenta,10,24,1,ZAPOTECO_ESPAÑOL,BIB003_PICKETT_VOCABULARIO,2007_FIFTH_ELECTRONIC,2013_FIFTH_ELECTRONIC_SECOND_VERSION,DOCUMENTED_UNICODE_RECONCILIATION_NOT_BYTE_EXTRACTED_2013,JUCHITAN_HISTORICAL_SOURCE,STRUCTURED_BACKFILL_V0_1
PICKETT-ZE-0351,chupa tiru,chupa tiru,chupa tiru,chupa tiru,"[""chupa tiru""]",SUBENTRY,chupa,,,dos veces,chupa tiru [b-a.b] dos veces,,10,24,1,ZAPOTECO_ESPAÑOL,BIB003_PICKETT_VOCABULARIO,2007_FIFTH_ELECTRONIC,2013_FIFTH_ELECTRONIC_SECOND_VERSION,DOCUMENTED_UNICODE_RECONCILIATION_NOT_BYTE_EXTRACTED_2013,JUCHITAN_HISTORICAL_SOURCE,STRUCTURED_BACKFILL_V0_1
PICKETT-ZE-0352,chura,chura,chura,chura,"[""chura""]",ENTRY,,,[a.b],"forma, modelo","chura [a.b] forma, modelo",,10,24,1,ZAPOTECO_ESPAÑOL,BIB003_PICKETT_VOCABULARIO,2007_FIFTH_ELECTRONIC,2013_FIFTH_ELECTRONIC_SECOND_VERSION,DOCUMENTED_UNICODE_RECONCILIATION_NOT_BYTE_EXTRACTED_2013,JUCHITAN_HISTORICAL_SOURCE,STRUCTURED_BACKFILL_V0_1
PICKETT-ZE-0353,da’,da’,daꞌ,daꞌ,"[""daꞌ""]",ENTRY,,,[al],haber (principalmente líquidos); infectado,da’ [al] haber (principalmente líquidos);,infectado,10,24,1,ZAPOTECO_ESPAÑOL,BIB003_PICKETT_VOCABULARIO,2007_FIFTH_ELECTRONIC,2013_FIFTH_ELECTRONIC_SECOND_VERSION,DOCUMENTED_UNICODE_RECONCILIATION_NOT_BYTE_EXTRACTED_2013,JUCHITAN_HISTORICAL_SOURCE,STRUCTURED_BACKFILL_V0_1
PICKETT-ZE-0354,ma da’,ma da’,ma daꞌ,ma daꞌ,"[""ma daꞌ""]",SUBENTRY,daꞌ,,,podrido (frutas),ma da’ [al-al] podrido (frutas),,10,24,1,ZAPOTECO_ESPAÑOL,BIB003_PICKETT_VOCABULARIO,2007_FIFTH_ELECTRONIC,2013_FIFTH_ELECTRONIC_SECOND_VERSION,DOCUMENTED_UNICODE_RECONCILIATION_NOT_BYTE_EXTRACTED_2013,JUCHITAN_HISTORICAL_SOURCE,STRUCTURED_BACKFILL_V0_1
PICKETT-ZE-0355,daa,daa,daa,daa,"[""daa""]",ENTRY,,,,"petate, estera","daa petate, estera",,10,24,1,ZAPOTECO_ESPAÑOL,BIB003_PICKETT_VOCABULARIO,2007_FIFTH_ELECTRONIC,2013_FIFTH_ELECTRONIC_SECOND_VERSION,DOCUMENTED_UNICODE_RECONCILIATION_NOT_BYTE_EXTRACTED_2013,JUCHITAN_HISTORICAL_SOURCE,STRUCTURED_BACKFILL_V0_1
PICKETT-ZE-0356,da’gu’,da’gu’,daꞌguꞌ,daꞌguꞌ,"[""daꞌguꞌ""]",ENTRY,,,,cerrado; inconciente,da’gu’ cerrado; inconciente,,10,24,1,ZAPOTECO_ESPAÑOL,BIB003_PICKETT_VOCABULARIO,2007_FIFTH_ELECTRONIC,2013_FIFTH_ELECTRONIC_SECOND_VERSION,DOCUMENTED_UNICODE_RECONCILIATION_NOT_BYTE_EXTRACTED_2013,JUCHITAN_HISTORICAL_SOURCE,STRUCTURED_BACKFILL_V0_1
PICKETT-ZE-0357,daahui,daahui,daahui,daahui,"[""daahui""]",ENTRY,,,[b.a],represa,daahui [b.a] represa,,10,24,1,ZAPOTECO_ESPAÑOL,BIB003_PICKETT_VOCABULARIO,2007_FIFTH_ELECTRONIC,2013_FIFTH_ELECTRONIC_SECOND_VERSION,DOCUMENTED_UNICODE_RECONCILIATION_NOT_BYTE_EXTRACTED_2013,JUCHITAN_HISTORICAL_SOURCE,STRUCTURED_BACKFILL_V0_1
PICKETT-ZE-0358,dama’,dama’,damaꞌ,damaꞌ,"[""damaꞌ""]",ENTRY,,,[b.al],"lechuza, tecolote","dama’ [b.al] lechuza, tecolote",,10,24,1,ZAPOTECO_ESPAÑOL,BIB003_PICKETT_VOCABULARIO,2007_FIFTH_ELECTRONIC,2013_FIFTH_ELECTRONIC_SECOND_VERSION,DOCUMENTED_UNICODE_RECONCILIATION_NOT_BYTE_EXTRACTED_2013,JUCHITAN_HISTORICAL_SOURCE,STRUCTURED_BACKFILL_V0_1
PICKETT-ZE-0359,dani,dani,dani,dani,"[""dani""]",ENTRY,,,[b.a],"cerro, colina","dani [b.a] cerro, colina",,10,24,2,ZAPOTECO_ESPAÑOL,BIB003_PICKETT_VOCABULARIO,2007_FIFTH_ELECTRONIC,2013_FIFTH_ELECTRONIC_SECOND_VERSION,DOCUMENTED_UNICODE_RECONCILIATION_NOT_BYTE_EXTRACTED_2013,JUCHITAN_HISTORICAL_SOURCE,STRUCTURED_BACKFILL_V0_1
PICKETT-ZE-0360,daya,daya,daya,daya,"[""daya""]",ENTRY,,,[b.a],dolencia reumática,daya [b.a] dolencia reumática,,10,24,2,ZAPOTECO_ESPAÑOL,BIB003_PICKETT_VOCABULARIO,2007_FIFTH_ELECTRONIC,2013_FIFTH_ELECTRONIC_SECOND_VERSION,DOCUMENTED_UNICODE_RECONCILIATION_NOT_BYTE_EXTRACTED_2013,JUCHITAN_HISTORICAL_SOURCE,STRUCTURED_BACKFILL_V0_1
PICKETT-ZE-0361,daaya,daaya,daaya,daaya,"[""daaya""]",ENTRY,,,[a],"campamocha, mantis","daaya [a] campamocha, mantis",,10,24,2,ZAPOTECO_ESPAÑOL,BIB003_PICKETT_VOCABULARIO,2007_FIFTH_ELECTRONIC,2013_FIFTH_ELECTRONIC_SECOND_VERSION,DOCUMENTED_UNICODE_RECONCILIATION_NOT_BYTE_EXTRACTED_2013,JUCHITAN_HISTORICAL_SOURCE,STRUCTURED_BACKFILL_V0_1
PICKETT-ZE-0362,daaya yaga,daaya yaga,daaya yaga,daaya yaga,"[""daaya yaga""]",ENTRY,,,[b-al.b],zacatón (insecto),daaya yaga [b-al.b] zacatón (insecto),,10,24,2,ZAPOTECO_ESPAÑOL,BIB003_PICKETT_VOCABULARIO,2007_FIFTH_ELECTRONIC,2013_FIFTH_ELECTRONIC_SECOND_VERSION,DOCUMENTED_UNICODE_RECONCILIATION_NOT_BYTE_EXTRACTED_2013,JUCHITAN_HISTORICAL_SOURCE,STRUCTURED_BACKFILL_V0_1
PICKETT-ZE-0363,de,de,de,de,"[""de""]",ENTRY,,,,procedencia,de procedencia,,10,24,2,ZAPOTECO_ESPAÑOL,BIB003_PICKETT_VOCABULARIO,2007_FIFTH_ELECTRONIC,2013_FIFTH_ELECTRONIC_SECOND_VERSION,DOCUMENTED_UNICODE_RECONCILIATION_NOT_BYTE_EXTRACTED_2013,JUCHITAN_HISTORICAL_SOURCE,STRUCTURED_BACKFILL_V0_1
PICKETT-ZE-0364,de yanna,de yanna,de yanna,de yanna,"[""de yanna""]",SUBENTRY,de,,,"todavía, hasta ahora","de yanna todavía, hasta ahora",,10,24,2,ZAPOTECO_ESPAÑOL,BIB003_PICKETT_VOCABULARIO,2007_FIFTH_ELECTRONIC,2013_FIFTH_ELECTRONIC_SECOND_VERSION,DOCUMENTED_UNICODE_RECONCILIATION_NOT_BYTE_EXTRACTED_2013,JUCHITAN_HISTORICAL_SOURCE,STRUCTURED_BACKFILL_V0_1
PICKETT-ZE-0365,de gaayu’,de gaayu’,de gaayuꞌ,de gaayuꞌ,"[""de gaayuꞌ""]",SUBENTRY,de,,,cinco centavos,de gaayu’ cinco centavos,,10,24,2,ZAPOTECO_ESPAÑOL,BIB003_PICKETT_VOCABULARIO,2007_FIFTH_ELECTRONIC,2013_FIFTH_ELECTRONIC_SECOND_VERSION,DOCUMENTED_UNICODE_RECONCILIATION_NOT_BYTE_EXTRACTED_2013,JUCHITAN_HISTORICAL_SOURCE,STRUCTURED_BACKFILL_V0_1
PICKETT-ZE-0366,dé,dé,dé,dé,"[""dé""]",ENTRY,,,,"ceniza; polvo en general, pulverizado; detergente, polvo para limpiar","dé ceniza; polvo en general, pulverizado;","detergente, polvo para limpiar",10,24,2,ZAPOTECO_ESPAÑOL,BIB003_PICKETT_VOCABULARIO,2007_FIFTH_ELECTRONIC,2013_FIFTH_ELECTRONIC_SECOND_VERSION,DOCUMENTED_UNICODE_RECONCILIATION_NOT_BYTE_EXTRACTED_2013,JUCHITAN_HISTORICAL_SOURCE,STRUCTURED_BACKFILL_V0_1
PICKETT-ZE-0367,yu dé,yu dé,yu dé,yu dé,"[""yu dé""]",SUBENTRY,dé,,,polvo que está asentado en la tierra o sobre algo,yu dé polvo que está asentado en la,tierra o sobre algo,10,24,2,ZAPOTECO_ESPAÑOL,BIB003_PICKETT_VOCABULARIO,2007_FIFTH_ELECTRONIC,2013_FIFTH_ELECTRONIC_SECOND_VERSION,DOCUMENTED_UNICODE_RECONCILIATION_NOT_BYTE_EXTRACTED_2013,JUCHITAN_HISTORICAL_SOURCE,STRUCTURED_BACKFILL_V0_1
PICKETT-ZE-0368,deche,deche,deche,deche,"[""deche""]",ENTRY,,,,"espalda, tras, atrás de, atrás","deche espalda, tras, atrás de, atrás",,10,24,2,ZAPOTECO_ESPAÑOL,BIB003_PICKETT_VOCABULARIO,2007_FIFTH_ELECTRONIC,2013_FIFTH_ELECTRONIC_SECOND_VERSION,DOCUMENTED_UNICODE_RECONCILIATION_NOT_BYTE_EXTRACTED_2013,JUCHITAN_HISTORICAL_SOURCE,STRUCTURED_BACKFILL_V0_1
PICKETT-ZE-0369,deche ca deche,deche ca deche,deche ca deche,deche ca deche,"[""deche ca deche""]",SUBENTRY,deche,,[b-b-al.b],sucesivamente,deche ca deche [b-b-al.b],sucesivamente,10,24,2,ZAPOTECO_ESPAÑOL,BIB003_PICKETT_VOCABULARIO,2007_FIFTH_ELECTRONIC,2013_FIFTH_ELECTRONIC_SECOND_VERSION,DOCUMENTED_UNICODE_RECONCILIATION_NOT_BYTE_EXTRACTED_2013,JUCHITAN_HISTORICAL_SOURCE,STRUCTURED_BACKFILL_V0_1
PICKETT-ZE-0370,deche ná,deche ná,deche ná,deche ná,"[""deche ná""]",SUBENTRY,deche,,,dorso de la mano,deche ná [b-a] dorso de la mano,,10,24,2,ZAPOTECO_ESPAÑOL,BIB003_PICKETT_VOCABULARIO,2007_FIFTH_ELECTRONIC,2013_FIFTH_ELECTRONIC_SECOND_VERSION,DOCUMENTED_UNICODE_RECONCILIATION_NOT_BYTE_EXTRACTED_2013,JUCHITAN_HISTORICAL_SOURCE,STRUCTURED_BACKFILL_V0_1
PICKETT-ZE-0371,deche tigu,deche tigu,deche tigu,deche tigu,"[""deche tigu""]",SUBENTRY,deche,,,"jorobado, corcovado","deche tigu jorobado, corcovado",,10,24,2,ZAPOTECO_ESPAÑOL,BIB003_PICKETT_VOCABULARIO,2007_FIFTH_ELECTRONIC,2013_FIFTH_ELECTRONIC_SECOND_VERSION,DOCUMENTED_UNICODE_RECONCILIATION_NOT_BYTE_EXTRACTED_2013,JUCHITAN_HISTORICAL_SOURCE,STRUCTURED_BACKFILL_V0_1
PICKETT-ZE-0372,dede,dede,dede,dede,"[""dede""]",ENTRY,,,,"desde, hasta, principio o fin de las cosas","dede desde, hasta, principio o fin de las",cosas,10,24,2,ZAPOTECO_ESPAÑOL,BIB003_PICKETT_VOCABULARIO,2007_FIFTH_ELECTRONIC,2013_FIFTH_ELECTRONIC_SECOND_VERSION,DOCUMENTED_UNICODE_RECONCILIATION_NOT_BYTE_EXTRACTED_2013,JUCHITAN_HISTORICAL_SOURCE,STRUCTURED_BACKFILL_V0_1
PICKETT-ZE-0373,de’gu’,de’gu’,deꞌguꞌ,deꞌguꞌ,"[""deꞌguꞌ""]",ENTRY,,,,cerrado,de’gu’ cerrado,,10,24,2,ZAPOTECO_ESPAÑOL,BIB003_PICKETT_VOCABULARIO,2007_FIFTH_ELECTRONIC,2013_FIFTH_ELECTRONIC_SECOND_VERSION,DOCUMENTED_UNICODE_RECONCILIATION_NOT_BYTE_EXTRACTED_2013,JUCHITAN_HISTORICAL_SOURCE,STRUCTURED_BACKFILL_V0_1
PICKETT-ZE-0374,dendxu’,dendxu’,dendxuꞌ,dendxuꞌ,"[""dendxuꞌ""]",ENTRY,,,[b.al],"borrego, oveja, carnero","dendxu’ [b.al] borrego, oveja, carnero",,10,24,2,ZAPOTECO_ESPAÑOL,BIB003_PICKETT_VOCABULARIO,2007_FIFTH_ELECTRONIC,2013_FIFTH_ELECTRONIC_SECOND_VERSION,DOCUMENTED_UNICODE_RECONCILIATION_NOT_BYTE_EXTRACTED_2013,JUCHITAN_HISTORICAL_SOURCE,STRUCTURED_BACKFILL_V0_1
PICKETT-ZE-0375,dendxu huiini’,dendxu huiini’,dendxu huiiniꞌ,dendxu huiiniꞌ,"[""dendxu huiiniꞌ""]",SUBENTRY,dendxuꞌ,,,cordero,dendxu huiini’ [b.al-b] cordero,,10,24,2,ZAPOTECO_ESPAÑOL,BIB003_PICKETT_VOCABULARIO,2007_FIFTH_ELECTRONIC,2013_FIFTH_ELECTRONIC_SECOND_VERSION,DOCUMENTED_UNICODE_RECONCILIATION_NOT_BYTE_EXTRACTED_2013,JUCHITAN_HISTORICAL_SOURCE,STRUCTURED_BACKFILL_V0_1
PICKETT-ZE-0376,dérú’,dérú’,dérúꞌ,dérúꞌ,"[""dérúꞌ""]",ENTRY,,,[b.al],"hasta ahora, apenas","dérú’ [b.al] hasta ahora, apenas",,10,24,2,ZAPOTECO_ESPAÑOL,BIB003_PICKETT_VOCABULARIO,2007_FIFTH_ELECTRONIC,2013_FIFTH_ELECTRONIC_SECOND_VERSION,DOCUMENTED_UNICODE_RECONCILIATION_NOT_BYTE_EXTRACTED_2013,JUCHITAN_HISTORICAL_SOURCE,STRUCTURED_BACKFILL_V0_1
PICKETT-ZE-0377,di,di,di,di,"[""di""]",ENTRY,,,[a],"maldición, maldito","di [a] maldición, maldito",,10,24,2,ZAPOTECO_ESPAÑOL,BIB003_PICKETT_VOCABULARIO,2007_FIFTH_ELECTRONIC,2013_FIFTH_ELECTRONIC_SECOND_VERSION,DOCUMENTED_UNICODE_RECONCILIATION_NOT_BYTE_EXTRACTED_2013,JUCHITAN_HISTORICAL_SOURCE,STRUCTURED_BACKFILL_V0_1
PICKETT-ZE-0378,di’,di’,diꞌ,diꞌ,"[""diꞌ""]",ENTRY,,,,panadizo,di’ panadizo,,10,24,2,ZAPOTECO_ESPAÑOL,BIB003_PICKETT_VOCABULARIO,2007_FIFTH_ELECTRONIC,2013_FIFTH_ELECTRONIC_SECOND_VERSION,DOCUMENTED_UNICODE_RECONCILIATION_NOT_BYTE_EXTRACTED_2013,JUCHITAN_HISTORICAL_SOURCE,STRUCTURED_BACKFILL_V0_1
PICKETT-ZE-0379,diaga,diaga,diaga,diaga,"[""diaga""]",ENTRY,,,,"oreja, oído","diaga oreja, oído",,10,24,2,ZAPOTECO_ESPAÑOL,BIB003_PICKETT_VOCABULARIO,2007_FIFTH_ELECTRONIC,2013_FIFTH_ELECTRONIC_SECOND_VERSION,DOCUMENTED_UNICODE_RECONCILIATION_NOT_BYTE_EXTRACTED_2013,JUCHITAN_HISTORICAL_SOURCE,STRUCTURED_BACKFILL_V0_1
PICKETT-ZE-0380,diaga cuaata’,diaga cuaata’,diaga cuaataꞌ,diaga cuaataꞌ,"[""diaga cuaataꞌ""]",SUBENTRY,diaga,,,sordo,diaga cuaata’ sordo,,10,24,2,ZAPOTECO_ESPAÑOL,BIB003_PICKETT_VOCABULARIO,2007_FIFTH_ELECTRONIC,2013_FIFTH_ELECTRONIC_SECOND_VERSION,DOCUMENTED_UNICODE_RECONCILIATION_NOT_BYTE_EXTRACTED_2013,JUCHITAN_HISTORICAL_SOURCE,STRUCTURED_BACKFILL_V0_1
PICKETT-ZE-0381,didi,didi,didi,didi,"[""didi""]",ENTRY,,,[b.a],"adelantado, sobresaliente, salido","didi [b.a] adelantado, sobresaliente, salido",,10,24,2,ZAPOTECO_ESPAÑOL,BIB003_PICKETT_VOCABULARIO,2007_FIFTH_ELECTRONIC,2013_FIFTH_ELECTRONIC_SECOND_VERSION,DOCUMENTED_UNICODE_RECONCILIATION_NOT_BYTE_EXTRACTED_2013,JUCHITAN_HISTORICAL_SOURCE,STRUCTURED_BACKFILL_V0_1
PICKETT-ZE-0382,diidxa’,diidxa’,diidxaꞌ,diidxaꞌ,"[""diidxaꞌ""]",ENTRY,,,,"palabra; lengua, idioma; noticia, rumor; compromiso","diidxa’ palabra; lengua, idioma; noticia,",rumor; compromiso,10,24,2,ZAPOTECO_ESPAÑOL,BIB003_PICKETT_VOCABULARIO,2007_FIFTH_ELECTRONIC,2013_FIFTH_ELECTRONIC_SECOND_VERSION,DOCUMENTED_UNICODE_RECONCILIATION_NOT_BYTE_EXTRACTED_2013,JUCHITAN_HISTORICAL_SOURCE,STRUCTURED_BACKFILL_V0_1
PICKETT-ZE-0383,didxa dxaba’,didxa dxaba’,didxa dxabaꞌ,didxa dxabaꞌ,"[""didxa dxabaꞌ""]",SUBENTRY,diidxaꞌ,,,grosería,didxa dxaba’ [b-b.al] grosería,,10,24,2,ZAPOTECO_ESPAÑOL,BIB003_PICKETT_VOCABULARIO,2007_FIFTH_ELECTRONIC,2013_FIFTH_ELECTRONIC_SECOND_VERSION,DOCUMENTED_UNICODE_RECONCILIATION_NOT_BYTE_EXTRACTED_2013,JUCHITAN_HISTORICAL_SOURCE,STRUCTURED_BACKFILL_V0_1
PICKETT-ZE-0384,didxa guela’,didxa guela’,didxa guelaꞌ,didxa guelaꞌ,"[""didxa guelaꞌ""]",SUBENTRY,diidxaꞌ,,,"español, castellano","didxa guela’ [b-b.al] español, castellano",,10,24,2,ZAPOTECO_ESPAÑOL,BIB003_PICKETT_VOCABULARIO,2007_FIFTH_ELECTRONIC,2013_FIFTH_ELECTRONIC_SECOND_VERSION,DOCUMENTED_UNICODE_RECONCILIATION_NOT_BYTE_EXTRACTED_2013,JUCHITAN_HISTORICAL_SOURCE,STRUCTURED_BACKFILL_V0_1
PICKETT-ZE-0385,didxa guidxa,didxa guidxa,didxa guidxa,didxa guidxa,"[""didxa guidxa""]",SUBENTRY,diidxaꞌ,,,"grosería, tontería","didxa guidxa [b-a.b] grosería, tontería",,10,24,2,ZAPOTECO_ESPAÑOL,BIB003_PICKETT_VOCABULARIO,2007_FIFTH_ELECTRONIC,2013_FIFTH_ELECTRONIC_SECOND_VERSION,DOCUMENTED_UNICODE_RECONCILIATION_NOT_BYTE_EXTRACTED_2013,JUCHITAN_HISTORICAL_SOURCE,STRUCTURED_BACKFILL_V0_1
PICKETT-ZE-0386,didxastiá,didxastiá,didxastiá,didxastiá,"[""didxastiá""]",ENTRY,,,,"español, castellano","didxastiá [b.b.al] español, castellano",,10,24,2,ZAPOTECO_ESPAÑOL,BIB003_PICKETT_VOCABULARIO,2007_FIFTH_ELECTRONIC,2013_FIFTH_ELECTRONIC_SECOND_VERSION,DOCUMENTED_UNICODE_RECONCILIATION_NOT_BYTE_EXTRACTED_2013,JUCHITAN_HISTORICAL_SOURCE,STRUCTURED_BACKFILL_V0_1
PICKETT-ZE-0387,didxazá,didxazá,didxazá,didxazá,"[""didxazá""]",ENTRY,,,,idioma zapoteco,didxazá idioma zapoteco,,10,24,2,ZAPOTECO_ESPAÑOL,BIB003_PICKETT_VOCABULARIO,2007_FIFTH_ELECTRONIC,2013_FIFTH_ELECTRONIC_SECOND_VERSION,DOCUMENTED_UNICODE_RECONCILIATION_NOT_BYTE_EXTRACTED_2013,JUCHITAN_HISTORICAL_SOURCE,STRUCTURED_BACKFILL_V0_1
PICKETT-ZE-0388,die’,die’,dieꞌ,dieꞌ,"[""dieꞌ""]",ENTRY,,,[al],pintado,die’ [al] pintado,,10,24,2,ZAPOTECO_ESPAÑOL,BIB003_PICKETT_VOCABULARIO,2007_FIFTH_ELECTRONIC,2013_FIFTH_ELECTRONIC_SECOND_VERSION,DOCUMENTED_UNICODE_RECONCILIATION_NOT_BYTE_EXTRACTED_2013,JUCHITAN_HISTORICAL_SOURCE,STRUCTURED_BACKFILL_V0_1
PICKETT-ZE-0389,diiñe’,diiñe’,diiñeꞌ,diiñeꞌ,"[""diiñeꞌ""]",ENTRY,,,,"préstamo, deuda","diiñe’ préstamo, deuda",,10,24,2,ZAPOTECO_ESPAÑOL,BIB003_PICKETT_VOCABULARIO,2007_FIFTH_ELECTRONIC,2013_FIFTH_ELECTRONIC_SECOND_VERSION,DOCUMENTED_UNICODE_RECONCILIATION_NOT_BYTE_EXTRACTED_2013,JUCHITAN_HISTORICAL_SOURCE,STRUCTURED_BACKFILL_V0_1
PICKETT-ZE-0390,diti’,diti’,ditiꞌ,ditiꞌ,"[""ditiꞌ""]",ENTRY,,,[b.al],"cocoyuche, coruco","diti’ [b.al] cocoyuche, coruco",,11,25,1,ZAPOTECO_ESPAÑOL,BIB003_PICKETT_VOCABULARIO,2007_FIFTH_ELECTRONIC,2013_FIFTH_ELECTRONIC_SECOND_VERSION,DOCUMENTED_UNICODE_RECONCILIATION_NOT_BYTE_EXTRACTED_2013,JUCHITAN_HISTORICAL_SOURCE,STRUCTURED_BACKFILL_V0_1
PICKETT-ZE-0391,Diuxi,Diuxi,Diuxi,Diuxi,"[""Diuxi""]",ENTRY,,,[al.b],Dios,Diuxi [al.b] Dios,,11,25,1,ZAPOTECO_ESPAÑOL,BIB003_PICKETT_VOCABULARIO,2007_FIFTH_ELECTRONIC,2013_FIFTH_ELECTRONIC_SECOND_VERSION,DOCUMENTED_UNICODE_RECONCILIATION_NOT_BYTE_EXTRACTED_2013,JUCHITAN_HISTORICAL_SOURCE,STRUCTURED_BACKFILL_V0_1
PICKETT-ZE-0392,diuxi,diuxi,diuxi,diuxi,"[""diuxi""]",ENTRY,,,[al.b],saludos,diuxi [al.b] saludos,,11,25,1,ZAPOTECO_ESPAÑOL,BIB003_PICKETT_VOCABULARIO,2007_FIFTH_ELECTRONIC,2013_FIFTH_ELECTRONIC_SECOND_VERSION,DOCUMENTED_UNICODE_RECONCILIATION_NOT_BYTE_EXTRACTED_2013,JUCHITAN_HISTORICAL_SOURCE,STRUCTURED_BACKFILL_V0_1
PICKETT-ZE-0393,doo,doo,doo,doo,"[""doo""]",ENTRY,,,,"mecate, cuerda","doo mecate, cuerda",,11,25,1,ZAPOTECO_ESPAÑOL,BIB003_PICKETT_VOCABULARIO,2007_FIFTH_ELECTRONIC,2013_FIFTH_ELECTRONIC_SECOND_VERSION,DOCUMENTED_UNICODE_RECONCILIATION_NOT_BYTE_EXTRACTED_2013,JUCHITAN_HISTORICAL_SOURCE,STRUCTURED_BACKFILL_V0_1
PICKETT-ZE-0394,doo dxita,doo dxita,doo dxita,doo dxita,"[""doo dxita""]",SUBENTRY,doo,,,huevera,doo dxita huevera,,11,25,1,ZAPOTECO_ESPAÑOL,BIB003_PICKETT_VOCABULARIO,2007_FIFTH_ELECTRONIC,2013_FIFTH_ELECTRONIC_SECOND_VERSION,DOCUMENTED_UNICODE_RECONCILIATION_NOT_BYTE_EXTRACTED_2013,JUCHITAN_HISTORICAL_SOURCE,STRUCTURED_BACKFILL_V0_1
PICKETT-ZE-0395,doo randa lari,doo randa lari,doo randa lari,doo randa lari,"[""doo randa lari""]",SUBENTRY,doo,,,tendedero,doo randa lari [b-b-al.b] tendedero,,11,25,1,ZAPOTECO_ESPAÑOL,BIB003_PICKETT_VOCABULARIO,2007_FIFTH_ELECTRONIC,2013_FIFTH_ELECTRONIC_SECOND_VERSION,DOCUMENTED_UNICODE_RECONCILIATION_NOT_BYTE_EXTRACTED_2013,JUCHITAN_HISTORICAL_SOURCE,STRUCTURED_BACKFILL_V0_1
PICKETT-ZE-0396,doo xqui’,doo xqui’,doo xquiꞌ,doo xquiꞌ,"[""doo xquiꞌ""]",SUBENTRY,doo,,,"tripa, intestino","doo xqui’ tripa, intestino",,11,25,1,ZAPOTECO_ESPAÑOL,BIB003_PICKETT_VOCABULARIO,2007_FIFTH_ELECTRONIC,2013_FIFTH_ELECTRONIC_SECOND_VERSION,DOCUMENTED_UNICODE_RECONCILIATION_NOT_BYTE_EXTRACTED_2013,JUCHITAN_HISTORICAL_SOURCE,STRUCTURED_BACKFILL_V0_1
PICKETT-ZE-0397,doo yoo,doo yoo,doo yoo,doo yoo,"[""doo yoo""]",SUBENTRY,doo,,,placenta,doo yoo placenta,,11,25,1,ZAPOTECO_ESPAÑOL,BIB003_PICKETT_VOCABULARIO,2007_FIFTH_ELECTRONIC,2013_FIFTH_ELECTRONIC_SECOND_VERSION,DOCUMENTED_UNICODE_RECONCILIATION_NOT_BYTE_EXTRACTED_2013,JUCHITAN_HISTORICAL_SOURCE,STRUCTURED_BACKFILL_V0_1
PICKETT-ZE-0398,doo yonde,doo yonde,doo yonde,doo yonde,"[""doo yonde""]",SUBENTRY,doo,,,"mecha, pabilo de la vela","doo yonde mecha, pabilo de la vela",,11,25,1,ZAPOTECO_ESPAÑOL,BIB003_PICKETT_VOCABULARIO,2007_FIFTH_ELECTRONIC,2013_FIFTH_ELECTRONIC_SECOND_VERSION,DOCUMENTED_UNICODE_RECONCILIATION_NOT_BYTE_EXTRACTED_2013,JUCHITAN_HISTORICAL_SOURCE,STRUCTURED_BACKFILL_V0_1
PICKETT-ZE-0399,domi’,domi’,domiꞌ,domiꞌ,"[""domiꞌ""]",ENTRY,,,[b.al],real (moneda),domi’ [b.al] real (moneda),,11,25,1,ZAPOTECO_ESPAÑOL,BIB003_PICKETT_VOCABULARIO,2007_FIFTH_ELECTRONIC,2013_FIFTH_ELECTRONIC_SECOND_VERSION,DOCUMENTED_UNICODE_RECONCILIATION_NOT_BYTE_EXTRACTED_2013,JUCHITAN_HISTORICAL_SOURCE,STRUCTURED_BACKFILL_V0_1
PICKETT-ZE-0400,chupa domi’,chupa domi’,chupa domiꞌ,chupa domiꞌ,"[""chupa domiꞌ""]",SUBENTRY,domiꞌ,,,"dos reales, 25 centavos","chupa domi’ [b-b.al] dos reales, 25",centavos,11,25,1,ZAPOTECO_ESPAÑOL,BIB003_PICKETT_VOCABULARIO,2007_FIFTH_ELECTRONIC,2013_FIFTH_ELECTRONIC_SECOND_VERSION,DOCUMENTED_UNICODE_RECONCILIATION_NOT_BYTE_EXTRACTED_2013,JUCHITAN_HISTORICAL_SOURCE,STRUCTURED_BACKFILL_V0_1
PICKETT-ZE-0401,tapa domi’,tapa domi’,tapa domiꞌ,tapa domiꞌ,"[""tapa domiꞌ""]",SUBENTRY,domiꞌ,,,"cuatro reales, 50 centavos","tapa domi’ [b-b.al] cuatro reales, 50",centavos,11,25,1,ZAPOTECO_ESPAÑOL,BIB003_PICKETT_VOCABULARIO,2007_FIFTH_ELECTRONIC,2013_FIFTH_ELECTRONIC_SECOND_VERSION,DOCUMENTED_UNICODE_RECONCILIATION_NOT_BYTE_EXTRACTED_2013,JUCHITAN_HISTORICAL_SOURCE,STRUCTURED_BACKFILL_V0_1
PICKETT-ZE-0402,xhoopa domi’,xhoopa domi’,xhoopa domiꞌ,xhoopa domiꞌ,"[""xhoopa domiꞌ""]",SUBENTRY,domiꞌ,,,"seis reales, 75 centavos","xhoopa domi’ [b-b.al] seis reales, 75",centavos,11,25,1,ZAPOTECO_ESPAÑOL,BIB003_PICKETT_VOCABULARIO,2007_FIFTH_ELECTRONIC,2013_FIFTH_ELECTRONIC_SECOND_VERSION,DOCUMENTED_UNICODE_RECONCILIATION_NOT_BYTE_EXTRACTED_2013,JUCHITAN_HISTORICAL_SOURCE,STRUCTURED_BACKFILL_V0_1
PICKETT-ZE-0403,chii domi’,chii domi’,chii domiꞌ,chii domiꞌ,"[""chii domiꞌ""]",SUBENTRY,domiꞌ,,,"diez reales, $1.25","chii domi’ [b-b.al] diez reales, $1.25",,11,25,1,ZAPOTECO_ESPAÑOL,BIB003_PICKETT_VOCABULARIO,2007_FIFTH_ELECTRONIC,2013_FIFTH_ELECTRONIC_SECOND_VERSION,DOCUMENTED_UNICODE_RECONCILIATION_NOT_BYTE_EXTRACTED_2013,JUCHITAN_HISTORICAL_SOURCE,STRUCTURED_BACKFILL_V0_1
PICKETT-ZE-0404,gande domi’,gande domi’,gande domiꞌ,gande domiꞌ,"[""gande domiꞌ""]",SUBENTRY,domiꞌ,,,"veinte reales, $2.50","gande domi’ [b-b.al] veinte reales,",$2.50,11,25,1,ZAPOTECO_ESPAÑOL,BIB003_PICKETT_VOCABULARIO,2007_FIFTH_ELECTRONIC,2013_FIFTH_ELECTRONIC_SECOND_VERSION,DOCUMENTED_UNICODE_RECONCILIATION_NOT_BYTE_EXTRACTED_2013,JUCHITAN_HISTORICAL_SOURCE,STRUCTURED_BACKFILL_V0_1
PICKETT-ZE-0405,donda,donda,donda,donda,"[""donda""]",ENTRY,,,,culpa,donda culpa,,11,25,1,ZAPOTECO_ESPAÑOL,BIB003_PICKETT_VOCABULARIO,2007_FIFTH_ELECTRONIC,2013_FIFTH_ELECTRONIC_SECOND_VERSION,DOCUMENTED_UNICODE_RECONCILIATION_NOT_BYTE_EXTRACTED_2013,JUCHITAN_HISTORICAL_SOURCE,STRUCTURED_BACKFILL_V0_1
PICKETT-ZE-0406,dondo,dondo,dondo,dondo,"[""dondo""]",ENTRY,,,,espeso,dondo espeso,,11,25,1,ZAPOTECO_ESPAÑOL,BIB003_PICKETT_VOCABULARIO,2007_FIFTH_ELECTRONIC,2013_FIFTH_ELECTRONIC_SECOND_VERSION,DOCUMENTED_UNICODE_RECONCILIATION_NOT_BYTE_EXTRACTED_2013,JUCHITAN_HISTORICAL_SOURCE,STRUCTURED_BACKFILL_V0_1
PICKETT-ZE-0407,Doña,Doña,Doña,Doña,"[""Doña""]",ENTRY,,,,"Doña, Señora (Se usa solamente con nombres en español, por ej.: Doña Joaquina)","Doña Doña, Señora (Se usa solamente con","nombres en español, por ej.: Doña Joaquina)",11,25,1,ZAPOTECO_ESPAÑOL,BIB003_PICKETT_VOCABULARIO,2007_FIFTH_ELECTRONIC,2013_FIFTH_ELECTRONIC_SECOND_VERSION,DOCUMENTED_UNICODE_RECONCILIATION_NOT_BYTE_EXTRACTED_2013,JUCHITAN_HISTORICAL_SOURCE,STRUCTURED_BACKFILL_V0_1
PICKETT-ZE-0408,dopa,dopa,dopa,dopa,"[""dopa""]",ENTRY,,,[a],enrollado,dopa [a] enrollado,,11,25,1,ZAPOTECO_ESPAÑOL,BIB003_PICKETT_VOCABULARIO,2007_FIFTH_ELECTRONIC,2013_FIFTH_ELECTRONIC_SECOND_VERSION,DOCUMENTED_UNICODE_RECONCILIATION_NOT_BYTE_EXTRACTED_2013,JUCHITAN_HISTORICAL_SOURCE,STRUCTURED_BACKFILL_V0_1
PICKETT-ZE-0409,du,du,du,du,"[""du""]",ENTRY,,,,flor del maíz,du flor del maíz,,11,25,1,ZAPOTECO_ESPAÑOL,BIB003_PICKETT_VOCABULARIO,2007_FIFTH_ELECTRONIC,2013_FIFTH_ELECTRONIC_SECOND_VERSION,DOCUMENTED_UNICODE_RECONCILIATION_NOT_BYTE_EXTRACTED_2013,JUCHITAN_HISTORICAL_SOURCE,STRUCTURED_BACKFILL_V0_1
PICKETT-ZE-0410,duba,duba,duba,duba,"[""duba""]",ENTRY,,,[b.a],maguey,duba [b.a] maguey,,11,25,1,ZAPOTECO_ESPAÑOL,BIB003_PICKETT_VOCABULARIO,2007_FIFTH_ELECTRONIC,2013_FIFTH_ELECTRONIC_SECOND_VERSION,DOCUMENTED_UNICODE_RECONCILIATION_NOT_BYTE_EXTRACTED_2013,JUCHITAN_HISTORICAL_SOURCE,STRUCTURED_BACKFILL_V0_1
PICKETT-ZE-0411,duuba’,duuba’,duubaꞌ,duubaꞌ,"[""duubaꞌ""]",ENTRY,,,,huella,duuba’ huella,,11,25,1,ZAPOTECO_ESPAÑOL,BIB003_PICKETT_VOCABULARIO,2007_FIFTH_ELECTRONIC,2013_FIFTH_ELECTRONIC_SECOND_VERSION,DOCUMENTED_UNICODE_RECONCILIATION_NOT_BYTE_EXTRACTED_2013,JUCHITAN_HISTORICAL_SOURCE,STRUCTURED_BACKFILL_V0_1
PICKETT-ZE-0412,duubi’,duubi’,duubiꞌ,duubiꞌ,"[""duubiꞌ""]",ENTRY,,,,pluma de un pájaro,duubi’ pluma de un pájaro,,11,25,1,ZAPOTECO_ESPAÑOL,BIB003_PICKETT_VOCABULARIO,2007_FIFTH_ELECTRONIC,2013_FIFTH_ELECTRONIC_SECOND_VERSION,DOCUMENTED_UNICODE_RECONCILIATION_NOT_BYTE_EXTRACTED_2013,JUCHITAN_HISTORICAL_SOURCE,STRUCTURED_BACKFILL_V0_1
PICKETT-ZE-0413,dudu,dudu,dudu,dudu,"[""dudu""]",ENTRY,,,[a],pito de palma,dudu [a] pito de palma,,11,25,1,ZAPOTECO_ESPAÑOL,BIB003_PICKETT_VOCABULARIO,2007_FIFTH_ELECTRONIC,2013_FIFTH_ELECTRONIC_SECOND_VERSION,DOCUMENTED_UNICODE_RECONCILIATION_NOT_BYTE_EXTRACTED_2013,JUCHITAN_HISTORICAL_SOURCE,STRUCTURED_BACKFILL_V0_1
PICKETT-ZE-0414,du’ga’,du’ga’,duꞌgaꞌ,duꞌgaꞌ,"[""duꞌgaꞌ""]",ENTRY,,,,"higo, amate","du’ga’ higo, amate",,11,25,1,ZAPOTECO_ESPAÑOL,BIB003_PICKETT_VOCABULARIO,2007_FIFTH_ELECTRONIC,2013_FIFTH_ELECTRONIC_SECOND_VERSION,DOCUMENTED_UNICODE_RECONCILIATION_NOT_BYTE_EXTRACTED_2013,JUCHITAN_HISTORICAL_SOURCE,STRUCTURED_BACKFILL_V0_1
PICKETT-ZE-0415,dunabé,dunabé,dunabé,dunabé,"[""dunabé""]",ENTRY,,,[al],muy,dunabé [al] muy,,11,25,1,ZAPOTECO_ESPAÑOL,BIB003_PICKETT_VOCABULARIO,2007_FIFTH_ELECTRONIC,2013_FIFTH_ELECTRONIC_SECOND_VERSION,DOCUMENTED_UNICODE_RECONCILIATION_NOT_BYTE_EXTRACTED_2013,JUCHITAN_HISTORICAL_SOURCE,STRUCTURED_BACKFILL_V0_1
PICKETT-ZE-0416,duuza’,duuza’,duuzaꞌ,duuzaꞌ,"[""duuzaꞌ""]",ENTRY,,,,planta de maíz tierna,duuza’ planta de maíz tierna,,11,25,1,ZAPOTECO_ESPAÑOL,BIB003_PICKETT_VOCABULARIO,2007_FIFTH_ELECTRONIC,2013_FIFTH_ELECTRONIC_SECOND_VERSION,DOCUMENTED_UNICODE_RECONCILIATION_NOT_BYTE_EXTRACTED_2013,JUCHITAN_HISTORICAL_SOURCE,STRUCTURED_BACKFILL_V0_1
PICKETT-ZE-0417,dxa’,dxa’,dxaꞌ,dxaꞌ,"[""dxaꞌ""]",ENTRY,,,[a],lleno,dxa’ [a] lleno,,11,25,1,ZAPOTECO_ESPAÑOL,BIB003_PICKETT_VOCABULARIO,2007_FIFTH_ELECTRONIC,2013_FIFTH_ELECTRONIC_SECOND_VERSION,DOCUMENTED_UNICODE_RECONCILIATION_NOT_BYTE_EXTRACTED_2013,JUCHITAN_HISTORICAL_SOURCE,STRUCTURED_BACKFILL_V0_1
PICKETT-ZE-0418,dxa gui,dxa gui,dxa gui,dxa gui,"[""dxa gui""]",SUBENTRY,dxaꞌ,,,"hinchado, inflamado","dxa gui [a-b] hinchado, inflamado",,11,25,1,ZAPOTECO_ESPAÑOL,BIB003_PICKETT_VOCABULARIO,2007_FIFTH_ELECTRONIC,2013_FIFTH_ELECTRONIC_SECOND_VERSION,DOCUMENTED_UNICODE_RECONCILIATION_NOT_BYTE_EXTRACTED_2013,JUCHITAN_HISTORICAL_SOURCE,STRUCTURED_BACKFILL_V0_1
PICKETT-ZE-0419,"dxa tiicu, dxa tipa","dxa tiicu, dxa tipa","dxa tiicu, dxa tipa",dxa tiicu,"[""dxa tiicu"", ""dxa tipa""]",SUBENTRY,dxaꞌ,,[a-a],llenísimo,"dxa tiicu [a-a], dxa tipa [a-b] llenísimo",,11,25,1,ZAPOTECO_ESPAÑOL,BIB003_PICKETT_VOCABULARIO,2007_FIFTH_ELECTRONIC,2013_FIFTH_ELECTRONIC_SECOND_VERSION,DOCUMENTED_UNICODE_RECONCILIATION_NOT_BYTE_EXTRACTED_2013,JUCHITAN_HISTORICAL_SOURCE,STRUCTURED_BACKFILL_V0_1
PICKETT-ZE-0420,dxaaga,dxaaga,dxaaga,dxaaga,"[""dxaaga""]",ENTRY,,,[a],"contiguo, pegado, asociado, estar junto","dxaaga [a] contiguo, pegado, asociado,",estar junto,11,25,2,ZAPOTECO_ESPAÑOL,BIB003_PICKETT_VOCABULARIO,2007_FIFTH_ELECTRONIC,2013_FIFTH_ELECTRONIC_SECOND_VERSION,DOCUMENTED_UNICODE_RECONCILIATION_NOT_BYTE_EXTRACTED_2013,JUCHITAN_HISTORICAL_SOURCE,STRUCTURED_BACKFILL_V0_1
PICKETT-ZE-0421,dxandí’,dxandí’,dxandíꞌ,dxandíꞌ,"[""dxandíꞌ""]",ENTRY,,,[b.a],"cierto, verdad, efectivamente, de veras","dxandí’ [b.a] cierto, verdad, efectivamente,",de veras,11,25,2,ZAPOTECO_ESPAÑOL,BIB003_PICKETT_VOCABULARIO,2007_FIFTH_ELECTRONIC,2013_FIFTH_ELECTRONIC_SECOND_VERSION,DOCUMENTED_UNICODE_RECONCILIATION_NOT_BYTE_EXTRACTED_2013,JUCHITAN_HISTORICAL_SOURCE,STRUCTURED_BACKFILL_V0_1
PICKETT-ZE-0422,dxapa huiini’,dxapa huiini’,dxapa huiiniꞌ,dxapa huiiniꞌ,"[""dxapa huiiniꞌ""]",ENTRY,,,,"muchachita, niña, jovencita","dxapa huiini’ muchachita, niña, jovencita",,11,25,2,ZAPOTECO_ESPAÑOL,BIB003_PICKETT_VOCABULARIO,2007_FIFTH_ELECTRONIC,2013_FIFTH_ELECTRONIC_SECOND_VERSION,DOCUMENTED_UNICODE_RECONCILIATION_NOT_BYTE_EXTRACTED_2013,JUCHITAN_HISTORICAL_SOURCE,STRUCTURED_BACKFILL_V0_1
PICKETT-ZE-0423,dxe,dxe,dxe,dxe,"[""dxe""]",ENTRY,,,[al],(vocativo) ¡muchacho!,dxe [al] (vocativo) ¡muchacho!,,11,25,2,ZAPOTECO_ESPAÑOL,BIB003_PICKETT_VOCABULARIO,2007_FIFTH_ELECTRONIC,2013_FIFTH_ELECTRONIC_SECOND_VERSION,DOCUMENTED_UNICODE_RECONCILIATION_NOT_BYTE_EXTRACTED_2013,JUCHITAN_HISTORICAL_SOURCE,STRUCTURED_BACKFILL_V0_1
PICKETT-ZE-0424,dxi,dxi,dxi,dxi,"[""dxi""]",ENTRY,,,,día; (conj) cuando,dxi día; (conj) cuando,,11,25,2,ZAPOTECO_ESPAÑOL,BIB003_PICKETT_VOCABULARIO,2007_FIFTH_ELECTRONIC,2013_FIFTH_ELECTRONIC_SECOND_VERSION,DOCUMENTED_UNICODE_RECONCILIATION_NOT_BYTE_EXTRACTED_2013,JUCHITAN_HISTORICAL_SOURCE,STRUCTURED_BACKFILL_V0_1
PICKETT-ZE-0425,dxí,dxí,dxí,dxí,"[""dxí""]",ENTRY,,,[a],quieto,dxí [a] quieto,,11,25,2,ZAPOTECO_ESPAÑOL,BIB003_PICKETT_VOCABULARIO,2007_FIFTH_ELECTRONIC,2013_FIFTH_ELECTRONIC_SECOND_VERSION,DOCUMENTED_UNICODE_RECONCILIATION_NOT_BYTE_EXTRACTED_2013,JUCHITAN_HISTORICAL_SOURCE,STRUCTURED_BACKFILL_V0_1
PICKETT-ZE-0426,dxi’,dxi’,dxiꞌ,dxiꞌ,"[""dxiꞌ""]",ENTRY,,,[al],"tapado, cubierto","dxi’ [al] tapado, cubierto",,11,25,2,ZAPOTECO_ESPAÑOL,BIB003_PICKETT_VOCABULARIO,2007_FIFTH_ELECTRONIC,2013_FIFTH_ELECTRONIC_SECOND_VERSION,DOCUMENTED_UNICODE_RECONCILIATION_NOT_BYTE_EXTRACTED_2013,JUCHITAN_HISTORICAL_SOURCE,STRUCTURED_BACKFILL_V0_1
PICKETT-ZE-0427,dxia,dxia,dxia,dxia,"[""dxia""]",ENTRY,,,,comal,dxia comal,,11,25,2,ZAPOTECO_ESPAÑOL,BIB003_PICKETT_VOCABULARIO,2007_FIFTH_ELECTRONIC,2013_FIFTH_ELECTRONIC_SECOND_VERSION,DOCUMENTED_UNICODE_RECONCILIATION_NOT_BYTE_EXTRACTED_2013,JUCHITAN_HISTORICAL_SOURCE,STRUCTURED_BACKFILL_V0_1
PICKETT-ZE-0428,dxiba,dxiba,dxiba,dxiba,"[""dxiba""]",ENTRY,,,[b.a],bastidor para bordar; tablita para bailar el trompo,dxiba [b.a] bastidor para bordar; tablita,para bailar el trompo,11,25,2,ZAPOTECO_ESPAÑOL,BIB003_PICKETT_VOCABULARIO,2007_FIFTH_ELECTRONIC,2013_FIFTH_ELECTRONIC_SECOND_VERSION,DOCUMENTED_UNICODE_RECONCILIATION_NOT_BYTE_EXTRACTED_2013,JUCHITAN_HISTORICAL_SOURCE,STRUCTURED_BACKFILL_V0_1
PICKETT-ZE-0429,dxi’ba’,dxi’ba’,dxiꞌbaꞌ,dxiꞌbaꞌ,"[""dxiꞌbaꞌ""]",ENTRY,,,[al.b],"montado, subido","dxi’ba’ [al.b] montado, subido",,11,25,2,ZAPOTECO_ESPAÑOL,BIB003_PICKETT_VOCABULARIO,2007_FIFTH_ELECTRONIC,2013_FIFTH_ELECTRONIC_SECOND_VERSION,DOCUMENTED_UNICODE_RECONCILIATION_NOT_BYTE_EXTRACTED_2013,JUCHITAN_HISTORICAL_SOURCE,STRUCTURED_BACKFILL_V0_1
PICKETT-ZE-0430,dxiibi,dxiibi,dxiibi,dxiibi,"[""dxiibi""]",ENTRY,,,[a],"espanto, enfermedad provocada por el susto","dxiibi [a] espanto, enfermedad provocada",por el susto,11,25,2,ZAPOTECO_ESPAÑOL,BIB003_PICKETT_VOCABULARIO,2007_FIFTH_ELECTRONIC,2013_FIFTH_ELECTRONIC_SECOND_VERSION,DOCUMENTED_UNICODE_RECONCILIATION_NOT_BYTE_EXTRACTED_2013,JUCHITAN_HISTORICAL_SOURCE,STRUCTURED_BACKFILL_V0_1
PICKETT-ZE-0431,dxiichi’,dxiichi’,dxiichiꞌ,dxiichiꞌ,"[""dxiichiꞌ""]",ENTRY,,,,"apretado, fuerte","dxiichi’ apretado, fuerte",,11,25,2,ZAPOTECO_ESPAÑOL,BIB003_PICKETT_VOCABULARIO,2007_FIFTH_ELECTRONIC,2013_FIFTH_ELECTRONIC_SECOND_VERSION,DOCUMENTED_UNICODE_RECONCILIATION_NOT_BYTE_EXTRACTED_2013,JUCHITAN_HISTORICAL_SOURCE,STRUCTURED_BACKFILL_V0_1
PICKETT-ZE-0432,dxidxigá,dxidxigá,dxidxigá,dxidxigá,"[""dxidxigá""]",ENTRY,,,[b.b.al],"silenciosamente, en secreto, sigilosamente","dxidxigá [b.b.al] silenciosamente, en","secreto, sigilosamente",11,25,2,ZAPOTECO_ESPAÑOL,BIB003_PICKETT_VOCABULARIO,2007_FIFTH_ELECTRONIC,2013_FIFTH_ELECTRONIC_SECOND_VERSION,DOCUMENTED_UNICODE_RECONCILIATION_NOT_BYTE_EXTRACTED_2013,JUCHITAN_HISTORICAL_SOURCE,STRUCTURED_BACKFILL_V0_1
PICKETT-ZE-0433,dxiña,dxiña,dxiña,dxiña,"[""dxiña""]",ENTRY,,,,"azúcar, dulce","dxiña azúcar, dulce",,11,25,2,ZAPOTECO_ESPAÑOL,BIB003_PICKETT_VOCABULARIO,2007_FIFTH_ELECTRONIC,2013_FIFTH_ELECTRONIC_SECOND_VERSION,DOCUMENTED_UNICODE_RECONCILIATION_NOT_BYTE_EXTRACTED_2013,JUCHITAN_HISTORICAL_SOURCE,STRUCTURED_BACKFILL_V0_1
PICKETT-ZE-0434,dxiña yaga,dxiña yaga,dxiña yaga,dxiña yaga,"[""dxiña yaga""]",SUBENTRY,dxiña,,,miel de colmena,dxiña yaga miel de colmena,,11,25,2,ZAPOTECO_ESPAÑOL,BIB003_PICKETT_VOCABULARIO,2007_FIFTH_ELECTRONIC,2013_FIFTH_ELECTRONIC_SECOND_VERSION,DOCUMENTED_UNICODE_RECONCILIATION_NOT_BYTE_EXTRACTED_2013,JUCHITAN_HISTORICAL_SOURCE,STRUCTURED_BACKFILL_V0_1
PICKETT-ZE-0435,dxiiña’,dxiiña’,dxiiñaꞌ,dxiiñaꞌ,"[""dxiiñaꞌ""]",ENTRY,,,,"trabajo, labor, oficio; dificultad","dxiiña’ trabajo, labor, oficio; dificultad",,11,25,2,ZAPOTECO_ESPAÑOL,BIB003_PICKETT_VOCABULARIO,2007_FIFTH_ELECTRONIC,2013_FIFTH_ELECTRONIC_SECOND_VERSION,DOCUMENTED_UNICODE_RECONCILIATION_NOT_BYTE_EXTRACTED_2013,JUCHITAN_HISTORICAL_SOURCE,STRUCTURED_BACKFILL_V0_1
PICKETT-ZE-0436,dxita,dxita,dxita,dxita,"[""dxita""]",ENTRY,,,,hueso; huevo,dxita hueso; huevo,,11,25,2,ZAPOTECO_ESPAÑOL,BIB003_PICKETT_VOCABULARIO,2007_FIFTH_ELECTRONIC,2013_FIFTH_ELECTRONIC_SECOND_VERSION,DOCUMENTED_UNICODE_RECONCILIATION_NOT_BYTE_EXTRACTED_2013,JUCHITAN_HISTORICAL_SOURCE,STRUCTURED_BACKFILL_V0_1
PICKETT-ZE-0437,dxita baala,dxita baala,dxita baala,dxita baala,"[""dxita baala""]",SUBENTRY,dxita,,,"tibia, fémur (huesos de la pierna)","dxita baala [b-a] tibia, fémur (huesos",de la pierna),11,25,2,ZAPOTECO_ESPAÑOL,BIB003_PICKETT_VOCABULARIO,2007_FIFTH_ELECTRONIC,2013_FIFTH_ELECTRONIC_SECOND_VERSION,DOCUMENTED_UNICODE_RECONCILIATION_NOT_BYTE_EXTRACTED_2013,JUCHITAN_HISTORICAL_SOURCE,STRUCTURED_BACKFILL_V0_1
PICKETT-ZE-0438,dxita bere,dxita bere,dxita bere,dxita bere,"[""dxita bere""]",SUBENTRY,dxita,,,huevo,dxita bere huevo,,11,25,2,ZAPOTECO_ESPAÑOL,BIB003_PICKETT_VOCABULARIO,2007_FIFTH_ELECTRONIC,2013_FIFTH_ELECTRONIC_SECOND_VERSION,DOCUMENTED_UNICODE_RECONCILIATION_NOT_BYTE_EXTRACTED_2013,JUCHITAN_HISTORICAL_SOURCE,STRUCTURED_BACKFILL_V0_1
PICKETT-ZE-0439,dxita bigá’ yanni,dxita bigá’ yanni,dxita bigáꞌ yanni,dxita bigáꞌ yanni,"[""dxita bigáꞌ yanni""]",SUBENTRY,dxita,,,clavícula,dxita bigá’ yanni clavícula,,11,25,2,ZAPOTECO_ESPAÑOL,BIB003_PICKETT_VOCABULARIO,2007_FIFTH_ELECTRONIC,2013_FIFTH_ELECTRONIC_SECOND_VERSION,DOCUMENTED_UNICODE_RECONCILIATION_NOT_BYTE_EXTRACTED_2013,JUCHITAN_HISTORICAL_SOURCE,STRUCTURED_BACKFILL_V0_1
PICKETT-ZE-0440,dxita caniá,dxita caniá,dxita caniá,dxita caniá,"[""dxita caniá""]",SUBENTRY,dxita,,,espinilla,dxita caniá espinilla,,11,25,2,ZAPOTECO_ESPAÑOL,BIB003_PICKETT_VOCABULARIO,2007_FIFTH_ELECTRONIC,2013_FIFTH_ELECTRONIC_SECOND_VERSION,DOCUMENTED_UNICODE_RECONCILIATION_NOT_BYTE_EXTRACTED_2013,JUCHITAN_HISTORICAL_SOURCE,STRUCTURED_BACKFILL_V0_1
PICKETT-ZE-0441,dxita deche,dxita deche,dxita deche,dxita deche,"[""dxita deche""]",SUBENTRY,dxita,,,vértebra,dxita deche vértebra,,11,25,2,ZAPOTECO_ESPAÑOL,BIB003_PICKETT_VOCABULARIO,2007_FIFTH_ELECTRONIC,2013_FIFTH_ELECTRONIC_SECOND_VERSION,DOCUMENTED_UNICODE_RECONCILIATION_NOT_BYTE_EXTRACTED_2013,JUCHITAN_HISTORICAL_SOURCE,STRUCTURED_BACKFILL_V0_1
PICKETT-ZE-0442,dxita paleta,dxita paleta,dxita paleta,dxita paleta,"[""dxita paleta""]",SUBENTRY,dxita,,,omóplato de un animal,dxita paleta [b-b.a.b] omóplato de un,animal,11,25,2,ZAPOTECO_ESPAÑOL,BIB003_PICKETT_VOCABULARIO,2007_FIFTH_ELECTRONIC,2013_FIFTH_ELECTRONIC_SECOND_VERSION,DOCUMENTED_UNICODE_RECONCILIATION_NOT_BYTE_EXTRACTED_2013,JUCHITAN_HISTORICAL_SOURCE,STRUCTURED_BACKFILL_V0_1
PICKETT-ZE-0443,dxita porra ná’,dxita porra ná’,dxita porra náꞌ,dxita porra náꞌ,"[""dxita porra náꞌ""]",ENTRY,,,,hueso de la muñeca,dxita porra ná’ [b-al.b-a] hueso de la,muñeca,11,25,2,ZAPOTECO_ESPAÑOL,BIB003_PICKETT_VOCABULARIO,2007_FIFTH_ELECTRONIC,2013_FIFTH_ELECTRONIC_SECOND_VERSION,DOCUMENTED_UNICODE_RECONCILIATION_NOT_BYTE_EXTRACTED_2013,JUCHITAN_HISTORICAL_SOURCE,STRUCTURED_BACKFILL_V0_1
PICKETT-ZE-0444,dxita porra ñee,dxita porra ñee,dxita porra ñee,dxita porra ñee,"[""dxita porra ñee""]",SUBENTRY,dxita porra náꞌ,,,hueso del tobillo,dxita porra ñee [b-al.b-b] hueso del,tobillo,11,25,2,ZAPOTECO_ESPAÑOL,BIB003_PICKETT_VOCABULARIO,2007_FIFTH_ELECTRONIC,2013_FIFTH_ELECTRONIC_SECOND_VERSION,DOCUMENTED_UNICODE_RECONCILIATION_NOT_BYTE_EXTRACTED_2013,JUCHITAN_HISTORICAL_SOURCE,STRUCTURED_BACKFILL_V0_1
PICKETT-ZE-0445,dxita xa’na’,dxita xa’na’,dxita xaꞌnaꞌ,dxita xaꞌnaꞌ,"[""dxita xaꞌnaꞌ""]",SUBENTRY,dxita porra náꞌ,,,cadera,dxita xa’na’ cadera,,11,25,2,ZAPOTECO_ESPAÑOL,BIB003_PICKETT_VOCABULARIO,2007_FIFTH_ELECTRONIC,2013_FIFTH_ELECTRONIC_SECOND_VERSION,DOCUMENTED_UNICODE_RECONCILIATION_NOT_BYTE_EXTRACTED_2013,JUCHITAN_HISTORICAL_SOURCE,STRUCTURED_BACKFILL_V0_1
PICKETT-ZE-0446,dxu,dxu,dxu,dxu,"[""dxu""]",ENTRY,,,,taparrabo,dxu taparrabo,,11,25,2,ZAPOTECO_ESPAÑOL,BIB003_PICKETT_VOCABULARIO,2007_FIFTH_ELECTRONIC,2013_FIFTH_ELECTRONIC_SECOND_VERSION,DOCUMENTED_UNICODE_RECONCILIATION_NOT_BYTE_EXTRACTED_2013,JUCHITAN_HISTORICAL_SOURCE,STRUCTURED_BACKFILL_V0_1
PICKETT-ZE-0447,dxu’,dxu’,dxuꞌ,dxuꞌ,"[""dxuꞌ""]",ENTRY,,,[a],"extraño, forastero; soldado","dxu’ [a] extraño, forastero; soldado",,11,25,2,ZAPOTECO_ESPAÑOL,BIB003_PICKETT_VOCABULARIO,2007_FIFTH_ELECTRONIC,2013_FIFTH_ELECTRONIC_SECOND_VERSION,DOCUMENTED_UNICODE_RECONCILIATION_NOT_BYTE_EXTRACTED_2013,JUCHITAN_HISTORICAL_SOURCE,STRUCTURED_BACKFILL_V0_1
PICKETT-ZE-0448,dxu soldadu,dxu soldadu,dxu soldadu,dxu soldadu,"[""dxu soldadu""]",ENTRY,,,,soldado,dxu soldadu [a-b.a.b] soldado,,11,25,2,ZAPOTECO_ESPAÑOL,BIB003_PICKETT_VOCABULARIO,2007_FIFTH_ELECTRONIC,2013_FIFTH_ELECTRONIC_SECOND_VERSION,DOCUMENTED_UNICODE_RECONCILIATION_NOT_BYTE_EXTRACTED_2013,JUCHITAN_HISTORICAL_SOURCE,STRUCTURED_BACKFILL_V0_1
PICKETT-ZE-0449,dxuladi,dxuladi,dxuladi,dxuladi,"[""dxuladi""]",ENTRY,,,[b.al.b],chocolate,dxuladi [b.al.b] chocolate,,12,26,1,ZAPOTECO_ESPAÑOL,BIB003_PICKETT_VOCABULARIO,2007_FIFTH_ELECTRONIC,2013_FIFTH_ELECTRONIC_SECOND_VERSION,DOCUMENTED_UNICODE_RECONCILIATION_NOT_BYTE_EXTRACTED_2013,JUCHITAN_HISTORICAL_SOURCE,STRUCTURED_BACKFILL_V0_1
PICKETT-ZE-0450,dxumi,dxumi,dxumi,dxumi,"[""dxumi""]",ENTRY,,,[b.a],canasta,dxumi [b.a] canasta,,12,26,1,ZAPOTECO_ESPAÑOL,BIB003_PICKETT_VOCABULARIO,2007_FIFTH_ELECTRONIC,2013_FIFTH_ELECTRONIC_SECOND_VERSION,DOCUMENTED_UNICODE_RECONCILIATION_NOT_BYTE_EXTRACTED_2013,JUCHITAN_HISTORICAL_SOURCE,STRUCTURED_BACKFILL_V0_1
PICKETT-ZE-0451,dxumi su,dxumi su,dxumi su,dxumi su,"[""dxumi su""]",SUBENTRY,dxumi,,,chiquihuite,dxumi su [b-al] chiquihuite,,12,26,1,ZAPOTECO_ESPAÑOL,BIB003_PICKETT_VOCABULARIO,2007_FIFTH_ELECTRONIC,2013_FIFTH_ELECTRONIC_SECOND_VERSION,DOCUMENTED_UNICODE_RECONCILIATION_NOT_BYTE_EXTRACTED_2013,JUCHITAN_HISTORICAL_SOURCE,STRUCTURED_BACKFILL_V0_1
PICKETT-ZE-0452,"ela guidi, guela guidi","ela guidi, guela guidi","ela guidi, guela guidi",ela guidi,"[""ela guidi"", ""guela guidi""]",ENTRY,,,,huaraches,"ela guidi, guela guidi huaraches",,12,26,1,ZAPOTECO_ESPAÑOL,BIB003_PICKETT_VOCABULARIO,2007_FIFTH_ELECTRONIC,2013_FIFTH_ELECTRONIC_SECOND_VERSION,DOCUMENTED_UNICODE_RECONCILIATION_NOT_BYTE_EXTRACTED_2013,JUCHITAN_HISTORICAL_SOURCE,STRUCTURED_BACKFILL_V0_1
PICKETT-ZE-0453,"enda, guenda","enda, guenda","enda, guenda",enda,"[""enda"", ""guenda""]",ENTRY,,,,virtud,"enda, guenda virtud",,12,26,1,ZAPOTECO_ESPAÑOL,BIB003_PICKETT_VOCABULARIO,2007_FIFTH_ELECTRONIC,2013_FIFTH_ELECTRONIC_SECOND_VERSION,DOCUMENTED_UNICODE_RECONCILIATION_NOT_BYTE_EXTRACTED_2013,JUCHITAN_HISTORICAL_SOURCE,STRUCTURED_BACKFILL_V0_1
PICKETT-ZE-0454,enda,enda,enda,enda,"[""enda""]",ENTRY,,,,virtud (véase guenda [b]),enda virtud (véase guenda [b]),,12,26,1,ZAPOTECO_ESPAÑOL,BIB003_PICKETT_VOCABULARIO,2007_FIFTH_ELECTRONIC,2013_FIFTH_ELECTRONIC_SECOND_VERSION,DOCUMENTED_UNICODE_RECONCILIATION_NOT_BYTE_EXTRACTED_2013,JUCHITAN_HISTORICAL_SOURCE,STRUCTURED_BACKFILL_V0_1
PICKETT-ZE-0455,"endaré’, guendaré’","endaré’, guendaré’","endaréꞌ, guendaréꞌ",endaréꞌ,"[""endaréꞌ"", ""guendaréꞌ""]",ENTRY,,,,"beber, desayuno","endaré’, guendaré’ beber, desayuno",,12,26,1,ZAPOTECO_ESPAÑOL,BIB003_PICKETT_VOCABULARIO,2007_FIFTH_ELECTRONIC,2013_FIFTH_ELECTRONIC_SECOND_VERSION,DOCUMENTED_UNICODE_RECONCILIATION_NOT_BYTE_EXTRACTED_2013,JUCHITAN_HISTORICAL_SOURCE,STRUCTURED_BACKFILL_V0_1
PICKETT-ZE-0456,"endaró, guendaró","endaró, guendaró","endaró, guendaró",endaró,"[""endaró"", ""guendaró""]",ENTRY,,,,"comida, comer","endaró, guendaró comida, comer",,12,26,1,ZAPOTECO_ESPAÑOL,BIB003_PICKETT_VOCABULARIO,2007_FIFTH_ELECTRONIC,2013_FIFTH_ELECTRONIC_SECOND_VERSION,DOCUMENTED_UNICODE_RECONCILIATION_NOT_BYTE_EXTRACTED_2013,JUCHITAN_HISTORICAL_SOURCE,STRUCTURED_BACKFILL_V0_1
PICKETT-ZE-0457,"endaró xhi, guendaró xhi","endaró xhi, guendaró xhi","endaró xhi, guendaró xhi",endaró xhi,"[""endaró xhi"", ""guendaró xhi""]",SUBENTRY,"endaró, guendaró",,,cena,"endaró xhi, guendaró xhi [b-a] cena",,12,26,1,ZAPOTECO_ESPAÑOL,BIB003_PICKETT_VOCABULARIO,2007_FIFTH_ELECTRONIC,2013_FIFTH_ELECTRONIC_SECOND_VERSION,DOCUMENTED_UNICODE_RECONCILIATION_NOT_BYTE_EXTRACTED_2013,JUCHITAN_HISTORICAL_SOURCE,STRUCTURED_BACKFILL_V0_1
PICKETT-ZE-0458,fluuchi,fluuchi,fluuchi,fluuchi,"[""fluuchi""]",ENTRY,,,[a],chiflido fuerte,fluuchi [a] chiflido fuerte,,12,26,1,ZAPOTECO_ESPAÑOL,BIB003_PICKETT_VOCABULARIO,2007_FIFTH_ELECTRONIC,2013_FIFTH_ELECTRONIC_SECOND_VERSION,DOCUMENTED_UNICODE_RECONCILIATION_NOT_BYTE_EXTRACTED_2013,JUCHITAN_HISTORICAL_SOURCE,STRUCTURED_BACKFILL_V0_1
PICKETT-ZE-0459,"ga’, a","ga’, a","gaꞌ, a",gaꞌ,"[""gaꞌ"", ""a""]",ENTRY,,,,nueve,"ga’, a nueve",,12,26,1,ZAPOTECO_ESPAÑOL,BIB003_PICKETT_VOCABULARIO,2007_FIFTH_ELECTRONIC,2013_FIFTH_ELECTRONIC_SECOND_VERSION,DOCUMENTED_UNICODE_RECONCILIATION_NOT_BYTE_EXTRACTED_2013,JUCHITAN_HISTORICAL_SOURCE,STRUCTURED_BACKFILL_V0_1
PICKETT-ZE-0460,"gabati’, abati’","gabati’, abati’","gabatiꞌ, abatiꞌ",gabatiꞌ,"[""gabatiꞌ"", ""abatiꞌ""]",ENTRY,,,[al],ninguna parte,"gabati’, abati’ [al] ninguna parte",,12,26,1,ZAPOTECO_ESPAÑOL,BIB003_PICKETT_VOCABULARIO,2007_FIFTH_ELECTRONIC,2013_FIFTH_ELECTRONIC_SECOND_VERSION,DOCUMENTED_UNICODE_RECONCILIATION_NOT_BYTE_EXTRACTED_2013,JUCHITAN_HISTORICAL_SOURCE,STRUCTURED_BACKFILL_V0_1
PICKETT-ZE-0461,gabiá,gabiá,gabiá,gabiá,"[""gabiá""]",ENTRY,,,,infierno,gabiá infierno,,12,26,1,ZAPOTECO_ESPAÑOL,BIB003_PICKETT_VOCABULARIO,2007_FIFTH_ELECTRONIC,2013_FIFTH_ELECTRONIC_SECOND_VERSION,DOCUMENTED_UNICODE_RECONCILIATION_NOT_BYTE_EXTRACTED_2013,JUCHITAN_HISTORICAL_SOURCE,STRUCTURED_BACKFILL_V0_1
PICKETT-ZE-0462,ga’chi’,ga’chi’,gaꞌchiꞌ,gaꞌchiꞌ,"[""gaꞌchiꞌ""]",ENTRY,,,[al.b],"escondido, en secreto","ga’chi’ [al.b] escondido, en secreto",,12,26,1,ZAPOTECO_ESPAÑOL,BIB003_PICKETT_VOCABULARIO,2007_FIFTH_ELECTRONIC,2013_FIFTH_ELECTRONIC_SECOND_VERSION,DOCUMENTED_UNICODE_RECONCILIATION_NOT_BYTE_EXTRACTED_2013,JUCHITAN_HISTORICAL_SOURCE,STRUCTURED_BACKFILL_V0_1
PICKETT-ZE-0463,"gadxagayá’, adxagayá’","gadxagayá’, adxagayá’","gadxagayáꞌ, adxagayáꞌ",gadxagayáꞌ,"[""gadxagayáꞌ"", ""adxagayáꞌ""]",ENTRY,,,,"payasada, tontería","gadxagayá’, adxagayá’ payasada, tontería",,12,26,1,ZAPOTECO_ESPAÑOL,BIB003_PICKETT_VOCABULARIO,2007_FIFTH_ELECTRONIC,2013_FIFTH_ELECTRONIC_SECOND_VERSION,DOCUMENTED_UNICODE_RECONCILIATION_NOT_BYTE_EXTRACTED_2013,JUCHITAN_HISTORICAL_SOURCE,STRUCTURED_BACKFILL_V0_1
PICKETT-ZE-0464,gadxe,gadxe,gadxe,gadxe,"[""gadxe""]",ENTRY,,,[a],sietemesino,gadxe [a] sietemesino,,12,26,1,ZAPOTECO_ESPAÑOL,BIB003_PICKETT_VOCABULARIO,2007_FIFTH_ELECTRONIC,2013_FIFTH_ELECTRONIC_SECOND_VERSION,DOCUMENTED_UNICODE_RECONCILIATION_NOT_BYTE_EXTRACTED_2013,JUCHITAN_HISTORICAL_SOURCE,STRUCTURED_BACKFILL_V0_1
PICKETT-ZE-0465,gadxe,gadxe,gadxe,gadxe,"[""gadxe""]",ENTRY,,,[b.a],siete,gadxe [b.a] siete,,12,26,1,ZAPOTECO_ESPAÑOL,BIB003_PICKETT_VOCABULARIO,2007_FIFTH_ELECTRONIC,2013_FIFTH_ELECTRONIC_SECOND_VERSION,DOCUMENTED_UNICODE_RECONCILIATION_NOT_BYTE_EXTRACTED_2013,JUCHITAN_HISTORICAL_SOURCE,STRUCTURED_BACKFILL_V0_1
PICKETT-ZE-0466,"gadxé, adxé","gadxé, adxé","gadxé, adxé",gadxé,"[""gadxé"", ""adxé""]",ENTRY,,,,"distinto, diferente","gadxé, adxé distinto, diferente",,12,26,1,ZAPOTECO_ESPAÑOL,BIB003_PICKETT_VOCABULARIO,2007_FIFTH_ELECTRONIC,2013_FIFTH_ELECTRONIC_SECOND_VERSION,DOCUMENTED_UNICODE_RECONCILIATION_NOT_BYTE_EXTRACTED_2013,JUCHITAN_HISTORICAL_SOURCE,STRUCTURED_BACKFILL_V0_1
PICKETT-ZE-0467,galaa,galaa,galaa,galaa,"[""galaa""]",ENTRY,,,,mitad,galaa mitad,,12,26,1,ZAPOTECO_ESPAÑOL,BIB003_PICKETT_VOCABULARIO,2007_FIFTH_ELECTRONIC,2013_FIFTH_ELECTRONIC_SECOND_VERSION,DOCUMENTED_UNICODE_RECONCILIATION_NOT_BYTE_EXTRACTED_2013,JUCHITAN_HISTORICAL_SOURCE,STRUCTURED_BACKFILL_V0_1
PICKETT-ZE-0468,gala dxi,gala dxi,gala dxi,gala dxi,"[""gala dxi""]",SUBENTRY,galaa,,,mediodía,gala dxi [b-al] mediodía,,12,26,1,ZAPOTECO_ESPAÑOL,BIB003_PICKETT_VOCABULARIO,2007_FIFTH_ELECTRONIC,2013_FIFTH_ELECTRONIC_SECOND_VERSION,DOCUMENTED_UNICODE_RECONCILIATION_NOT_BYTE_EXTRACTED_2013,JUCHITAN_HISTORICAL_SOURCE,STRUCTURED_BACKFILL_V0_1
PICKETT-ZE-0469,gala gueela,gala gueela,gala gueela,gala gueela,"[""gala gueela""]",SUBENTRY,galaa,,,medianoche,gala gueela [b-al.b] medianoche,,12,26,1,ZAPOTECO_ESPAÑOL,BIB003_PICKETT_VOCABULARIO,2007_FIFTH_ELECTRONIC,2013_FIFTH_ELECTRONIC_SECOND_VERSION,DOCUMENTED_UNICODE_RECONCILIATION_NOT_BYTE_EXTRACTED_2013,JUCHITAN_HISTORICAL_SOURCE,STRUCTURED_BACKFILL_V0_1
PICKETT-ZE-0470,galahui’,galahui’,galahuiꞌ,galahuiꞌ,"[""galahuiꞌ""]",ENTRY,,,[b.b.al],"centro, en medio","galahui’ [b.b.al] centro, en medio",,12,26,1,ZAPOTECO_ESPAÑOL,BIB003_PICKETT_VOCABULARIO,2007_FIFTH_ELECTRONIC,2013_FIFTH_ELECTRONIC_SECOND_VERSION,DOCUMENTED_UNICODE_RECONCILIATION_NOT_BYTE_EXTRACTED_2013,JUCHITAN_HISTORICAL_SOURCE,STRUCTURED_BACKFILL_V0_1
PICKETT-ZE-0471,galán,galán,galán,galán,"[""galán""]",ENTRY,,,[b.al],"bonito, lindo; bien; bueno, bondadoso","galán [b.al] bonito, lindo; bien; bueno,",bondadoso,12,26,2,ZAPOTECO_ESPAÑOL,BIB003_PICKETT_VOCABULARIO,2007_FIFTH_ELECTRONIC,2013_FIFTH_ELECTRONIC_SECOND_VERSION,DOCUMENTED_UNICODE_RECONCILIATION_NOT_BYTE_EXTRACTED_2013,JUCHITAN_HISTORICAL_SOURCE,STRUCTURED_BACKFILL_V0_1
PICKETT-ZE-0472,gamixa’,gamixa’,gamixaꞌ,gamixaꞌ,"[""gamixaꞌ""]",ENTRY,,,[b.b.al],camisa,gamixa’ [b.b.al] camisa,,12,26,2,ZAPOTECO_ESPAÑOL,BIB003_PICKETT_VOCABULARIO,2007_FIFTH_ELECTRONIC,2013_FIFTH_ELECTRONIC_SECOND_VERSION,DOCUMENTED_UNICODE_RECONCILIATION_NOT_BYTE_EXTRACTED_2013,JUCHITAN_HISTORICAL_SOURCE,STRUCTURED_BACKFILL_V0_1
PICKETT-ZE-0473,ga’na’,ga’na’,gaꞌnaꞌ,gaꞌnaꞌ,"[""gaꞌnaꞌ""]",ENTRY,,,[al.b],mapache,ga’na’ [al.b] mapache,,12,26,2,ZAPOTECO_ESPAÑOL,BIB003_PICKETT_VOCABULARIO,2007_FIFTH_ELECTRONIC,2013_FIFTH_ELECTRONIC_SECOND_VERSION,DOCUMENTED_UNICODE_RECONCILIATION_NOT_BYTE_EXTRACTED_2013,JUCHITAN_HISTORICAL_SOURCE,STRUCTURED_BACKFILL_V0_1
PICKETT-ZE-0474,gande,gande,gande,gande,"[""gande""]",ENTRY,,,[b.a],veinte,gande [b.a] veinte,,12,26,2,ZAPOTECO_ESPAÑOL,BIB003_PICKETT_VOCABULARIO,2007_FIFTH_ELECTRONIC,2013_FIFTH_ELECTRONIC_SECOND_VERSION,DOCUMENTED_UNICODE_RECONCILIATION_NOT_BYTE_EXTRACTED_2013,JUCHITAN_HISTORICAL_SOURCE,STRUCTURED_BACKFILL_V0_1
PICKETT-ZE-0475,gande bi chii,gande bi chii,gande bi chii,gande bi chii,"[""gande bi chii""]",SUBENTRY,gande,,,treinta (arc.),gande bi chii [b-al-b] treinta (arc.),,12,26,2,ZAPOTECO_ESPAÑOL,BIB003_PICKETT_VOCABULARIO,2007_FIFTH_ELECTRONIC,2013_FIFTH_ELECTRONIC_SECOND_VERSION,DOCUMENTED_UNICODE_RECONCILIATION_NOT_BYTE_EXTRACTED_2013,JUCHITAN_HISTORICAL_SOURCE,STRUCTURED_BACKFILL_V0_1
PICKETT-ZE-0476,gandxu,gandxu,gandxu,gandxu,"[""gandxu""]",ENTRY,,,[a],gancho,gandxu [a] gancho,,12,26,2,ZAPOTECO_ESPAÑOL,BIB003_PICKETT_VOCABULARIO,2007_FIFTH_ELECTRONIC,2013_FIFTH_ELECTRONIC_SECOND_VERSION,DOCUMENTED_UNICODE_RECONCILIATION_NOT_BYTE_EXTRACTED_2013,JUCHITAN_HISTORICAL_SOURCE,STRUCTURED_BACKFILL_V0_1
PICKETT-ZE-0477,"garonda’, aronda’","garonda’, aronda’","garondaꞌ, arondaꞌ",garondaꞌ,"[""garondaꞌ"", ""arondaꞌ""]",ENTRY,,,[b.b.al],"medio, mitad","garonda’, aronda’ [b.b.al] medio, mitad",,12,26,2,ZAPOTECO_ESPAÑOL,BIB003_PICKETT_VOCABULARIO,2007_FIFTH_ELECTRONIC,2013_FIFTH_ELECTRONIC_SECOND_VERSION,DOCUMENTED_UNICODE_RECONCILIATION_NOT_BYTE_EXTRACTED_2013,JUCHITAN_HISTORICAL_SOURCE,STRUCTURED_BACKFILL_V0_1
PICKETT-ZE-0478,garonda binni,garonda binni,garonda binni,garonda binni,"[""garonda binni""]",SUBENTRY,"garondaꞌ, arondaꞌ",,,algunas personas,garonda binni [b.b.al-b.a] algunas,personas,12,26,2,ZAPOTECO_ESPAÑOL,BIB003_PICKETT_VOCABULARIO,2007_FIFTH_ELECTRONIC,2013_FIFTH_ELECTRONIC_SECOND_VERSION,DOCUMENTED_UNICODE_RECONCILIATION_NOT_BYTE_EXTRACTED_2013,JUCHITAN_HISTORICAL_SOURCE,STRUCTURED_BACKFILL_V0_1
PICKETT-ZE-0479,gasti’,gasti’,gastiꞌ,gastiꞌ,"[""gastiꞌ""]",ENTRY,,,[al],"nada, no hay; (cosa) no está","gasti’ [al] nada, no hay; (cosa) no está",,12,26,2,ZAPOTECO_ESPAÑOL,BIB003_PICKETT_VOCABULARIO,2007_FIFTH_ELECTRONIC,2013_FIFTH_ELECTRONIC_SECOND_VERSION,DOCUMENTED_UNICODE_RECONCILIATION_NOT_BYTE_EXTRACTED_2013,JUCHITAN_HISTORICAL_SOURCE,STRUCTURED_BACKFILL_V0_1
PICKETT-ZE-0480,gatigá,gatigá,gatigá,gatigá,"[""gatigá""]",ENTRY,,,,"de vez en cuando, a menudo, frecuentemente","gatigá de vez en cuando, a menudo,",frecuentemente,12,26,2,ZAPOTECO_ESPAÑOL,BIB003_PICKETT_VOCABULARIO,2007_FIFTH_ELECTRONIC,2013_FIFTH_ELECTRONIC_SECOND_VERSION,DOCUMENTED_UNICODE_RECONCILIATION_NOT_BYTE_EXTRACTED_2013,JUCHITAN_HISTORICAL_SOURCE,STRUCTURED_BACKFILL_V0_1
PICKETT-ZE-0481,gaxha,gaxha,gaxha,gaxha,"[""gaxha""]",ENTRY,,,,cerca,gaxha cerca,,12,26,2,ZAPOTECO_ESPAÑOL,BIB003_PICKETT_VOCABULARIO,2007_FIFTH_ELECTRONIC,2013_FIFTH_ELECTRONIC_SECOND_VERSION,DOCUMENTED_UNICODE_RECONCILIATION_NOT_BYTE_EXTRACTED_2013,JUCHITAN_HISTORICAL_SOURCE,STRUCTURED_BACKFILL_V0_1
PICKETT-ZE-0482,gaayu’,gaayu’,gaayuꞌ,gaayuꞌ,"[""gaayuꞌ""]",ENTRY,,,,cinco,gaayu’ cinco,,12,26,2,ZAPOTECO_ESPAÑOL,BIB003_PICKETT_VOCABULARIO,2007_FIFTH_ELECTRONIC,2013_FIFTH_ELECTRONIC_SECOND_VERSION,DOCUMENTED_UNICODE_RECONCILIATION_NOT_BYTE_EXTRACTED_2013,JUCHITAN_HISTORICAL_SOURCE,STRUCTURED_BACKFILL_V0_1
PICKETT-ZE-0483,de gaayu’,de gaayu’,de gaayuꞌ,de gaayuꞌ,"[""de gaayuꞌ""]",SUBENTRY,gaayuꞌ,,,cinco centavos,de gaayu’ cinco centavos,,12,26,2,ZAPOTECO_ESPAÑOL,BIB003_PICKETT_VOCABULARIO,2007_FIFTH_ELECTRONIC,2013_FIFTH_ELECTRONIC_SECOND_VERSION,DOCUMENTED_UNICODE_RECONCILIATION_NOT_BYTE_EXTRACTED_2013,JUCHITAN_HISTORICAL_SOURCE,STRUCTURED_BACKFILL_V0_1
PICKETT-ZE-0484,gayuaa,gayuaa,gayuaa,gayuaa,"[""gayuaa""]",ENTRY,,,,"cien, ciento","gayuaa cien, ciento",,12,26,2,ZAPOTECO_ESPAÑOL,BIB003_PICKETT_VOCABULARIO,2007_FIFTH_ELECTRONIC,2013_FIFTH_ELECTRONIC_SECOND_VERSION,DOCUMENTED_UNICODE_RECONCILIATION_NOT_BYTE_EXTRACTED_2013,JUCHITAN_HISTORICAL_SOURCE,STRUCTURED_BACKFILL_V0_1
PICKETT-ZE-0485,goole,goole,goole,goole,"[""goole""]",ENTRY,,,[b.a],yema de huevo,goole [b.a] yema de huevo,,12,26,2,ZAPOTECO_ESPAÑOL,BIB003_PICKETT_VOCABULARIO,2007_FIFTH_ELECTRONIC,2013_FIFTH_ELECTRONIC_SECOND_VERSION,DOCUMENTED_UNICODE_RECONCILIATION_NOT_BYTE_EXTRACTED_2013,JUCHITAN_HISTORICAL_SOURCE,STRUCTURED_BACKFILL_V0_1
PICKETT-ZE-0486,gríu,gríu,gríu,gríu,"[""gríu""]",ENTRY,,,[al],grillo,gríu [al] grillo,,12,26,2,ZAPOTECO_ESPAÑOL,BIB003_PICKETT_VOCABULARIO,2007_FIFTH_ELECTRONIC,2013_FIFTH_ELECTRONIC_SECOND_VERSION,DOCUMENTED_UNICODE_RECONCILIATION_NOT_BYTE_EXTRACTED_2013,JUCHITAN_HISTORICAL_SOURCE,STRUCTURED_BACKFILL_V0_1
PICKETT-ZE-0487,gu,gu,gu,gu,"[""gu""]",ENTRY,,,,camote,gu camote,,12,26,2,ZAPOTECO_ESPAÑOL,BIB003_PICKETT_VOCABULARIO,2007_FIFTH_ELECTRONIC,2013_FIFTH_ELECTRONIC_SECOND_VERSION,DOCUMENTED_UNICODE_RECONCILIATION_NOT_BYTE_EXTRACTED_2013,JUCHITAN_HISTORICAL_SOURCE,STRUCTURED_BACKFILL_V0_1
PICKETT-ZE-0488,gu yaga,gu yaga,gu yaga,gu yaga,"[""gu yaga""]",SUBENTRY,gu,,,yuca,gu yaga yuca,,12,26,2,ZAPOTECO_ESPAÑOL,BIB003_PICKETT_VOCABULARIO,2007_FIFTH_ELECTRONIC,2013_FIFTH_ELECTRONIC_SECOND_VERSION,DOCUMENTED_UNICODE_RECONCILIATION_NOT_BYTE_EXTRACTED_2013,JUCHITAN_HISTORICAL_SOURCE,STRUCTURED_BACKFILL_V0_1
PICKETT-ZE-0489,"gubá, ubá","gubá, ubá","gubá, ubá",gubá,"[""gubá"", ""ubá""]",ENTRY,,,[b.a],"vapor, hálito, vaho; reuma","gubá, ubá [b.a] vapor, hálito, vaho; reuma",,12,26,2,ZAPOTECO_ESPAÑOL,BIB003_PICKETT_VOCABULARIO,2007_FIFTH_ELECTRONIC,2013_FIFTH_ELECTRONIC_SECOND_VERSION,DOCUMENTED_UNICODE_RECONCILIATION_NOT_BYTE_EXTRACTED_2013,JUCHITAN_HISTORICAL_SOURCE,STRUCTURED_BACKFILL_V0_1
PICKETT-ZE-0490,"gubaguí, ubaguí","gubaguí, ubaguí","gubaguí, ubaguí",gubaguí,"[""gubaguí"", ""ubaguí""]",ENTRY,,,[b.b.al],carrizo,"gubaguí, ubaguí [b.b.al] carrizo",,12,26,2,ZAPOTECO_ESPAÑOL,BIB003_PICKETT_VOCABULARIO,2007_FIFTH_ELECTRONIC,2013_FIFTH_ELECTRONIC_SECOND_VERSION,DOCUMENTED_UNICODE_RECONCILIATION_NOT_BYTE_EXTRACTED_2013,JUCHITAN_HISTORICAL_SOURCE,STRUCTURED_BACKFILL_V0_1
PICKETT-ZE-0491,"gubaana’, ubaana’","gubaana’, ubaana’","gubaanaꞌ, ubaanaꞌ",gubaanaꞌ,"[""gubaanaꞌ"", ""ubaanaꞌ""]",ENTRY,,,,ladrón,"gubaana’, ubaana’ ladrón",,12,26,2,ZAPOTECO_ESPAÑOL,BIB003_PICKETT_VOCABULARIO,2007_FIFTH_ELECTRONIC,2013_FIFTH_ELECTRONIC_SECOND_VERSION,DOCUMENTED_UNICODE_RECONCILIATION_NOT_BYTE_EXTRACTED_2013,JUCHITAN_HISTORICAL_SOURCE,STRUCTURED_BACKFILL_V0_1
PICKETT-ZE-0492,guba’ya’,guba’ya’,gubaꞌyaꞌ,gubaꞌyaꞌ,"[""gubaꞌyaꞌ""]",ENTRY,,,[b.al.b],escoba,guba’ya’ [b.al.b] escoba,,12,26,2,ZAPOTECO_ESPAÑOL,BIB003_PICKETT_VOCABULARIO,2007_FIFTH_ELECTRONIC,2013_FIFTH_ELECTRONIC_SECOND_VERSION,DOCUMENTED_UNICODE_RECONCILIATION_NOT_BYTE_EXTRACTED_2013,JUCHITAN_HISTORICAL_SOURCE,STRUCTURED_BACKFILL_V0_1
PICKETT-ZE-0493,"gubidxa, ubidxa","gubidxa, ubidxa","gubidxa, ubidxa",gubidxa,"[""gubidxa"", ""ubidxa""]",ENTRY,,,,sol; días (con numerales),"gubidxa, ubidxa sol; días (con numerales)",,12,26,2,ZAPOTECO_ESPAÑOL,BIB003_PICKETT_VOCABULARIO,2007_FIFTH_ELECTRONIC,2013_FIFTH_ELECTRONIC_SECOND_VERSION,DOCUMENTED_UNICODE_RECONCILIATION_NOT_BYTE_EXTRACTED_2013,JUCHITAN_HISTORICAL_SOURCE,STRUCTURED_BACKFILL_V0_1
PICKETT-ZE-0494,"gubiga’, ubiga’","gubiga’, ubiga’","gubigaꞌ, ubigaꞌ",gubigaꞌ,"[""gubigaꞌ"", ""ubigaꞌ""]",ENTRY,,,[b.b.al],bogavante de río (crustáceo),"gubiga’, ubiga’ [b.b.al] bogavante de río",(crustáceo),12,26,2,ZAPOTECO_ESPAÑOL,BIB003_PICKETT_VOCABULARIO,2007_FIFTH_ELECTRONIC,2013_FIFTH_ELECTRONIC_SECOND_VERSION,DOCUMENTED_UNICODE_RECONCILIATION_NOT_BYTE_EXTRACTED_2013,JUCHITAN_HISTORICAL_SOURCE,STRUCTURED_BACKFILL_V0_1
PICKETT-ZE-0495,"gubiña, ubiña","gubiña, ubiña","gubiña, ubiña",gubiña,"[""gubiña"", ""ubiña""]",ENTRY,,,[b.a.b],gente de Union Hidalgo,"gubiña, ubiña [b.a.b] gente de Union",Hidalgo,12,26,2,ZAPOTECO_ESPAÑOL,BIB003_PICKETT_VOCABULARIO,2007_FIFTH_ELECTRONIC,2013_FIFTH_ELECTRONIC_SECOND_VERSION,DOCUMENTED_UNICODE_RECONCILIATION_NOT_BYTE_EXTRACTED_2013,JUCHITAN_HISTORICAL_SOURCE,STRUCTURED_BACKFILL_V0_1
PICKETT-ZE-0496,"gubiña, ubiña","gubiña, ubiña","gubiña, ubiña",gubiña,"[""gubiña"", ""ubiña""]",ENTRY,,,,"sequía, escasez","gubiña, ubiña sequía, escasez",,12,26,2,ZAPOTECO_ESPAÑOL,BIB003_PICKETT_VOCABULARIO,2007_FIFTH_ELECTRONIC,2013_FIFTH_ELECTRONIC_SECOND_VERSION,DOCUMENTED_UNICODE_RECONCILIATION_NOT_BYTE_EXTRACTED_2013,JUCHITAN_HISTORICAL_SOURCE,STRUCTURED_BACKFILL_V0_1
PICKETT-ZE-0497,gucuni,gucuni,gucuni,gucuni,"[""gucuni""]",ENTRY,,,[b.b.a],polla; mujer que por primera vez va a ser madre,gucuni [b.b.a] polla; mujer que por,primera vez va a ser madre,12,26,2,ZAPOTECO_ESPAÑOL,BIB003_PICKETT_VOCABULARIO,2007_FIFTH_ELECTRONIC,2013_FIFTH_ELECTRONIC_SECOND_VERSION,DOCUMENTED_UNICODE_RECONCILIATION_NOT_BYTE_EXTRACTED_2013,JUCHITAN_HISTORICAL_SOURCE,STRUCTURED_BACKFILL_V0_1
PICKETT-ZE-0498,"gucuni dxaapa’, ucuni dxaapa’","gucuni dxaapa’, ucuni dxaapa’","gucuni dxaapaꞌ, ucuni dxaapaꞌ",gucuni dxaapaꞌ,"[""gucuni dxaapaꞌ"", ""ucuni dxaapaꞌ""]",SUBENTRY,gucuni,,,"[b-al.b] virgen, señorita","gucuni dxaapa’, ucuni dxaapa’","[b-al.b] virgen, señorita",12,26,2,ZAPOTECO_ESPAÑOL,BIB003_PICKETT_VOCABULARIO,2007_FIFTH_ELECTRONIC,2013_FIFTH_ELECTRONIC_SECOND_VERSION,DOCUMENTED_UNICODE_RECONCILIATION_NOT_BYTE_EXTRACTED_2013,JUCHITAN_HISTORICAL_SOURCE,STRUCTURED_BACKFILL_V0_1
PICKETT-ZE-0499,guchachi’,guchachi’,guchachiꞌ,guchachiꞌ,"[""guchachiꞌ""]",ENTRY,,,[b.b.al],iguana,guchachi’ [b.b.al] iguana,,13,27,1,ZAPOTECO_ESPAÑOL,BIB003_PICKETT_VOCABULARIO,2007_FIFTH_ELECTRONIC,2013_FIFTH_ELECTRONIC_SECOND_VERSION,DOCUMENTED_UNICODE_RECONCILIATION_NOT_BYTE_EXTRACTED_2013,JUCHITAN_HISTORICAL_SOURCE,STRUCTURED_BACKFILL_V0_1
PICKETT-ZE-0500,guchachi guixhe,guchachi guixhe,guchachi guixhe,guchachi guixhe,"[""guchachi guixhe""]",SUBENTRY,guchachiꞌ,,,salamandra,guchachi guixhe [b.b.al-b] salamandra,,13,27,1,ZAPOTECO_ESPAÑOL,BIB003_PICKETT_VOCABULARIO,2007_FIFTH_ELECTRONIC,2013_FIFTH_ELECTRONIC_SECOND_VERSION,DOCUMENTED_UNICODE_RECONCILIATION_NOT_BYTE_EXTRACTED_2013,JUCHITAN_HISTORICAL_SOURCE,STRUCTURED_BACKFILL_V0_1
PICKETT-ZE-0501,"gudubiza, udubiza","gudubiza, udubiza","gudubiza, udubiza",gudubiza,"[""gudubiza"", ""udubiza""]",ENTRY,,,,año pasado,"gudubiza, udubiza año pasado",,13,27,1,ZAPOTECO_ESPAÑOL,BIB003_PICKETT_VOCABULARIO,2007_FIFTH_ELECTRONIC,2013_FIFTH_ELECTRONIC_SECOND_VERSION,DOCUMENTED_UNICODE_RECONCILIATION_NOT_BYTE_EXTRACTED_2013,JUCHITAN_HISTORICAL_SOURCE,STRUCTURED_BACKFILL_V0_1
PICKETT-ZE-0502,gudxa,gudxa,gudxa,gudxa,"[""gudxa""]",ENTRY,,,,humedad en la tierra,gudxa humedad en la tierra,,13,27,1,ZAPOTECO_ESPAÑOL,BIB003_PICKETT_VOCABULARIO,2007_FIFTH_ELECTRONIC,2013_FIFTH_ELECTRONIC_SECOND_VERSION,DOCUMENTED_UNICODE_RECONCILIATION_NOT_BYTE_EXTRACTED_2013,JUCHITAN_HISTORICAL_SOURCE,STRUCTURED_BACKFILL_V0_1
PICKETT-ZE-0503,"gudxara, udxara","gudxara, udxara","gudxara, udxara",gudxara,"[""gudxara"", ""udxara""]",ENTRY,,,[b.a.b],cuchara,"gudxara, udxara [b.a.b] cuchara",,13,27,1,ZAPOTECO_ESPAÑOL,BIB003_PICKETT_VOCABULARIO,2007_FIFTH_ELECTRONIC,2013_FIFTH_ELECTRONIC_SECOND_VERSION,DOCUMENTED_UNICODE_RECONCILIATION_NOT_BYTE_EXTRACTED_2013,JUCHITAN_HISTORICAL_SOURCE,STRUCTURED_BACKFILL_V0_1
PICKETT-ZE-0504,guudxi’,guudxi’,guudxiꞌ,guudxiꞌ,"[""guudxiꞌ""]",ENTRY,,,,"moco, mucosidad","guudxi’ moco, mucosidad",,13,27,1,ZAPOTECO_ESPAÑOL,BIB003_PICKETT_VOCABULARIO,2007_FIFTH_ELECTRONIC,2013_FIFTH_ELECTRONIC_SECOND_VERSION,DOCUMENTED_UNICODE_RECONCILIATION_NOT_BYTE_EXTRACTED_2013,JUCHITAN_HISTORICAL_SOURCE,STRUCTURED_BACKFILL_V0_1
PICKETT-ZE-0505,"gudxíu, udxíu","gudxíu, udxíu","gudxíu, udxíu",gudxíu,"[""gudxíu"", ""udxíu""]",ENTRY,,,[b.al],cuchillo,"gudxíu, udxíu [b.al] cuchillo",,13,27,1,ZAPOTECO_ESPAÑOL,BIB003_PICKETT_VOCABULARIO,2007_FIFTH_ELECTRONIC,2013_FIFTH_ELECTRONIC_SECOND_VERSION,DOCUMENTED_UNICODE_RECONCILIATION_NOT_BYTE_EXTRACTED_2013,JUCHITAN_HISTORICAL_SOURCE,STRUCTURED_BACKFILL_V0_1
PICKETT-ZE-0506,gue’dxe’,gue’dxe’,gueꞌdxeꞌ,gueꞌdxeꞌ,"[""gueꞌdxeꞌ""]",ENTRY,,,[al.b],"sacerdote, cura","gue’dxe’ [al.b] sacerdote, cura",,13,27,1,ZAPOTECO_ESPAÑOL,BIB003_PICKETT_VOCABULARIO,2007_FIFTH_ELECTRONIC,2013_FIFTH_ELECTRONIC_SECOND_VERSION,DOCUMENTED_UNICODE_RECONCILIATION_NOT_BYTE_EXTRACTED_2013,JUCHITAN_HISTORICAL_SOURCE,STRUCTURED_BACKFILL_V0_1
PICKETT-ZE-0507,guela,guela,guela,guela,"[""guela""]",ENTRY,,,,plantas en una milpa,guela plantas en una milpa,,13,27,1,ZAPOTECO_ESPAÑOL,BIB003_PICKETT_VOCABULARIO,2007_FIFTH_ELECTRONIC,2013_FIFTH_ELECTRONIC_SECOND_VERSION,DOCUMENTED_UNICODE_RECONCILIATION_NOT_BYTE_EXTRACTED_2013,JUCHITAN_HISTORICAL_SOURCE,STRUCTURED_BACKFILL_V0_1
PICKETT-ZE-0508,guela’,guela’,guelaꞌ,guelaꞌ,"[""guelaꞌ""]",ENTRY,,,[b.al],iguana verde,guela’ [b.al] iguana verde,,13,27,1,ZAPOTECO_ESPAÑOL,BIB003_PICKETT_VOCABULARIO,2007_FIFTH_ELECTRONIC,2013_FIFTH_ELECTRONIC_SECOND_VERSION,DOCUMENTED_UNICODE_RECONCILIATION_NOT_BYTE_EXTRACTED_2013,JUCHITAN_HISTORICAL_SOURCE,STRUCTURED_BACKFILL_V0_1
PICKETT-ZE-0509,gue’la’,gue’la’,gueꞌlaꞌ,gueꞌlaꞌ,"[""gueꞌlaꞌ""]",ENTRY,,,,hondo,gue’la’ hondo,,13,27,1,ZAPOTECO_ESPAÑOL,BIB003_PICKETT_VOCABULARIO,2007_FIFTH_ELECTRONIC,2013_FIFTH_ELECTRONIC_SECOND_VERSION,DOCUMENTED_UNICODE_RECONCILIATION_NOT_BYTE_EXTRACTED_2013,JUCHITAN_HISTORICAL_SOURCE,STRUCTURED_BACKFILL_V0_1
PICKETT-ZE-0510,gueela’,gueela’,gueelaꞌ,gueelaꞌ,"[""gueelaꞌ""]",ENTRY,,,,noche,gueela’ noche,,13,27,1,ZAPOTECO_ESPAÑOL,BIB003_PICKETT_VOCABULARIO,2007_FIFTH_ELECTRONIC,2013_FIFTH_ELECTRONIC_SECOND_VERSION,DOCUMENTED_UNICODE_RECONCILIATION_NOT_BYTE_EXTRACTED_2013,JUCHITAN_HISTORICAL_SOURCE,STRUCTURED_BACKFILL_V0_1
PICKETT-ZE-0511,"guela guidi, ela guidi","guela guidi, ela guidi","guela guidi, ela guidi",guela guidi,"[""guela guidi"", ""ela guidi""]",ENTRY,,,,huaraches,"guela guidi, ela guidi huaraches",,13,27,1,ZAPOTECO_ESPAÑOL,BIB003_PICKETT_VOCABULARIO,2007_FIFTH_ELECTRONIC,2013_FIFTH_ELECTRONIC_SECOND_VERSION,DOCUMENTED_UNICODE_RECONCILIATION_NOT_BYTE_EXTRACTED_2013,JUCHITAN_HISTORICAL_SOURCE,STRUCTURED_BACKFILL_V0_1
PICKETT-ZE-0512,"guenda, enda","guenda, enda","guenda, enda",guenda,"[""guenda"", ""enda""]",ENTRY,,,,virtud,"guenda, enda virtud",,13,27,1,ZAPOTECO_ESPAÑOL,BIB003_PICKETT_VOCABULARIO,2007_FIFTH_ELECTRONIC,2013_FIFTH_ELECTRONIC_SECOND_VERSION,DOCUMENTED_UNICODE_RECONCILIATION_NOT_BYTE_EXTRACTED_2013,JUCHITAN_HISTORICAL_SOURCE,STRUCTURED_BACKFILL_V0_1
PICKETT-ZE-0513,guenda,guenda,guenda,guenda,"[""guenda""]",ENTRY,,,[b],(Partícula gramatical que se antepone a algunas formas verbales para convertirlas en nominales. También suele preceder a ciertos sustantivos; el resultado de esta combinación es un nuevo sustantivo con significado diferente.),guenda [b] (Partícula gramatical que se,antepone a algunas formas verbales para convertirlas en nominales. También suele preceder a ciertos sustantivos; el resultado de esta combinación es un nuevo sustantivo con significado diferente.),13,27,1,ZAPOTECO_ESPAÑOL,BIB003_PICKETT_VOCABULARIO,2007_FIFTH_ELECTRONIC,2013_FIFTH_ELECTRONIC_SECOND_VERSION,DOCUMENTED_UNICODE_RECONCILIATION_NOT_BYTE_EXTRACTED_2013,JUCHITAN_HISTORICAL_SOURCE,STRUCTURED_BACKFILL_V0_1
PICKETT-ZE-0514,"guenda biaani’, enda biaani’","guenda biaani’, enda biaani’","guenda biaaniꞌ, enda biaaniꞌ",guenda biaaniꞌ,"[""guenda biaaniꞌ"", ""enda biaaniꞌ""]",SUBENTRY,guenda,,,inteligencia,"guenda biaani’, enda biaani’",inteligencia,13,27,1,ZAPOTECO_ESPAÑOL,BIB003_PICKETT_VOCABULARIO,2007_FIFTH_ELECTRONIC,2013_FIFTH_ELECTRONIC_SECOND_VERSION,DOCUMENTED_UNICODE_RECONCILIATION_NOT_BYTE_EXTRACTED_2013,JUCHITAN_HISTORICAL_SOURCE,STRUCTURED_BACKFILL_V0_1
PICKETT-ZE-0515,"guenda bidxu, enda bidxu","guenda bidxu, enda bidxu","guenda bidxu, enda bidxu",guenda bidxu,"[""guenda bidxu"", ""enda bidxu""]",SUBENTRY,guenda,,,anona,"guenda bidxu, enda bidxu [b-a] anona",,13,27,1,ZAPOTECO_ESPAÑOL,BIB003_PICKETT_VOCABULARIO,2007_FIFTH_ELECTRONIC,2013_FIFTH_ELECTRONIC_SECOND_VERSION,DOCUMENTED_UNICODE_RECONCILIATION_NOT_BYTE_EXTRACTED_2013,JUCHITAN_HISTORICAL_SOURCE,STRUCTURED_BACKFILL_V0_1
PICKETT-ZE-0516,"guenda dxiña, enda dxiña","guenda dxiña, enda dxiña","guenda dxiña, enda dxiña",guenda dxiña,"[""guenda dxiña"", ""enda dxiña""]",SUBENTRY,,,[b-al.b],chicozapote,"guenda dxiña, enda dxiña [b-al.b]",chicozapote,13,27,2,ZAPOTECO_ESPAÑOL,BIB003_PICKETT_VOCABULARIO,2007_FIFTH_ELECTRONIC,2013_FIFTH_ELECTRONIC_SECOND_VERSION,DOCUMENTED_UNICODE_RECONCILIATION_NOT_BYTE_EXTRACTED_2013,JUCHITAN_HISTORICAL_SOURCE,STRUCTURED_BACKFILL_V0_1
PICKETT-ZE-0517,"guenda guti, enda guti","guenda guti, enda guti","guenda guti, enda guti",guenda guti,"[""guenda guti"", ""enda guti""]",ENTRY,,,,muerte,"guenda guti, enda guti muerte",,13,27,2,ZAPOTECO_ESPAÑOL,BIB003_PICKETT_VOCABULARIO,2007_FIFTH_ELECTRONIC,2013_FIFTH_ELECTRONIC_SECOND_VERSION,DOCUMENTED_UNICODE_RECONCILIATION_NOT_BYTE_EXTRACTED_2013,JUCHITAN_HISTORICAL_SOURCE,STRUCTURED_BACKFILL_V0_1
PICKETT-ZE-0518,"guenda huará, enda huará","guenda huará, enda huará","guenda huará, enda huará",guenda huará,"[""guenda huará"", ""enda huará""]",SUBENTRY,"guenda guti, enda guti",,,enfermedad,"guenda huará, enda huará enfermedad",,13,27,2,ZAPOTECO_ESPAÑOL,BIB003_PICKETT_VOCABULARIO,2007_FIFTH_ELECTRONIC,2013_FIFTH_ELECTRONIC_SECOND_VERSION,DOCUMENTED_UNICODE_RECONCILIATION_NOT_BYTE_EXTRACTED_2013,JUCHITAN_HISTORICAL_SOURCE,STRUCTURED_BACKFILL_V0_1
PICKETT-ZE-0519,"guenda nabani, enda nabani","guenda nabani, enda nabani","guenda nabani, enda nabani",guenda nabani,"[""guenda nabani"", ""enda nabani""]",SUBENTRY,"guenda guti, enda guti",,[b-b.b.a],"vida, existencia","guenda nabani, enda nabani [b-b.b.a]","vida, existencia",13,27,2,ZAPOTECO_ESPAÑOL,BIB003_PICKETT_VOCABULARIO,2007_FIFTH_ELECTRONIC,2013_FIFTH_ELECTRONIC_SECOND_VERSION,DOCUMENTED_UNICODE_RECONCILIATION_NOT_BYTE_EXTRACTED_2013,JUCHITAN_HISTORICAL_SOURCE,STRUCTURED_BACKFILL_V0_1
PICKETT-ZE-0520,"guenda nandá’, enda nandá","guenda nandá’, enda nandá","guenda nandáꞌ, enda nandá",guenda nandáꞌ,"[""guenda nandáꞌ"", ""enda nandá""]",SUBENTRY,"guenda guti, enda guti",,[b-b.al],calor,"guenda nandá’, enda nandá [b-b.al]",calor,13,27,2,ZAPOTECO_ESPAÑOL,BIB003_PICKETT_VOCABULARIO,2007_FIFTH_ELECTRONIC,2013_FIFTH_ELECTRONIC_SECOND_VERSION,DOCUMENTED_UNICODE_RECONCILIATION_NOT_BYTE_EXTRACTED_2013,JUCHITAN_HISTORICAL_SOURCE,STRUCTURED_BACKFILL_V0_1
PICKETT-ZE-0521,"guenda rati, enda rati","guenda rati, enda rati","guenda rati, enda rati",guenda rati,"[""guenda rati"", ""enda rati""]",SUBENTRY,"guenda guti, enda guti",,,"muerte, morir","guenda rati, enda rati muerte, morir",,13,27,2,ZAPOTECO_ESPAÑOL,BIB003_PICKETT_VOCABULARIO,2007_FIFTH_ELECTRONIC,2013_FIFTH_ELECTRONIC_SECOND_VERSION,DOCUMENTED_UNICODE_RECONCILIATION_NOT_BYTE_EXTRACTED_2013,JUCHITAN_HISTORICAL_SOURCE,STRUCTURED_BACKFILL_V0_1
PICKETT-ZE-0522,guenda rati nisa,guenda rati nisa,guenda rati nisa,guenda rati nisa,"[""guenda rati nisa""]",SUBENTRY,"guenda guti, enda guti",,,sed,guenda rati nisa [b-b-al.b] sed,,13,27,2,ZAPOTECO_ESPAÑOL,BIB003_PICKETT_VOCABULARIO,2007_FIFTH_ELECTRONIC,2013_FIFTH_ELECTRONIC_SECOND_VERSION,DOCUMENTED_UNICODE_RECONCILIATION_NOT_BYTE_EXTRACTED_2013,JUCHITAN_HISTORICAL_SOURCE,STRUCTURED_BACKFILL_V0_1
PICKETT-ZE-0523,"guendaré’, endaré’","guendaré’, endaré’","guendaréꞌ, endaréꞌ",guendaréꞌ,"[""guendaréꞌ"", ""endaréꞌ""]",SUBENTRY,"guenda guti, enda guti",,,desayuno; beber alcohol,"guendaré’, endaré’ desayuno; beber",alcohol,13,27,2,ZAPOTECO_ESPAÑOL,BIB003_PICKETT_VOCABULARIO,2007_FIFTH_ELECTRONIC,2013_FIFTH_ELECTRONIC_SECOND_VERSION,DOCUMENTED_UNICODE_RECONCILIATION_NOT_BYTE_EXTRACTED_2013,JUCHITAN_HISTORICAL_SOURCE,STRUCTURED_BACKFILL_V0_1
PICKETT-ZE-0524,"guenda ribana’, enda riba’na’","guenda ribana’, enda riba’na’","guenda ribanaꞌ, enda ribaꞌnaꞌ",guenda ribanaꞌ,"[""guenda ribanaꞌ"", ""enda ribaꞌnaꞌ""]",SUBENTRY,"guenda guti, enda guti",,,[b-b.b.al] nostalgia,"guenda ribana’, enda riba’na’",[b-b.b.al] nostalgia,13,27,2,ZAPOTECO_ESPAÑOL,BIB003_PICKETT_VOCABULARIO,2007_FIFTH_ELECTRONIC,2013_FIFTH_ELECTRONIC_SECOND_VERSION,DOCUMENTED_UNICODE_RECONCILIATION_NOT_BYTE_EXTRACTED_2013,JUCHITAN_HISTORICAL_SOURCE,STRUCTURED_BACKFILL_V0_1
PICKETT-ZE-0525,guenda riba’na’,guenda riba’na’,guenda ribaꞌnaꞌ,guenda ribaꞌnaꞌ,"[""guenda ribaꞌnaꞌ""]",SUBENTRY,"guenda guti, enda guti",,,hurto,guenda riba’na’ hurto,,13,27,2,ZAPOTECO_ESPAÑOL,BIB003_PICKETT_VOCABULARIO,2007_FIFTH_ELECTRONIC,2013_FIFTH_ELECTRONIC_SECOND_VERSION,DOCUMENTED_UNICODE_RECONCILIATION_NOT_BYTE_EXTRACTED_2013,JUCHITAN_HISTORICAL_SOURCE,STRUCTURED_BACKFILL_V0_1
PICKETT-ZE-0526,"guendaró, endaró","guendaró, endaró","guendaró, endaró",guendaró,"[""guendaró"", ""endaró""]",SUBENTRY,"guenda guti, enda guti",,,"comida, comer","guendaró, endaró comida, comer",,13,27,2,ZAPOTECO_ESPAÑOL,BIB003_PICKETT_VOCABULARIO,2007_FIFTH_ELECTRONIC,2013_FIFTH_ELECTRONIC_SECOND_VERSION,DOCUMENTED_UNICODE_RECONCILIATION_NOT_BYTE_EXTRACTED_2013,JUCHITAN_HISTORICAL_SOURCE,STRUCTURED_BACKFILL_V0_1
PICKETT-ZE-0527,"guendaró xhi, endaró xhi","guendaró xhi, endaró xhi","guendaró xhi, endaró xhi",guendaró xhi,"[""guendaró xhi"", ""endaró xhi""]",SUBENTRY,"guenda guti, enda guti",,,cena,"guendaró xhi, endaró xhi [b-a] cena",,13,27,2,ZAPOTECO_ESPAÑOL,BIB003_PICKETT_VOCABULARIO,2007_FIFTH_ELECTRONIC,2013_FIFTH_ELECTRONIC_SECOND_VERSION,DOCUMENTED_UNICODE_RECONCILIATION_NOT_BYTE_EXTRACTED_2013,JUCHITAN_HISTORICAL_SOURCE,STRUCTURED_BACKFILL_V0_1
PICKETT-ZE-0528,"guenda rusiguii, enda rusiguii","guenda rusiguii, enda rusiguii","guenda rusiguii, enda rusiguii",guenda rusiguii,"[""guenda rusiguii"", ""enda rusiguii""]",SUBENTRY,"guenda guti, enda guti",,,[b-b.b.a] engaño,"guenda rusiguii, enda rusiguii",[b-b.b.a] engaño,13,27,2,ZAPOTECO_ESPAÑOL,BIB003_PICKETT_VOCABULARIO,2007_FIFTH_ELECTRONIC,2013_FIFTH_ELECTRONIC_SECOND_VERSION,DOCUMENTED_UNICODE_RECONCILIATION_NOT_BYTE_EXTRACTED_2013,JUCHITAN_HISTORICAL_SOURCE,STRUCTURED_BACKFILL_V0_1
PICKETT-ZE-0529,"guenda xunu, enda xunu","guenda xunu, enda xunu","guenda xunu, enda xunu",guenda xunu,"[""guenda xunu"", ""enda xunu""]",SUBENTRY,"guenda guti, enda guti",,[b-al.b],mamey guenda xunu,"guenda xunu, enda xunu [b-al.b]",mamey guenda xunu,13,27,2,ZAPOTECO_ESPAÑOL,BIB003_PICKETT_VOCABULARIO,2007_FIFTH_ELECTRONIC,2013_FIFTH_ELECTRONIC_SECOND_VERSION,DOCUMENTED_UNICODE_RECONCILIATION_NOT_BYTE_EXTRACTED_2013,JUCHITAN_HISTORICAL_SOURCE,STRUCTURED_BACKFILL_V0_1
PICKETT-ZE-0530,guenda xheela’,guenda xheela’,guenda xheelaꞌ,guenda xheelaꞌ,"[""guenda xheelaꞌ""]",SUBENTRY,"guenda guti, enda guti",,,"boda, casamiento, matrimonio","guenda xheela’ boda, casamiento,",matrimonio,13,27,2,ZAPOTECO_ESPAÑOL,BIB003_PICKETT_VOCABULARIO,2007_FIFTH_ELECTRONIC,2013_FIFTH_ELECTRONIC_SECOND_VERSION,DOCUMENTED_UNICODE_RECONCILIATION_NOT_BYTE_EXTRACTED_2013,JUCHITAN_HISTORICAL_SOURCE,STRUCTURED_BACKFILL_V0_1
PICKETT-ZE-0531,"guenda zi’, enda zi’","guenda zi’, enda zi’","guenda ziꞌ, enda ziꞌ",guenda ziꞌ,"[""guenda ziꞌ"", ""enda ziꞌ""]",SUBENTRY,"guenda guti, enda guti",,,miseria,"guenda zi’, enda zi’ [b-a] miseria",,13,27,2,ZAPOTECO_ESPAÑOL,BIB003_PICKETT_VOCABULARIO,2007_FIFTH_ELECTRONIC,2013_FIFTH_ELECTRONIC_SECOND_VERSION,DOCUMENTED_UNICODE_RECONCILIATION_NOT_BYTE_EXTRACTED_2013,JUCHITAN_HISTORICAL_SOURCE,STRUCTURED_BACKFILL_V0_1
PICKETT-ZE-0532,gueere’,gueere’,gueereꞌ,gueereꞌ,"[""gueereꞌ""]",ENTRY,,,,carrizo,gueere’ carrizo,,13,27,2,ZAPOTECO_ESPAÑOL,BIB003_PICKETT_VOCABULARIO,2007_FIFTH_ELECTRONIC,2013_FIFTH_ELECTRONIC_SECOND_VERSION,DOCUMENTED_UNICODE_RECONCILIATION_NOT_BYTE_EXTRACTED_2013,JUCHITAN_HISTORICAL_SOURCE,STRUCTURED_BACKFILL_V0_1
PICKETT-ZE-0533,guesa,guesa,guesa,guesa,"[""guesa""]",ENTRY,,,[a],sauce (árbol),guesa [a] sauce (árbol),,13,27,2,ZAPOTECO_ESPAÑOL,BIB003_PICKETT_VOCABULARIO,2007_FIFTH_ELECTRONIC,2013_FIFTH_ELECTRONIC_SECOND_VERSION,DOCUMENTED_UNICODE_RECONCILIATION_NOT_BYTE_EXTRACTED_2013,JUCHITAN_HISTORICAL_SOURCE,STRUCTURED_BACKFILL_V0_1
PICKETT-ZE-0534,gueta,gueta,gueta,gueta,"[""gueta""]",ENTRY,,,,tortilla,gueta tortilla,,13,27,2,ZAPOTECO_ESPAÑOL,BIB003_PICKETT_VOCABULARIO,2007_FIFTH_ELECTRONIC,2013_FIFTH_ELECTRONIC_SECOND_VERSION,DOCUMENTED_UNICODE_RECONCILIATION_NOT_BYTE_EXTRACTED_2013,JUCHITAN_HISTORICAL_SOURCE,STRUCTURED_BACKFILL_V0_1
PICKETT-ZE-0535,gueta baadxi’,gueta baadxi’,gueta baadxiꞌ,gueta baadxiꞌ,"[""gueta baadxiꞌ""]",SUBENTRY,gueta,,,tamal de pura masa,gueta baadxi’ tamal de pura masa,,13,27,2,ZAPOTECO_ESPAÑOL,BIB003_PICKETT_VOCABULARIO,2007_FIFTH_ELECTRONIC,2013_FIFTH_ELECTRONIC_SECOND_VERSION,DOCUMENTED_UNICODE_RECONCILIATION_NOT_BYTE_EXTRACTED_2013,JUCHITAN_HISTORICAL_SOURCE,STRUCTURED_BACKFILL_V0_1
PICKETT-ZE-0536,gueta biade,gueta biade,gueta biade,gueta biade,"[""gueta biade""]",SUBENTRY,gueta,,,tortilla clayuda,gueta biade [b-a] tortilla clayuda,,13,27,2,ZAPOTECO_ESPAÑOL,BIB003_PICKETT_VOCABULARIO,2007_FIFTH_ELECTRONIC,2013_FIFTH_ELECTRONIC_SECOND_VERSION,DOCUMENTED_UNICODE_RECONCILIATION_NOT_BYTE_EXTRACTED_2013,JUCHITAN_HISTORICAL_SOURCE,STRUCTURED_BACKFILL_V0_1
PICKETT-ZE-0537,gueta bicuuni,gueta bicuuni,gueta bicuuni,gueta bicuuni,"[""gueta bicuuni""]",SUBENTRY,gueta,,,tortilla memela,gueta bicuuni [b-b.b.a] tortilla memela,,13,27,2,ZAPOTECO_ESPAÑOL,BIB003_PICKETT_VOCABULARIO,2007_FIFTH_ELECTRONIC,2013_FIFTH_ELECTRONIC_SECOND_VERSION,DOCUMENTED_UNICODE_RECONCILIATION_NOT_BYTE_EXTRACTED_2013,JUCHITAN_HISTORICAL_SOURCE,STRUCTURED_BACKFILL_V0_1
PICKETT-ZE-0538,gueta bicuuni bola,gueta bicuuni bola,gueta bicuuni bola,gueta bicuuni bola,"[""gueta bicuuni bola""]",SUBENTRY,gueta,,,memela redonda,gueta bicuuni bola [b-b-a.b] memela,redonda,13,27,2,ZAPOTECO_ESPAÑOL,BIB003_PICKETT_VOCABULARIO,2007_FIFTH_ELECTRONIC,2013_FIFTH_ELECTRONIC_SECOND_VERSION,DOCUMENTED_UNICODE_RECONCILIATION_NOT_BYTE_EXTRACTED_2013,JUCHITAN_HISTORICAL_SOURCE,STRUCTURED_BACKFILL_V0_1
PICKETT-ZE-0539,gueta bicuuni yu’la’,gueta bicuuni yu’la’,gueta bicuuni yuꞌlaꞌ,gueta bicuuni yuꞌlaꞌ,"[""gueta bicuuni yuꞌlaꞌ""]",SUBENTRY,,,,memela alargada,gueta bicuuni yu’la’ [b-b-al.b] memela,alargada,14,28,1,ZAPOTECO_ESPAÑOL,BIB003_PICKETT_VOCABULARIO,2007_FIFTH_ELECTRONIC,2013_FIFTH_ELECTRONIC_SECOND_VERSION,DOCUMENTED_UNICODE_RECONCILIATION_NOT_BYTE_EXTRACTED_2013,JUCHITAN_HISTORICAL_SOURCE,STRUCTURED_BACKFILL_V0_1
PICKETT-ZE-0540,gueta biguii,gueta biguii,gueta biguii,gueta biguii,"[""gueta biguii""]",SUBENTRY,,,,totopo,gueta biguii [b-b.a] totopo,,14,28,1,ZAPOTECO_ESPAÑOL,BIB003_PICKETT_VOCABULARIO,2007_FIFTH_ELECTRONIC,2013_FIFTH_ELECTRONIC_SECOND_VERSION,DOCUMENTED_UNICODE_RECONCILIATION_NOT_BYTE_EXTRACTED_2013,JUCHITAN_HISTORICAL_SOURCE,STRUCTURED_BACKFILL_V0_1
PICKETT-ZE-0541,gueta bi’ngui’,gueta bi’ngui’,gueta biꞌnguiꞌ,gueta biꞌnguiꞌ,"[""gueta biꞌnguiꞌ""]",SUBENTRY,,,,memela de camarón o de pescado,gueta bi’ngui’ [b-al.b] memela de,camarón o de pescado,14,28,1,ZAPOTECO_ESPAÑOL,BIB003_PICKETT_VOCABULARIO,2007_FIFTH_ELECTRONIC,2013_FIFTH_ELECTRONIC_SECOND_VERSION,DOCUMENTED_UNICODE_RECONCILIATION_NOT_BYTE_EXTRACTED_2013,JUCHITAN_HISTORICAL_SOURCE,STRUCTURED_BACKFILL_V0_1
PICKETT-ZE-0542,gueta dxaa,gueta dxaa,gueta dxaa,gueta dxaa,"[""gueta dxaa""]",SUBENTRY,,,,tortilla blandita,gueta dxaa [b-a] tortilla blandita,,14,28,1,ZAPOTECO_ESPAÑOL,BIB003_PICKETT_VOCABULARIO,2007_FIFTH_ELECTRONIC,2013_FIFTH_ELECTRONIC_SECOND_VERSION,DOCUMENTED_UNICODE_RECONCILIATION_NOT_BYTE_EXTRACTED_2013,JUCHITAN_HISTORICAL_SOURCE,STRUCTURED_BACKFILL_V0_1
PICKETT-ZE-0543,gueta guu,gueta guu,gueta guu,gueta guu,"[""gueta guu""]",SUBENTRY,,,,tamal,gueta guu [b-a] tamal,,14,28,1,ZAPOTECO_ESPAÑOL,BIB003_PICKETT_VOCABULARIO,2007_FIFTH_ELECTRONIC,2013_FIFTH_ELECTRONIC_SECOND_VERSION,DOCUMENTED_UNICODE_RECONCILIATION_NOT_BYTE_EXTRACTED_2013,JUCHITAN_HISTORICAL_SOURCE,STRUCTURED_BACKFILL_V0_1
PICKETT-ZE-0544,gueta huana,gueta huana,gueta huana,gueta huana,"[""gueta huana""]",SUBENTRY,,,,totopo,gueta huana totopo,,14,28,1,ZAPOTECO_ESPAÑOL,BIB003_PICKETT_VOCABULARIO,2007_FIFTH_ELECTRONIC,2013_FIFTH_ELECTRONIC_SECOND_VERSION,DOCUMENTED_UNICODE_RECONCILIATION_NOT_BYTE_EXTRACTED_2013,JUCHITAN_HISTORICAL_SOURCE,STRUCTURED_BACKFILL_V0_1
PICKETT-ZE-0545,gueta zee,gueta zee,gueta zee,gueta zee,"[""gueta zee""]",SUBENTRY,,,,tamal de elote,gueta zee tamal de elote,,14,28,1,ZAPOTECO_ESPAÑOL,BIB003_PICKETT_VOCABULARIO,2007_FIFTH_ELECTRONIC,2013_FIFTH_ELECTRONIC_SECOND_VERSION,DOCUMENTED_UNICODE_RECONCILIATION_NOT_BYTE_EXTRACTED_2013,JUCHITAN_HISTORICAL_SOURCE,STRUCTURED_BACKFILL_V0_1
PICKETT-ZE-0546,gueta zuquii,gueta zuquii,gueta zuquii,gueta zuquii,"[""gueta zuquii""]",SUBENTRY,,,,tortilla hecha en el horno,gueta zuquii [b-b.a] tortilla hecha en el,horno,14,28,1,ZAPOTECO_ESPAÑOL,BIB003_PICKETT_VOCABULARIO,2007_FIFTH_ELECTRONIC,2013_FIFTH_ELECTRONIC_SECOND_VERSION,DOCUMENTED_UNICODE_RECONCILIATION_NOT_BYTE_EXTRACTED_2013,JUCHITAN_HISTORICAL_SOURCE,STRUCTURED_BACKFILL_V0_1
PICKETT-ZE-0547,guete’,guete’,gueteꞌ,gueteꞌ,"[""gueteꞌ""]",ENTRY,,,[b.al],"hondo, profundo, bajo; sur (punto cardinal)","guete’ [b.al] hondo, profundo, bajo; sur",(punto cardinal),14,28,1,ZAPOTECO_ESPAÑOL,BIB003_PICKETT_VOCABULARIO,2007_FIFTH_ELECTRONIC,2013_FIFTH_ELECTRONIC_SECOND_VERSION,DOCUMENTED_UNICODE_RECONCILIATION_NOT_BYTE_EXTRACTED_2013,JUCHITAN_HISTORICAL_SOURCE,STRUCTURED_BACKFILL_V0_1
PICKETT-ZE-0548,gue’tu’,gue’tu’,gueꞌtuꞌ,gueꞌtuꞌ,"[""gueꞌtuꞌ""]",ENTRY,,,,"muerto, cadáver, finado","gue’tu’ muerto, cadáver, finado",,14,28,1,ZAPOTECO_ESPAÑOL,BIB003_PICKETT_VOCABULARIO,2007_FIFTH_ELECTRONIC,2013_FIFTH_ELECTRONIC_SECOND_VERSION,DOCUMENTED_UNICODE_RECONCILIATION_NOT_BYTE_EXTRACTED_2013,JUCHITAN_HISTORICAL_SOURCE,STRUCTURED_BACKFILL_V0_1
PICKETT-ZE-0549,gueu’,gueu’,gueuꞌ,gueuꞌ,"[""gueuꞌ""]",ENTRY,,,[a],coyote,gueu’ [a] coyote,,14,28,1,ZAPOTECO_ESPAÑOL,BIB003_PICKETT_VOCABULARIO,2007_FIFTH_ELECTRONIC,2013_FIFTH_ELECTRONIC_SECOND_VERSION,DOCUMENTED_UNICODE_RECONCILIATION_NOT_BYTE_EXTRACTED_2013,JUCHITAN_HISTORICAL_SOURCE,STRUCTURED_BACKFILL_V0_1
PICKETT-ZE-0550,gueza,gueza,gueza,gueza,"[""gueza""]",ENTRY,,,,"cigarro, tabaco","gueza cigarro, tabaco",,14,28,1,ZAPOTECO_ESPAÑOL,BIB003_PICKETT_VOCABULARIO,2007_FIFTH_ELECTRONIC,2013_FIFTH_ELECTRONIC_SECOND_VERSION,DOCUMENTED_UNICODE_RECONCILIATION_NOT_BYTE_EXTRACTED_2013,JUCHITAN_HISTORICAL_SOURCE,STRUCTURED_BACKFILL_V0_1
PICKETT-ZE-0551,gueeze’,gueeze’,gueezeꞌ,gueezeꞌ,"[""gueezeꞌ""]",ENTRY,,,,pinol,gueeze’ pinol,,14,28,1,ZAPOTECO_ESPAÑOL,BIB003_PICKETT_VOCABULARIO,2007_FIFTH_ELECTRONIC,2013_FIFTH_ELECTRONIC_SECOND_VERSION,DOCUMENTED_UNICODE_RECONCILIATION_NOT_BYTE_EXTRACTED_2013,JUCHITAN_HISTORICAL_SOURCE,STRUCTURED_BACKFILL_V0_1
PICKETT-ZE-0552,gu’ga’,gu’ga’,guꞌgaꞌ,guꞌgaꞌ,"[""guꞌgaꞌ""]",ENTRY,,,,atorado,gu’ga’ atorado,,14,28,1,ZAPOTECO_ESPAÑOL,BIB003_PICKETT_VOCABULARIO,2007_FIFTH_ELECTRONIC,2013_FIFTH_ELECTRONIC_SECOND_VERSION,DOCUMENTED_UNICODE_RECONCILIATION_NOT_BYTE_EXTRACTED_2013,JUCHITAN_HISTORICAL_SOURCE,STRUCTURED_BACKFILL_V0_1
PICKETT-ZE-0553,"guugu, gugu huiini’","guugu, gugu huiini’","guugu, gugu huiiniꞌ",guugu,"[""guugu"", ""gugu huiiniꞌ""]",ENTRY,,,[a]; [a.al-al.b],tórtola,"guugu [a], gugu huiini’ [a.al-al.b] tórtola",,14,28,1,ZAPOTECO_ESPAÑOL,BIB003_PICKETT_VOCABULARIO,2007_FIFTH_ELECTRONIC,2013_FIFTH_ELECTRONIC_SECOND_VERSION,DOCUMENTED_UNICODE_RECONCILIATION_NOT_BYTE_EXTRACTED_2013,JUCHITAN_HISTORICAL_SOURCE,STRUCTURED_BACKFILL_V0_1
PICKETT-ZE-0554,gu’gui’,gu’gui’,guꞌguiꞌ,guꞌguiꞌ,"[""guꞌguiꞌ""]",ENTRY,,,,cocido,gu’gui’ cocido,,14,28,1,ZAPOTECO_ESPAÑOL,BIB003_PICKETT_VOCABULARIO,2007_FIFTH_ELECTRONIC,2013_FIFTH_ELECTRONIC_SECOND_VERSION,DOCUMENTED_UNICODE_RECONCILIATION_NOT_BYTE_EXTRACTED_2013,JUCHITAN_HISTORICAL_SOURCE,STRUCTURED_BACKFILL_V0_1
PICKETT-ZE-0555,gui,gui,gui,gui,"[""gui""]",ENTRY,,,,"lumbre, fuego","gui lumbre, fuego",,14,28,1,ZAPOTECO_ESPAÑOL,BIB003_PICKETT_VOCABULARIO,2007_FIFTH_ELECTRONIC,2013_FIFTH_ELECTRONIC_SECOND_VERSION,DOCUMENTED_UNICODE_RECONCILIATION_NOT_BYTE_EXTRACTED_2013,JUCHITAN_HISTORICAL_SOURCE,STRUCTURED_BACKFILL_V0_1
PICKETT-ZE-0556,gui’,gui’,guiꞌ,guiꞌ,"[""guiꞌ""]",ENTRY,,,,"caca, mierda, excremento","gui’ caca, mierda, excremento",,14,28,2,ZAPOTECO_ESPAÑOL,BIB003_PICKETT_VOCABULARIO,2007_FIFTH_ELECTRONIC,2013_FIFTH_ELECTRONIC_SECOND_VERSION,DOCUMENTED_UNICODE_RECONCILIATION_NOT_BYTE_EXTRACTED_2013,JUCHITAN_HISTORICAL_SOURCE,STRUCTURED_BACKFILL_V0_1
PICKETT-ZE-0557,guia,guia,guia,guia,"[""guia""]",ENTRY,,,,una enfermedad de los niños,guia una enfermedad de los niños,,14,28,2,ZAPOTECO_ESPAÑOL,BIB003_PICKETT_VOCABULARIO,2007_FIFTH_ELECTRONIC,2013_FIFTH_ELECTRONIC_SECOND_VERSION,DOCUMENTED_UNICODE_RECONCILIATION_NOT_BYTE_EXTRACTED_2013,JUCHITAN_HISTORICAL_SOURCE,STRUCTURED_BACKFILL_V0_1
PICKETT-ZE-0558,guia’,guia’,guiaꞌ,guiaꞌ,"[""guiaꞌ""]",ENTRY,,,[a],arriba; norte (punto cardinal),guia’ [a] arriba; norte (punto cardinal),,14,28,2,ZAPOTECO_ESPAÑOL,BIB003_PICKETT_VOCABULARIO,2007_FIFTH_ELECTRONIC,2013_FIFTH_ELECTRONIC_SECOND_VERSION,DOCUMENTED_UNICODE_RECONCILIATION_NOT_BYTE_EXTRACTED_2013,JUCHITAN_HISTORICAL_SOURCE,STRUCTURED_BACKFILL_V0_1
PICKETT-ZE-0559,guia’ti’,guia’ti’,guiaꞌtiꞌ,guiaꞌtiꞌ,"[""guiaꞌtiꞌ""]",ENTRY,,,,ixtaltepecano,guia’ti’ [al.b] ixtaltepecano,,14,28,2,ZAPOTECO_ESPAÑOL,BIB003_PICKETT_VOCABULARIO,2007_FIFTH_ELECTRONIC,2013_FIFTH_ELECTRONIC_SECOND_VERSION,DOCUMENTED_UNICODE_RECONCILIATION_NOT_BYTE_EXTRACTED_2013,JUCHITAN_HISTORICAL_SOURCE,STRUCTURED_BACKFILL_V0_1
PICKETT-ZE-0560,Guiaati’,Guiaati’,Guiaatiꞌ,Guiaatiꞌ,"[""Guiaatiꞌ""]",ENTRY,,,,Ixtaltepec,Guiaati’ Ixtaltepec,,14,28,2,ZAPOTECO_ESPAÑOL,BIB003_PICKETT_VOCABULARIO,2007_FIFTH_ELECTRONIC,2013_FIFTH_ELECTRONIC_SECOND_VERSION,DOCUMENTED_UNICODE_RECONCILIATION_NOT_BYTE_EXTRACTED_2013,JUCHITAN_HISTORICAL_SOURCE,STRUCTURED_BACKFILL_V0_1
PICKETT-ZE-0561,"guibá’, ibá’","guibá’, ibá’","guibáꞌ, ibáꞌ",guibáꞌ,"[""guibáꞌ"", ""ibáꞌ""]",ENTRY,,,,cielo,"guibá’, ibá’ cielo",,14,28,2,ZAPOTECO_ESPAÑOL,BIB003_PICKETT_VOCABULARIO,2007_FIFTH_ELECTRONIC,2013_FIFTH_ELECTRONIC_SECOND_VERSION,DOCUMENTED_UNICODE_RECONCILIATION_NOT_BYTE_EXTRACTED_2013,JUCHITAN_HISTORICAL_SOURCE,STRUCTURED_BACKFILL_V0_1
PICKETT-ZE-0562,guiiba’,guiiba’,guiibaꞌ,guiibaꞌ,"[""guiibaꞌ""]",ENTRY,,,,"fierro, hierro, metal, arma","guiiba’ fierro, hierro, metal, arma",,14,28,2,ZAPOTECO_ESPAÑOL,BIB003_PICKETT_VOCABULARIO,2007_FIFTH_ELECTRONIC,2013_FIFTH_ELECTRONIC_SECOND_VERSION,DOCUMENTED_UNICODE_RECONCILIATION_NOT_BYTE_EXTRACTED_2013,JUCHITAN_HISTORICAL_SOURCE,STRUCTURED_BACKFILL_V0_1
PICKETT-ZE-0563,guibayaa,guibayaa,guibayaa,guibayaa,"[""guibayaa""]",SUBENTRY,guiibaꞌ,,,cobre,guibayaa cobre,,14,28,2,ZAPOTECO_ESPAÑOL,BIB003_PICKETT_VOCABULARIO,2007_FIFTH_ELECTRONIC,2013_FIFTH_ELECTRONIC_SECOND_VERSION,DOCUMENTED_UNICODE_RECONCILIATION_NOT_BYTE_EXTRACTED_2013,JUCHITAN_HISTORICAL_SOURCE,STRUCTURED_BACKFILL_V0_1
PICKETT-ZE-0564,guibi,guibi,guibi,guibi,"[""guibi""]",ENTRY,,,,pellejo,guibi pellejo,,14,28,2,ZAPOTECO_ESPAÑOL,BIB003_PICKETT_VOCABULARIO,2007_FIFTH_ELECTRONIC,2013_FIFTH_ELECTRONIC_SECOND_VERSION,DOCUMENTED_UNICODE_RECONCILIATION_NOT_BYTE_EXTRACTED_2013,JUCHITAN_HISTORICAL_SOURCE,STRUCTURED_BACKFILL_V0_1
PICKETT-ZE-0565,guibi’,guibi’,guibiꞌ,guibiꞌ,"[""guibiꞌ""]",ENTRY,,,[b.al],"avaro, persona mezquina","guibi’ [b.al] avaro, persona mezquina",,14,28,2,ZAPOTECO_ESPAÑOL,BIB003_PICKETT_VOCABULARIO,2007_FIFTH_ELECTRONIC,2013_FIFTH_ELECTRONIC_SECOND_VERSION,DOCUMENTED_UNICODE_RECONCILIATION_NOT_BYTE_EXTRACTED_2013,JUCHITAN_HISTORICAL_SOURCE,STRUCTURED_BACKFILL_V0_1
PICKETT-ZE-0566,guicha,guicha,guicha,guicha,"[""guicha""]",ENTRY,,,,pelo,guicha pelo,,14,28,2,ZAPOTECO_ESPAÑOL,BIB003_PICKETT_VOCABULARIO,2007_FIFTH_ELECTRONIC,2013_FIFTH_ELECTRONIC_SECOND_VERSION,DOCUMENTED_UNICODE_RECONCILIATION_NOT_BYTE_EXTRACTED_2013,JUCHITAN_HISTORICAL_SOURCE,STRUCTURED_BACKFILL_V0_1
PICKETT-ZE-0567,guicha ique,guicha ique,guicha ique,guicha ique,"[""guicha ique""]",SUBENTRY,guicha,,,"cabello, pelo","guicha ique cabello, pelo",,14,28,2,ZAPOTECO_ESPAÑOL,BIB003_PICKETT_VOCABULARIO,2007_FIFTH_ELECTRONIC,2013_FIFTH_ELECTRONIC_SECOND_VERSION,DOCUMENTED_UNICODE_RECONCILIATION_NOT_BYTE_EXTRACTED_2013,JUCHITAN_HISTORICAL_SOURCE,STRUCTURED_BACKFILL_V0_1
PICKETT-ZE-0568,guicha laga,guicha laga,guicha laga,guicha laga,"[""guicha laga""]",SUBENTRY,guicha,,,pestaña,guicha laga pestaña,,14,28,2,ZAPOTECO_ESPAÑOL,BIB003_PICKETT_VOCABULARIO,2007_FIFTH_ELECTRONIC,2013_FIFTH_ELECTRONIC_SECOND_VERSION,DOCUMENTED_UNICODE_RECONCILIATION_NOT_BYTE_EXTRACTED_2013,JUCHITAN_HISTORICAL_SOURCE,STRUCTURED_BACKFILL_V0_1
PICKETT-ZE-0569,guicha lú,guicha lú,guicha lú,guicha lú,"[""guicha lú""]",SUBENTRY,guicha,,,ceja,guicha lú ceja,,14,28,2,ZAPOTECO_ESPAÑOL,BIB003_PICKETT_VOCABULARIO,2007_FIFTH_ELECTRONIC,2013_FIFTH_ELECTRONIC_SECOND_VERSION,DOCUMENTED_UNICODE_RECONCILIATION_NOT_BYTE_EXTRACTED_2013,JUCHITAN_HISTORICAL_SOURCE,STRUCTURED_BACKFILL_V0_1
PICKETT-ZE-0570,guicha ruaa,guicha ruaa,guicha ruaa,guicha ruaa,"[""guicha ruaa""]",SUBENTRY,guicha,,,bigote,guicha ruaa bigote,,14,28,2,ZAPOTECO_ESPAÑOL,BIB003_PICKETT_VOCABULARIO,2007_FIFTH_ELECTRONIC,2013_FIFTH_ELECTRONIC_SECOND_VERSION,DOCUMENTED_UNICODE_RECONCILIATION_NOT_BYTE_EXTRACTED_2013,JUCHITAN_HISTORICAL_SOURCE,STRUCTURED_BACKFILL_V0_1
PICKETT-ZE-0571,guicha toope,guicha toope,guicha toope,guicha toope,"[""guicha toope""]",SUBENTRY,guicha,,,cana,guicha toope [b-b.a] cana,,14,28,2,ZAPOTECO_ESPAÑOL,BIB003_PICKETT_VOCABULARIO,2007_FIFTH_ELECTRONIC,2013_FIFTH_ELECTRONIC_SECOND_VERSION,DOCUMENTED_UNICODE_RECONCILIATION_NOT_BYTE_EXTRACTED_2013,JUCHITAN_HISTORICAL_SOURCE,STRUCTURED_BACKFILL_V0_1
PICKETT-ZE-0572,guicha xhigui,guicha xhigui,guicha xhigui,guicha xhigui,"[""guicha xhigui""]",SUBENTRY,guicha,,,barba,guicha xhigui barba,,14,28,2,ZAPOTECO_ESPAÑOL,BIB003_PICKETT_VOCABULARIO,2007_FIFTH_ELECTRONIC,2013_FIFTH_ELECTRONIC_SECOND_VERSION,DOCUMENTED_UNICODE_RECONCILIATION_NOT_BYTE_EXTRACTED_2013,JUCHITAN_HISTORICAL_SOURCE,STRUCTURED_BACKFILL_V0_1
PICKETT-ZE-0573,guiiche,guiiche,guiiche,guiiche,"[""guiiche""]",ENTRY,,,[b.a],metate,guiiche [b.a] metate,,14,28,2,ZAPOTECO_ESPAÑOL,BIB003_PICKETT_VOCABULARIO,2007_FIFTH_ELECTRONIC,2013_FIFTH_ELECTRONIC_SECOND_VERSION,DOCUMENTED_UNICODE_RECONCILIATION_NOT_BYTE_EXTRACTED_2013,JUCHITAN_HISTORICAL_SOURCE,STRUCTURED_BACKFILL_V0_1
PICKETT-ZE-0574,guichi,guichi,guichi,guichi,"[""guichi""]",ENTRY,,,[b.a],espina,guichi [b.a] espina,,14,28,2,ZAPOTECO_ESPAÑOL,BIB003_PICKETT_VOCABULARIO,2007_FIFTH_ELECTRONIC,2013_FIFTH_ELECTRONIC_SECOND_VERSION,DOCUMENTED_UNICODE_RECONCILIATION_NOT_BYTE_EXTRACTED_2013,JUCHITAN_HISTORICAL_SOURCE,STRUCTURED_BACKFILL_V0_1
PICKETT-ZE-0575,guichi biaagueta,guichi biaagueta,guichi biaagueta,guichi biaagueta,"[""guichi biaagueta""]",SUBENTRY,guichi,,,nopal,guichi biaagueta [b-a.al.b] nopal,,14,28,2,ZAPOTECO_ESPAÑOL,BIB003_PICKETT_VOCABULARIO,2007_FIFTH_ELECTRONIC,2013_FIFTH_ELECTRONIC_SECOND_VERSION,DOCUMENTED_UNICODE_RECONCILIATION_NOT_BYTE_EXTRACTED_2013,JUCHITAN_HISTORICAL_SOURCE,STRUCTURED_BACKFILL_V0_1
PICKETT-ZE-0576,guichi bidorre,guichi bidorre,guichi bidorre,guichi bidorre,"[""guichi bidorre""]",SUBENTRY,guichi,,,cuernecillo,guichi bidorre [b-al.a.a] cuernecillo,,14,28,2,ZAPOTECO_ESPAÑOL,BIB003_PICKETT_VOCABULARIO,2007_FIFTH_ELECTRONIC,2013_FIFTH_ELECTRONIC_SECOND_VERSION,DOCUMENTED_UNICODE_RECONCILIATION_NOT_BYTE_EXTRACTED_2013,JUCHITAN_HISTORICAL_SOURCE,STRUCTURED_BACKFILL_V0_1
PICKETT-ZE-0577,guichi biruba’,guichi biruba’,guichi birubaꞌ,guichi birubaꞌ,"[""guichi birubaꞌ""]",SUBENTRY,guichi,,,abrojo,guichi biruba’ [b-al] abrojo,,14,28,2,ZAPOTECO_ESPAÑOL,BIB003_PICKETT_VOCABULARIO,2007_FIFTH_ELECTRONIC,2013_FIFTH_ELECTRONIC_SECOND_VERSION,DOCUMENTED_UNICODE_RECONCILIATION_NOT_BYTE_EXTRACTED_2013,JUCHITAN_HISTORICAL_SOURCE,STRUCTURED_BACKFILL_V0_1
PICKETT-ZE-0578,guichi bizaari’,guichi bizaari’,guichi bizaariꞌ,guichi bizaariꞌ,"[""guichi bizaariꞌ""]",SUBENTRY,guichi,,,frijolillo (árbol),guichi bizaari’ [b-al.b.b] frijolillo,(árbol),14,28,2,ZAPOTECO_ESPAÑOL,BIB003_PICKETT_VOCABULARIO,2007_FIFTH_ELECTRONIC,2013_FIFTH_ELECTRONIC_SECOND_VERSION,DOCUMENTED_UNICODE_RECONCILIATION_NOT_BYTE_EXTRACTED_2013,JUCHITAN_HISTORICAL_SOURCE,STRUCTURED_BACKFILL_V0_1
PICKETT-ZE-0579,gui’chi’,gui’chi’,guiꞌchiꞌ,guiꞌchiꞌ,"[""guiꞌchiꞌ""]",ENTRY,,,,papel,gui’chi’ papel,,14,28,2,ZAPOTECO_ESPAÑOL,BIB003_PICKETT_VOCABULARIO,2007_FIFTH_ELECTRONIC,2013_FIFTH_ELECTRONIC_SECOND_VERSION,DOCUMENTED_UNICODE_RECONCILIATION_NOT_BYTE_EXTRACTED_2013,JUCHITAN_HISTORICAL_SOURCE,STRUCTURED_BACKFILL_V0_1
PICKETT-ZE-0580,gui’chi’,gui’chi’,guiꞌchiꞌ,guiꞌchiꞌ,"[""guiꞌchiꞌ""]",ENTRY,,,[al.b],"apretado, oprimido","gui’chi’ [al.b] apretado, oprimido",,14,28,2,ZAPOTECO_ESPAÑOL,BIB003_PICKETT_VOCABULARIO,2007_FIFTH_ELECTRONIC,2013_FIFTH_ELECTRONIC_SECOND_VERSION,DOCUMENTED_UNICODE_RECONCILIATION_NOT_BYTE_EXTRACTED_2013,JUCHITAN_HISTORICAL_SOURCE,STRUCTURED_BACKFILL_V0_1
PICKETT-ZE-0581,guichu,guichu,guichu,guichu,"[""guichu""]",ENTRY,,,,jilote,guichu jilote,,14,28,2,ZAPOTECO_ESPAÑOL,BIB003_PICKETT_VOCABULARIO,2007_FIFTH_ELECTRONIC,2013_FIFTH_ELECTRONIC_SECOND_VERSION,DOCUMENTED_UNICODE_RECONCILIATION_NOT_BYTE_EXTRACTED_2013,JUCHITAN_HISTORICAL_SOURCE,STRUCTURED_BACKFILL_V0_1
PICKETT-ZE-0582,guidapa,guidapa,guidapa,guidapa,"[""guidapa""]",ENTRY,,,[b.al.b],cuarto,guidapa [b.al.b] cuarto,,14,28,2,ZAPOTECO_ESPAÑOL,BIB003_PICKETT_VOCABULARIO,2007_FIFTH_ELECTRONIC,2013_FIFTH_ELECTRONIC_SECOND_VERSION,DOCUMENTED_UNICODE_RECONCILIATION_NOT_BYTE_EXTRACTED_2013,JUCHITAN_HISTORICAL_SOURCE,STRUCTURED_BACKFILL_V0_1
PICKETT-ZE-0583,guidapa’,guidapa’,guidapaꞌ,guidapaꞌ,"[""guidapaꞌ""]",ENTRY,,,[b.b.al],cuatro,guidapa’ [b.b.al] cuatro,,14,28,2,ZAPOTECO_ESPAÑOL,BIB003_PICKETT_VOCABULARIO,2007_FIFTH_ELECTRONIC,2013_FIFTH_ELECTRONIC_SECOND_VERSION,DOCUMENTED_UNICODE_RECONCILIATION_NOT_BYTE_EXTRACTED_2013,JUCHITAN_HISTORICAL_SOURCE,STRUCTURED_BACKFILL_V0_1
PICKETT-ZE-0584,guidi,guidi,guidi,guidi,"[""guidi""]",ENTRY,,,,"cuero, piel","guidi cuero, piel",,14,28,2,ZAPOTECO_ESPAÑOL,BIB003_PICKETT_VOCABULARIO,2007_FIFTH_ELECTRONIC,2013_FIFTH_ELECTRONIC_SECOND_VERSION,DOCUMENTED_UNICODE_RECONCILIATION_NOT_BYTE_EXTRACTED_2013,JUCHITAN_HISTORICAL_SOURCE,STRUCTURED_BACKFILL_V0_1
PICKETT-ZE-0585,guidi bandá’,guidi bandá’,guidi bandáꞌ,guidi bandáꞌ,"[""guidi bandáꞌ""]",SUBENTRY,guidi,,,sombrero (arc.),guidi bandá’ [b-b.a] sombrero (arc.),,14,28,2,ZAPOTECO_ESPAÑOL,BIB003_PICKETT_VOCABULARIO,2007_FIFTH_ELECTRONIC,2013_FIFTH_ELECTRONIC_SECOND_VERSION,DOCUMENTED_UNICODE_RECONCILIATION_NOT_BYTE_EXTRACTED_2013,JUCHITAN_HISTORICAL_SOURCE,STRUCTURED_BACKFILL_V0_1
PICKETT-ZE-0586,guidi bo’co’,guidi bo’co’,guidi boꞌcoꞌ,guidi boꞌcoꞌ,"[""guidi boꞌcoꞌ""]",SUBENTRY,guidi,,,zapato (arc.),guidi bo’co’ zapato (arc.),,14,28,2,ZAPOTECO_ESPAÑOL,BIB003_PICKETT_VOCABULARIO,2007_FIFTH_ELECTRONIC,2013_FIFTH_ELECTRONIC_SECOND_VERSION,DOCUMENTED_UNICODE_RECONCILIATION_NOT_BYTE_EXTRACTED_2013,JUCHITAN_HISTORICAL_SOURCE,STRUCTURED_BACKFILL_V0_1
PICKETT-ZE-0587,guidi gui,guidi gui,guidi gui,guidi gui,"[""guidi gui""]",ENTRY,,,,jiote,guidi gui jiote,,14,28,2,ZAPOTECO_ESPAÑOL,BIB003_PICKETT_VOCABULARIO,2007_FIFTH_ELECTRONIC,2013_FIFTH_ELECTRONIC_SECOND_VERSION,DOCUMENTED_UNICODE_RECONCILIATION_NOT_BYTE_EXTRACTED_2013,JUCHITAN_HISTORICAL_SOURCE,STRUCTURED_BACKFILL_V0_1
PICKETT-ZE-0588,guidi ladi,guidi ladi,guidi ladi,guidi ladi,"[""guidi ladi""]",SUBENTRY,guidi gui,,,"cáscara; cutis, piel","guidi ladi cáscara; cutis, piel",,14,28,2,ZAPOTECO_ESPAÑOL,BIB003_PICKETT_VOCABULARIO,2007_FIFTH_ELECTRONIC,2013_FIFTH_ELECTRONIC_SECOND_VERSION,DOCUMENTED_UNICODE_RECONCILIATION_NOT_BYTE_EXTRACTED_2013,JUCHITAN_HISTORICAL_SOURCE,STRUCTURED_BACKFILL_V0_1
PICKETT-ZE-0589,guidi ladi yaga,guidi ladi yaga,guidi ladi yaga,guidi ladi yaga,"[""guidi ladi yaga""]",SUBENTRY,guidi gui,,,corteza,guidi ladi yaga corteza,,14,28,2,ZAPOTECO_ESPAÑOL,BIB003_PICKETT_VOCABULARIO,2007_FIFTH_ELECTRONIC,2013_FIFTH_ELECTRONIC_SECOND_VERSION,DOCUMENTED_UNICODE_RECONCILIATION_NOT_BYTE_EXTRACTED_2013,JUCHITAN_HISTORICAL_SOURCE,STRUCTURED_BACKFILL_V0_1
PICKETT-ZE-0590,guidi ribeela,guidi ribeela,guidi ribeela,guidi ribeela,"[""guidi ribeela""]",ENTRY,,,,murciélago,guidi ribeela [b-al.a.a] murciélago,,14,28,2,ZAPOTECO_ESPAÑOL,BIB003_PICKETT_VOCABULARIO,2007_FIFTH_ELECTRONIC,2013_FIFTH_ELECTRONIC_SECOND_VERSION,DOCUMENTED_UNICODE_RECONCILIATION_NOT_BYTE_EXTRACTED_2013,JUCHITAN_HISTORICAL_SOURCE,STRUCTURED_BACKFILL_V0_1
PICKETT-ZE-0591,guidi ruaa,guidi ruaa,guidi ruaa,guidi ruaa,"[""guidi ruaa""]",ENTRY,,,,labios,guidi ruaa labios,,14,28,2,ZAPOTECO_ESPAÑOL,BIB003_PICKETT_VOCABULARIO,2007_FIFTH_ELECTRONIC,2013_FIFTH_ELECTRONIC_SECOND_VERSION,DOCUMENTED_UNICODE_RECONCILIATION_NOT_BYTE_EXTRACTED_2013,JUCHITAN_HISTORICAL_SOURCE,STRUCTURED_BACKFILL_V0_1
PICKETT-ZE-0592,gui’di’,gui’di’,guiꞌdiꞌ,guiꞌdiꞌ,"[""guiꞌdiꞌ""]",ENTRY,,,,"pegado, junto, adherido","gui’di’ pegado, junto, adherido",,14,28,2,ZAPOTECO_ESPAÑOL,BIB003_PICKETT_VOCABULARIO,2007_FIFTH_ELECTRONIC,2013_FIFTH_ELECTRONIC_SECOND_VERSION,DOCUMENTED_UNICODE_RECONCILIATION_NOT_BYTE_EXTRACTED_2013,JUCHITAN_HISTORICAL_SOURCE,STRUCTURED_BACKFILL_V0_1
PICKETT-ZE-0593,"guidubi, idubi","guidubi, idubi","guidubi, idubi",guidubi,"[""guidubi"", ""idubi""]",ENTRY,,,[b.a.b],todo,"guidubi, idubi [b.a.b] todo",,15,29,1,ZAPOTECO_ESPAÑOL,BIB003_PICKETT_VOCABULARIO,2007_FIFTH_ELECTRONIC,2013_FIFTH_ELECTRONIC_SECOND_VERSION,DOCUMENTED_UNICODE_RECONCILIATION_NOT_BYTE_EXTRACTED_2013,JUCHITAN_HISTORICAL_SOURCE,STRUCTURED_BACKFILL_V0_1
PICKETT-ZE-0594,guidxa,guidxa,guidxa,guidxa,"[""guidxa""]",ENTRY,,,[a.b],"imbécil, persona que es retardada mentalmente","guidxa [a.b] imbécil, persona que es",retardada mentalmente,15,29,1,ZAPOTECO_ESPAÑOL,BIB003_PICKETT_VOCABULARIO,2007_FIFTH_ELECTRONIC,2013_FIFTH_ELECTRONIC_SECOND_VERSION,DOCUMENTED_UNICODE_RECONCILIATION_NOT_BYTE_EXTRACTED_2013,JUCHITAN_HISTORICAL_SOURCE,STRUCTURED_BACKFILL_V0_1
PICKETT-ZE-0595,"guidxagá, idxagá","guidxagá, idxagá","guidxagá, idxagá",guidxagá,"[""guidxagá"", ""idxagá""]",ENTRY,,,,"catarro, gripe, resfriado","guidxagá, idxagá catarro, gripe, resfriado",,15,29,1,ZAPOTECO_ESPAÑOL,BIB003_PICKETT_VOCABULARIO,2007_FIFTH_ELECTRONIC,2013_FIFTH_ELECTRONIC_SECOND_VERSION,DOCUMENTED_UNICODE_RECONCILIATION_NOT_BYTE_EXTRACTED_2013,JUCHITAN_HISTORICAL_SOURCE,STRUCTURED_BACKFILL_V0_1
PICKETT-ZE-0596,guidxarabé’,guidxarabé’,guidxarabéꞌ,guidxarabéꞌ,"[""guidxarabéꞌ""]",ENTRY,,,[b.b.b.a],alferecía,guidxarabé’ [b.b.b.a] alferecía,,15,29,1,ZAPOTECO_ESPAÑOL,BIB003_PICKETT_VOCABULARIO,2007_FIFTH_ELECTRONIC,2013_FIFTH_ELECTRONIC_SECOND_VERSION,DOCUMENTED_UNICODE_RECONCILIATION_NOT_BYTE_EXTRACTED_2013,JUCHITAN_HISTORICAL_SOURCE,STRUCTURED_BACKFILL_V0_1
PICKETT-ZE-0597,guidxi,guidxi,guidxi,guidxi,"[""guidxi""]",ENTRY,,,,pueblo (lugar),guidxi pueblo (lugar),,15,29,1,ZAPOTECO_ESPAÑOL,BIB003_PICKETT_VOCABULARIO,2007_FIFTH_ELECTRONIC,2013_FIFTH_ELECTRONIC_SECOND_VERSION,DOCUMENTED_UNICODE_RECONCILIATION_NOT_BYTE_EXTRACTED_2013,JUCHITAN_HISTORICAL_SOURCE,STRUCTURED_BACKFILL_V0_1
PICKETT-ZE-0598,guidxi,guidxi,guidxi,guidxi,"[""guidxi""]",ENTRY,,,[b.a],ixtle; fuerte,guidxi [b.a] ixtle; fuerte,,15,29,1,ZAPOTECO_ESPAÑOL,BIB003_PICKETT_VOCABULARIO,2007_FIFTH_ELECTRONIC,2013_FIFTH_ELECTRONIC_SECOND_VERSION,DOCUMENTED_UNICODE_RECONCILIATION_NOT_BYTE_EXTRACTED_2013,JUCHITAN_HISTORICAL_SOURCE,STRUCTURED_BACKFILL_V0_1
PICKETT-ZE-0599,guiidxi,guiidxi,guiidxi,guiidxi,"[""guiidxi""]",ENTRY,,,[a],"abrazado, apretado","guiidxi [a] abrazado, apretado",,15,29,1,ZAPOTECO_ESPAÑOL,BIB003_PICKETT_VOCABULARIO,2007_FIFTH_ELECTRONIC,2013_FIFTH_ELECTRONIC_SECOND_VERSION,DOCUMENTED_UNICODE_RECONCILIATION_NOT_BYTE_EXTRACTED_2013,JUCHITAN_HISTORICAL_SOURCE,STRUCTURED_BACKFILL_V0_1
PICKETT-ZE-0600,Guidxi Cubi,Guidxi Cubi,Guidxi Cubi,Guidxi Cubi,"[""Guidxi Cubi""]",ENTRY,,,[b-a.b],San Juan Guichicovi,Guidxi Cubi [b-a.b] San Juan Guichicovi,,15,29,1,ZAPOTECO_ESPAÑOL,BIB003_PICKETT_VOCABULARIO,2007_FIFTH_ELECTRONIC,2013_FIFTH_ELECTRONIC_SECOND_VERSION,DOCUMENTED_UNICODE_RECONCILIATION_NOT_BYTE_EXTRACTED_2013,JUCHITAN_HISTORICAL_SOURCE,STRUCTURED_BACKFILL_V0_1
PICKETT-ZE-0601,"Guidxi Yaza, Idxi Yaza","Guidxi Yaza, Idxi Yaza","Guidxi Yaza, Idxi Yaza",Guidxi Yaza,"[""Guidxi Yaza"", ""Idxi Yaza""]",ENTRY,,,,Ixhuatán,"Guidxi Yaza, Idxi Yaza Ixhuatán",,15,29,1,ZAPOTECO_ESPAÑOL,BIB003_PICKETT_VOCABULARIO,2007_FIFTH_ELECTRONIC,2013_FIFTH_ELECTRONIC_SECOND_VERSION,DOCUMENTED_UNICODE_RECONCILIATION_NOT_BYTE_EXTRACTED_2013,JUCHITAN_HISTORICAL_SOURCE,STRUCTURED_BACKFILL_V0_1
PICKETT-ZE-0602,gui’dxu’,gui’dxu’,guiꞌdxuꞌ,guiꞌdxuꞌ,"[""guiꞌdxuꞌ""]",ENTRY,,,,"grano, divieso, furúnculo","gui’dxu’ grano, divieso, furúnculo",,15,29,1,ZAPOTECO_ESPAÑOL,BIB003_PICKETT_VOCABULARIO,2007_FIFTH_ELECTRONIC,2013_FIFTH_ELECTRONIC_SECOND_VERSION,DOCUMENTED_UNICODE_RECONCILIATION_NOT_BYTE_EXTRACTED_2013,JUCHITAN_HISTORICAL_SOURCE,STRUCTURED_BACKFILL_V0_1
PICKETT-ZE-0603,guidxu beede,guidxu beede,guidxu beede,guidxu beede,"[""guidxu beede""]",SUBENTRY,guiꞌdxuꞌ,,,sarna,guidxu beede [b-b.a] sarna,,15,29,1,ZAPOTECO_ESPAÑOL,BIB003_PICKETT_VOCABULARIO,2007_FIFTH_ELECTRONIC,2013_FIFTH_ELECTRONIC_SECOND_VERSION,DOCUMENTED_UNICODE_RECONCILIATION_NOT_BYTE_EXTRACTED_2013,JUCHITAN_HISTORICAL_SOURCE,STRUCTURED_BACKFILL_V0_1
PICKETT-ZE-0604,guidxu gubá,guidxu gubá,guidxu gubá,guidxu gubá,"[""guidxu gubá""]",SUBENTRY,guiꞌdxuꞌ,,,salpullido,guidxu gubá [b-b.a] salpullido,,15,29,1,ZAPOTECO_ESPAÑOL,BIB003_PICKETT_VOCABULARIO,2007_FIFTH_ELECTRONIC,2013_FIFTH_ELECTRONIC_SECOND_VERSION,DOCUMENTED_UNICODE_RECONCILIATION_NOT_BYTE_EXTRACTED_2013,JUCHITAN_HISTORICAL_SOURCE,STRUCTURED_BACKFILL_V0_1
PICKETT-ZE-0605,guidxu xuuni’,guidxu xuuni’,guidxu xuuniꞌ,guidxu xuuniꞌ,"[""guidxu xuuniꞌ""]",SUBENTRY,guiꞌdxuꞌ,,,herpe zoster (enfermedad),guidxu xuuni’ herpe zoster,(enfermedad),15,29,1,ZAPOTECO_ESPAÑOL,BIB003_PICKETT_VOCABULARIO,2007_FIFTH_ELECTRONIC,2013_FIFTH_ELECTRONIC_SECOND_VERSION,DOCUMENTED_UNICODE_RECONCILIATION_NOT_BYTE_EXTRACTED_2013,JUCHITAN_HISTORICAL_SOURCE,STRUCTURED_BACKFILL_V0_1
PICKETT-ZE-0606,guie,guie,guie,guie,"[""guie""]",ENTRY,,,,"piedra, peña","guie piedra, peña",,15,29,1,ZAPOTECO_ESPAÑOL,BIB003_PICKETT_VOCABULARIO,2007_FIFTH_ELECTRONIC,2013_FIFTH_ELECTRONIC_SECOND_VERSION,DOCUMENTED_UNICODE_RECONCILIATION_NOT_BYTE_EXTRACTED_2013,JUCHITAN_HISTORICAL_SOURCE,STRUCTURED_BACKFILL_V0_1
PICKETT-ZE-0607,guie’,guie’,guieꞌ,guieꞌ,"[""guieꞌ""]",ENTRY,,,,flor,guie’ flor,,15,29,1,ZAPOTECO_ESPAÑOL,BIB003_PICKETT_VOCABULARIO,2007_FIFTH_ELECTRONIC,2013_FIFTH_ELECTRONIC_SECOND_VERSION,DOCUMENTED_UNICODE_RECONCILIATION_NOT_BYTE_EXTRACTED_2013,JUCHITAN_HISTORICAL_SOURCE,STRUCTURED_BACKFILL_V0_1
PICKETT-ZE-0608,guie’ bi’chi’,guie’ bi’chi’,guieꞌ biꞌchiꞌ,guieꞌ biꞌchiꞌ,"[""guieꞌ biꞌchiꞌ""]",SUBENTRY,guieꞌ,,,sangre de dragón (plantas); sangre de toro (plantas),guie’ bi’chi’ sangre de dragón,(plantas); sangre de toro (plantas),15,29,1,ZAPOTECO_ESPAÑOL,BIB003_PICKETT_VOCABULARIO,2007_FIFTH_ELECTRONIC,2013_FIFTH_ELECTRONIC_SECOND_VERSION,DOCUMENTED_UNICODE_RECONCILIATION_NOT_BYTE_EXTRACTED_2013,JUCHITAN_HISTORICAL_SOURCE,STRUCTURED_BACKFILL_V0_1
PICKETT-ZE-0609,guie’ biguá,guie’ biguá,guieꞌ biguá,guieꞌ biguá,"[""guieꞌ biguá""]",SUBENTRY,guieꞌ,,,"cempasúchil, flor de muerto (planta)","guie’ biguá cempasúchil, flor de muerto",(planta),15,29,1,ZAPOTECO_ESPAÑOL,BIB003_PICKETT_VOCABULARIO,2007_FIFTH_ELECTRONIC,2013_FIFTH_ELECTRONIC_SECOND_VERSION,DOCUMENTED_UNICODE_RECONCILIATION_NOT_BYTE_EXTRACTED_2013,JUCHITAN_HISTORICAL_SOURCE,STRUCTURED_BACKFILL_V0_1
PICKETT-ZE-0610,guie’ chaachi,guie’ chaachi,guieꞌ chaachi,guieꞌ chaachi,"[""guieꞌ chaachi""]",SUBENTRY,guieꞌ,,,cacalosúchil (planta),guie’ chaachi [b-b.a] cacalosúchil,(planta),15,29,1,ZAPOTECO_ESPAÑOL,BIB003_PICKETT_VOCABULARIO,2007_FIFTH_ELECTRONIC,2013_FIFTH_ELECTRONIC_SECOND_VERSION,DOCUMENTED_UNICODE_RECONCILIATION_NOT_BYTE_EXTRACTED_2013,JUCHITAN_HISTORICAL_SOURCE,STRUCTURED_BACKFILL_V0_1
PICKETT-ZE-0611,guie’ daana’,guie’ daana’,guieꞌ daanaꞌ,guieꞌ daanaꞌ,"[""guieꞌ daanaꞌ""]",SUBENTRY,guieꞌ,,,cordoncillo (planta),guie’ daana’ cordoncillo (planta),,15,29,1,ZAPOTECO_ESPAÑOL,BIB003_PICKETT_VOCABULARIO,2007_FIFTH_ELECTRONIC,2013_FIFTH_ELECTRONIC_SECOND_VERSION,DOCUMENTED_UNICODE_RECONCILIATION_NOT_BYTE_EXTRACTED_2013,JUCHITAN_HISTORICAL_SOURCE,STRUCTURED_BACKFILL_V0_1
PICKETT-ZE-0612,guie’ stia,guie’ stia,guieꞌ stia,guieꞌ stia,"[""guieꞌ stia""]",SUBENTRY,guieꞌ,,,albahaca (planta),guie’ stia [b-al] albahaca (planta),,15,29,1,ZAPOTECO_ESPAÑOL,BIB003_PICKETT_VOCABULARIO,2007_FIFTH_ELECTRONIC,2013_FIFTH_ELECTRONIC_SECOND_VERSION,DOCUMENTED_UNICODE_RECONCILIATION_NOT_BYTE_EXTRACTED_2013,JUCHITAN_HISTORICAL_SOURCE,STRUCTURED_BACKFILL_V0_1
PICKETT-ZE-0613,guie’ xhuuba’,guie’ xhuuba’,guieꞌ xhuubaꞌ,guieꞌ xhuubaꞌ,"[""guieꞌ xhuubaꞌ""]",SUBENTRY,guieꞌ,,,jazmín del Istmo,guie’ xhuuba’ jazmín del Istmo,,15,29,1,ZAPOTECO_ESPAÑOL,BIB003_PICKETT_VOCABULARIO,2007_FIFTH_ELECTRONIC,2013_FIFTH_ELECTRONIC_SECOND_VERSION,DOCUMENTED_UNICODE_RECONCILIATION_NOT_BYTE_EXTRACTED_2013,JUCHITAN_HISTORICAL_SOURCE,STRUCTURED_BACKFILL_V0_1
PICKETT-ZE-0614,guie’ yaase’,guie’ yaase’,guieꞌ yaaseꞌ,guieꞌ yaaseꞌ,"[""guieꞌ yaaseꞌ""]",SUBENTRY,guieꞌ,,,olivo,guie’ yaase’ olivo,,15,29,1,ZAPOTECO_ESPAÑOL,BIB003_PICKETT_VOCABULARIO,2007_FIFTH_ELECTRONIC,2013_FIFTH_ELECTRONIC_SECOND_VERSION,DOCUMENTED_UNICODE_RECONCILIATION_NOT_BYTE_EXTRACTED_2013,JUCHITAN_HISTORICAL_SOURCE,STRUCTURED_BACKFILL_V0_1
PICKETT-ZE-0615,guie lú,guie lú,guie lú,guie lú,"[""guie lú""]",ENTRY,,,,ojo,guie lú ojo,,15,29,1,ZAPOTECO_ESPAÑOL,BIB003_PICKETT_VOCABULARIO,2007_FIFTH_ELECTRONIC,2013_FIFTH_ELECTRONIC_SECOND_VERSION,DOCUMENTED_UNICODE_RECONCILIATION_NOT_BYTE_EXTRACTED_2013,JUCHITAN_HISTORICAL_SOURCE,STRUCTURED_BACKFILL_V0_1
PICKETT-ZE-0616,guiigu’,guiigu’,guiiguꞌ,guiiguꞌ,"[""guiiguꞌ""]",ENTRY,,,,río,guiigu’ río,,15,29,1,ZAPOTECO_ESPAÑOL,BIB003_PICKETT_VOCABULARIO,2007_FIFTH_ELECTRONIC,2013_FIFTH_ELECTRONIC_SECOND_VERSION,DOCUMENTED_UNICODE_RECONCILIATION_NOT_BYTE_EXTRACTED_2013,JUCHITAN_HISTORICAL_SOURCE,STRUCTURED_BACKFILL_V0_1
PICKETT-ZE-0617,guiña,guiña,guiña,guiña,"[""guiña""]",ENTRY,,,,baúl,guiña baúl,,15,29,1,ZAPOTECO_ESPAÑOL,BIB003_PICKETT_VOCABULARIO,2007_FIFTH_ELECTRONIC,2013_FIFTH_ELECTRONIC_SECOND_VERSION,DOCUMENTED_UNICODE_RECONCILIATION_NOT_BYTE_EXTRACTED_2013,JUCHITAN_HISTORICAL_SOURCE,STRUCTURED_BACKFILL_V0_1
PICKETT-ZE-0618,guiiña’,guiiña’,guiiñaꞌ,guiiñaꞌ,"[""guiiñaꞌ""]",ENTRY,,,,chile,guiiña’ chile,,15,29,2,ZAPOTECO_ESPAÑOL,BIB003_PICKETT_VOCABULARIO,2007_FIFTH_ELECTRONIC,2013_FIFTH_ELECTRONIC_SECOND_VERSION,DOCUMENTED_UNICODE_RECONCILIATION_NOT_BYTE_EXTRACTED_2013,JUCHITAN_HISTORICAL_SOURCE,STRUCTURED_BACKFILL_V0_1
PICKETT-ZE-0619,guiñadó’,guiñadó’,guiñadóꞌ,guiñadóꞌ,"[""guiñadóꞌ""]",ENTRY,,,,mole corriente hecho con masa,guiñadó’ mole corriente hecho con masa,,15,29,2,ZAPOTECO_ESPAÑOL,BIB003_PICKETT_VOCABULARIO,2007_FIFTH_ELECTRONIC,2013_FIFTH_ELECTRONIC_SECOND_VERSION,DOCUMENTED_UNICODE_RECONCILIATION_NOT_BYTE_EXTRACTED_2013,JUCHITAN_HISTORICAL_SOURCE,STRUCTURED_BACKFILL_V0_1
PICKETT-ZE-0620,guionna’,guionna’,guionnaꞌ,guionnaꞌ,"[""guionnaꞌ""]",ENTRY,,,[b.al],tres,guionna’ [b.al] tres,,15,29,2,ZAPOTECO_ESPAÑOL,BIB003_PICKETT_VOCABULARIO,2007_FIFTH_ELECTRONIC,2013_FIFTH_ELECTRONIC_SECOND_VERSION,DOCUMENTED_UNICODE_RECONCILIATION_NOT_BYTE_EXTRACTED_2013,JUCHITAN_HISTORICAL_SOURCE,STRUCTURED_BACKFILL_V0_1
PICKETT-ZE-0621,"guirá’, irá’","guirá’, irá’","guiráꞌ, iráꞌ",guiráꞌ,"[""guiráꞌ"", ""iráꞌ""]",ENTRY,,,[b.a],todos,"guirá’, irá’ [b.a] todos",,15,29,2,ZAPOTECO_ESPAÑOL,BIB003_PICKETT_VOCABULARIO,2007_FIFTH_ELECTRONIC,2013_FIFTH_ELECTRONIC_SECOND_VERSION,DOCUMENTED_UNICODE_RECONCILIATION_NOT_BYTE_EXTRACTED_2013,JUCHITAN_HISTORICAL_SOURCE,STRUCTURED_BACKFILL_V0_1
PICKETT-ZE-0622,gui’ri’,gui’ri’,guiꞌriꞌ,guiꞌriꞌ,"[""guiꞌriꞌ""]",ENTRY,,,,vela,gui’ri’ vela,,15,29,2,ZAPOTECO_ESPAÑOL,BIB003_PICKETT_VOCABULARIO,2007_FIFTH_ELECTRONIC,2013_FIFTH_ELECTRONIC_SECOND_VERSION,DOCUMENTED_UNICODE_RECONCILIATION_NOT_BYTE_EXTRACTED_2013,JUCHITAN_HISTORICAL_SOURCE,STRUCTURED_BACKFILL_V0_1
PICKETT-ZE-0623,guiri bidxi,guiri bidxi,guiri bidxi,guiri bidxi,"[""guiri bidxi""]",ENTRY,,,,ocote,guiri bidxi ocote,,15,29,2,ZAPOTECO_ESPAÑOL,BIB003_PICKETT_VOCABULARIO,2007_FIFTH_ELECTRONIC,2013_FIFTH_ELECTRONIC_SECOND_VERSION,DOCUMENTED_UNICODE_RECONCILIATION_NOT_BYTE_EXTRACTED_2013,JUCHITAN_HISTORICAL_SOURCE,STRUCTURED_BACKFILL_V0_1
PICKETT-ZE-0624,guiropa,guiropa,guiropa,guiropa,"[""guiropa""]",ENTRY,,,[b.al.b],segundo,guiropa [b.al.b] segundo,,15,29,2,ZAPOTECO_ESPAÑOL,BIB003_PICKETT_VOCABULARIO,2007_FIFTH_ELECTRONIC,2013_FIFTH_ELECTRONIC_SECOND_VERSION,DOCUMENTED_UNICODE_RECONCILIATION_NOT_BYTE_EXTRACTED_2013,JUCHITAN_HISTORICAL_SOURCE,STRUCTURED_BACKFILL_V0_1
PICKETT-ZE-0625,"guiropa’, iropa’","guiropa’, iropa’","guiropaꞌ, iropaꞌ",guiropaꞌ,"[""guiropaꞌ"", ""iropaꞌ""]",ENTRY,,,[b.b.al],"ambos, los dos","guiropa’, iropa’ [b.b.al] ambos, los dos",,15,29,2,ZAPOTECO_ESPAÑOL,BIB003_PICKETT_VOCABULARIO,2007_FIFTH_ELECTRONIC,2013_FIFTH_ELECTRONIC_SECOND_VERSION,DOCUMENTED_UNICODE_RECONCILIATION_NOT_BYTE_EXTRACTED_2013,JUCHITAN_HISTORICAL_SOURCE,STRUCTURED_BACKFILL_V0_1
PICKETT-ZE-0626,guiiru’,guiiru’,guiiruꞌ,guiiruꞌ,"[""guiiruꞌ""]",ENTRY,,,,"agujero, hoyo, hueco","guiiru’ agujero, hoyo, hueco",,15,29,2,ZAPOTECO_ESPAÑOL,BIB003_PICKETT_VOCABULARIO,2007_FIFTH_ELECTRONIC,2013_FIFTH_ELECTRONIC_SECOND_VERSION,DOCUMENTED_UNICODE_RECONCILIATION_NOT_BYTE_EXTRACTED_2013,JUCHITAN_HISTORICAL_SOURCE,STRUCTURED_BACKFILL_V0_1
PICKETT-ZE-0627,"guiruti’, iruti’","guiruti’, iruti’","guirutiꞌ, irutiꞌ",guirutiꞌ,"[""guirutiꞌ"", ""irutiꞌ""]",ENTRY,,,[al],"nadie, ninguno","guiruti’, iruti’ [al] nadie, ninguno",,15,29,2,ZAPOTECO_ESPAÑOL,BIB003_PICKETT_VOCABULARIO,2007_FIFTH_ELECTRONIC,2013_FIFTH_ELECTRONIC_SECOND_VERSION,DOCUMENTED_UNICODE_RECONCILIATION_NOT_BYTE_EXTRACTED_2013,JUCHITAN_HISTORICAL_SOURCE,STRUCTURED_BACKFILL_V0_1
PICKETT-ZE-0628,guísisi,guísisi,guísisi,guísisi,"[""guísisi""]",ENTRY,,,[b.b.a],apenas,guísisi [b.b.a] apenas,,15,29,2,ZAPOTECO_ESPAÑOL,BIB003_PICKETT_VOCABULARIO,2007_FIFTH_ELECTRONIC,2013_FIFTH_ELECTRONIC_SECOND_VERSION,DOCUMENTED_UNICODE_RECONCILIATION_NOT_BYTE_EXTRACTED_2013,JUCHITAN_HISTORICAL_SOURCE,STRUCTURED_BACKFILL_V0_1
PICKETT-ZE-0629,guisu,guisu,guisu,guisu,"[""guisu""]",ENTRY,,,,olla,guisu olla,,15,29,2,ZAPOTECO_ESPAÑOL,BIB003_PICKETT_VOCABULARIO,2007_FIFTH_ELECTRONIC,2013_FIFTH_ELECTRONIC_SECOND_VERSION,DOCUMENTED_UNICODE_RECONCILIATION_NOT_BYTE_EXTRACTED_2013,JUCHITAN_HISTORICAL_SOURCE,STRUCTURED_BACKFILL_V0_1
PICKETT-ZE-0630,guisu laga,guisu laga,guisu laga,guisu laga,"[""guisu laga""]",SUBENTRY,guisu,,,olla ancha,guisu laga [b-a.b] olla ancha,,15,29,2,ZAPOTECO_ESPAÑOL,BIB003_PICKETT_VOCABULARIO,2007_FIFTH_ELECTRONIC,2013_FIFTH_ELECTRONIC_SECOND_VERSION,DOCUMENTED_UNICODE_RECONCILIATION_NOT_BYTE_EXTRACTED_2013,JUCHITAN_HISTORICAL_SOURCE,STRUCTURED_BACKFILL_V0_1
PICKETT-ZE-0631,guisu su,guisu su,guisu su,guisu su,"[""guisu su""]",SUBENTRY,guisu,,,olla angosta y honda,guisu su olla angosta y honda,,15,29,2,ZAPOTECO_ESPAÑOL,BIB003_PICKETT_VOCABULARIO,2007_FIFTH_ELECTRONIC,2013_FIFTH_ELECTRONIC_SECOND_VERSION,DOCUMENTED_UNICODE_RECONCILIATION_NOT_BYTE_EXTRACTED_2013,JUCHITAN_HISTORICAL_SOURCE,STRUCTURED_BACKFILL_V0_1
PICKETT-ZE-0632,guitu,guitu,guitu,guitu,"[""guitu""]",ENTRY,,,,calabaza,guitu calabaza,,15,29,2,ZAPOTECO_ESPAÑOL,BIB003_PICKETT_VOCABULARIO,2007_FIFTH_ELECTRONIC,2013_FIFTH_ELECTRONIC_SECOND_VERSION,DOCUMENTED_UNICODE_RECONCILIATION_NOT_BYTE_EXTRACTED_2013,JUCHITAN_HISTORICAL_SOURCE,STRUCTURED_BACKFILL_V0_1
PICKETT-ZE-0633,guitu xembe’,guitu xembe’,guitu xembeꞌ,guitu xembeꞌ,"[""guitu xembeꞌ""]",SUBENTRY,guitu,,,chilacayote,guitu xembe’ [b-b.al] chilacayote,,15,29,2,ZAPOTECO_ESPAÑOL,BIB003_PICKETT_VOCABULARIO,2007_FIFTH_ELECTRONIC,2013_FIFTH_ELECTRONIC_SECOND_VERSION,DOCUMENTED_UNICODE_RECONCILIATION_NOT_BYTE_EXTRACTED_2013,JUCHITAN_HISTORICAL_SOURCE,STRUCTURED_BACKFILL_V0_1
PICKETT-ZE-0634,guitu xiga,guitu xiga,guitu xiga,guitu xiga,"[""guitu xiga""]",SUBENTRY,guitu,,,morro,guitu xiga [b-al.b] morro,,15,29,2,ZAPOTECO_ESPAÑOL,BIB003_PICKETT_VOCABULARIO,2007_FIFTH_ELECTRONIC,2013_FIFTH_ELECTRONIC_SECOND_VERSION,DOCUMENTED_UNICODE_RECONCILIATION_NOT_BYTE_EXTRACTED_2013,JUCHITAN_HISTORICAL_SOURCE,STRUCTURED_BACKFILL_V0_1
PICKETT-ZE-0635,guíu,guíu,guíu,guíu,"[""guíu""]",ENTRY,,,[al],iguana chica,guíu [al] iguana chica,,15,29,2,ZAPOTECO_ESPAÑOL,BIB003_PICKETT_VOCABULARIO,2007_FIFTH_ELECTRONIC,2013_FIFTH_ELECTRONIC_SECOND_VERSION,DOCUMENTED_UNICODE_RECONCILIATION_NOT_BYTE_EXTRACTED_2013,JUCHITAN_HISTORICAL_SOURCE,STRUCTURED_BACKFILL_V0_1
PICKETT-ZE-0636,guiiu,guiiu,guiiu,guiiu,"[""guiiu""]",ENTRY,,,[a],cal,guiiu [a] cal,,15,29,2,ZAPOTECO_ESPAÑOL,BIB003_PICKETT_VOCABULARIO,2007_FIFTH_ELECTRONIC,2013_FIFTH_ELECTRONIC_SECOND_VERSION,DOCUMENTED_UNICODE_RECONCILIATION_NOT_BYTE_EXTRACTED_2013,JUCHITAN_HISTORICAL_SOURCE,STRUCTURED_BACKFILL_V0_1
PICKETT-ZE-0637,guiuba,guiuba,guiuba,guiuba,"[""guiuba""]",ENTRY,,,[al.b],"apúrate, apúrese, pronto, rápido, presto","guiuba [al.b] apúrate, apúrese, pronto,","rápido, presto",15,29,2,ZAPOTECO_ESPAÑOL,BIB003_PICKETT_VOCABULARIO,2007_FIFTH_ELECTRONIC,2013_FIFTH_ELECTRONIC_SECOND_VERSION,DOCUMENTED_UNICODE_RECONCILIATION_NOT_BYTE_EXTRACTED_2013,JUCHITAN_HISTORICAL_SOURCE,STRUCTURED_BACKFILL_V0_1
PICKETT-ZE-0638,guixi,guixi,guixi,guixi,"[""guixi""]",ENTRY,,,,basura; zacate,guixi basura; zacate,,15,29,2,ZAPOTECO_ESPAÑOL,BIB003_PICKETT_VOCABULARIO,2007_FIFTH_ELECTRONIC,2013_FIFTH_ELECTRONIC_SECOND_VERSION,DOCUMENTED_UNICODE_RECONCILIATION_NOT_BYTE_EXTRACTED_2013,JUCHITAN_HISTORICAL_SOURCE,STRUCTURED_BACKFILL_V0_1
PICKETT-ZE-0639,guixi beu’,guixi beu’,guixi beuꞌ,guixi beuꞌ,"[""guixi beuꞌ""]",SUBENTRY,guixi,,,"hierba, pasto","guixi beu’ [b-a] hierba, pasto",,15,29,2,ZAPOTECO_ESPAÑOL,BIB003_PICKETT_VOCABULARIO,2007_FIFTH_ELECTRONIC,2013_FIFTH_ELECTRONIC_SECOND_VERSION,DOCUMENTED_UNICODE_RECONCILIATION_NOT_BYTE_EXTRACTED_2013,JUCHITAN_HISTORICAL_SOURCE,STRUCTURED_BACKFILL_V0_1
PICKETT-ZE-0640,guixi donda,guixi donda,guixi donda,guixi donda,"[""guixi donda""]",SUBENTRY,guixi,,,zacatón del mar,guixi donda zacatón del mar,,15,29,2,ZAPOTECO_ESPAÑOL,BIB003_PICKETT_VOCABULARIO,2007_FIFTH_ELECTRONIC,2013_FIFTH_ELECTRONIC_SECOND_VERSION,DOCUMENTED_UNICODE_RECONCILIATION_NOT_BYTE_EXTRACTED_2013,JUCHITAN_HISTORICAL_SOURCE,STRUCTURED_BACKFILL_V0_1
PICKETT-ZE-0641,guixi ga’,guixi ga’,guixi gaꞌ,guixi gaꞌ,"[""guixi gaꞌ""]",SUBENTRY,guixi,,,"hierba, pasto","guixi ga’ [b-al] hierba, pasto",,15,29,2,ZAPOTECO_ESPAÑOL,BIB003_PICKETT_VOCABULARIO,2007_FIFTH_ELECTRONIC,2013_FIFTH_ELECTRONIC_SECOND_VERSION,DOCUMENTED_UNICODE_RECONCILIATION_NOT_BYTE_EXTRACTED_2013,JUCHITAN_HISTORICAL_SOURCE,STRUCTURED_BACKFILL_V0_1
PICKETT-ZE-0642,guixi yaa,guixi yaa,guixi yaa,guixi yaa,"[""guixi yaa""]",SUBENTRY,guixi,,,"hierba, pasto","guixi yaa hierba, pasto",,15,29,2,ZAPOTECO_ESPAÑOL,BIB003_PICKETT_VOCABULARIO,2007_FIFTH_ELECTRONIC,2013_FIFTH_ELECTRONIC_SECOND_VERSION,DOCUMENTED_UNICODE_RECONCILIATION_NOT_BYTE_EXTRACTED_2013,JUCHITAN_HISTORICAL_SOURCE,STRUCTURED_BACKFILL_V0_1
PICKETT-ZE-0643,"guixí’, ixí’","guixí’, ixí’","guixíꞌ, ixíꞌ",guixíꞌ,"[""guixíꞌ"", ""ixíꞌ""]",ENTRY,,,[b.a],día de mañana,"guixí’, ixí’ [b.a] día de mañana",,15,29,2,ZAPOTECO_ESPAÑOL,BIB003_PICKETT_VOCABULARIO,2007_FIFTH_ELECTRONIC,2013_FIFTH_ELECTRONIC_SECOND_VERSION,DOCUMENTED_UNICODE_RECONCILIATION_NOT_BYTE_EXTRACTED_2013,JUCHITAN_HISTORICAL_SOURCE,STRUCTURED_BACKFILL_V0_1
PICKETT-ZE-0644,guixhe,guixhe,guixhe,guixhe,"[""guixhe""]",ENTRY,,,,"hamaca, red","guixhe hamaca, red",,16,30,1,ZAPOTECO_ESPAÑOL,BIB003_PICKETT_VOCABULARIO,2007_FIFTH_ELECTRONIC,2013_FIFTH_ELECTRONIC_SECOND_VERSION,DOCUMENTED_UNICODE_RECONCILIATION_NOT_BYTE_EXTRACTED_2013,JUCHITAN_HISTORICAL_SOURCE,STRUCTURED_BACKFILL_V0_1
PICKETT-ZE-0645,guixhe bixeenda’,guixhe bixeenda’,guixhe bixeendaꞌ,guixhe bixeendaꞌ,"[""guixhe bixeendaꞌ""]",SUBENTRY,guixhe,,,honda,guixhe bixeenda’ honda,,16,30,1,ZAPOTECO_ESPAÑOL,BIB003_PICKETT_VOCABULARIO,2007_FIFTH_ELECTRONIC,2013_FIFTH_ELECTRONIC_SECOND_VERSION,DOCUMENTED_UNICODE_RECONCILIATION_NOT_BYTE_EXTRACTED_2013,JUCHITAN_HISTORICAL_SOURCE,STRUCTURED_BACKFILL_V0_1
PICKETT-ZE-0646,gui’xhi’,gui’xhi’,guiꞌxhiꞌ,guiꞌxhiꞌ,"[""guiꞌxhiꞌ""]",ENTRY,,,,monte,gui’xhi’ monte,,16,30,1,ZAPOTECO_ESPAÑOL,BIB003_PICKETT_VOCABULARIO,2007_FIFTH_ELECTRONIC,2013_FIFTH_ELECTRONIC_SECOND_VERSION,DOCUMENTED_UNICODE_RECONCILIATION_NOT_BYTE_EXTRACTED_2013,JUCHITAN_HISTORICAL_SOURCE,STRUCTURED_BACKFILL_V0_1
PICKETT-ZE-0647,"guixhiapa, bixhiapa","guixhiapa, bixhiapa","guixhiapa, bixhiapa",guixhiapa,"[""guixhiapa"", ""bixhiapa""]",ENTRY,,,[b.b.a],red pequeña (hecha de mecate),"guixhiapa, bixhiapa [b.b.a] red pequeña",(hecha de mecate),16,30,1,ZAPOTECO_ESPAÑOL,BIB003_PICKETT_VOCABULARIO,2007_FIFTH_ELECTRONIC,2013_FIFTH_ELECTRONIC_SECOND_VERSION,DOCUMENTED_UNICODE_RECONCILIATION_NOT_BYTE_EXTRACTED_2013,JUCHITAN_HISTORICAL_SOURCE,STRUCTURED_BACKFILL_V0_1
PICKETT-ZE-0648,"guizá’, izá’","guizá’, izá’","guizáꞌ, izáꞌ",guizáꞌ,"[""guizáꞌ"", ""izáꞌ""]",ENTRY,,,[b.al],completo,"guizá’, izá’ [b.al] completo",,16,30,1,ZAPOTECO_ESPAÑOL,BIB003_PICKETT_VOCABULARIO,2007_FIFTH_ELECTRONIC,2013_FIFTH_ELECTRONIC_SECOND_VERSION,DOCUMENTED_UNICODE_RECONCILIATION_NOT_BYTE_EXTRACTED_2013,JUCHITAN_HISTORICAL_SOURCE,STRUCTURED_BACKFILL_V0_1
PICKETT-ZE-0649,gulabere’,gulabere’,gulabereꞌ,gulabereꞌ,"[""gulabereꞌ""]",ENTRY,,,[b.b.b.al],(un árbol silvestre cuyos frutos en racimo semejan uvas transparentes y contienen una goma natural),gulabere’ [b.b.b.al] (un árbol silvestre,cuyos frutos en racimo semejan uvas transparentes y contienen una goma natural),16,30,1,ZAPOTECO_ESPAÑOL,BIB003_PICKETT_VOCABULARIO,2007_FIFTH_ELECTRONIC,2013_FIFTH_ELECTRONIC_SECOND_VERSION,DOCUMENTED_UNICODE_RECONCILIATION_NOT_BYTE_EXTRACTED_2013,JUCHITAN_HISTORICAL_SOURCE,STRUCTURED_BACKFILL_V0_1
PICKETT-ZE-0650,guœesee,guḻesee,guḻesee,guḻesee,"[""guḻesee""]",ENTRY,,,[b.b.al],nació prematuramente,guœesee [b.b.al] nació prematuramente,,16,30,1,ZAPOTECO_ESPAÑOL,BIB003_PICKETT_VOCABULARIO,2007_FIFTH_ELECTRONIC,2013_FIFTH_ELECTRONIC_SECOND_VERSION,DOCUMENTED_UNICODE_RECONCILIATION_NOT_BYTE_EXTRACTED_2013,JUCHITAN_HISTORICAL_SOURCE,STRUCTURED_BACKFILL_V0_1
PICKETT-ZE-0651,guluuxu,guluuxu,guluuxu,guluuxu,"[""guluuxu""]",ENTRY,,,[b.a.a],pescado barbudo,guluuxu [b.a.a] pescado barbudo,,16,30,1,ZAPOTECO_ESPAÑOL,BIB003_PICKETT_VOCABULARIO,2007_FIFTH_ELECTRONIC,2013_FIFTH_ELECTRONIC_SECOND_VERSION,DOCUMENTED_UNICODE_RECONCILIATION_NOT_BYTE_EXTRACTED_2013,JUCHITAN_HISTORICAL_SOURCE,STRUCTURED_BACKFILL_V0_1
PICKETT-ZE-0652,guna,guna,guna,guna,"[""guna""]",ENTRY,,,,limosna,guna limosna,,16,30,1,ZAPOTECO_ESPAÑOL,BIB003_PICKETT_VOCABULARIO,2007_FIFTH_ELECTRONIC,2013_FIFTH_ELECTRONIC_SECOND_VERSION,DOCUMENTED_UNICODE_RECONCILIATION_NOT_BYTE_EXTRACTED_2013,JUCHITAN_HISTORICAL_SOURCE,STRUCTURED_BACKFILL_V0_1
PICKETT-ZE-0653,guná,guná,guná,guná,"[""guná""]",ENTRY,,,[b.a],"¿dónde? (Cuando se usa guná con el sentido de ¿dónde?, no se usa verbo. Por ej.: guná laabe ¿Dónde está él?)",guná [b.a] ¿dónde? (Cuando se usa guná,"con el sentido de ¿dónde?, no se usa verbo. Por ej.: guná laabe ¿Dónde está él?)",16,30,1,ZAPOTECO_ESPAÑOL,BIB003_PICKETT_VOCABULARIO,2007_FIFTH_ELECTRONIC,2013_FIFTH_ELECTRONIC_SECOND_VERSION,DOCUMENTED_UNICODE_RECONCILIATION_NOT_BYTE_EXTRACTED_2013,JUCHITAN_HISTORICAL_SOURCE,STRUCTURED_BACKFILL_V0_1
PICKETT-ZE-0654,"guná’, uná’","guná’, uná’","gunáꞌ, unáꞌ",gunáꞌ,"[""gunáꞌ"", ""unáꞌ""]",SUBENTRY,guná,,,¿cuál? (Se usa guná con el sentido de ¿cuál? Sólo en respuesta a una petición. Por ej.: Dané,"guná’, uná’ [b.a] ¿cuál? (Se usa guná",con el sentido de ¿cuál? Sólo en respuesta a una petición. Por ej.: Dané,16,30,1,ZAPOTECO_ESPAÑOL,BIB003_PICKETT_VOCABULARIO,2007_FIFTH_ELECTRONIC,2013_FIFTH_ELECTRONIC_SECOND_VERSION,DOCUMENTED_UNICODE_RECONCILIATION_NOT_BYTE_EXTRACTED_2013,JUCHITAN_HISTORICAL_SOURCE,STRUCTURED_BACKFILL_V0_1
PICKETT-ZE-0655,naa gui’chi ca. ¿Guná’? ¿ndi’ la? O ndica’?,naa gui’chi ca. ¿Guná’? ¿ndi’ la? O ndica’?,naa guiꞌchi ca. ¿Gunáꞌ? ¿ndiꞌ la? O ndicaꞌ?,naa guiꞌchi ca. ¿Gunáꞌ? ¿ndiꞌ la? O ndicaꞌ?,"[""naa guiꞌchi ca. ¿Gunáꞌ? ¿ndiꞌ la? O ndicaꞌ?""]",SUBENTRY,guná,,,"Pásame ese papel. ¿Cuál, éste o aquél?)","naa gui’chi ca. ¿Guná’? ¿ndi’ la? O ndica’? Pásame ese papel. ¿Cuál, éste o",aquél?),16,30,1,ZAPOTECO_ESPAÑOL,BIB003_PICKETT_VOCABULARIO,2007_FIFTH_ELECTRONIC,2013_FIFTH_ELECTRONIC_SECOND_VERSION,DOCUMENTED_UNICODE_RECONCILIATION_NOT_BYTE_EXTRACTED_2013,JUCHITAN_HISTORICAL_SOURCE,STRUCTURED_BACKFILL_V0_1
PICKETT-ZE-0656,"gunaa, unaa","gunaa, unaa","gunaa, unaa",gunaa,"[""gunaa"", ""unaa""]",ENTRY,,,,mujer,"gunaa, unaa mujer",,16,30,1,ZAPOTECO_ESPAÑOL,BIB003_PICKETT_VOCABULARIO,2007_FIFTH_ELECTRONIC,2013_FIFTH_ELECTRONIC_SECOND_VERSION,DOCUMENTED_UNICODE_RECONCILIATION_NOT_BYTE_EXTRACTED_2013,JUCHITAN_HISTORICAL_SOURCE,STRUCTURED_BACKFILL_V0_1
PICKETT-ZE-0657,gunaa huiini’,gunaa huiini’,gunaa huiiniꞌ,gunaa huiiniꞌ,"[""gunaa huiiniꞌ""]",SUBENTRY,"gunaa, unaa",,,"jovencita, señorita","gunaa huiini’ jovencita, señorita",,16,30,1,ZAPOTECO_ESPAÑOL,BIB003_PICKETT_VOCABULARIO,2007_FIFTH_ELECTRONIC,2013_FIFTH_ELECTRONIC_SECOND_VERSION,DOCUMENTED_UNICODE_RECONCILIATION_NOT_BYTE_EXTRACTED_2013,JUCHITAN_HISTORICAL_SOURCE,STRUCTURED_BACKFILL_V0_1
PICKETT-ZE-0658,"gunixhi’, unixhi’","gunixhi’, unixhi’","gunixhiꞌ, unixhiꞌ",gunixhiꞌ,"[""gunixhiꞌ"", ""unixhiꞌ""]",ENTRY,,,[b.b.al],varejón (para construir casas),"gunixhi’, unixhi’ [b.b.al] varejón (para",construir casas),16,30,1,ZAPOTECO_ESPAÑOL,BIB003_PICKETT_VOCABULARIO,2007_FIFTH_ELECTRONIC,2013_FIFTH_ELECTRONIC_SECOND_VERSION,DOCUMENTED_UNICODE_RECONCILIATION_NOT_BYTE_EXTRACTED_2013,JUCHITAN_HISTORICAL_SOURCE,STRUCTURED_BACKFILL_V0_1
PICKETT-ZE-0659,gupa,gupa,gupa,gupa,"[""gupa""]",ENTRY,,,,"sereno, humedad, neblina, rocío","gupa sereno, humedad, neblina, rocío",,16,30,1,ZAPOTECO_ESPAÑOL,BIB003_PICKETT_VOCABULARIO,2007_FIFTH_ELECTRONIC,2013_FIFTH_ELECTRONIC_SECOND_VERSION,DOCUMENTED_UNICODE_RECONCILIATION_NOT_BYTE_EXTRACTED_2013,JUCHITAN_HISTORICAL_SOURCE,STRUCTURED_BACKFILL_V0_1
PICKETT-ZE-0660,gupayoo,gupayoo,gupayoo,gupayoo,"[""gupayoo""]",ENTRY,,,[b.b.al],salamanquesa,gupayoo [b.b.al] salamanquesa,,16,30,1,ZAPOTECO_ESPAÑOL,BIB003_PICKETT_VOCABULARIO,2007_FIFTH_ELECTRONIC,2013_FIFTH_ELECTRONIC_SECOND_VERSION,DOCUMENTED_UNICODE_RECONCILIATION_NOT_BYTE_EXTRACTED_2013,JUCHITAN_HISTORICAL_SOURCE,STRUCTURED_BACKFILL_V0_1
PICKETT-ZE-0661,"guragu’, uragu’","guragu’, uragu’","guraguꞌ, uraguꞌ",guraguꞌ,"[""guraguꞌ"", ""uraguꞌ""]",ENTRY,,,[b.b.al],lagartija,"guragu’, uragu’ [b.b.al] lagartija",,16,30,1,ZAPOTECO_ESPAÑOL,BIB003_PICKETT_VOCABULARIO,2007_FIFTH_ELECTRONIC,2013_FIFTH_ELECTRONIC_SECOND_VERSION,DOCUMENTED_UNICODE_RECONCILIATION_NOT_BYTE_EXTRACTED_2013,JUCHITAN_HISTORICAL_SOURCE,STRUCTURED_BACKFILL_V0_1
PICKETT-ZE-0662,"guriá, uriá","guriá, uriá","guriá, uriá",guriá,"[""guriá"", ""uriá""]",ENTRY,,,[b.al],orilla,"guriá, uriá [b.al] orilla",,16,30,2,ZAPOTECO_ESPAÑOL,BIB003_PICKETT_VOCABULARIO,2007_FIFTH_ELECTRONIC,2013_FIFTH_ELECTRONIC_SECOND_VERSION,DOCUMENTED_UNICODE_RECONCILIATION_NOT_BYTE_EXTRACTED_2013,JUCHITAN_HISTORICAL_SOURCE,STRUCTURED_BACKFILL_V0_1
PICKETT-ZE-0663,"gusibá, usibá","gusibá, usibá","gusibá, usibá",gusibá,"[""gusibá"", ""usibá""]",ENTRY,,,[b.b.a],"invierno, tiempo de secas, estación de secas","gusibá, usibá [b.b.a] invierno, tiempo de","secas, estación de secas",16,30,2,ZAPOTECO_ESPAÑOL,BIB003_PICKETT_VOCABULARIO,2007_FIFTH_ELECTRONIC,2013_FIFTH_ELECTRONIC_SECOND_VERSION,DOCUMENTED_UNICODE_RECONCILIATION_NOT_BYTE_EXTRACTED_2013,JUCHITAN_HISTORICAL_SOURCE,STRUCTURED_BACKFILL_V0_1
PICKETT-ZE-0664,"gusiguié, usiguié","gusiguié, usiguié","gusiguié, usiguié",gusiguié,"[""gusiguié"", ""usiguié""]",ENTRY,,,,"verano, tiempo de lluvias, estación de lluvias","gusiguié, usiguié verano, tiempo de lluvias,",estación de lluvias,16,30,2,ZAPOTECO_ESPAÑOL,BIB003_PICKETT_VOCABULARIO,2007_FIFTH_ELECTRONIC,2013_FIFTH_ELECTRONIC_SECOND_VERSION,DOCUMENTED_UNICODE_RECONCILIATION_NOT_BYTE_EXTRACTED_2013,JUCHITAN_HISTORICAL_SOURCE,STRUCTURED_BACKFILL_V0_1
PICKETT-ZE-0665,"gusú’, usú","gusú’, usú","gusúꞌ, usú",gusúꞌ,"[""gusúꞌ"", ""usú""]",ENTRY,,,[b.a],langosta,"gusú’, usú [b.a] langosta",,16,30,2,ZAPOTECO_ESPAÑOL,BIB003_PICKETT_VOCABULARIO,2007_FIFTH_ELECTRONIC,2013_FIFTH_ELECTRONIC_SECOND_VERSION,DOCUMENTED_UNICODE_RECONCILIATION_NOT_BYTE_EXTRACTED_2013,JUCHITAN_HISTORICAL_SOURCE,STRUCTURED_BACKFILL_V0_1
PICKETT-ZE-0666,"guxaaya, uxaaya","guxaaya, uxaaya","guxaaya, uxaaya",guxaaya,"[""guxaaya"", ""uxaaya""]",ENTRY,,,[b.a.a],lagartija,"guxaaya, uxaaya [b.a.a] lagartija",,16,30,2,ZAPOTECO_ESPAÑOL,BIB003_PICKETT_VOCABULARIO,2007_FIFTH_ELECTRONIC,2013_FIFTH_ELECTRONIC_SECOND_VERSION,DOCUMENTED_UNICODE_RECONCILIATION_NOT_BYTE_EXTRACTED_2013,JUCHITAN_HISTORICAL_SOURCE,STRUCTURED_BACKFILL_V0_1
PICKETT-ZE-0667,"guxharu, uxharu","guxharu, uxharu","guxharu, uxharu",guxharu,"[""guxharu"", ""uxharu""]",ENTRY,,,[b.a.a]; [b.a.a],chapulín,"guxharu [b.a.a], uxharu [b.a.a] chapulín",,16,30,2,ZAPOTECO_ESPAÑOL,BIB003_PICKETT_VOCABULARIO,2007_FIFTH_ELECTRONIC,2013_FIFTH_ELECTRONIC_SECOND_VERSION,DOCUMENTED_UNICODE_RECONCILIATION_NOT_BYTE_EXTRACTED_2013,JUCHITAN_HISTORICAL_SOURCE,STRUCTURED_BACKFILL_V0_1
PICKETT-ZE-0668,gu’xhu’,gu’xhu’,guꞌxhuꞌ,guꞌxhuꞌ,"[""guꞌxhuꞌ""]",ENTRY,,,,humo,gu’xhu’ humo,,16,30,2,ZAPOTECO_ESPAÑOL,BIB003_PICKETT_VOCABULARIO,2007_FIFTH_ELECTRONIC,2013_FIFTH_ELECTRONIC_SECOND_VERSION,DOCUMENTED_UNICODE_RECONCILIATION_NOT_BYTE_EXTRACTED_2013,JUCHITAN_HISTORICAL_SOURCE,STRUCTURED_BACKFILL_V0_1
PICKETT-ZE-0669,guxhu bidó’,guxhu bidó’,guxhu bidóꞌ,guxhu bidóꞌ,"[""guxhu bidóꞌ""]",SUBENTRY,guꞌxhuꞌ,,,incienso,guxhu bidó’ incienso,,16,30,2,ZAPOTECO_ESPAÑOL,BIB003_PICKETT_VOCABULARIO,2007_FIFTH_ELECTRONIC,2013_FIFTH_ELECTRONIC_SECOND_VERSION,DOCUMENTED_UNICODE_RECONCILIATION_NOT_BYTE_EXTRACTED_2013,JUCHITAN_HISTORICAL_SOURCE,STRUCTURED_BACKFILL_V0_1
PICKETT-ZE-0670,guxhu yu,guxhu yu,guxhu yu,guxhu yu,"[""guxhu yu""]",SUBENTRY,guꞌxhuꞌ,,,"polvo, polvareda","guxhu yu polvo, polvareda",,16,30,2,ZAPOTECO_ESPAÑOL,BIB003_PICKETT_VOCABULARIO,2007_FIFTH_ELECTRONIC,2013_FIFTH_ELECTRONIC_SECOND_VERSION,DOCUMENTED_UNICODE_RECONCILIATION_NOT_BYTE_EXTRACTED_2013,JUCHITAN_HISTORICAL_SOURCE,STRUCTURED_BACKFILL_V0_1
PICKETT-ZE-0671,guyuu dxí,guyuu dxí,guyuu dxí,guyuu dxí,"[""guyuu dxí""]",ENTRY,,,[b-a],“estate quieto”,guyuu dxí [b-a] “estate quieto”,,16,30,2,ZAPOTECO_ESPAÑOL,BIB003_PICKETT_VOCABULARIO,2007_FIFTH_ELECTRONIC,2013_FIFTH_ELECTRONIC_SECOND_VERSION,DOCUMENTED_UNICODE_RECONCILIATION_NOT_BYTE_EXTRACTED_2013,JUCHITAN_HISTORICAL_SOURCE,STRUCTURED_BACKFILL_V0_1
PICKETT-ZE-0672,guzá,guzá,guzá,guzá,"[""guzá""]",ENTRY,,,,"¡ándale!, ¡camina!","guzá ¡ándale!, ¡camina!",,16,30,2,ZAPOTECO_ESPAÑOL,BIB003_PICKETT_VOCABULARIO,2007_FIFTH_ELECTRONIC,2013_FIFTH_ELECTRONIC_SECOND_VERSION,DOCUMENTED_UNICODE_RECONCILIATION_NOT_BYTE_EXTRACTED_2013,JUCHITAN_HISTORICAL_SOURCE,STRUCTURED_BACKFILL_V0_1
PICKETT-ZE-0673,Guzana,Guzana,Guzana,Guzana,"[""Guzana""]",ENTRY,,,,miembro de una “vela” (Una vela es una sociedad semi-religiosa de las fiestas regionales.),Guzana miembro de una “vela” (Una vela,es una sociedad semi-religiosa de las fiestas regionales.),16,30,2,ZAPOTECO_ESPAÑOL,BIB003_PICKETT_VOCABULARIO,2007_FIFTH_ELECTRONIC,2013_FIFTH_ELECTRONIC_SECOND_VERSION,DOCUMENTED_UNICODE_RECONCILIATION_NOT_BYTE_EXTRACTED_2013,JUCHITAN_HISTORICAL_SOURCE,STRUCTURED_BACKFILL_V0_1
PICKETT-ZE-0674,guuze’,guuze’,guuzeꞌ,guuzeꞌ,"[""guuzeꞌ""]",ENTRY,,,,"pescador, caza","guuze’ pescador, caza",,16,30,2,ZAPOTECO_ESPAÑOL,BIB003_PICKETT_VOCABULARIO,2007_FIFTH_ELECTRONIC,2013_FIFTH_ELECTRONIC_SECOND_VERSION,DOCUMENTED_UNICODE_RECONCILIATION_NOT_BYTE_EXTRACTED_2013,JUCHITAN_HISTORICAL_SOURCE,STRUCTURED_BACKFILL_V0_1
PICKETT-ZE-0675,"guzina, uzina","guzina, uzina","guzina, uzina",guzina,"[""guzina"", ""uzina""]",ENTRY,,,[b.a.b],cocina,"guzina, uzina [b.a.b] cocina",,16,30,2,ZAPOTECO_ESPAÑOL,BIB003_PICKETT_VOCABULARIO,2007_FIFTH_ELECTRONIC,2013_FIFTH_ELECTRONIC_SECOND_VERSION,DOCUMENTED_UNICODE_RECONCILIATION_NOT_BYTE_EXTRACTED_2013,JUCHITAN_HISTORICAL_SOURCE,STRUCTURED_BACKFILL_V0_1
PICKETT-ZE-0676,hombre,hombre,hombre,hombre,"[""hombre""]",ENTRY,,,[a.b],hombre,hombre [a.b] hombre,,16,30,2,ZAPOTECO_ESPAÑOL,BIB003_PICKETT_VOCABULARIO,2007_FIFTH_ELECTRONIC,2013_FIFTH_ELECTRONIC_SECOND_VERSION,DOCUMENTED_UNICODE_RECONCILIATION_NOT_BYTE_EXTRACTED_2013,JUCHITAN_HISTORICAL_SOURCE,STRUCTURED_BACKFILL_V0_1
PICKETT-ZE-0677,hombre huiini’,hombre huiini’,hombre huiiniꞌ,hombre huiiniꞌ,"[""hombre huiiniꞌ""]",SUBENTRY,hombre,,,"chamaco, muchachito","hombre huiini’ [a.b-b] chamaco,",muchachito,16,30,2,ZAPOTECO_ESPAÑOL,BIB003_PICKETT_VOCABULARIO,2007_FIFTH_ELECTRONIC,2013_FIFTH_ELECTRONIC_SECOND_VERSION,DOCUMENTED_UNICODE_RECONCILIATION_NOT_BYTE_EXTRACTED_2013,JUCHITAN_HISTORICAL_SOURCE,STRUCTURED_BACKFILL_V0_1
PICKETT-ZE-0678,huacaxaba,huacaxaba,huacaxaba,huacaxaba,"[""huacaxaba""]",ENTRY,,,,tarántula venenosa,huacaxaba tarántula venenosa,,16,30,2,ZAPOTECO_ESPAÑOL,BIB003_PICKETT_VOCABULARIO,2007_FIFTH_ELECTRONIC,2013_FIFTH_ELECTRONIC_SECOND_VERSION,DOCUMENTED_UNICODE_RECONCILIATION_NOT_BYTE_EXTRACTED_2013,JUCHITAN_HISTORICAL_SOURCE,STRUCTURED_BACKFILL_V0_1
PICKETT-ZE-0679,huada’,huada’,huadaꞌ,huadaꞌ,"[""huadaꞌ""]",ENTRY,,,[b.al],"extraña, forastera","huada’ [b.al] extraña, forastera",,16,30,2,ZAPOTECO_ESPAÑOL,BIB003_PICKETT_VOCABULARIO,2007_FIFTH_ELECTRONIC,2013_FIFTH_ELECTRONIC_SECOND_VERSION,DOCUMENTED_UNICODE_RECONCILIATION_NOT_BYTE_EXTRACTED_2013,JUCHITAN_HISTORICAL_SOURCE,STRUCTURED_BACKFILL_V0_1
PICKETT-ZE-0680,huadxi,huadxi,huadxi,huadxi,"[""huadxi""]",ENTRY,,,,¡cómo no!,huadxi ¡cómo no!,,16,30,2,ZAPOTECO_ESPAÑOL,BIB003_PICKETT_VOCABULARIO,2007_FIFTH_ELECTRONIC,2013_FIFTH_ELECTRONIC_SECOND_VERSION,DOCUMENTED_UNICODE_RECONCILIATION_NOT_BYTE_EXTRACTED_2013,JUCHITAN_HISTORICAL_SOURCE,STRUCTURED_BACKFILL_V0_1
PICKETT-ZE-0681,huádxihua’,huádxihua’,huádxihuaꞌ,huádxihuaꞌ,"[""huádxihuaꞌ""]",SUBENTRY,huadxi,,,"¿será cierto?, ¡cómo no!, ¡a poco!","huádxihua’ ¿será cierto?, ¡cómo no!, ¡a",poco!,16,30,2,ZAPOTECO_ESPAÑOL,BIB003_PICKETT_VOCABULARIO,2007_FIFTH_ELECTRONIC,2013_FIFTH_ELECTRONIC_SECOND_VERSION,DOCUMENTED_UNICODE_RECONCILIATION_NOT_BYTE_EXTRACTED_2013,JUCHITAN_HISTORICAL_SOURCE,STRUCTURED_BACKFILL_V0_1
PICKETT-ZE-0682,huadxí,huadxí,huadxí,huadxí,"[""huadxí""]",ENTRY,,,,tarde,huadxí tarde,,16,30,2,ZAPOTECO_ESPAÑOL,BIB003_PICKETT_VOCABULARIO,2007_FIFTH_ELECTRONIC,2013_FIFTH_ELECTRONIC_SECOND_VERSION,DOCUMENTED_UNICODE_RECONCILIATION_NOT_BYTE_EXTRACTED_2013,JUCHITAN_HISTORICAL_SOURCE,STRUCTURED_BACKFILL_V0_1
PICKETT-ZE-0683,ma huadxí,ma huadxí,ma huadxí,ma huadxí,"[""ma huadxí""]",SUBENTRY,huadxí,,,ya es tarde,ma huadxí [a-b] ya es tarde,,16,30,2,ZAPOTECO_ESPAÑOL,BIB003_PICKETT_VOCABULARIO,2007_FIFTH_ELECTRONIC,2013_FIFTH_ELECTRONIC_SECOND_VERSION,DOCUMENTED_UNICODE_RECONCILIATION_NOT_BYTE_EXTRACTED_2013,JUCHITAN_HISTORICAL_SOURCE,STRUCTURED_BACKFILL_V0_1
PICKETT-ZE-0684,huaga,huaga,huaga,huaga,"[""huaga""]",ENTRY,,,,rata,huaga rata,,16,30,2,ZAPOTECO_ESPAÑOL,BIB003_PICKETT_VOCABULARIO,2007_FIFTH_ELECTRONIC,2013_FIFTH_ELECTRONIC_SECOND_VERSION,DOCUMENTED_UNICODE_RECONCILIATION_NOT_BYTE_EXTRACTED_2013,JUCHITAN_HISTORICAL_SOURCE,STRUCTURED_BACKFILL_V0_1
PICKETT-ZE-0685,huandí’,huandí’,huandíꞌ,huandíꞌ,"[""huandíꞌ""]",ENTRY,,,[b.a],"cierto, verdad, efectivamente, de veras","huandí’ [b.a] cierto, verdad, efectivamente,",de veras,16,30,2,ZAPOTECO_ESPAÑOL,BIB003_PICKETT_VOCABULARIO,2007_FIFTH_ELECTRONIC,2013_FIFTH_ELECTRONIC_SECOND_VERSION,DOCUMENTED_UNICODE_RECONCILIATION_NOT_BYTE_EXTRACTED_2013,JUCHITAN_HISTORICAL_SOURCE,STRUCTURED_BACKFILL_V0_1
PICKETT-ZE-0686,huaniisi,huaniisi,huaniisi,huaniisi,"[""huaniisi""]",ENTRY,,,[b.b.a],"grande de edad, mayor de edad","huaniisi [b.b.a] grande de edad, mayor de",edad,16,30,2,ZAPOTECO_ESPAÑOL,BIB003_PICKETT_VOCABULARIO,2007_FIFTH_ELECTRONIC,2013_FIFTH_ELECTRONIC_SECOND_VERSION,DOCUMENTED_UNICODE_RECONCILIATION_NOT_BYTE_EXTRACTED_2013,JUCHITAN_HISTORICAL_SOURCE,STRUCTURED_BACKFILL_V0_1
PICKETT-ZE-0687,huaquixaba,huaquixaba,huaquixaba,huaquixaba,"[""huaquixaba""]",ENTRY,,,,tarántula venenosa,huaquixaba tarántula venenosa,,16,30,2,ZAPOTECO_ESPAÑOL,BIB003_PICKETT_VOCABULARIO,2007_FIFTH_ELECTRONIC,2013_FIFTH_ELECTRONIC_SECOND_VERSION,DOCUMENTED_UNICODE_RECONCILIATION_NOT_BYTE_EXTRACTED_2013,JUCHITAN_HISTORICAL_SOURCE,STRUCTURED_BACKFILL_V0_1
PICKETT-ZE-0688,huará,huará,huará,huará,"[""huará""]",ENTRY,,,,"enfermo, estar enfermo","huará enfermo, estar enfermo",,16,30,2,ZAPOTECO_ESPAÑOL,BIB003_PICKETT_VOCABULARIO,2007_FIFTH_ELECTRONIC,2013_FIFTH_ELECTRONIC_SECOND_VERSION,DOCUMENTED_UNICODE_RECONCILIATION_NOT_BYTE_EXTRACTED_2013,JUCHITAN_HISTORICAL_SOURCE,STRUCTURED_BACKFILL_V0_1
PICKETT-ZE-0689,huaxié’,huaxié’,huaxiéꞌ,huaxiéꞌ,"[""huaxiéꞌ""]",ENTRY,,,[b.al],poco,huaxié’ [b.al] poco,,16,30,2,ZAPOTECO_ESPAÑOL,BIB003_PICKETT_VOCABULARIO,2007_FIFTH_ELECTRONIC,2013_FIFTH_ELECTRONIC_SECOND_VERSION,DOCUMENTED_UNICODE_RECONCILIATION_NOT_BYTE_EXTRACTED_2013,JUCHITAN_HISTORICAL_SOURCE,STRUCTURED_BACKFILL_V0_1
PICKETT-ZE-0690,hua’xha’,hua’xha’,huaꞌxhaꞌ,huaꞌxhaꞌ,"[""huaꞌxhaꞌ""]",ENTRY,,,[al.b],Oaxaqueño (se refiere a personas del valle de Oaxaca),hua’xha’ [al.b] Oaxaqueño (se refiere a,personas del valle de Oaxaca),16,30,2,ZAPOTECO_ESPAÑOL,BIB003_PICKETT_VOCABULARIO,2007_FIFTH_ELECTRONIC,2013_FIFTH_ELECTRONIC_SECOND_VERSION,DOCUMENTED_UNICODE_RECONCILIATION_NOT_BYTE_EXTRACTED_2013,JUCHITAN_HISTORICAL_SOURCE,STRUCTURED_BACKFILL_V0_1
PICKETT-ZE-0691,huaxhinni,huaxhinni,huaxhinni,huaxhinni,"[""huaxhinni""]",ENTRY,,,,"noche, de noche","huaxhinni noche, de noche",,16,30,2,ZAPOTECO_ESPAÑOL,BIB003_PICKETT_VOCABULARIO,2007_FIFTH_ELECTRONIC,2013_FIFTH_ELECTRONIC_SECOND_VERSION,DOCUMENTED_UNICODE_RECONCILIATION_NOT_BYTE_EXTRACTED_2013,JUCHITAN_HISTORICAL_SOURCE,STRUCTURED_BACKFILL_V0_1
PICKETT-ZE-0692,huazaaca,huazaaca,huazaaca,huazaaca,"[""huazaaca""]",ENTRY,,,[b.b.a],"bien, de buena salud","huazaaca [b.b.a] bien, de buena salud",,16,30,2,ZAPOTECO_ESPAÑOL,BIB003_PICKETT_VOCABULARIO,2007_FIFTH_ELECTRONIC,2013_FIFTH_ELECTRONIC_SECOND_VERSION,DOCUMENTED_UNICODE_RECONCILIATION_NOT_BYTE_EXTRACTED_2013,JUCHITAN_HISTORICAL_SOURCE,STRUCTURED_BACKFILL_V0_1
PICKETT-ZE-0693,huazaaca’,huazaaca’,huazaacaꞌ,huazaacaꞌ,"[""huazaacaꞌ""]",ENTRY,,,,¡merecido!,huazaaca’ ¡merecido!,,17,31,1,ZAPOTECO_ESPAÑOL,BIB003_PICKETT_VOCABULARIO,2007_FIFTH_ELECTRONIC,2013_FIFTH_ELECTRONIC_SECOND_VERSION,DOCUMENTED_UNICODE_RECONCILIATION_NOT_BYTE_EXTRACTED_2013,JUCHITAN_HISTORICAL_SOURCE,STRUCTURED_BACKFILL_V0_1
PICKETT-ZE-0694,huela,huela,huela,huela,"[""huela""]",ENTRY,,,[a.b],viejita,huela [a.b] viejita,,17,31,1,ZAPOTECO_ESPAÑOL,BIB003_PICKETT_VOCABULARIO,2007_FIFTH_ELECTRONIC,2013_FIFTH_ELECTRONIC_SECOND_VERSION,DOCUMENTED_UNICODE_RECONCILIATION_NOT_BYTE_EXTRACTED_2013,JUCHITAN_HISTORICAL_SOURCE,STRUCTURED_BACKFILL_V0_1
PICKETT-ZE-0695,huelu,huelu,huelu,huelu,"[""huelu""]",ENTRY,,,[a.b],viejito,huelu [a.b] viejito,,17,31,1,ZAPOTECO_ESPAÑOL,BIB003_PICKETT_VOCABULARIO,2007_FIFTH_ELECTRONIC,2013_FIFTH_ELECTRONIC_SECOND_VERSION,DOCUMENTED_UNICODE_RECONCILIATION_NOT_BYTE_EXTRACTED_2013,JUCHITAN_HISTORICAL_SOURCE,STRUCTURED_BACKFILL_V0_1
PICKETT-ZE-0696,huidxe,huidxe,huidxe,huidxe,"[""huidxe""]",ENTRY,,,[b.a],"pasado mañana, en el futuro, otro día","huidxe [b.a] pasado mañana, en el futuro,",otro día,17,31,1,ZAPOTECO_ESPAÑOL,BIB003_PICKETT_VOCABULARIO,2007_FIFTH_ELECTRONIC,2013_FIFTH_ELECTRONIC_SECOND_VERSION,DOCUMENTED_UNICODE_RECONCILIATION_NOT_BYTE_EXTRACTED_2013,JUCHITAN_HISTORICAL_SOURCE,STRUCTURED_BACKFILL_V0_1
PICKETT-ZE-0697,huiihui’,huiihui’,huiihuiꞌ,huiihuiꞌ,"[""huiihuiꞌ""]",ENTRY,,,,hormigueo,huiihui’ hormigueo,,17,31,1,ZAPOTECO_ESPAÑOL,BIB003_PICKETT_VOCABULARIO,2007_FIFTH_ELECTRONIC,2013_FIFTH_ELECTRONIC_SECOND_VERSION,DOCUMENTED_UNICODE_RECONCILIATION_NOT_BYTE_EXTRACTED_2013,JUCHITAN_HISTORICAL_SOURCE,STRUCTURED_BACKFILL_V0_1
PICKETT-ZE-0698,"ibá’, guibá’","ibá’, guibá’","ibáꞌ, guibáꞌ",ibáꞌ,"[""ibáꞌ"", ""guibáꞌ""]",ENTRY,,,,cielo,"ibá’, guibá’ cielo",,17,31,1,ZAPOTECO_ESPAÑOL,BIB003_PICKETT_VOCABULARIO,2007_FIFTH_ELECTRONIC,2013_FIFTH_ELECTRONIC_SECOND_VERSION,DOCUMENTED_UNICODE_RECONCILIATION_NOT_BYTE_EXTRACTED_2013,JUCHITAN_HISTORICAL_SOURCE,STRUCTURED_BACKFILL_V0_1
PICKETT-ZE-0699,"idubi, guidubi","idubi, guidubi","idubi, guidubi",idubi,"[""idubi"", ""guidubi""]",ENTRY,,,[b.a.b],todo,"idubi, guidubi [b.a.b] todo",,17,31,1,ZAPOTECO_ESPAÑOL,BIB003_PICKETT_VOCABULARIO,2007_FIFTH_ELECTRONIC,2013_FIFTH_ELECTRONIC_SECOND_VERSION,DOCUMENTED_UNICODE_RECONCILIATION_NOT_BYTE_EXTRACTED_2013,JUCHITAN_HISTORICAL_SOURCE,STRUCTURED_BACKFILL_V0_1
PICKETT-ZE-0700,"idxagá, guidxagá","idxagá, guidxagá","idxagá, guidxagá",idxagá,"[""idxagá"", ""guidxagá""]",ENTRY,,,,"catarro, gripe, resfriado","idxagá, guidxagá catarro, gripe, resfriado",,17,31,1,ZAPOTECO_ESPAÑOL,BIB003_PICKETT_VOCABULARIO,2007_FIFTH_ELECTRONIC,2013_FIFTH_ELECTRONIC_SECOND_VERSION,DOCUMENTED_UNICODE_RECONCILIATION_NOT_BYTE_EXTRACTED_2013,JUCHITAN_HISTORICAL_SOURCE,STRUCTURED_BACKFILL_V0_1
PICKETT-ZE-0701,"Idxi Yaza, Guidxi Yaza","Idxi Yaza, Guidxi Yaza","Idxi Yaza, Guidxi Yaza",Idxi Yaza,"[""Idxi Yaza"", ""Guidxi Yaza""]",ENTRY,,,,Ixhuatán,"Idxi Yaza, Guidxi Yaza Ixhuatán",,17,31,1,ZAPOTECO_ESPAÑOL,BIB003_PICKETT_VOCABULARIO,2007_FIFTH_ELECTRONIC,2013_FIFTH_ELECTRONIC_SECOND_VERSION,DOCUMENTED_UNICODE_RECONCILIATION_NOT_BYTE_EXTRACTED_2013,JUCHITAN_HISTORICAL_SOURCE,STRUCTURED_BACKFILL_V0_1
PICKETT-ZE-0702,idxilayú,idxilayú,idxilayú,idxilayú,"[""idxilayú""]",ENTRY,,,,"mundo, tierra","idxilayú mundo, tierra",,17,31,1,ZAPOTECO_ESPAÑOL,BIB003_PICKETT_VOCABULARIO,2007_FIFTH_ELECTRONIC,2013_FIFTH_ELECTRONIC_SECOND_VERSION,DOCUMENTED_UNICODE_RECONCILIATION_NOT_BYTE_EXTRACTED_2013,JUCHITAN_HISTORICAL_SOURCE,STRUCTURED_BACKFILL_V0_1
PICKETT-ZE-0703,intiica,intiica,intiica,intiica,"[""intiica""]",ENTRY,,,[b.b.a],cualquier cosa,intiica [b.b.a] cualquier cosa,,17,31,1,ZAPOTECO_ESPAÑOL,BIB003_PICKETT_VOCABULARIO,2007_FIFTH_ELECTRONIC,2013_FIFTH_ELECTRONIC_SECOND_VERSION,DOCUMENTED_UNICODE_RECONCILIATION_NOT_BYTE_EXTRACTED_2013,JUCHITAN_HISTORICAL_SOURCE,STRUCTURED_BACKFILL_V0_1
PICKETT-ZE-0704,intiisi,intiisi,intiisi,intiisi,"[""intiisi""]",ENTRY,,,[b.b.a],cualquier cosa,intiisi [b.b.a] cualquier cosa,,17,31,1,ZAPOTECO_ESPAÑOL,BIB003_PICKETT_VOCABULARIO,2007_FIFTH_ELECTRONIC,2013_FIFTH_ELECTRONIC_SECOND_VERSION,DOCUMENTED_UNICODE_RECONCILIATION_NOT_BYTE_EXTRACTED_2013,JUCHITAN_HISTORICAL_SOURCE,STRUCTURED_BACKFILL_V0_1
PICKETT-ZE-0705,ique,ique,ique,ique,"[""ique""]",ENTRY,,,,cabeza,ique cabeza,,17,31,1,ZAPOTECO_ESPAÑOL,BIB003_PICKETT_VOCABULARIO,2007_FIFTH_ELECTRONIC,2013_FIFTH_ELECTRONIC_SECOND_VERSION,DOCUMENTED_UNICODE_RECONCILIATION_NOT_BYTE_EXTRACTED_2013,JUCHITAN_HISTORICAL_SOURCE,STRUCTURED_BACKFILL_V0_1
PICKETT-ZE-0706,ique chonga,ique chonga,ique chonga,ique chonga,"[""ique chonga""]",SUBENTRY,ique,,,persona que aprende con dificultad,ique chonga persona que aprende con,dificultad,17,31,1,ZAPOTECO_ESPAÑOL,BIB003_PICKETT_VOCABULARIO,2007_FIFTH_ELECTRONIC,2013_FIFTH_ELECTRONIC_SECOND_VERSION,DOCUMENTED_UNICODE_RECONCILIATION_NOT_BYTE_EXTRACTED_2013,JUCHITAN_HISTORICAL_SOURCE,STRUCTURED_BACKFILL_V0_1
PICKETT-ZE-0707,"ique choore’, ique piiru’","ique choore’, ique piiru’","ique chooreꞌ, ique piiruꞌ",ique chooreꞌ,"[""ique chooreꞌ"", ""ique piiruꞌ""]",SUBENTRY,ique,,,"calvo, rapado, pelón","ique choore’, ique piiru’ calvo, rapado,",pelón,17,31,1,ZAPOTECO_ESPAÑOL,BIB003_PICKETT_VOCABULARIO,2007_FIFTH_ELECTRONIC,2013_FIFTH_ELECTRONIC_SECOND_VERSION,DOCUMENTED_UNICODE_RECONCILIATION_NOT_BYTE_EXTRACTED_2013,JUCHITAN_HISTORICAL_SOURCE,STRUCTURED_BACKFILL_V0_1
PICKETT-ZE-0708,ique guidxi,ique guidxi,ique guidxi,ique guidxi,"[""ique guidxi""]",SUBENTRY,ique,,,"entrada del pueblo, orilla del pueblo","ique guidxi [b-al.b] entrada del pueblo,",orilla del pueblo,17,31,1,ZAPOTECO_ESPAÑOL,BIB003_PICKETT_VOCABULARIO,2007_FIFTH_ELECTRONIC,2013_FIFTH_ELECTRONIC_SECOND_VERSION,DOCUMENTED_UNICODE_RECONCILIATION_NOT_BYTE_EXTRACTED_2013,JUCHITAN_HISTORICAL_SOURCE,STRUCTURED_BACKFILL_V0_1
PICKETT-ZE-0709,ique raa,ique raa,ique raa,ique raa,"[""ique raa""]",SUBENTRY,ique,,,calvo,ique raa [b-a] calvo,,17,31,1,ZAPOTECO_ESPAÑOL,BIB003_PICKETT_VOCABULARIO,2007_FIFTH_ELECTRONIC,2013_FIFTH_ELECTRONIC_SECOND_VERSION,DOCUMENTED_UNICODE_RECONCILIATION_NOT_BYTE_EXTRACTED_2013,JUCHITAN_HISTORICAL_SOURCE,STRUCTURED_BACKFILL_V0_1
PICKETT-ZE-0710,ique ribí,ique ribí,ique ribí,ique ribí,"[""ique ribí""]",SUBENTRY,ique,,,"loco, enfurecido, trastornado","ique ribí [b-al] loco, enfurecido,",trastornado,17,31,1,ZAPOTECO_ESPAÑOL,BIB003_PICKETT_VOCABULARIO,2007_FIFTH_ELECTRONIC,2013_FIFTH_ELECTRONIC_SECOND_VERSION,DOCUMENTED_UNICODE_RECONCILIATION_NOT_BYTE_EXTRACTED_2013,JUCHITAN_HISTORICAL_SOURCE,STRUCTURED_BACKFILL_V0_1
PICKETT-ZE-0711,ique ribii,ique ribii,ique ribii,ique ribii,"[""ique ribii""]",SUBENTRY,ique,,,despeinado,ique ribii [b-al.a] despeinado,,17,31,1,ZAPOTECO_ESPAÑOL,BIB003_PICKETT_VOCABULARIO,2007_FIFTH_ELECTRONIC,2013_FIFTH_ELECTRONIC_SECOND_VERSION,DOCUMENTED_UNICODE_RECONCILIATION_NOT_BYTE_EXTRACTED_2013,JUCHITAN_HISTORICAL_SOURCE,STRUCTURED_BACKFILL_V0_1
PICKETT-ZE-0712,ique ribidxu,ique ribidxu,ique ribidxu,ique ribidxu,"[""ique ribidxu""]",SUBENTRY,ique,,,"crespo, rizado, chino","ique ribidxu [b-al.a.a] crespo, rizado,",chino,17,31,1,ZAPOTECO_ESPAÑOL,BIB003_PICKETT_VOCABULARIO,2007_FIFTH_ELECTRONIC,2013_FIFTH_ELECTRONIC_SECOND_VERSION,DOCUMENTED_UNICODE_RECONCILIATION_NOT_BYTE_EXTRACTED_2013,JUCHITAN_HISTORICAL_SOURCE,STRUCTURED_BACKFILL_V0_1
PICKETT-ZE-0713,ique ridxé,ique ridxé,ique ridxé,ique ridxé,"[""ique ridxé""]",SUBENTRY,ique,,,loco,ique ridxé loco,,17,31,1,ZAPOTECO_ESPAÑOL,BIB003_PICKETT_VOCABULARIO,2007_FIFTH_ELECTRONIC,2013_FIFTH_ELECTRONIC_SECOND_VERSION,DOCUMENTED_UNICODE_RECONCILIATION_NOT_BYTE_EXTRACTED_2013,JUCHITAN_HISTORICAL_SOURCE,STRUCTURED_BACKFILL_V0_1
PICKETT-ZE-0714,ique rixiñá,ique rixiñá,ique rixiñá,ique rixiñá,"[""ique rixiñá""]",SUBENTRY,ique,,,pelirrojo,ique rixiñá [b-al.al.b] pelirrojo,,17,31,1,ZAPOTECO_ESPAÑOL,BIB003_PICKETT_VOCABULARIO,2007_FIFTH_ELECTRONIC,2013_FIFTH_ELECTRONIC_SECOND_VERSION,DOCUMENTED_UNICODE_RECONCILIATION_NOT_BYTE_EXTRACTED_2013,JUCHITAN_HISTORICAL_SOURCE,STRUCTURED_BACKFILL_V0_1
PICKETT-ZE-0715,ique yoo,ique yoo,ique yoo,ique yoo,"[""ique yoo""]",SUBENTRY,ique,,,techo,ique yoo [b-al] techo,,17,31,1,ZAPOTECO_ESPAÑOL,BIB003_PICKETT_VOCABULARIO,2007_FIFTH_ELECTRONIC,2013_FIFTH_ELECTRONIC_SECOND_VERSION,DOCUMENTED_UNICODE_RECONCILIATION_NOT_BYTE_EXTRACTED_2013,JUCHITAN_HISTORICAL_SOURCE,STRUCTURED_BACKFILL_V0_1
PICKETT-ZE-0716,irá’,irá’,iráꞌ,iráꞌ,"[""iráꞌ""]",ENTRY,,,[b.a],todos,irá’ [b.a] todos,,17,31,1,ZAPOTECO_ESPAÑOL,BIB003_PICKETT_VOCABULARIO,2007_FIFTH_ELECTRONIC,2013_FIFTH_ELECTRONIC_SECOND_VERSION,DOCUMENTED_UNICODE_RECONCILIATION_NOT_BYTE_EXTRACTED_2013,JUCHITAN_HISTORICAL_SOURCE,STRUCTURED_BACKFILL_V0_1
PICKETT-ZE-0717,"iropa’, guiropa’","iropa’, guiropa’","iropaꞌ, guiropaꞌ",iropaꞌ,"[""iropaꞌ"", ""guiropaꞌ""]",ENTRY,,,[b.b.al],"ambos, los dos","iropa’, guiropa’ [b.b.al] ambos, los dos",,17,31,1,ZAPOTECO_ESPAÑOL,BIB003_PICKETT_VOCABULARIO,2007_FIFTH_ELECTRONIC,2013_FIFTH_ELECTRONIC_SECOND_VERSION,DOCUMENTED_UNICODE_RECONCILIATION_NOT_BYTE_EXTRACTED_2013,JUCHITAN_HISTORICAL_SOURCE,STRUCTURED_BACKFILL_V0_1
PICKETT-ZE-0718,"iruti’, guiruti’","iruti’, guiruti’","irutiꞌ, guirutiꞌ",irutiꞌ,"[""irutiꞌ"", ""guirutiꞌ""]",ENTRY,,,[al],"nadie, ninguno","iruti’, guiruti’ [al] nadie, ninguno",,17,31,1,ZAPOTECO_ESPAÑOL,BIB003_PICKETT_VOCABULARIO,2007_FIFTH_ELECTRONIC,2013_FIFTH_ELECTRONIC_SECOND_VERSION,DOCUMENTED_UNICODE_RECONCILIATION_NOT_BYTE_EXTRACTED_2013,JUCHITAN_HISTORICAL_SOURCE,STRUCTURED_BACKFILL_V0_1
PICKETT-ZE-0719,"ixí’, guixí’","ixí’, guixí’","ixíꞌ, guixíꞌ",ixíꞌ,"[""ixíꞌ"", ""guixíꞌ""]",ENTRY,,,[b.a],día de mañana,"ixí’, guixí’ [b.a] día de mañana",,17,31,1,ZAPOTECO_ESPAÑOL,BIB003_PICKETT_VOCABULARIO,2007_FIFTH_ELECTRONIC,2013_FIFTH_ELECTRONIC_SECOND_VERSION,DOCUMENTED_UNICODE_RECONCILIATION_NOT_BYTE_EXTRACTED_2013,JUCHITAN_HISTORICAL_SOURCE,STRUCTURED_BACKFILL_V0_1
PICKETT-ZE-0720,iza,iza,iza,iza,"[""iza""]",ENTRY,,,,año,iza año,,17,31,1,ZAPOTECO_ESPAÑOL,BIB003_PICKETT_VOCABULARIO,2007_FIFTH_ELECTRONIC,2013_FIFTH_ELECTRONIC_SECOND_VERSION,DOCUMENTED_UNICODE_RECONCILIATION_NOT_BYTE_EXTRACTED_2013,JUCHITAN_HISTORICAL_SOURCE,STRUCTURED_BACKFILL_V0_1
PICKETT-ZE-0721,Iza Cubi,Iza Cubi,Iza Cubi,Iza Cubi,"[""Iza Cubi""]",SUBENTRY,iza,,,Año Nuevo,Iza Cubi [b-a.b] Año Nuevo,,17,31,1,ZAPOTECO_ESPAÑOL,BIB003_PICKETT_VOCABULARIO,2007_FIFTH_ELECTRONIC,2013_FIFTH_ELECTRONIC_SECOND_VERSION,DOCUMENTED_UNICODE_RECONCILIATION_NOT_BYTE_EXTRACTED_2013,JUCHITAN_HISTORICAL_SOURCE,STRUCTURED_BACKFILL_V0_1
PICKETT-ZE-0722,iza gudi’di’,iza gudi’di’,iza gudiꞌdiꞌ,iza gudiꞌdiꞌ,"[""iza gudiꞌdiꞌ""]",SUBENTRY,iza,,,año pasado,iza gudi’di’ [b-b.al.b] año pasado,,17,31,1,ZAPOTECO_ESPAÑOL,BIB003_PICKETT_VOCABULARIO,2007_FIFTH_ELECTRONIC,2013_FIFTH_ELECTRONIC_SECOND_VERSION,DOCUMENTED_UNICODE_RECONCILIATION_NOT_BYTE_EXTRACTED_2013,JUCHITAN_HISTORICAL_SOURCE,STRUCTURED_BACKFILL_V0_1
PICKETT-ZE-0723,"izá’, guizá’","izá’, guizá’","izáꞌ, guizáꞌ",izáꞌ,"[""izáꞌ"", ""guizáꞌ""]",ENTRY,,,[b.al],completo,"izá’, guizá’ [b.al] completo",,17,31,1,ZAPOTECO_ESPAÑOL,BIB003_PICKETT_VOCABULARIO,2007_FIFTH_ELECTRONIC,2013_FIFTH_ELECTRONIC_SECOND_VERSION,DOCUMENTED_UNICODE_RECONCILIATION_NOT_BYTE_EXTRACTED_2013,JUCHITAN_HISTORICAL_SOURCE,STRUCTURED_BACKFILL_V0_1
PICKETT-ZE-0724,Izii,Izii,Izii,Izii,"[""Izii""]",ENTRY,,,,Tehuantepec,Izii Tehuantepec,,17,31,1,ZAPOTECO_ESPAÑOL,BIB003_PICKETT_VOCABULARIO,2007_FIFTH_ELECTRONIC,2013_FIFTH_ELECTRONIC_SECOND_VERSION,DOCUMENTED_UNICODE_RECONCILIATION_NOT_BYTE_EXTRACTED_2013,JUCHITAN_HISTORICAL_SOURCE,STRUCTURED_BACKFILL_V0_1
PICKETT-ZE-0725,ja’n,ja’n,jaꞌn,jaꞌn,"[""jaꞌn""]",ENTRY,,,[al],¿verdad? (la vocal tiene pronunciación nasal),ja’n [al] ¿verdad? (la vocal tiene,pronunciación nasal),17,31,2,ZAPOTECO_ESPAÑOL,BIB003_PICKETT_VOCABULARIO,2007_FIFTH_ELECTRONIC,2013_FIFTH_ELECTRONIC_SECOND_VERSION,DOCUMENTED_UNICODE_RECONCILIATION_NOT_BYTE_EXTRACTED_2013,JUCHITAN_HISTORICAL_SOURCE,STRUCTURED_BACKFILL_V0_1
PICKETT-ZE-0726,"janna, jora","janna, jora","janna, jora",janna,"[""janna"", ""jora""]",ENTRY,,,[al.b]; [al.b],¡ándale! (para insistir que haga una cosa),"janna [al.b], jora [al.b] ¡ándale! (para",insistir que haga una cosa),17,31,2,ZAPOTECO_ESPAÑOL,BIB003_PICKETT_VOCABULARIO,2007_FIFTH_ELECTRONIC,2013_FIFTH_ELECTRONIC_SECOND_VERSION,DOCUMENTED_UNICODE_RECONCILIATION_NOT_BYTE_EXTRACTED_2013,JUCHITAN_HISTORICAL_SOURCE,STRUCTURED_BACKFILL_V0_1
PICKETT-ZE-0727,jlaagu’,jlaagu’,jlaaguꞌ,jlaaguꞌ,"[""jlaaguꞌ""]",ENTRY,,,,buche de ave,jlaagu’ buche de ave,,17,31,2,ZAPOTECO_ESPAÑOL,BIB003_PICKETT_VOCABULARIO,2007_FIFTH_ELECTRONIC,2013_FIFTH_ELECTRONIC_SECOND_VERSION,DOCUMENTED_UNICODE_RECONCILIATION_NOT_BYTE_EXTRACTED_2013,JUCHITAN_HISTORICAL_SOURCE,STRUCTURED_BACKFILL_V0_1
PICKETT-ZE-0728,jlagu biana,jlagu biana,jlagu biana,jlagu biana,"[""jlagu biana""]",ENTRY,,,,pasto,jlagu biana pasto,,17,31,2,ZAPOTECO_ESPAÑOL,BIB003_PICKETT_VOCABULARIO,2007_FIFTH_ELECTRONIC,2013_FIFTH_ELECTRONIC_SECOND_VERSION,DOCUMENTED_UNICODE_RECONCILIATION_NOT_BYTE_EXTRACTED_2013,JUCHITAN_HISTORICAL_SOURCE,STRUCTURED_BACKFILL_V0_1
PICKETT-ZE-0729,jlaza,jlaza,jlaza,jlaza,"[""jlaza""]",ENTRY,,,,escamas,jlaza escamas,,17,31,2,ZAPOTECO_ESPAÑOL,BIB003_PICKETT_VOCABULARIO,2007_FIFTH_ELECTRONIC,2013_FIFTH_ELECTRONIC_SECOND_VERSION,DOCUMENTED_UNICODE_RECONCILIATION_NOT_BYTE_EXTRACTED_2013,JUCHITAN_HISTORICAL_SOURCE,STRUCTURED_BACKFILL_V0_1
PICKETT-ZE-0730,jluxu,jluxu,jluxu,jluxu,"[""jluxu""]",ENTRY,,,,"ixtle, fleco","jluxu ixtle, fleco",,17,31,2,ZAPOTECO_ESPAÑOL,BIB003_PICKETT_VOCABULARIO,2007_FIFTH_ELECTRONIC,2013_FIFTH_ELECTRONIC_SECOND_VERSION,DOCUMENTED_UNICODE_RECONCILIATION_NOT_BYTE_EXTRACTED_2013,JUCHITAN_HISTORICAL_SOURCE,STRUCTURED_BACKFILL_V0_1
PICKETT-ZE-0731,jma,jma,jma,jma,"[""jma""]",ENTRY,,,[al],más,jma [al] más,,17,31,2,ZAPOTECO_ESPAÑOL,BIB003_PICKETT_VOCABULARIO,2007_FIFTH_ELECTRONIC,2013_FIFTH_ELECTRONIC_SECOND_VERSION,DOCUMENTED_UNICODE_RECONCILIATION_NOT_BYTE_EXTRACTED_2013,JUCHITAN_HISTORICAL_SOURCE,STRUCTURED_BACKFILL_V0_1
PICKETT-ZE-0732,jnadxii,jnadxii,jnadxii,jnadxii,"[""jnadxii""]",ENTRY,,,[b.a],su querido,jnadxii [b.a] su querido,,17,31,2,ZAPOTECO_ESPAÑOL,BIB003_PICKETT_VOCABULARIO,2007_FIFTH_ELECTRONIC,2013_FIFTH_ELECTRONIC_SECOND_VERSION,DOCUMENTED_UNICODE_RECONCILIATION_NOT_BYTE_EXTRACTED_2013,JUCHITAN_HISTORICAL_SOURCE,STRUCTURED_BACKFILL_V0_1
PICKETT-ZE-0733,jneza,jneza,jneza,jneza,"[""jneza""]",ENTRY,,,,"correcto, bien, derecho","jneza correcto, bien, derecho",,17,31,2,ZAPOTECO_ESPAÑOL,BIB003_PICKETT_VOCABULARIO,2007_FIFTH_ELECTRONIC,2013_FIFTH_ELECTRONIC_SECOND_VERSION,DOCUMENTED_UNICODE_RECONCILIATION_NOT_BYTE_EXTRACTED_2013,JUCHITAN_HISTORICAL_SOURCE,STRUCTURED_BACKFILL_V0_1
PICKETT-ZE-0734,jñaa,jñaa,jñaa,jñaa,"[""jñaa""]",ENTRY,,,[a],"mamá, madre","jñaa [a] mamá, madre",,17,31,2,ZAPOTECO_ESPAÑOL,BIB003_PICKETT_VOCABULARIO,2007_FIFTH_ELECTRONIC,2013_FIFTH_ELECTRONIC_SECOND_VERSION,DOCUMENTED_UNICODE_RECONCILIATION_NOT_BYTE_EXTRACTED_2013,JUCHITAN_HISTORICAL_SOURCE,STRUCTURED_BACKFILL_V0_1
PICKETT-ZE-0735,jñaa ti,jñaa ti,jñaa ti,jñaa ti,"[""jñaa ti""]",SUBENTRY,jñaa,,,abuela,jñaa ti [b-a.b] abuela,,17,31,2,ZAPOTECO_ESPAÑOL,BIB003_PICKETT_VOCABULARIO,2007_FIFTH_ELECTRONIC,2013_FIFTH_ELECTRONIC_SECOND_VERSION,DOCUMENTED_UNICODE_RECONCILIATION_NOT_BYTE_EXTRACTED_2013,JUCHITAN_HISTORICAL_SOURCE,STRUCTURED_BACKFILL_V0_1
PICKETT-ZE-0736,jñaa yu’du’,jñaa yu’du’,jñaa yuꞌduꞌ,jñaa yuꞌduꞌ,"[""jñaa yuꞌduꞌ""]",SUBENTRY,jñaa,,,madrina,jñaa yu’du’ [b-al.b] madrina,,17,31,2,ZAPOTECO_ESPAÑOL,BIB003_PICKETT_VOCABULARIO,2007_FIFTH_ELECTRONIC,2013_FIFTH_ELECTRONIC_SECOND_VERSION,DOCUMENTED_UNICODE_RECONCILIATION_NOT_BYTE_EXTRACTED_2013,JUCHITAN_HISTORICAL_SOURCE,STRUCTURED_BACKFILL_V0_1
PICKETT-ZE-0737,"jora, janna","jora, janna","jora, janna",jora,"[""jora"", ""janna""]",ENTRY,,,[al.b]; [al.b],¡ándale! (para insistir que haga una cosa),"jora [al.b], janna [al.b] ¡ándale! (para",insistir que haga una cosa),17,31,2,ZAPOTECO_ESPAÑOL,BIB003_PICKETT_VOCABULARIO,2007_FIFTH_ELECTRONIC,2013_FIFTH_ELECTRONIC_SECOND_VERSION,DOCUMENTED_UNICODE_RECONCILIATION_NOT_BYTE_EXTRACTED_2013,JUCHITAN_HISTORICAL_SOURCE,STRUCTURED_BACKFILL_V0_1
PICKETT-ZE-0738,la,la,la,la,"[""la""]",ENTRY,,,[al],(partícula interrogativa; pide ratificación),la [al] (partícula interrogativa; pide,ratificación),17,31,2,ZAPOTECO_ESPAÑOL,BIB003_PICKETT_VOCABULARIO,2007_FIFTH_ELECTRONIC,2013_FIFTH_ELECTRONIC_SECOND_VERSION,DOCUMENTED_UNICODE_RECONCILIATION_NOT_BYTE_EXTRACTED_2013,JUCHITAN_HISTORICAL_SOURCE,STRUCTURED_BACKFILL_V0_1
PICKETT-ZE-0739,la,la,la,la,"[""la""]",ENTRY,,,[al],(partícula que a veces aparece al final de una frase subordinada que ocupa una posición intermedia en el enunciado),la [al] (partícula que a veces aparece al,final de una frase subordinada que ocupa una posición intermedia en el enunciado),17,31,2,ZAPOTECO_ESPAÑOL,BIB003_PICKETT_VOCABULARIO,2007_FIFTH_ELECTRONIC,2013_FIFTH_ELECTRONIC_SECOND_VERSION,DOCUMENTED_UNICODE_RECONCILIATION_NOT_BYTE_EXTRACTED_2013,JUCHITAN_HISTORICAL_SOURCE,STRUCTURED_BACKFILL_V0_1
PICKETT-ZE-0740,lá,lá,lá,lá,"[""lá""]",ENTRY,,,,nombre,lá nombre,,17,31,2,ZAPOTECO_ESPAÑOL,BIB003_PICKETT_VOCABULARIO,2007_FIFTH_ELECTRONIC,2013_FIFTH_ELECTRONIC_SECOND_VERSION,DOCUMENTED_UNICODE_RECONCILIATION_NOT_BYTE_EXTRACTED_2013,JUCHITAN_HISTORICAL_SOURCE,STRUCTURED_BACKFILL_V0_1
PICKETT-ZE-0741,la’,la’,laꞌ,laꞌ,"[""laꞌ""]",ENTRY,,,,por favor (partícula suplicativa que sigue a los verbos),la’ por favor (partícula suplicativa que,sigue a los verbos),17,31,2,ZAPOTECO_ESPAÑOL,BIB003_PICKETT_VOCABULARIO,2007_FIFTH_ELECTRONIC,2013_FIFTH_ELECTRONIC_SECOND_VERSION,DOCUMENTED_UNICODE_RECONCILIATION_NOT_BYTE_EXTRACTED_2013,JUCHITAN_HISTORICAL_SOURCE,STRUCTURED_BACKFILL_V0_1
PICKETT-ZE-0742,lá’,lá’,láꞌ,láꞌ,"[""láꞌ""]",ENTRY,,,[a],llamarse,lá’ [a] llamarse,,17,31,2,ZAPOTECO_ESPAÑOL,BIB003_PICKETT_VOCABULARIO,2007_FIFTH_ELECTRONIC,2013_FIFTH_ELECTRONIC_SECOND_VERSION,DOCUMENTED_UNICODE_RECONCILIATION_NOT_BYTE_EXTRACTED_2013,JUCHITAN_HISTORICAL_SOURCE,STRUCTURED_BACKFILL_V0_1
PICKETT-ZE-0743,tu lá lu’,tu lá lu’,tu lá luꞌ,tu lá luꞌ,"[""tu lá luꞌ""]",SUBENTRY,láꞌ,,,"¿Cómo se llama?, ¿Cómo te llamas?","tu lá lu’ ¿Cómo se llama?, ¿Cómo te",llamas?,17,31,2,ZAPOTECO_ESPAÑOL,BIB003_PICKETT_VOCABULARIO,2007_FIFTH_ELECTRONIC,2013_FIFTH_ELECTRONIC_SECOND_VERSION,DOCUMENTED_UNICODE_RECONCILIATION_NOT_BYTE_EXTRACTED_2013,JUCHITAN_HISTORICAL_SOURCE,STRUCTURED_BACKFILL_V0_1
PICKETT-ZE-0744,laa,laa,laa,laa,"[""laa""]",ENTRY,,,,"lo, le, la, él, ella (indefinido)","laa lo, le, la, él, ella (indefinido)",,17,31,2,ZAPOTECO_ESPAÑOL,BIB003_PICKETT_VOCABULARIO,2007_FIFTH_ELECTRONIC,2013_FIFTH_ELECTRONIC_SECOND_VERSION,DOCUMENTED_UNICODE_RECONCILIATION_NOT_BYTE_EXTRACTED_2013,JUCHITAN_HISTORICAL_SOURCE,STRUCTURED_BACKFILL_V0_1
PICKETT-ZE-0745,laabe,laabe,laabe,laabe,"[""laabe""]",ENTRY,,,[b.a],"lo, le, la, él, ella (persona)","laabe [b.a] lo, le, la, él, ella (persona)",,17,31,2,ZAPOTECO_ESPAÑOL,BIB003_PICKETT_VOCABULARIO,2007_FIFTH_ELECTRONIC,2013_FIFTH_ELECTRONIC_SECOND_VERSION,DOCUMENTED_UNICODE_RECONCILIATION_NOT_BYTE_EXTRACTED_2013,JUCHITAN_HISTORICAL_SOURCE,STRUCTURED_BACKFILL_V0_1
PICKETT-ZE-0746,laaca,laaca,laaca,laaca,"[""laaca""]",ENTRY,,,[b.a],también,laaca [b.a] también,,17,31,2,ZAPOTECO_ESPAÑOL,BIB003_PICKETT_VOCABULARIO,2007_FIFTH_ELECTRONIC,2013_FIFTH_ELECTRONIC_SECOND_VERSION,DOCUMENTED_UNICODE_RECONCILIATION_NOT_BYTE_EXTRACTED_2013,JUCHITAN_HISTORICAL_SOURCE,STRUCTURED_BACKFILL_V0_1
PICKETT-ZE-0747,laaca laa,laaca laa,laaca laa,laaca laa,"[""laaca laa""]",SUBENTRY,laaca,,,"sí mismo, él mismo, ella misma","laaca laa [b-al] sí mismo, él mismo, ella",misma,17,31,2,ZAPOTECO_ESPAÑOL,BIB003_PICKETT_VOCABULARIO,2007_FIFTH_ELECTRONIC,2013_FIFTH_ELECTRONIC_SECOND_VERSION,DOCUMENTED_UNICODE_RECONCILIATION_NOT_BYTE_EXTRACTED_2013,JUCHITAN_HISTORICAL_SOURCE,STRUCTURED_BACKFILL_V0_1
PICKETT-ZE-0748,laaca’,laaca’,laacaꞌ,laacaꞌ,"[""laacaꞌ""]",ENTRY,,,,"los, les, las, ellos, ellas (indefindo)","laaca’ los, les, las, ellos, ellas (indefindo)",,17,31,2,ZAPOTECO_ESPAÑOL,BIB003_PICKETT_VOCABULARIO,2007_FIFTH_ELECTRONIC,2013_FIFTH_ELECTRONIC_SECOND_VERSION,DOCUMENTED_UNICODE_RECONCILIATION_NOT_BYTE_EXTRACTED_2013,JUCHITAN_HISTORICAL_SOURCE,STRUCTURED_BACKFILL_V0_1
PICKETT-ZE-0749,laacabe,laacabe,laacabe,laacabe,"[""laacabe""]",ENTRY,,,[b.b.a],"los, les, las, ellos, ellas (personas)","laacabe [b.b.a] los, les, las, ellos, ellas",(personas),17,31,2,ZAPOTECO_ESPAÑOL,BIB003_PICKETT_VOCABULARIO,2007_FIFTH_ELECTRONIC,2013_FIFTH_ELECTRONIC_SECOND_VERSION,DOCUMENTED_UNICODE_RECONCILIATION_NOT_BYTE_EXTRACTED_2013,JUCHITAN_HISTORICAL_SOURCE,STRUCTURED_BACKFILL_V0_1
PICKETT-ZE-0750,laacame,laacame,laacame,laacame,"[""laacame""]",ENTRY,,,[b.b.a],"los, les, las, ellos, ellas (animales)","laacame [b.b.a] los, les, las, ellos, ellas",(animales),17,31,2,ZAPOTECO_ESPAÑOL,BIB003_PICKETT_VOCABULARIO,2007_FIFTH_ELECTRONIC,2013_FIFTH_ELECTRONIC_SECOND_VERSION,DOCUMENTED_UNICODE_RECONCILIATION_NOT_BYTE_EXTRACTED_2013,JUCHITAN_HISTORICAL_SOURCE,STRUCTURED_BACKFILL_V0_1
PICKETT-ZE-0751,laacani,laacani,laacani,laacani,"[""laacani""]",ENTRY,,,[b.b.a],"los, les, las (cosas, objetos)","laacani [b.b.a] los, les, las (cosas, objetos)",,17,31,2,ZAPOTECO_ESPAÑOL,BIB003_PICKETT_VOCABULARIO,2007_FIFTH_ELECTRONIC,2013_FIFTH_ELECTRONIC_SECOND_VERSION,DOCUMENTED_UNICODE_RECONCILIATION_NOT_BYTE_EXTRACTED_2013,JUCHITAN_HISTORICAL_SOURCE,STRUCTURED_BACKFILL_V0_1
PICKETT-ZE-0752,laacanu,laacanu,laacanu,laacanu,"[""laacanu""]",ENTRY,,,,"nos, nosotros, nosotras (incluye a las personas con quienes se está hablando)","laacanu nos, nosotros, nosotras (incluye a",las personas con quienes se está hablando),18,32,1,ZAPOTECO_ESPAÑOL,BIB003_PICKETT_VOCABULARIO,2007_FIFTH_ELECTRONIC,2013_FIFTH_ELECTRONIC_SECOND_VERSION,DOCUMENTED_UNICODE_RECONCILIATION_NOT_BYTE_EXTRACTED_2013,JUCHITAN_HISTORICAL_SOURCE,STRUCTURED_BACKFILL_V0_1
PICKETT-ZE-0753,laacaxa,laacaxa,laacaxa,laacaxa,"[""laacaxa""]",ENTRY,,,[b.b.a],(partícula) ¡a poco!,laacaxa [b.b.a] (partícula) ¡a poco!,,18,32,1,ZAPOTECO_ESPAÑOL,BIB003_PICKETT_VOCABULARIO,2007_FIFTH_ELECTRONIC,2013_FIFTH_ELECTRONIC_SECOND_VERSION,DOCUMENTED_UNICODE_RECONCILIATION_NOT_BYTE_EXTRACTED_2013,JUCHITAN_HISTORICAL_SOURCE,STRUCTURED_BACKFILL_V0_1
PICKETT-ZE-0754,lade,lade,lade,lade,"[""lade""]",ENTRY,,(adv),[b.a],entre,lade [b.a] (adv) entre,,18,32,1,ZAPOTECO_ESPAÑOL,BIB003_PICKETT_VOCABULARIO,2007_FIFTH_ELECTRONIC,2013_FIFTH_ELECTRONIC_SECOND_VERSION,DOCUMENTED_UNICODE_RECONCILIATION_NOT_BYTE_EXTRACTED_2013,JUCHITAN_HISTORICAL_SOURCE,STRUCTURED_BACKFILL_V0_1
PICKETT-ZE-0755,ladedxí,ladedxí,ladedxí,ladedxí,"[""ladedxí""]",SUBENTRY,lade,,,de vez en cuando,ladedxí [b.b.al] de vez en cuando,,18,32,1,ZAPOTECO_ESPAÑOL,BIB003_PICKETT_VOCABULARIO,2007_FIFTH_ELECTRONIC,2013_FIFTH_ELECTRONIC_SECOND_VERSION,DOCUMENTED_UNICODE_RECONCILIATION_NOT_BYTE_EXTRACTED_2013,JUCHITAN_HISTORICAL_SOURCE,STRUCTURED_BACKFILL_V0_1
PICKETT-ZE-0756,ladedoo,ladedoo,ladedoo,ladedoo,"[""ladedoo""]",SUBENTRY,lade,,,recipiente colgante para guardar comestibles,ladedoo [b.b.al] recipiente colgante para,guardar comestibles,18,32,1,ZAPOTECO_ESPAÑOL,BIB003_PICKETT_VOCABULARIO,2007_FIFTH_ELECTRONIC,2013_FIFTH_ELECTRONIC_SECOND_VERSION,DOCUMENTED_UNICODE_RECONCILIATION_NOT_BYTE_EXTRACTED_2013,JUCHITAN_HISTORICAL_SOURCE,STRUCTURED_BACKFILL_V0_1
PICKETT-ZE-0757,ladi,ladi,ladi,ladi,"[""ladi""]",ENTRY,,,,cuerpo,ladi cuerpo,,18,32,1,ZAPOTECO_ESPAÑOL,BIB003_PICKETT_VOCABULARIO,2007_FIFTH_ELECTRONIC,2013_FIFTH_ELECTRONIC_SECOND_VERSION,DOCUMENTED_UNICODE_RECONCILIATION_NOT_BYTE_EXTRACTED_2013,JUCHITAN_HISTORICAL_SOURCE,STRUCTURED_BACKFILL_V0_1
PICKETT-ZE-0758,laadu,laadu,laadu,laadu,"[""laadu""]",ENTRY,,,[b.a],"nos, nosotros, nosotras (no incluye a las personas con quienes se está hablando)","laadu [b.a] nos, nosotros, nosotras (no",incluye a las personas con quienes se está hablando),18,32,1,ZAPOTECO_ESPAÑOL,BIB003_PICKETT_VOCABULARIO,2007_FIFTH_ELECTRONIC,2013_FIFTH_ELECTRONIC_SECOND_VERSION,DOCUMENTED_UNICODE_RECONCILIATION_NOT_BYTE_EXTRACTED_2013,JUCHITAN_HISTORICAL_SOURCE,STRUCTURED_BACKFILL_V0_1
PICKETT-ZE-0759,ladxi,ladxi,ladxi,ladxi,"[""ladxi""]",ENTRY,,,[a],"encajado, metido; estar persiguiendo, correteando","ladxi [a] encajado, metido; estar","persiguiendo, correteando",18,32,1,ZAPOTECO_ESPAÑOL,BIB003_PICKETT_VOCABULARIO,2007_FIFTH_ELECTRONIC,2013_FIFTH_ELECTRONIC_SECOND_VERSION,DOCUMENTED_UNICODE_RECONCILIATION_NOT_BYTE_EXTRACTED_2013,JUCHITAN_HISTORICAL_SOURCE,STRUCTURED_BACKFILL_V0_1
PICKETT-ZE-0760,ladxiná’,ladxiná’,ladxináꞌ,ladxináꞌ,"[""ladxináꞌ""]",SUBENTRY,ladxi,,,en sus manos,ladxiná’ [b.b.a] en sus manos,,18,32,1,ZAPOTECO_ESPAÑOL,BIB003_PICKETT_VOCABULARIO,2007_FIFTH_ELECTRONIC,2013_FIFTH_ELECTRONIC_SECOND_VERSION,DOCUMENTED_UNICODE_RECONCILIATION_NOT_BYTE_EXTRACTED_2013,JUCHITAN_HISTORICAL_SOURCE,STRUCTURED_BACKFILL_V0_1
PICKETT-ZE-0761,la’dxi’,la’dxi’,laꞌdxiꞌ,laꞌdxiꞌ,"[""laꞌdxiꞌ""]",ENTRY,,,,hígado; pulpa de las frutas,la’dxi’ hígado; pulpa de las frutas,,18,32,1,ZAPOTECO_ESPAÑOL,BIB003_PICKETT_VOCABULARIO,2007_FIFTH_ELECTRONIC,2013_FIFTH_ELECTRONIC_SECOND_VERSION,DOCUMENTED_UNICODE_RECONCILIATION_NOT_BYTE_EXTRACTED_2013,JUCHITAN_HISTORICAL_SOURCE,STRUCTURED_BACKFILL_V0_1
PICKETT-ZE-0762,ladxidó’,ladxidó’,ladxidóꞌ,ladxidóꞌ,"[""ladxidóꞌ""]",ENTRY,,,,"corazón, estómago","ladxidó’ corazón, estómago",,18,32,1,ZAPOTECO_ESPAÑOL,BIB003_PICKETT_VOCABULARIO,2007_FIFTH_ELECTRONIC,2013_FIFTH_ELECTRONIC_SECOND_VERSION,DOCUMENTED_UNICODE_RECONCILIATION_NOT_BYTE_EXTRACTED_2013,JUCHITAN_HISTORICAL_SOURCE,STRUCTURED_BACKFILL_V0_1
PICKETT-ZE-0763,laga,laga,laga,laga,"[""laga""]",ENTRY,,,,párpado,laga párpado,,18,32,1,ZAPOTECO_ESPAÑOL,BIB003_PICKETT_VOCABULARIO,2007_FIFTH_ELECTRONIC,2013_FIFTH_ELECTRONIC_SECOND_VERSION,DOCUMENTED_UNICODE_RECONCILIATION_NOT_BYTE_EXTRACTED_2013,JUCHITAN_HISTORICAL_SOURCE,STRUCTURED_BACKFILL_V0_1
PICKETT-ZE-0764,laga,laga,laga,laga,"[""laga""]",ENTRY,,,[b.a],mientras,laga [b.a] mientras,,18,32,1,ZAPOTECO_ESPAÑOL,BIB003_PICKETT_VOCABULARIO,2007_FIFTH_ELECTRONIC,2013_FIFTH_ELECTRONIC_SECOND_VERSION,DOCUMENTED_UNICODE_RECONCILIATION_NOT_BYTE_EXTRACTED_2013,JUCHITAN_HISTORICAL_SOURCE,STRUCTURED_BACKFILL_V0_1
PICKETT-ZE-0765,lahui guidxi,lahui guidxi,lahui guidxi,lahui guidxi,"[""lahui guidxi""]",ENTRY,,,,centro del pueblo,lahui guidxi centro del pueblo,,18,32,1,ZAPOTECO_ESPAÑOL,BIB003_PICKETT_VOCABULARIO,2007_FIFTH_ELECTRONIC,2013_FIFTH_ELECTRONIC_SECOND_VERSION,DOCUMENTED_UNICODE_RECONCILIATION_NOT_BYTE_EXTRACTED_2013,JUCHITAN_HISTORICAL_SOURCE,STRUCTURED_BACKFILL_V0_1
PICKETT-ZE-0766,laame,laame,laame,laame,"[""laame""]",ENTRY,,,[b.a],"lo, le, la, él, ella (animal)","laame [b.a] lo, le, la, él, ella (animal)",,18,32,1,ZAPOTECO_ESPAÑOL,BIB003_PICKETT_VOCABULARIO,2007_FIFTH_ELECTRONIC,2013_FIFTH_ELECTRONIC_SECOND_VERSION,DOCUMENTED_UNICODE_RECONCILIATION_NOT_BYTE_EXTRACTED_2013,JUCHITAN_HISTORICAL_SOURCE,STRUCTURED_BACKFILL_V0_1
PICKETT-ZE-0767,lana,lana,lana,lana,"[""lana""]",ENTRY,,,[b.a],tizne,lana [b.a] tizne,,18,32,1,ZAPOTECO_ESPAÑOL,BIB003_PICKETT_VOCABULARIO,2007_FIFTH_ELECTRONIC,2013_FIFTH_ELECTRONIC_SECOND_VERSION,DOCUMENTED_UNICODE_RECONCILIATION_NOT_BYTE_EXTRACTED_2013,JUCHITAN_HISTORICAL_SOURCE,STRUCTURED_BACKFILL_V0_1
PICKETT-ZE-0768,laana’,laana’,lannaꞌ,lannaꞌ,"[""lannaꞌ""]",ENTRY,,,[b.al],olor a metal o a pescado,laana’ [b.al] olor a metal o a pescado,,18,32,1,ZAPOTECO_ESPAÑOL,BIB003_PICKETT_VOCABULARIO,2007_FIFTH_ELECTRONIC,2013_FIFTH_ELECTRONIC_SECOND_VERSION,DOCUMENTED_UNICODE_RECONCILIATION_NOT_BYTE_EXTRACTED_2013,JUCHITAN_HISTORICAL_SOURCE,STRUCTURED_BACKFILL_V0_1
PICKETT-ZE-0769,laní,laní,laní,laní,"[""laní""]",ENTRY,,,,"fecha de celebración de algún santo, día de fiesta, aniversario","laní fecha de celebración de algún santo,","día de fiesta, aniversario",18,32,1,ZAPOTECO_ESPAÑOL,BIB003_PICKETT_VOCABULARIO,2007_FIFTH_ELECTRONIC,2013_FIFTH_ELECTRONIC_SECOND_VERSION,DOCUMENTED_UNICODE_RECONCILIATION_NOT_BYTE_EXTRACTED_2013,JUCHITAN_HISTORICAL_SOURCE,STRUCTURED_BACKFILL_V0_1
PICKETT-ZE-0770,lani xpidó’,lani xpidó’,lani xpidóꞌ,lani xpidóꞌ,"[""lani xpidóꞌ""]",SUBENTRY,laní,,,"día onomástico de alguien, día de su cumpleaños","lani xpidó’ día onomástico de alguien,",día de su cumpleaños,18,32,1,ZAPOTECO_ESPAÑOL,BIB003_PICKETT_VOCABULARIO,2007_FIFTH_ELECTRONIC,2013_FIFTH_ELECTRONIC_SECOND_VERSION,DOCUMENTED_UNICODE_RECONCILIATION_NOT_BYTE_EXTRACTED_2013,JUCHITAN_HISTORICAL_SOURCE,STRUCTURED_BACKFILL_V0_1
PICKETT-ZE-0771,laani,laani,laani,laani,"[""laani""]",ENTRY,,,[b.a],"lo, le, la, él, ella (cosa, objeto)","laani [b.a] lo, le, la, él, ella (cosa, objeto)",,18,32,1,ZAPOTECO_ESPAÑOL,BIB003_PICKETT_VOCABULARIO,2007_FIFTH_ELECTRONIC,2013_FIFTH_ELECTRONIC_SECOND_VERSION,DOCUMENTED_UNICODE_RECONCILIATION_NOT_BYTE_EXTRACTED_2013,JUCHITAN_HISTORICAL_SOURCE,STRUCTURED_BACKFILL_V0_1
PICKETT-ZE-0772,laani’,laani’,laaniꞌ,laaniꞌ,"[""laaniꞌ""]",ENTRY,,,,"él, lo, le (persona, conmiserativamente)","laani’ él, lo, le (persona,",conmiserativamente),18,32,1,ZAPOTECO_ESPAÑOL,BIB003_PICKETT_VOCABULARIO,2007_FIFTH_ELECTRONIC,2013_FIFTH_ELECTRONIC_SECOND_VERSION,DOCUMENTED_UNICODE_RECONCILIATION_NOT_BYTE_EXTRACTED_2013,JUCHITAN_HISTORICAL_SOURCE,STRUCTURED_BACKFILL_V0_1
PICKETT-ZE-0773,laanu,laanu,laanu,laanu,"[""laanu""]",ENTRY,,,[b.a],"nos, nosotros, nosotras (incluye a las personas con quienes se está hablando)","laanu [b.a] nos, nosotros, nosotras (incluye",a las personas con quienes se está hablando),18,32,1,ZAPOTECO_ESPAÑOL,BIB003_PICKETT_VOCABULARIO,2007_FIFTH_ELECTRONIC,2013_FIFTH_ELECTRONIC_SECOND_VERSION,DOCUMENTED_UNICODE_RECONCILIATION_NOT_BYTE_EXTRACTED_2013,JUCHITAN_HISTORICAL_SOURCE,STRUCTURED_BACKFILL_V0_1
PICKETT-ZE-0774,la’pa’,la’pa’,laꞌpaꞌ,laꞌpaꞌ,"[""laꞌpaꞌ""]",ENTRY,,,,corona de flores (usada por las mujeres como parte de la tradición en las celebraciones de las bodas),la’pa’ corona de flores (usada por las,mujeres como parte de la tradición en las celebraciones de las bodas),18,32,1,ZAPOTECO_ESPAÑOL,BIB003_PICKETT_VOCABULARIO,2007_FIFTH_ELECTRONIC,2013_FIFTH_ELECTRONIC_SECOND_VERSION,DOCUMENTED_UNICODE_RECONCILIATION_NOT_BYTE_EXTRACTED_2013,JUCHITAN_HISTORICAL_SOURCE,STRUCTURED_BACKFILL_V0_1
PICKETT-ZE-0775,lari,lari,lari,lari,"[""lari""]",ENTRY,,,,"ropa, tela, trapo","lari ropa, tela, trapo",,18,32,1,ZAPOTECO_ESPAÑOL,BIB003_PICKETT_VOCABULARIO,2007_FIFTH_ELECTRONIC,2013_FIFTH_ELECTRONIC_SECOND_VERSION,DOCUMENTED_UNICODE_RECONCILIATION_NOT_BYTE_EXTRACTED_2013,JUCHITAN_HISTORICAL_SOURCE,STRUCTURED_BACKFILL_V0_1
PICKETT-ZE-0776,lari beñe,lari beñe,lari beñe,lari beñe,"[""lari beñe""]",SUBENTRY,lari,,,ropa de luto,lari beñe ropa de luto,,18,32,1,ZAPOTECO_ESPAÑOL,BIB003_PICKETT_VOCABULARIO,2007_FIFTH_ELECTRONIC,2013_FIFTH_ELECTRONIC_SECOND_VERSION,DOCUMENTED_UNICODE_RECONCILIATION_NOT_BYTE_EXTRACTED_2013,JUCHITAN_HISTORICAL_SOURCE,STRUCTURED_BACKFILL_V0_1
PICKETT-ZE-0777,lari gueela’,lari gueela’,lari gueelaꞌ,lari gueelaꞌ,"[""lari gueelaꞌ""]",SUBENTRY,lari,,,sábana,lari gueela’ sábana,,18,32,1,ZAPOTECO_ESPAÑOL,BIB003_PICKETT_VOCABULARIO,2007_FIFTH_ELECTRONIC,2013_FIFTH_ELECTRONIC_SECOND_VERSION,DOCUMENTED_UNICODE_RECONCILIATION_NOT_BYTE_EXTRACTED_2013,JUCHITAN_HISTORICAL_SOURCE,STRUCTURED_BACKFILL_V0_1
PICKETT-ZE-0778,lari gueta,lari gueta,lari gueta,lari gueta,"[""lari gueta""]",SUBENTRY,lari,,,servilleta para las tortillas,lari gueta servilleta para las tortillas,,18,32,1,ZAPOTECO_ESPAÑOL,BIB003_PICKETT_VOCABULARIO,2007_FIFTH_ELECTRONIC,2013_FIFTH_ELECTRONIC_SECOND_VERSION,DOCUMENTED_UNICODE_RECONCILIATION_NOT_BYTE_EXTRACTED_2013,JUCHITAN_HISTORICAL_SOURCE,STRUCTURED_BACKFILL_V0_1
PICKETT-ZE-0779,la’sa’,la’sa’,laꞌsaꞌ,laꞌsaꞌ,"[""laꞌsaꞌ""]",ENTRY,,,,majagua,la’sa’ majagua,,18,32,1,ZAPOTECO_ESPAÑOL,BIB003_PICKETT_VOCABULARIO,2007_FIFTH_ELECTRONIC,2013_FIFTH_ELECTRONIC_SECOND_VERSION,DOCUMENTED_UNICODE_RECONCILIATION_NOT_BYTE_EXTRACTED_2013,JUCHITAN_HISTORICAL_SOURCE,STRUCTURED_BACKFILL_V0_1
PICKETT-ZE-0780,lasayú,lasayú,lasayú,lasayú,"[""lasayú""]",ENTRY,,,,malvavisco (planta),lasayú malvavisco (planta),,18,32,1,ZAPOTECO_ESPAÑOL,BIB003_PICKETT_VOCABULARIO,2007_FIFTH_ELECTRONIC,2013_FIFTH_ELECTRONIC_SECOND_VERSION,DOCUMENTED_UNICODE_RECONCILIATION_NOT_BYTE_EXTRACTED_2013,JUCHITAN_HISTORICAL_SOURCE,STRUCTURED_BACKFILL_V0_1
PICKETT-ZE-0781,laatu,laatu,laatu,laatu,"[""laatu""]",ENTRY,,,[b.a],ustedes,laatu [b.a] ustedes,,18,32,1,ZAPOTECO_ESPAÑOL,BIB003_PICKETT_VOCABULARIO,2007_FIFTH_ELECTRONIC,2013_FIFTH_ELECTRONIC_SECOND_VERSION,DOCUMENTED_UNICODE_RECONCILIATION_NOT_BYTE_EXTRACTED_2013,JUCHITAN_HISTORICAL_SOURCE,STRUCTURED_BACKFILL_V0_1
PICKETT-ZE-0782,laaxe,laaxe,laaxe,laaxe,"[""laaxe""]",ENTRY,,,,"lo, le, la (se refiere a niños, arc.)","laaxe lo, le, la (se refiere a niños, arc.)",,18,32,1,ZAPOTECO_ESPAÑOL,BIB003_PICKETT_VOCABULARIO,2007_FIFTH_ELECTRONIC,2013_FIFTH_ELECTRONIC_SECOND_VERSION,DOCUMENTED_UNICODE_RECONCILIATION_NOT_BYTE_EXTRACTED_2013,JUCHITAN_HISTORICAL_SOURCE,STRUCTURED_BACKFILL_V0_1
PICKETT-ZE-0783,laya,laya,laya,laya,"[""laya""]",ENTRY,,,,"diente, muela","laya diente, muela",,18,32,2,ZAPOTECO_ESPAÑOL,BIB003_PICKETT_VOCABULARIO,2007_FIFTH_ELECTRONIC,2013_FIFTH_ELECTRONIC_SECOND_VERSION,DOCUMENTED_UNICODE_RECONCILIATION_NOT_BYTE_EXTRACTED_2013,JUCHITAN_HISTORICAL_SOURCE,STRUCTURED_BACKFILL_V0_1
PICKETT-ZE-0784,laya ra puerta’,laya ra puerta’,laya ra puertaꞌ,laya ra puertaꞌ,"[""laya ra puertaꞌ""]",SUBENTRY,laya,,,diente,laya ra puerta’ [b-b-b.al] diente,,18,32,2,ZAPOTECO_ESPAÑOL,BIB003_PICKETT_VOCABULARIO,2007_FIFTH_ELECTRONIC,2013_FIFTH_ELECTRONIC_SECOND_VERSION,DOCUMENTED_UNICODE_RECONCILIATION_NOT_BYTE_EXTRACTED_2013,JUCHITAN_HISTORICAL_SOURCE,STRUCTURED_BACKFILL_V0_1
PICKETT-ZE-0785,laya beedxe’,laya beedxe’,laya beedxeꞌ,laya beedxeꞌ,"[""laya beedxeꞌ""]",SUBENTRY,laya,,,muela,laya beedxe’ muela,,18,32,2,ZAPOTECO_ESPAÑOL,BIB003_PICKETT_VOCABULARIO,2007_FIFTH_ELECTRONIC,2013_FIFTH_ELECTRONIC_SECOND_VERSION,DOCUMENTED_UNICODE_RECONCILIATION_NOT_BYTE_EXTRACTED_2013,JUCHITAN_HISTORICAL_SOURCE,STRUCTURED_BACKFILL_V0_1
PICKETT-ZE-0786,layú,layú,layú,layú,"[""layú""]",ENTRY,,,,"suelo, piso, terreno","layú suelo, piso, terreno",,18,32,2,ZAPOTECO_ESPAÑOL,BIB003_PICKETT_VOCABULARIO,2007_FIFTH_ELECTRONIC,2013_FIFTH_ELECTRONIC_SECOND_VERSION,DOCUMENTED_UNICODE_RECONCILIATION_NOT_BYTE_EXTRACTED_2013,JUCHITAN_HISTORICAL_SOURCE,STRUCTURED_BACKFILL_V0_1
PICKETT-ZE-0787,le,le,le,le,"[""le""]",ENTRY,,,[a],eco,le [a] eco,,18,32,2,ZAPOTECO_ESPAÑOL,BIB003_PICKETT_VOCABULARIO,2007_FIFTH_ELECTRONIC,2013_FIFTH_ELECTRONIC_SECOND_VERSION,DOCUMENTED_UNICODE_RECONCILIATION_NOT_BYTE_EXTRACTED_2013,JUCHITAN_HISTORICAL_SOURCE,STRUCTURED_BACKFILL_V0_1
PICKETT-ZE-0788,le’,le’,leꞌ,leꞌ,"[""leꞌ""]",ENTRY,,,,"cerco, cerca","le’ cerco, cerca",,18,32,2,ZAPOTECO_ESPAÑOL,BIB003_PICKETT_VOCABULARIO,2007_FIFTH_ELECTRONIC,2013_FIFTH_ELECTRONIC_SECOND_VERSION,DOCUMENTED_UNICODE_RECONCILIATION_NOT_BYTE_EXTRACTED_2013,JUCHITAN_HISTORICAL_SOURCE,STRUCTURED_BACKFILL_V0_1
PICKETT-ZE-0789,lexu,lexu,lexu,lexu,"[""lexu""]",ENTRY,,,[al.b],conejo,lexu [al.b] conejo,,18,32,2,ZAPOTECO_ESPAÑOL,BIB003_PICKETT_VOCABULARIO,2007_FIFTH_ELECTRONIC,2013_FIFTH_ELECTRONIC_SECOND_VERSION,DOCUMENTED_UNICODE_RECONCILIATION_NOT_BYTE_EXTRACTED_2013,JUCHITAN_HISTORICAL_SOURCE,STRUCTURED_BACKFILL_V0_1
PICKETT-ZE-0790,lii,lii,lii,lii,"[""lii""]",ENTRY,,,,"tú, ti, usted","lii tú, ti, usted",,18,32,2,ZAPOTECO_ESPAÑOL,BIB003_PICKETT_VOCABULARIO,2007_FIFTH_ELECTRONIC,2013_FIFTH_ELECTRONIC_SECOND_VERSION,DOCUMENTED_UNICODE_RECONCILIATION_NOT_BYTE_EXTRACTED_2013,JUCHITAN_HISTORICAL_SOURCE,STRUCTURED_BACKFILL_V0_1
PICKETT-ZE-0791,lia,lia,lia,lia,"[""lia""]",ENTRY,,,[al],(vocativo) ¡muchacha!,lia [al] (vocativo) ¡muchacha!,,18,32,2,ZAPOTECO_ESPAÑOL,BIB003_PICKETT_VOCABULARIO,2007_FIFTH_ELECTRONIC,2013_FIFTH_ELECTRONIC_SECOND_VERSION,DOCUMENTED_UNICODE_RECONCILIATION_NOT_BYTE_EXTRACTED_2013,JUCHITAN_HISTORICAL_SOURCE,STRUCTURED_BACKFILL_V0_1
PICKETT-ZE-0792,libana,libana,libana,libana,"[""libana""]",ENTRY,,,,"sermón, discurso","libana sermón, discurso",,18,32,2,ZAPOTECO_ESPAÑOL,BIB003_PICKETT_VOCABULARIO,2007_FIFTH_ELECTRONIC,2013_FIFTH_ELECTRONIC_SECOND_VERSION,DOCUMENTED_UNICODE_RECONCILIATION_NOT_BYTE_EXTRACTED_2013,JUCHITAN_HISTORICAL_SOURCE,STRUCTURED_BACKFILL_V0_1
PICKETT-ZE-0793,liibi,liibi,liibi,liibi,"[""liibi""]",ENTRY,,,[a],"amarrado, fajado","liibi [a] amarrado, fajado",,18,32,2,ZAPOTECO_ESPAÑOL,BIB003_PICKETT_VOCABULARIO,2007_FIFTH_ELECTRONIC,2013_FIFTH_ELECTRONIC_SECOND_VERSION,DOCUMENTED_UNICODE_RECONCILIATION_NOT_BYTE_EXTRACTED_2013,JUCHITAN_HISTORICAL_SOURCE,STRUCTURED_BACKFILL_V0_1
PICKETT-ZE-0794,lidxi,lidxi,lidxi,lidxi,"[""lidxi""]",ENTRY,,,,"hogar, su casa","lidxi hogar, su casa",,18,32,2,ZAPOTECO_ESPAÑOL,BIB003_PICKETT_VOCABULARIO,2007_FIFTH_ELECTRONIC,2013_FIFTH_ELECTRONIC_SECOND_VERSION,DOCUMENTED_UNICODE_RECONCILIATION_NOT_BYTE_EXTRACTED_2013,JUCHITAN_HISTORICAL_SOURCE,STRUCTURED_BACKFILL_V0_1
PICKETT-ZE-0795,lidxi guiiba’,lidxi guiiba’,lidxi guiibaꞌ,lidxi guiibaꞌ,"[""lidxi guiibaꞌ""]",SUBENTRY,lidxi,,,cárcel,lidxi guiiba’ cárcel,,18,32,2,ZAPOTECO_ESPAÑOL,BIB003_PICKETT_VOCABULARIO,2007_FIFTH_ELECTRONIC,2013_FIFTH_ELECTRONIC_SECOND_VERSION,DOCUMENTED_UNICODE_RECONCILIATION_NOT_BYTE_EXTRACTED_2013,JUCHITAN_HISTORICAL_SOURCE,STRUCTURED_BACKFILL_V0_1
PICKETT-ZE-0796,lidxi mani huiini’,lidxi mani huiini’,lidxi mani huiiniꞌ,lidxi mani huiiniꞌ,"[""lidxi mani huiiniꞌ""]",SUBENTRY,lidxi,,,nido,lidxi mani huiini’ [b-b.al-b] nido,,18,32,2,ZAPOTECO_ESPAÑOL,BIB003_PICKETT_VOCABULARIO,2007_FIFTH_ELECTRONIC,2013_FIFTH_ELECTRONIC_SECOND_VERSION,DOCUMENTED_UNICODE_RECONCILIATION_NOT_BYTE_EXTRACTED_2013,JUCHITAN_HISTORICAL_SOURCE,STRUCTURED_BACKFILL_V0_1
PICKETT-ZE-0797,lindaa,lindaa,lindaa,lindaa,"[""lindaa""]",ENTRY,,,,barda,lindaa barda,,18,32,2,ZAPOTECO_ESPAÑOL,BIB003_PICKETT_VOCABULARIO,2007_FIFTH_ELECTRONIC,2013_FIFTH_ELECTRONIC_SECOND_VERSION,DOCUMENTED_UNICODE_RECONCILIATION_NOT_BYTE_EXTRACTED_2013,JUCHITAN_HISTORICAL_SOURCE,STRUCTURED_BACKFILL_V0_1
PICKETT-ZE-0798,lisaa,lisaa,lisaa,lisaa,"[""lisaa""]",ENTRY,,,,pariente,lisaa pariente,,18,32,2,ZAPOTECO_ESPAÑOL,BIB003_PICKETT_VOCABULARIO,2007_FIFTH_ELECTRONIC,2013_FIFTH_ELECTRONIC_SECOND_VERSION,DOCUMENTED_UNICODE_RECONCILIATION_NOT_BYTE_EXTRACTED_2013,JUCHITAN_HISTORICAL_SOURCE,STRUCTURED_BACKFILL_V0_1
PICKETT-ZE-0799,listu,listu,listu,listu,"[""listu""]",ENTRY,,,[a.b],listo,listu [a.b] listo,,18,32,2,ZAPOTECO_ESPAÑOL,BIB003_PICKETT_VOCABULARIO,2007_FIFTH_ELECTRONIC,2013_FIFTH_ELECTRONIC_SECOND_VERSION,DOCUMENTED_UNICODE_RECONCILIATION_NOT_BYTE_EXTRACTED_2013,JUCHITAN_HISTORICAL_SOURCE,STRUCTURED_BACKFILL_V0_1
PICKETT-ZE-0800,lu,lu,lu,lu,"[""lu""]",ENTRY,,,,"en, sobre, encima de","lu en, sobre, encima de",,18,32,2,ZAPOTECO_ESPAÑOL,BIB003_PICKETT_VOCABULARIO,2007_FIFTH_ELECTRONIC,2013_FIFTH_ELECTRONIC_SECOND_VERSION,DOCUMENTED_UNICODE_RECONCILIATION_NOT_BYTE_EXTRACTED_2013,JUCHITAN_HISTORICAL_SOURCE,STRUCTURED_BACKFILL_V0_1
PICKETT-ZE-0801,lú,lú,lú,lú,"[""lú""]",ENTRY,,,,"cara, ojo","lú cara, ojo",,18,32,2,ZAPOTECO_ESPAÑOL,BIB003_PICKETT_VOCABULARIO,2007_FIFTH_ELECTRONIC,2013_FIFTH_ELECTRONIC_SECOND_VERSION,DOCUMENTED_UNICODE_RECONCILIATION_NOT_BYTE_EXTRACTED_2013,JUCHITAN_HISTORICAL_SOURCE,STRUCTURED_BACKFILL_V0_1
PICKETT-ZE-0802,lu cuanda,lu cuanda,lu cuanda,lu cuanda,"[""lu cuanda""]",SUBENTRY,lú,,,cara chueca,lu cuanda [b-b.a] cara chueca,,18,32,2,ZAPOTECO_ESPAÑOL,BIB003_PICKETT_VOCABULARIO,2007_FIFTH_ELECTRONIC,2013_FIFTH_ELECTRONIC_SECOND_VERSION,DOCUMENTED_UNICODE_RECONCILIATION_NOT_BYTE_EXTRACTED_2013,JUCHITAN_HISTORICAL_SOURCE,STRUCTURED_BACKFILL_V0_1
PICKETT-ZE-0803,lu changa,lu changa,lu changa,lu changa,"[""lu changa""]",SUBENTRY,lú,,,"bizco, bisojo","lu changa [b-b.a] bizco, bisojo",,18,32,2,ZAPOTECO_ESPAÑOL,BIB003_PICKETT_VOCABULARIO,2007_FIFTH_ELECTRONIC,2013_FIFTH_ELECTRONIC_SECOND_VERSION,DOCUMENTED_UNICODE_RECONCILIATION_NOT_BYTE_EXTRACTED_2013,JUCHITAN_HISTORICAL_SOURCE,STRUCTURED_BACKFILL_V0_1
PICKETT-ZE-0804,lu cheepa’,lu cheepa’,lu cheepaꞌ,lu cheepaꞌ,"[""lu cheepaꞌ""]",SUBENTRY,lú,,,"ciego, tuerto","lu cheepa’ ciego, tuerto",,18,32,2,ZAPOTECO_ESPAÑOL,BIB003_PICKETT_VOCABULARIO,2007_FIFTH_ELECTRONIC,2013_FIFTH_ELECTRONIC_SECOND_VERSION,DOCUMENTED_UNICODE_RECONCILIATION_NOT_BYTE_EXTRACTED_2013,JUCHITAN_HISTORICAL_SOURCE,STRUCTURED_BACKFILL_V0_1
PICKETT-ZE-0805,lu dé,lu dé,lu dé,lu dé,"[""lu dé""]",SUBENTRY,lú,,,"fogón, brasero","lu dé fogón, brasero",,18,32,2,ZAPOTECO_ESPAÑOL,BIB003_PICKETT_VOCABULARIO,2007_FIFTH_ELECTRONIC,2013_FIFTH_ELECTRONIC_SECOND_VERSION,DOCUMENTED_UNICODE_RECONCILIATION_NOT_BYTE_EXTRACTED_2013,JUCHITAN_HISTORICAL_SOURCE,STRUCTURED_BACKFILL_V0_1
PICKETT-ZE-0806,lu xhoca,lu xhoca,lu xhoca,lu xhoca,"[""lu xhoca""]",SUBENTRY,lú,,,cacarizo,lu xhoca cacarizo,,18,32,2,ZAPOTECO_ESPAÑOL,BIB003_PICKETT_VOCABULARIO,2007_FIFTH_ELECTRONIC,2013_FIFTH_ELECTRONIC_SECOND_VERSION,DOCUMENTED_UNICODE_RECONCILIATION_NOT_BYTE_EXTRACTED_2013,JUCHITAN_HISTORICAL_SOURCE,STRUCTURED_BACKFILL_V0_1
PICKETT-ZE-0807,lu yaande,lu yaande,lu yaande,lu yaande,"[""lu yaande""]",SUBENTRY,lú,,,ojos saltones,lu yaande [b-b.a] ojos saltones,,18,32,2,ZAPOTECO_ESPAÑOL,BIB003_PICKETT_VOCABULARIO,2007_FIFTH_ELECTRONIC,2013_FIFTH_ELECTRONIC_SECOND_VERSION,DOCUMENTED_UNICODE_RECONCILIATION_NOT_BYTE_EXTRACTED_2013,JUCHITAN_HISTORICAL_SOURCE,STRUCTURED_BACKFILL_V0_1
PICKETT-ZE-0808,lubá’,lubá’,lubáꞌ,lubáꞌ,"[""lubáꞌ""]",ENTRY,,,,bejuco,lubá’ bejuco,,18,32,2,ZAPOTECO_ESPAÑOL,BIB003_PICKETT_VOCABULARIO,2007_FIFTH_ELECTRONIC,2013_FIFTH_ELECTRONIC_SECOND_VERSION,DOCUMENTED_UNICODE_RECONCILIATION_NOT_BYTE_EXTRACTED_2013,JUCHITAN_HISTORICAL_SOURCE,STRUCTURED_BACKFILL_V0_1
PICKETT-ZE-0809,luceru,luceru,luceru,luceru,"[""luceru""]",ENTRY,,,[b.a.b],estrella,luceru [b.a.b] estrella,,18,32,2,ZAPOTECO_ESPAÑOL,BIB003_PICKETT_VOCABULARIO,2007_FIFTH_ELECTRONIC,2013_FIFTH_ELECTRONIC_SECOND_VERSION,DOCUMENTED_UNICODE_RECONCILIATION_NOT_BYTE_EXTRACTED_2013,JUCHITAN_HISTORICAL_SOURCE,STRUCTURED_BACKFILL_V0_1
PICKETT-ZE-0810,lucuá,lucuá,lucuá,lucuá,"[""lucuá""]",ENTRY,,,,frente,lucuá frente,,18,32,2,ZAPOTECO_ESPAÑOL,BIB003_PICKETT_VOCABULARIO,2007_FIFTH_ELECTRONIC,2013_FIFTH_ELECTRONIC_SECOND_VERSION,DOCUMENTED_UNICODE_RECONCILIATION_NOT_BYTE_EXTRACTED_2013,JUCHITAN_HISTORICAL_SOURCE,STRUCTURED_BACKFILL_V0_1
PICKETT-ZE-0811,lucuá mbaara’,lucuá mbaara’,lucuá mbaaraꞌ,lucuá mbaaraꞌ,"[""lucuá mbaaraꞌ""]",SUBENTRY,lucuá,,,frente alta,lucuá mbaara’ frente alta,,18,32,2,ZAPOTECO_ESPAÑOL,BIB003_PICKETT_VOCABULARIO,2007_FIFTH_ELECTRONIC,2013_FIFTH_ELECTRONIC_SECOND_VERSION,DOCUMENTED_UNICODE_RECONCILIATION_NOT_BYTE_EXTRACTED_2013,JUCHITAN_HISTORICAL_SOURCE,STRUCTURED_BACKFILL_V0_1
PICKETT-ZE-0812,ludxi,ludxi,ludxi,ludxi,"[""ludxi""]",ENTRY,,,[b.a],lengua (parte del cuerpo),ludxi [b.a] lengua (parte del cuerpo),,18,32,2,ZAPOTECO_ESPAÑOL,BIB003_PICKETT_VOCABULARIO,2007_FIFTH_ELECTRONIC,2013_FIFTH_ELECTRONIC_SECOND_VERSION,DOCUMENTED_UNICODE_RECONCILIATION_NOT_BYTE_EXTRACTED_2013,JUCHITAN_HISTORICAL_SOURCE,STRUCTURED_BACKFILL_V0_1
PICKETT-ZE-0813,lugola,lugola,lugola,lugola,"[""lugola""]",ENTRY,,,[b.a.b],hijo o hija mayor de la familia,lugola [b.a.b] hijo o hija mayor de la,familia,18,32,2,ZAPOTECO_ESPAÑOL,BIB003_PICKETT_VOCABULARIO,2007_FIFTH_ELECTRONIC,2013_FIFTH_ELECTRONIC_SECOND_VERSION,DOCUMENTED_UNICODE_RECONCILIATION_NOT_BYTE_EXTRACTED_2013,JUCHITAN_HISTORICAL_SOURCE,STRUCTURED_BACKFILL_V0_1
PICKETT-ZE-0814,luguiá’,luguiá’,luguiáꞌ,luguiáꞌ,"[""luguiáꞌ""]",ENTRY,,,[b.a],"sobre, encima, arriba","luguiá’ [b.a] sobre, encima, arriba",,18,32,2,ZAPOTECO_ESPAÑOL,BIB003_PICKETT_VOCABULARIO,2007_FIFTH_ELECTRONIC,2013_FIFTH_ELECTRONIC_SECOND_VERSION,DOCUMENTED_UNICODE_RECONCILIATION_NOT_BYTE_EXTRACTED_2013,JUCHITAN_HISTORICAL_SOURCE,STRUCTURED_BACKFILL_V0_1
PICKETT-ZE-0815,luguiaa,luguiaa,luguiaa,luguiaa,"[""luguiaa""]",ENTRY,,,,"mercado, plaza","luguiaa mercado, plaza",,18,32,2,ZAPOTECO_ESPAÑOL,BIB003_PICKETT_VOCABULARIO,2007_FIFTH_ELECTRONIC,2013_FIFTH_ELECTRONIC_SECOND_VERSION,DOCUMENTED_UNICODE_RECONCILIATION_NOT_BYTE_EXTRACTED_2013,JUCHITAN_HISTORICAL_SOURCE,STRUCTURED_BACKFILL_V0_1
PICKETT-ZE-0816,Lulá’,Lulá’,Luláꞌ,Luláꞌ,"[""Luláꞌ""]",ENTRY,,,[b.al],ciudad de Oaxaca,Lulá’ [b.al] ciudad de Oaxaca,,18,32,2,ZAPOTECO_ESPAÑOL,BIB003_PICKETT_VOCABULARIO,2007_FIFTH_ELECTRONIC,2013_FIFTH_ELECTRONIC_SECOND_VERSION,DOCUMENTED_UNICODE_RECONCILIATION_NOT_BYTE_EXTRACTED_2013,JUCHITAN_HISTORICAL_SOURCE,STRUCTURED_BACKFILL_V0_1
PICKETT-ZE-0817,luuna’,luuna’,luunaꞌ,luunaꞌ,"[""luunaꞌ""]",ENTRY,,,,cama de penca,luuna’ cama de penca,,19,33,1,ZAPOTECO_ESPAÑOL,BIB003_PICKETT_VOCABULARIO,2007_FIFTH_ELECTRONIC,2013_FIFTH_ELECTRONIC_SECOND_VERSION,DOCUMENTED_UNICODE_RECONCILIATION_NOT_BYTE_EXTRACTED_2013,JUCHITAN_HISTORICAL_SOURCE,STRUCTURED_BACKFILL_V0_1
PICKETT-ZE-0818,ma’,ma’,maꞌ,maꞌ,"[""maꞌ""]",ENTRY,,,[a],ya,ma’ [a] ya,,19,33,1,ZAPOTECO_ESPAÑOL,BIB003_PICKETT_VOCABULARIO,2007_FIFTH_ELECTRONIC,2013_FIFTH_ELECTRONIC_SECOND_VERSION,DOCUMENTED_UNICODE_RECONCILIATION_NOT_BYTE_EXTRACTED_2013,JUCHITAN_HISTORICAL_SOURCE,STRUCTURED_BACKFILL_V0_1
PICKETT-ZE-0819,ma ribiguí ndi’,ma ribiguí ndi’,ma ribiguí ndiꞌ,ma ribiguí ndiꞌ,"[""ma ribiguí ndiꞌ""]",SUBENTRY,maꞌ,,,ya se hizo tarde (sólo en la mañana),ma ribiguí ndi’ [a-b-a] ya se hizo tarde,(sólo en la mañana),19,33,1,ZAPOTECO_ESPAÑOL,BIB003_PICKETT_VOCABULARIO,2007_FIFTH_ELECTRONIC,2013_FIFTH_ELECTRONIC_SECOND_VERSION,DOCUMENTED_UNICODE_RECONCILIATION_NOT_BYTE_EXTRACTED_2013,JUCHITAN_HISTORICAL_SOURCE,STRUCTURED_BACKFILL_V0_1
PICKETT-ZE-0820,ma güi lase,ma güi lase,ma güi lase,ma güi lase,"[""ma güi lase""]",ENTRY,,,[al-b-b],maduro,ma güi lase [al-b-b] maduro,,19,33,1,ZAPOTECO_ESPAÑOL,BIB003_PICKETT_VOCABULARIO,2007_FIFTH_ELECTRONIC,2013_FIFTH_ELECTRONIC_SECOND_VERSION,DOCUMENTED_UNICODE_RECONCILIATION_NOT_BYTE_EXTRACTED_2013,JUCHITAN_HISTORICAL_SOURCE,STRUCTURED_BACKFILL_V0_1
PICKETT-ZE-0821,maca,maca,maca,maca,"[""maca""]",ENTRY,,,[a],"en ese momento, al momento, luego","maca [a] en ese momento, al momento,",luego,19,33,1,ZAPOTECO_ESPAÑOL,BIB003_PICKETT_VOCABULARIO,2007_FIFTH_ELECTRONIC,2013_FIFTH_ELECTRONIC_SECOND_VERSION,DOCUMENTED_UNICODE_RECONCILIATION_NOT_BYTE_EXTRACTED_2013,JUCHITAN_HISTORICAL_SOURCE,STRUCTURED_BACKFILL_V0_1
PICKETT-ZE-0822,Madu,Madu,Madu,Madu,"[""Madu""]",ENTRY,,,[b.a],Tequisistlán,Madu [b.a] Tequisistlán,,19,33,1,ZAPOTECO_ESPAÑOL,BIB003_PICKETT_VOCABULARIO,2007_FIFTH_ELECTRONIC,2013_FIFTH_ELECTRONIC_SECOND_VERSION,DOCUMENTED_UNICODE_RECONCILIATION_NOT_BYTE_EXTRACTED_2013,JUCHITAN_HISTORICAL_SOURCE,STRUCTURED_BACKFILL_V0_1
PICKETT-ZE-0823,mala,mala,mala,mala,"[""mala""]",ENTRY,,,[a.al],de repente (partícula que se antepone a los verbos),mala [a.al] de repente (partícula que se,antepone a los verbos),19,33,1,ZAPOTECO_ESPAÑOL,BIB003_PICKETT_VOCABULARIO,2007_FIFTH_ELECTRONIC,2013_FIFTH_ELECTRONIC_SECOND_VERSION,DOCUMENTED_UNICODE_RECONCILIATION_NOT_BYTE_EXTRACTED_2013,JUCHITAN_HISTORICAL_SOURCE,STRUCTURED_BACKFILL_V0_1
PICKETT-ZE-0824,male,male,male,male,"[""male""]",ENTRY,,,[a.b],comadre,male [a.b] comadre,,19,33,1,ZAPOTECO_ESPAÑOL,BIB003_PICKETT_VOCABULARIO,2007_FIFTH_ELECTRONIC,2013_FIFTH_ELECTRONIC_SECOND_VERSION,DOCUMENTED_UNICODE_RECONCILIATION_NOT_BYTE_EXTRACTED_2013,JUCHITAN_HISTORICAL_SOURCE,STRUCTURED_BACKFILL_V0_1
PICKETT-ZE-0825,malu,malu,malu,malu,"[""malu""]",ENTRY,,,[a.b],malo,malu [a.b] malo,,19,33,1,ZAPOTECO_ESPAÑOL,BIB003_PICKETT_VOCABULARIO,2007_FIFTH_ELECTRONIC,2013_FIFTH_ELECTRONIC_SECOND_VERSION,DOCUMENTED_UNICODE_RECONCILIATION_NOT_BYTE_EXTRACTED_2013,JUCHITAN_HISTORICAL_SOURCE,STRUCTURED_BACKFILL_V0_1
PICKETT-ZE-0826,maná,maná,maná,maná,"[""maná""]",ENTRY,,,[al.b],"¿será cierto?, ¡a poco!","maná [al.b] ¿será cierto?, ¡a poco!",,19,33,1,ZAPOTECO_ESPAÑOL,BIB003_PICKETT_VOCABULARIO,2007_FIFTH_ELECTRONIC,2013_FIFTH_ELECTRONIC_SECOND_VERSION,DOCUMENTED_UNICODE_RECONCILIATION_NOT_BYTE_EXTRACTED_2013,JUCHITAN_HISTORICAL_SOURCE,STRUCTURED_BACKFILL_V0_1
PICKETT-ZE-0827,mani’,mani’,maniꞌ,maniꞌ,"[""maniꞌ""]",ENTRY,,,[b.al],"animal, insecto, caballo","mani’ [b.al] animal, insecto, caballo",,19,33,1,ZAPOTECO_ESPAÑOL,BIB003_PICKETT_VOCABULARIO,2007_FIFTH_ELECTRONIC,2013_FIFTH_ELECTRONIC_SECOND_VERSION,DOCUMENTED_UNICODE_RECONCILIATION_NOT_BYTE_EXTRACTED_2013,JUCHITAN_HISTORICAL_SOURCE,STRUCTURED_BACKFILL_V0_1
PICKETT-ZE-0828,mani chuga,mani chuga,mani chuga,mani chuga,"[""mani chuga""]",SUBENTRY,maniꞌ,,,insecto que tiene cáscara,mani chuga [b.al-b] insecto que tiene,cáscara,19,33,1,ZAPOTECO_ESPAÑOL,BIB003_PICKETT_VOCABULARIO,2007_FIFTH_ELECTRONIC,2013_FIFTH_ELECTRONIC_SECOND_VERSION,DOCUMENTED_UNICODE_RECONCILIATION_NOT_BYTE_EXTRACTED_2013,JUCHITAN_HISTORICAL_SOURCE,STRUCTURED_BACKFILL_V0_1
PICKETT-ZE-0829,mani huiini’,mani huiini’,mani huiiniꞌ,mani huiiniꞌ,"[""mani huiiniꞌ""]",SUBENTRY,maniꞌ,,,"ave, pájaro","mani huiini’ [b.al-b] ave, pájaro",,19,33,1,ZAPOTECO_ESPAÑOL,BIB003_PICKETT_VOCABULARIO,2007_FIFTH_ELECTRONIC,2013_FIFTH_ELECTRONIC_SECOND_VERSION,DOCUMENTED_UNICODE_RECONCILIATION_NOT_BYTE_EXTRACTED_2013,JUCHITAN_HISTORICAL_SOURCE,STRUCTURED_BACKFILL_V0_1
PICKETT-ZE-0830,mayaca,mayaca,mayaca,mayaca,"[""mayaca""]",ENTRY,,,[a.b.b],"ya mero, casi","mayaca [a.b.b] ya mero, casi",,19,33,1,ZAPOTECO_ESPAÑOL,BIB003_PICKETT_VOCABULARIO,2007_FIFTH_ELECTRONIC,2013_FIFTH_ELECTRONIC_SECOND_VERSION,DOCUMENTED_UNICODE_RECONCILIATION_NOT_BYTE_EXTRACTED_2013,JUCHITAN_HISTORICAL_SOURCE,STRUCTURED_BACKFILL_V0_1
PICKETT-ZE-0831,mbale,mbale,mbale,mbale,"[""mbale""]",ENTRY,,,[a.b],compadre,mbale [a.b] compadre,,19,33,1,ZAPOTECO_ESPAÑOL,BIB003_PICKETT_VOCABULARIO,2007_FIFTH_ELECTRONIC,2013_FIFTH_ELECTRONIC_SECOND_VERSION,DOCUMENTED_UNICODE_RECONCILIATION_NOT_BYTE_EXTRACTED_2013,JUCHITAN_HISTORICAL_SOURCE,STRUCTURED_BACKFILL_V0_1
PICKETT-ZE-0832,mbambati’,mbambati’,mbambatiꞌ,mbambatiꞌ,"[""mbambatiꞌ""]",ENTRY,,,[a.a.b],cada rato,mbambati’ [a.a.b] cada rato,,19,33,1,ZAPOTECO_ESPAÑOL,BIB003_PICKETT_VOCABULARIO,2007_FIFTH_ELECTRONIC,2013_FIFTH_ELECTRONIC_SECOND_VERSION,DOCUMENTED_UNICODE_RECONCILIATION_NOT_BYTE_EXTRACTED_2013,JUCHITAN_HISTORICAL_SOURCE,STRUCTURED_BACKFILL_V0_1
PICKETT-ZE-0833,mbiiqui,mbiiqui,mbiiqui,mbiiqui,"[""mbiiqui""]",ENTRY,,,[a],escondite (juego),mbiiqui [a] escondite (juego),,19,33,1,ZAPOTECO_ESPAÑOL,BIB003_PICKETT_VOCABULARIO,2007_FIFTH_ELECTRONIC,2013_FIFTH_ELECTRONIC_SECOND_VERSION,DOCUMENTED_UNICODE_RECONCILIATION_NOT_BYTE_EXTRACTED_2013,JUCHITAN_HISTORICAL_SOURCE,STRUCTURED_BACKFILL_V0_1
PICKETT-ZE-0834,mboota,mboota,mboota,mboota,"[""mboota""]",ENTRY,,,[a],grandote,mboota [a] grandote,,19,33,1,ZAPOTECO_ESPAÑOL,BIB003_PICKETT_VOCABULARIO,2007_FIFTH_ELECTRONIC,2013_FIFTH_ELECTRONIC_SECOND_VERSION,DOCUMENTED_UNICODE_RECONCILIATION_NOT_BYTE_EXTRACTED_2013,JUCHITAN_HISTORICAL_SOURCE,STRUCTURED_BACKFILL_V0_1
PICKETT-ZE-0835,meme’,meme’,memeꞌ,memeꞌ,"[""memeꞌ""]",ENTRY,,,[b.al],niñera,meme’ [b.al] niñera,,19,33,1,ZAPOTECO_ESPAÑOL,BIB003_PICKETT_VOCABULARIO,2007_FIFTH_ELECTRONIC,2013_FIFTH_ELECTRONIC_SECOND_VERSION,DOCUMENTED_UNICODE_RECONCILIATION_NOT_BYTE_EXTRACTED_2013,JUCHITAN_HISTORICAL_SOURCE,STRUCTURED_BACKFILL_V0_1
PICKETT-ZE-0836,meuxubi,meuxubi,meuxubi,meuxubi,"[""meuxubi""]",ENTRY,,,[a.a.b],alacrán,meuxubi [a.a.b] alacrán,,19,33,2,ZAPOTECO_ESPAÑOL,BIB003_PICKETT_VOCABULARIO,2007_FIFTH_ELECTRONIC,2013_FIFTH_ELECTRONIC_SECOND_VERSION,DOCUMENTED_UNICODE_RECONCILIATION_NOT_BYTE_EXTRACTED_2013,JUCHITAN_HISTORICAL_SOURCE,STRUCTURED_BACKFILL_V0_1
PICKETT-ZE-0837,mexa,mexa,mexa,mexa,"[""mexa""]",ENTRY,,,[a.b],"mujer güera, mujer rubia","mexa [a.b] mujer güera, mujer rubia",,19,33,2,ZAPOTECO_ESPAÑOL,BIB003_PICKETT_VOCABULARIO,2007_FIFTH_ELECTRONIC,2013_FIFTH_ELECTRONIC_SECOND_VERSION,DOCUMENTED_UNICODE_RECONCILIATION_NOT_BYTE_EXTRACTED_2013,JUCHITAN_HISTORICAL_SOURCE,STRUCTURED_BACKFILL_V0_1
PICKETT-ZE-0838,mexa’,mexa’,mexaꞌ,mexaꞌ,"[""mexaꞌ""]",ENTRY,,,[b.al],mesa,mexa’ [b.al] mesa,,19,33,2,ZAPOTECO_ESPAÑOL,BIB003_PICKETT_VOCABULARIO,2007_FIFTH_ELECTRONIC,2013_FIFTH_ELECTRONIC_SECOND_VERSION,DOCUMENTED_UNICODE_RECONCILIATION_NOT_BYTE_EXTRACTED_2013,JUCHITAN_HISTORICAL_SOURCE,STRUCTURED_BACKFILL_V0_1
PICKETT-ZE-0839,mexu,mexu,mexu,mexu,"[""mexu""]",ENTRY,,,[a.b],"hombre güero, hombre rubio","mexu [a.b] hombre güero, hombre rubio",,19,33,2,ZAPOTECO_ESPAÑOL,BIB003_PICKETT_VOCABULARIO,2007_FIFTH_ELECTRONIC,2013_FIFTH_ELECTRONIC_SECOND_VERSION,DOCUMENTED_UNICODE_RECONCILIATION_NOT_BYTE_EXTRACTED_2013,JUCHITAN_HISTORICAL_SOURCE,STRUCTURED_BACKFILL_V0_1
PICKETT-ZE-0840,miati’,miati’,miatiꞌ,miatiꞌ,"[""miatiꞌ""]",ENTRY,,,[b.al],"uno (una persona, uno mismo); yo (aplicación indirecta)","miati’ [b.al] uno (una persona, uno",mismo); yo (aplicación indirecta),19,33,2,ZAPOTECO_ESPAÑOL,BIB003_PICKETT_VOCABULARIO,2007_FIFTH_ELECTRONIC,2013_FIFTH_ELECTRONIC_SECOND_VERSION,DOCUMENTED_UNICODE_RECONCILIATION_NOT_BYTE_EXTRACTED_2013,JUCHITAN_HISTORICAL_SOURCE,STRUCTURED_BACKFILL_V0_1
PICKETT-ZE-0841,ti miati’,ti miati’,ti miatiꞌ,ti miatiꞌ,"[""ti miatiꞌ""]",SUBENTRY,miatiꞌ,,,alguien (que ya se mencionó),ti miati’ [b-b.al] alguien (que ya se,mencionó),19,33,2,ZAPOTECO_ESPAÑOL,BIB003_PICKETT_VOCABULARIO,2007_FIFTH_ELECTRONIC,2013_FIFTH_ELECTRONIC_SECOND_VERSION,DOCUMENTED_UNICODE_RECONCILIATION_NOT_BYTE_EXTRACTED_2013,JUCHITAN_HISTORICAL_SOURCE,STRUCTURED_BACKFILL_V0_1
PICKETT-ZE-0842,migu,migu,migu,migu,"[""migu""]",ENTRY,,,[b.a],"chango, mono","migu [b.a] chango, mono",,19,33,2,ZAPOTECO_ESPAÑOL,BIB003_PICKETT_VOCABULARIO,2007_FIFTH_ELECTRONIC,2013_FIFTH_ELECTRONIC_SECOND_VERSION,DOCUMENTED_UNICODE_RECONCILIATION_NOT_BYTE_EXTRACTED_2013,JUCHITAN_HISTORICAL_SOURCE,STRUCTURED_BACKFILL_V0_1
PICKETT-ZE-0843,miœi,miḻi,miḻi,miḻi,"[""miḻi""]",ENTRY,,,[a],lisa (pez),miœi [a] lisa (pez),,19,33,2,ZAPOTECO_ESPAÑOL,BIB003_PICKETT_VOCABULARIO,2007_FIFTH_ELECTRONIC,2013_FIFTH_ELECTRONIC_SECOND_VERSION,DOCUMENTED_UNICODE_RECONCILIATION_NOT_BYTE_EXTRACTED_2013,JUCHITAN_HISTORICAL_SOURCE,STRUCTURED_BACKFILL_V0_1
PICKETT-ZE-0844,mistu’,mistu’,mistuꞌ,mistuꞌ,"[""mistuꞌ""]",ENTRY,,,[b.al],gato,mistu’ [b.al] gato,,19,33,2,ZAPOTECO_ESPAÑOL,BIB003_PICKETT_VOCABULARIO,2007_FIFTH_ELECTRONIC,2013_FIFTH_ELECTRONIC_SECOND_VERSION,DOCUMENTED_UNICODE_RECONCILIATION_NOT_BYTE_EXTRACTED_2013,JUCHITAN_HISTORICAL_SOURCE,STRUCTURED_BACKFILL_V0_1
PICKETT-ZE-0845,mistu’ gui’xhi’,mistu’ gui’xhi’,mistuꞌ guiꞌxhiꞌ,mistuꞌ guiꞌxhiꞌ,"[""mistuꞌ guiꞌxhiꞌ""]",ENTRY,,,[b.al-b],zorra (a veces llamado ‘gato montés’ en el español de la región),mistu’ gui’xhi’ [b.al-b] zorra (a veces,llamado ‘gato montés’ en el español de la región),19,33,2,ZAPOTECO_ESPAÑOL,BIB003_PICKETT_VOCABULARIO,2007_FIFTH_ELECTRONIC,2013_FIFTH_ELECTRONIC_SECOND_VERSION,DOCUMENTED_UNICODE_RECONCILIATION_NOT_BYTE_EXTRACTED_2013,JUCHITAN_HISTORICAL_SOURCE,STRUCTURED_BACKFILL_V0_1
PICKETT-ZE-0846,miizi,miizi,miizi,miizi,"[""miizi""]",ENTRY,,,[a],"pequeñísimo, insignificante","miizi [a] pequeñísimo, insignificante",,19,33,2,ZAPOTECO_ESPAÑOL,BIB003_PICKETT_VOCABULARIO,2007_FIFTH_ELECTRONIC,2013_FIFTH_ELECTRONIC_SECOND_VERSION,DOCUMENTED_UNICODE_RECONCILIATION_NOT_BYTE_EXTRACTED_2013,JUCHITAN_HISTORICAL_SOURCE,STRUCTURED_BACKFILL_V0_1
PICKETT-ZE-0847,mosa,mosa,mosa,mosa,"[""mosa""]",ENTRY,,,[a.b],"linda, preciosa","mosa [a.b] linda, preciosa",,19,33,2,ZAPOTECO_ESPAÑOL,BIB003_PICKETT_VOCABULARIO,2007_FIFTH_ELECTRONIC,2013_FIFTH_ELECTRONIC_SECOND_VERSION,DOCUMENTED_UNICODE_RECONCILIATION_NOT_BYTE_EXTRACTED_2013,JUCHITAN_HISTORICAL_SOURCE,STRUCTURED_BACKFILL_V0_1
PICKETT-ZE-0848,mudu,mudu,mudu,mudu,"[""mudu""]",ENTRY,,,[b.a],botón de una flor,mudu [b.a] botón de una flor,,19,33,2,ZAPOTECO_ESPAÑOL,BIB003_PICKETT_VOCABULARIO,2007_FIFTH_ELECTRONIC,2013_FIFTH_ELECTRONIC_SECOND_VERSION,DOCUMENTED_UNICODE_RECONCILIATION_NOT_BYTE_EXTRACTED_2013,JUCHITAN_HISTORICAL_SOURCE,STRUCTURED_BACKFILL_V0_1
PICKETT-ZE-0849,mudubina,mudubina,mudubina,mudubina,"[""mudubina""]",ENTRY,,,,nenúfar,mudubina nenúfar,,19,33,2,ZAPOTECO_ESPAÑOL,BIB003_PICKETT_VOCABULARIO,2007_FIFTH_ELECTRONIC,2013_FIFTH_ELECTRONIC_SECOND_VERSION,DOCUMENTED_UNICODE_RECONCILIATION_NOT_BYTE_EXTRACTED_2013,JUCHITAN_HISTORICAL_SOURCE,STRUCTURED_BACKFILL_V0_1
PICKETT-ZE-0850,muxe’,muxe’,muxeꞌ,muxeꞌ,"[""muxeꞌ""]",ENTRY,,,[b.al],afeminado,muxe’ [b.al] afeminado,,19,33,2,ZAPOTECO_ESPAÑOL,BIB003_PICKETT_VOCABULARIO,2007_FIFTH_ELECTRONIC,2013_FIFTH_ELECTRONIC_SECOND_VERSION,DOCUMENTED_UNICODE_RECONCILIATION_NOT_BYTE_EXTRACTED_2013,JUCHITAN_HISTORICAL_SOURCE,STRUCTURED_BACKFILL_V0_1
PICKETT-ZE-0851,Na,Na,Na,Na,"[""Na""]",ENTRY,,,[al],Señora,Na [al] Señora,,19,33,2,ZAPOTECO_ESPAÑOL,BIB003_PICKETT_VOCABULARIO,2007_FIFTH_ELECTRONIC,2013_FIFTH_ELECTRONIC_SECOND_VERSION,DOCUMENTED_UNICODE_RECONCILIATION_NOT_BYTE_EXTRACTED_2013,JUCHITAN_HISTORICAL_SOURCE,STRUCTURED_BACKFILL_V0_1
PICKETT-ZE-0852,na,na,na,na,"[""na""]",ENTRY,,,,dice,na dice,,19,33,2,ZAPOTECO_ESPAÑOL,BIB003_PICKETT_VOCABULARIO,2007_FIFTH_ELECTRONIC,2013_FIFTH_ELECTRONIC_SECOND_VERSION,DOCUMENTED_UNICODE_RECONCILIATION_NOT_BYTE_EXTRACTED_2013,JUCHITAN_HISTORICAL_SOURCE,STRUCTURED_BACKFILL_V0_1
PICKETT-ZE-0853,ná’,ná’,náꞌ,náꞌ,"[""náꞌ""]",ENTRY,,,[a],"mano, brazo","ná’ [a] mano, brazo",,19,33,2,ZAPOTECO_ESPAÑOL,BIB003_PICKETT_VOCABULARIO,2007_FIFTH_ELECTRONIC,2013_FIFTH_ELECTRONIC_SECOND_VERSION,DOCUMENTED_UNICODE_RECONCILIATION_NOT_BYTE_EXTRACTED_2013,JUCHITAN_HISTORICAL_SOURCE,STRUCTURED_BACKFILL_V0_1
PICKETT-ZE-0854,naa,naa,naa,naa,"[""naa""]",ENTRY,,,,yo,naa yo,,19,33,2,ZAPOTECO_ESPAÑOL,BIB003_PICKETT_VOCABULARIO,2007_FIFTH_ELECTRONIC,2013_FIFTH_ELECTRONIC_SECOND_VERSION,DOCUMENTED_UNICODE_RECONCILIATION_NOT_BYTE_EXTRACTED_2013,JUCHITAN_HISTORICAL_SOURCE,STRUCTURED_BACKFILL_V0_1
PICKETT-ZE-0855,naaba,naaba,naaba,naaba,"[""naaba""]",ENTRY,,,,,naaba,,19,33,2,ZAPOTECO_ESPAÑOL,BIB003_PICKETT_VOCABULARIO,2007_FIFTH_ELECTRONIC,2013_FIFTH_ELECTRONIC_SECOND_VERSION,DOCUMENTED_UNICODE_RECONCILIATION_NOT_BYTE_EXTRACTED_2013,JUCHITAN_HISTORICAL_SOURCE,STRUCTURED_BACKFILL_V0_1
PICKETT-ZE-0856,sti naaba si,sti naaba si,sti naaba si,sti naaba si,"[""sti naaba si""]",SUBENTRY,naaba,,,por poco,sti naaba si [al-b-a] por poco,,19,33,2,ZAPOTECO_ESPAÑOL,BIB003_PICKETT_VOCABULARIO,2007_FIFTH_ELECTRONIC,2013_FIFTH_ELECTRONIC_SECOND_VERSION,DOCUMENTED_UNICODE_RECONCILIATION_NOT_BYTE_EXTRACTED_2013,JUCHITAN_HISTORICAL_SOURCE,STRUCTURED_BACKFILL_V0_1
PICKETT-ZE-0857,nababa’,nababa’,nababaꞌ,nababaꞌ,"[""nababaꞌ""]",ENTRY,,,[b.b.al],dar comezón,nababa’ [b.b.al] dar comezón,,19,33,2,ZAPOTECO_ESPAÑOL,BIB003_PICKETT_VOCABULARIO,2007_FIFTH_ELECTRONIC,2013_FIFTH_ELECTRONIC_SECOND_VERSION,DOCUMENTED_UNICODE_RECONCILIATION_NOT_BYTE_EXTRACTED_2013,JUCHITAN_HISTORICAL_SOURCE,STRUCTURED_BACKFILL_V0_1
PICKETT-ZE-0858,naba’du’,naba’du’,nabaꞌduꞌ,nabaꞌduꞌ,"[""nabaꞌduꞌ""]",ENTRY,,,,aniñado,naba’du’ aniñado,,19,33,2,ZAPOTECO_ESPAÑOL,BIB003_PICKETT_VOCABULARIO,2007_FIFTH_ELECTRONIC,2013_FIFTH_ELECTRONIC_SECOND_VERSION,DOCUMENTED_UNICODE_RECONCILIATION_NOT_BYTE_EXTRACTED_2013,JUCHITAN_HISTORICAL_SOURCE,STRUCTURED_BACKFILL_V0_1
PICKETT-ZE-0859,nabaœi’,nabaḻi’,nabaḻiꞌ,nabaḻiꞌ,"[""nabaḻiꞌ""]",ENTRY,,,[b.b.al],"Es un sabor especial, medio salado o algo amargo, por ej.: del agua o de ciertas frutas.","nabaœi’ [b.b.al] Es un sabor especial,","medio salado o algo amargo, por ej.: del agua o de ciertas frutas.",19,33,2,ZAPOTECO_ESPAÑOL,BIB003_PICKETT_VOCABULARIO,2007_FIFTH_ELECTRONIC,2013_FIFTH_ELECTRONIC_SECOND_VERSION,DOCUMENTED_UNICODE_RECONCILIATION_NOT_BYTE_EXTRACTED_2013,JUCHITAN_HISTORICAL_SOURCE,STRUCTURED_BACKFILL_V0_1
PICKETT-ZE-0860,nabana’,nabana’,nabanaꞌ,nabanaꞌ,"[""nabanaꞌ""]",ENTRY,,,[b.b.al],"triste, nostálgico, sentimental","nabana’ [b.b.al] triste, nostálgico,",sentimental,19,33,2,ZAPOTECO_ESPAÑOL,BIB003_PICKETT_VOCABULARIO,2007_FIFTH_ELECTRONIC,2013_FIFTH_ELECTRONIC_SECOND_VERSION,DOCUMENTED_UNICODE_RECONCILIATION_NOT_BYTE_EXTRACTED_2013,JUCHITAN_HISTORICAL_SOURCE,STRUCTURED_BACKFILL_V0_1
PICKETT-ZE-0861,Nabaana,Nabaana,Nabaana,Nabaana,"[""Nabaana""]",ENTRY,,,[b.a.a],Semana Santa,Nabaana [b.a.a] Semana Santa,,20,34,1,ZAPOTECO_ESPAÑOL,BIB003_PICKETT_VOCABULARIO,2007_FIFTH_ELECTRONIC,2013_FIFTH_ELECTRONIC_SECOND_VERSION,DOCUMENTED_UNICODE_RECONCILIATION_NOT_BYTE_EXTRACTED_2013,JUCHITAN_HISTORICAL_SOURCE,STRUCTURED_BACKFILL_V0_1
PICKETT-ZE-0862,nabaana,nabaana,nabaana,nabaana,"[""nabaana""]",ENTRY,,,[b.a.a],cuaresma,nabaana [b.a.a] cuaresma,,20,34,1,ZAPOTECO_ESPAÑOL,BIB003_PICKETT_VOCABULARIO,2007_FIFTH_ELECTRONIC,2013_FIFTH_ELECTRONIC_SECOND_VERSION,DOCUMENTED_UNICODE_RECONCILIATION_NOT_BYTE_EXTRACTED_2013,JUCHITAN_HISTORICAL_SOURCE,STRUCTURED_BACKFILL_V0_1
PICKETT-ZE-0863,nabani,nabani,nabani,nabani,"[""nabani""]",ENTRY,,,[b.b.a],vivir,nabani [b.b.a] vivir,,20,34,1,ZAPOTECO_ESPAÑOL,BIB003_PICKETT_VOCABULARIO,2007_FIFTH_ELECTRONIC,2013_FIFTH_ELECTRONIC_SECOND_VERSION,DOCUMENTED_UNICODE_RECONCILIATION_NOT_BYTE_EXTRACTED_2013,JUCHITAN_HISTORICAL_SOURCE,STRUCTURED_BACKFILL_V0_1
PICKETT-ZE-0864,nabaqui’,nabaqui’,nabaquiꞌ,nabaquiꞌ,"[""nabaquiꞌ""]",ENTRY,,,[b.b.al],tener puesto,nabaqui’ [b.b.al] tener puesto,,20,34,1,ZAPOTECO_ESPAÑOL,BIB003_PICKETT_VOCABULARIO,2007_FIFTH_ELECTRONIC,2013_FIFTH_ELECTRONIC_SECOND_VERSION,DOCUMENTED_UNICODE_RECONCILIATION_NOT_BYTE_EXTRACTED_2013,JUCHITAN_HISTORICAL_SOURCE,STRUCTURED_BACKFILL_V0_1
PICKETT-ZE-0865,nabata,nabata,nabata,nabata,"[""nabata""]",ENTRY,,,,ancho,nabata ancho,,20,34,1,ZAPOTECO_ESPAÑOL,BIB003_PICKETT_VOCABULARIO,2007_FIFTH_ELECTRONIC,2013_FIFTH_ELECTRONIC_SECOND_VERSION,DOCUMENTED_UNICODE_RECONCILIATION_NOT_BYTE_EXTRACTED_2013,JUCHITAN_HISTORICAL_SOURCE,STRUCTURED_BACKFILL_V0_1
PICKETT-ZE-0866,nabaza,nabaza,nabaza,nabaza,"[""nabaza""]",ENTRY,,,[b.a.a],delgado,nabaza [b.a.a] delgado,,20,34,1,ZAPOTECO_ESPAÑOL,BIB003_PICKETT_VOCABULARIO,2007_FIFTH_ELECTRONIC,2013_FIFTH_ELECTRONIC_SECOND_VERSION,DOCUMENTED_UNICODE_RECONCILIATION_NOT_BYTE_EXTRACTED_2013,JUCHITAN_HISTORICAL_SOURCE,STRUCTURED_BACKFILL_V0_1
PICKETT-ZE-0867,nabé,nabé,nabé,nabé,"[""nabé""]",ENTRY,,,[al],muy,nabé [al] muy,,20,34,1,ZAPOTECO_ESPAÑOL,BIB003_PICKETT_VOCABULARIO,2007_FIFTH_ELECTRONIC,2013_FIFTH_ELECTRONIC_SECOND_VERSION,DOCUMENTED_UNICODE_RECONCILIATION_NOT_BYTE_EXTRACTED_2013,JUCHITAN_HISTORICAL_SOURCE,STRUCTURED_BACKFILL_V0_1
PICKETT-ZE-0868,nabé’,nabé’,nabéꞌ,nabéꞌ,"[""nabéꞌ""]",ENTRY,,,[b.a],"angosto, estrecho","nabé’ [b.a] angosto, estrecho",,20,34,1,ZAPOTECO_ESPAÑOL,BIB003_PICKETT_VOCABULARIO,2007_FIFTH_ELECTRONIC,2013_FIFTH_ELECTRONIC_SECOND_VERSION,DOCUMENTED_UNICODE_RECONCILIATION_NOT_BYTE_EXTRACTED_2013,JUCHITAN_HISTORICAL_SOURCE,STRUCTURED_BACKFILL_V0_1
PICKETT-ZE-0869,nabeche’,nabeche’,nabecheꞌ,nabecheꞌ,"[""nabecheꞌ""]",ENTRY,,,[b.b.al],leporino,nabeche’ [b.b.al] leporino,,20,34,1,ZAPOTECO_ESPAÑOL,BIB003_PICKETT_VOCABULARIO,2007_FIFTH_ELECTRONIC,2013_FIFTH_ELECTRONIC_SECOND_VERSION,DOCUMENTED_UNICODE_RECONCILIATION_NOT_BYTE_EXTRACTED_2013,JUCHITAN_HISTORICAL_SOURCE,STRUCTURED_BACKFILL_V0_1
PICKETT-ZE-0870,nabeñe,nabeñe,nabeñe,nabeñe,"[""nabeñe""]",ENTRY,,,,lodoso,nabeñe lodoso,,20,34,1,ZAPOTECO_ESPAÑOL,BIB003_PICKETT_VOCABULARIO,2007_FIFTH_ELECTRONIC,2013_FIFTH_ELECTRONIC_SECOND_VERSION,DOCUMENTED_UNICODE_RECONCILIATION_NOT_BYTE_EXTRACTED_2013,JUCHITAN_HISTORICAL_SOURCE,STRUCTURED_BACKFILL_V0_1
PICKETT-ZE-0871,naberde,naberde,naberde,naberde,"[""naberde""]",ENTRY,,,[b.a.b],color verde,naberde [b.a.b] color verde,,20,34,1,ZAPOTECO_ESPAÑOL,BIB003_PICKETT_VOCABULARIO,2007_FIFTH_ELECTRONIC,2013_FIFTH_ELECTRONIC_SECOND_VERSION,DOCUMENTED_UNICODE_RECONCILIATION_NOT_BYTE_EXTRACTED_2013,JUCHITAN_HISTORICAL_SOURCE,STRUCTURED_BACKFILL_V0_1
PICKETT-ZE-0872,nabeza,nabeza,nabeza,nabeza,"[""nabeza""]",ENTRY,,,[b.b.a],"radicar, habitar, morar, vivir","nabeza [b.b.a] radicar, habitar, morar,",vivir,20,34,1,ZAPOTECO_ESPAÑOL,BIB003_PICKETT_VOCABULARIO,2007_FIFTH_ELECTRONIC,2013_FIFTH_ELECTRONIC_SECOND_VERSION,DOCUMENTED_UNICODE_RECONCILIATION_NOT_BYTE_EXTRACTED_2013,JUCHITAN_HISTORICAL_SOURCE,STRUCTURED_BACKFILL_V0_1
PICKETT-ZE-0873,nabiaa,nabiaa,nabiaa,nabiaa,"[""nabiaa""]",ENTRY,,,[b.a],"extendido, distendido","nabiaa [b.a] extendido, distendido",,20,34,1,ZAPOTECO_ESPAÑOL,BIB003_PICKETT_VOCABULARIO,2007_FIFTH_ELECTRONIC,2013_FIFTH_ELECTRONIC_SECOND_VERSION,DOCUMENTED_UNICODE_RECONCILIATION_NOT_BYTE_EXTRACTED_2013,JUCHITAN_HISTORICAL_SOURCE,STRUCTURED_BACKFILL_V0_1
PICKETT-ZE-0874,nabiidi’,nabiidi’,nabiidiꞌ,nabiidiꞌ,"[""nabiidiꞌ""]",ENTRY,,,,sucio,nabiidi’ sucio,,20,34,1,ZAPOTECO_ESPAÑOL,BIB003_PICKETT_VOCABULARIO,2007_FIFTH_ELECTRONIC,2013_FIFTH_ELECTRONIC_SECOND_VERSION,DOCUMENTED_UNICODE_RECONCILIATION_NOT_BYTE_EXTRACTED_2013,JUCHITAN_HISTORICAL_SOURCE,STRUCTURED_BACKFILL_V0_1
PICKETT-ZE-0875,nabidxi,nabidxi,nabidxi,nabidxi,"[""nabidxi""]",ENTRY,,,,"seco; delgado, flaco","nabidxi seco; delgado, flaco",,20,34,1,ZAPOTECO_ESPAÑOL,BIB003_PICKETT_VOCABULARIO,2007_FIFTH_ELECTRONIC,2013_FIFTH_ELECTRONIC_SECOND_VERSION,DOCUMENTED_UNICODE_RECONCILIATION_NOT_BYTE_EXTRACTED_2013,JUCHITAN_HISTORICAL_SOURCE,STRUCTURED_BACKFILL_V0_1
PICKETT-ZE-0876,nabidxu,nabidxu,nabidxu,nabidxu,"[""nabidxu""]",ENTRY,,,[b.a.a],"rizado, crespo, ondulado","nabidxu [b.a.a] rizado, crespo, ondulado",,20,34,1,ZAPOTECO_ESPAÑOL,BIB003_PICKETT_VOCABULARIO,2007_FIFTH_ELECTRONIC,2013_FIFTH_ELECTRONIC_SECOND_VERSION,DOCUMENTED_UNICODE_RECONCILIATION_NOT_BYTE_EXTRACTED_2013,JUCHITAN_HISTORICAL_SOURCE,STRUCTURED_BACKFILL_V0_1
PICKETT-ZE-0877,nabigú,nabigú,nabigú,nabigú,"[""nabigú""]",ENTRY,,,[b.b.a],"desmoronado, hecho en polvo","nabigú [b.b.a] desmoronado, hecho en",polvo,20,34,1,ZAPOTECO_ESPAÑOL,BIB003_PICKETT_VOCABULARIO,2007_FIFTH_ELECTRONIC,2013_FIFTH_ELECTRONIC_SECOND_VERSION,DOCUMENTED_UNICODE_RECONCILIATION_NOT_BYTE_EXTRACTED_2013,JUCHITAN_HISTORICAL_SOURCE,STRUCTURED_BACKFILL_V0_1
PICKETT-ZE-0878,nabiuxe,nabiuxe,nabiuxe,nabiuxe,"[""nabiuxe""]",ENTRY,,,[b.a.a],"menudo, chiquito, fragmentado; sencillo, cambio","nabiuxe [b.a.a] menudo, chiquito,","fragmentado; sencillo, cambio",20,34,1,ZAPOTECO_ESPAÑOL,BIB003_PICKETT_VOCABULARIO,2007_FIFTH_ELECTRONIC,2013_FIFTH_ELECTRONIC_SECOND_VERSION,DOCUMENTED_UNICODE_RECONCILIATION_NOT_BYTE_EXTRACTED_2013,JUCHITAN_HISTORICAL_SOURCE,STRUCTURED_BACKFILL_V0_1
PICKETT-ZE-0879,nabixhi’,nabixhi’,nabixhiꞌ,nabixhiꞌ,"[""nabixhiꞌ""]",ENTRY,,,[b.b.al],asqueroso,nabixhi’ [b.b.al] asqueroso,,20,34,1,ZAPOTECO_ESPAÑOL,BIB003_PICKETT_VOCABULARIO,2007_FIFTH_ELECTRONIC,2013_FIFTH_ELECTRONIC_SECOND_VERSION,DOCUMENTED_UNICODE_RECONCILIATION_NOT_BYTE_EXTRACTED_2013,JUCHITAN_HISTORICAL_SOURCE,STRUCTURED_BACKFILL_V0_1
PICKETT-ZE-0880,nabi’xhu’,nabi’xhu’,nabiꞌxhuꞌ,nabiꞌxhuꞌ,"[""nabiꞌxhuꞌ""]",ENTRY,,,,anudado (se aplica a la fruta o planta que no llega a desarrollarse),nabi’xhu’ anudado (se aplica a la fruta o,planta que no llega a desarrollarse),20,34,1,ZAPOTECO_ESPAÑOL,BIB003_PICKETT_VOCABULARIO,2007_FIFTH_ELECTRONIC,2013_FIFTH_ELECTRONIC_SECOND_VERSION,DOCUMENTED_UNICODE_RECONCILIATION_NOT_BYTE_EXTRACTED_2013,JUCHITAN_HISTORICAL_SOURCE,STRUCTURED_BACKFILL_V0_1
PICKETT-ZE-0881,nabojo,nabojo,nabojo,nabojo,"[""nabojo""]",ENTRY,,,[b.al.b],"fofo, bofo","nabojo [b.al.b] fofo, bofo",,20,34,1,ZAPOTECO_ESPAÑOL,BIB003_PICKETT_VOCABULARIO,2007_FIFTH_ELECTRONIC,2013_FIFTH_ELECTRONIC_SECOND_VERSION,DOCUMENTED_UNICODE_RECONCILIATION_NOT_BYTE_EXTRACTED_2013,JUCHITAN_HISTORICAL_SOURCE,STRUCTURED_BACKFILL_V0_1
PICKETT-ZE-0882,nabumbu,nabumbu,nabumbu,nabumbu,"[""nabumbu""]",ENTRY,,,[b.b.a],hinchado,nabumbu [b.b.a] hinchado,,20,34,1,ZAPOTECO_ESPAÑOL,BIB003_PICKETT_VOCABULARIO,2007_FIFTH_ELECTRONIC,2013_FIFTH_ELECTRONIC_SECOND_VERSION,DOCUMENTED_UNICODE_RECONCILIATION_NOT_BYTE_EXTRACTED_2013,JUCHITAN_HISTORICAL_SOURCE,STRUCTURED_BACKFILL_V0_1
PICKETT-ZE-0883,nabupu,nabupu,nabupu,nabupu,"[""nabupu""]",ENTRY,,,,espumoso,nabupu espumoso,,20,34,1,ZAPOTECO_ESPAÑOL,BIB003_PICKETT_VOCABULARIO,2007_FIFTH_ELECTRONIC,2013_FIFTH_ELECTRONIC_SECOND_VERSION,DOCUMENTED_UNICODE_RECONCILIATION_NOT_BYTE_EXTRACTED_2013,JUCHITAN_HISTORICAL_SOURCE,STRUCTURED_BACKFILL_V0_1
PICKETT-ZE-0884,naca,naca,naca,naca,"[""naca""]",ENTRY,,,[b.a],ser,naca [b.a] ser,,20,34,1,ZAPOTECO_ESPAÑOL,BIB003_PICKETT_VOCABULARIO,2007_FIFTH_ELECTRONIC,2013_FIFTH_ELECTRONIC_SECOND_VERSION,DOCUMENTED_UNICODE_RECONCILIATION_NOT_BYTE_EXTRACTED_2013,JUCHITAN_HISTORICAL_SOURCE,STRUCTURED_BACKFILL_V0_1
PICKETT-ZE-0885,nacahui,nacahui,nacahui,nacahui,"[""nacahui""]",ENTRY,,,[b.b.a],"obscuro, oscuro","nacahui [b.b.a] obscuro, oscuro",,20,34,1,ZAPOTECO_ESPAÑOL,BIB003_PICKETT_VOCABULARIO,2007_FIFTH_ELECTRONIC,2013_FIFTH_ELECTRONIC_SECOND_VERSION,DOCUMENTED_UNICODE_RECONCILIATION_NOT_BYTE_EXTRACTED_2013,JUCHITAN_HISTORICAL_SOURCE,STRUCTURED_BACKFILL_V0_1
PICKETT-ZE-0886,nacanda,nacanda,nacanda,nacanda,"[""nacanda""]",ENTRY,,,[b.b.a],"amanecer, alba, medio oscuro (va amaneciendo)","nacanda [b.b.a] amanecer, alba, medio",oscuro (va amaneciendo),20,34,1,ZAPOTECO_ESPAÑOL,BIB003_PICKETT_VOCABULARIO,2007_FIFTH_ELECTRONIC,2013_FIFTH_ELECTRONIC_SECOND_VERSION,DOCUMENTED_UNICODE_RECONCILIATION_NOT_BYTE_EXTRACTED_2013,JUCHITAN_HISTORICAL_SOURCE,STRUCTURED_BACKFILL_V0_1
PICKETT-ZE-0887,nacaanga’,nacaanga’,nacaangaꞌ,nacaangaꞌ,"[""nacaangaꞌ""]",ENTRY,,,,gangoso,nacaanga’ gangoso,,20,34,1,ZAPOTECO_ESPAÑOL,BIB003_PICKETT_VOCABULARIO,2007_FIFTH_ELECTRONIC,2013_FIFTH_ELECTRONIC_SECOND_VERSION,DOCUMENTED_UNICODE_RECONCILIATION_NOT_BYTE_EXTRACTED_2013,JUCHITAN_HISTORICAL_SOURCE,STRUCTURED_BACKFILL_V0_1
PICKETT-ZE-0888,nacu,nacu,nacu,nacu,"[""nacu""]",ENTRY,,,[b.a],"tener puesto (ropa, vestido, huipil, pantalón, camisa)","nacu [b.a] tener puesto (ropa, vestido,","huipil, pantalón, camisa)",20,34,1,ZAPOTECO_ESPAÑOL,BIB003_PICKETT_VOCABULARIO,2007_FIFTH_ELECTRONIC,2013_FIFTH_ELECTRONIC_SECOND_VERSION,DOCUMENTED_UNICODE_RECONCILIATION_NOT_BYTE_EXTRACTED_2013,JUCHITAN_HISTORICAL_SOURCE,STRUCTURED_BACKFILL_V0_1
PICKETT-ZE-0889,nacuanda,nacuanda,nacuanda,nacuanda,"[""nacuanda""]",ENTRY,,,[b.b.a],"chueco, torcido","nacuanda [b.b.a] chueco, torcido",,20,34,1,ZAPOTECO_ESPAÑOL,BIB003_PICKETT_VOCABULARIO,2007_FIFTH_ELECTRONIC,2013_FIFTH_ELECTRONIC_SECOND_VERSION,DOCUMENTED_UNICODE_RECONCILIATION_NOT_BYTE_EXTRACTED_2013,JUCHITAN_HISTORICAL_SOURCE,STRUCTURED_BACKFILL_V0_1
PICKETT-ZE-0890,nacuaata diaga,nacuaata diaga,nacuaata diaga,nacuaata diaga,"[""nacuaata diaga""]",ENTRY,,,,sordo,nacuaata diaga sordo,,20,34,1,ZAPOTECO_ESPAÑOL,BIB003_PICKETT_VOCABULARIO,2007_FIFTH_ELECTRONIC,2013_FIFTH_ELECTRONIC_SECOND_VERSION,DOCUMENTED_UNICODE_RECONCILIATION_NOT_BYTE_EXTRACTED_2013,JUCHITAN_HISTORICAL_SOURCE,STRUCTURED_BACKFILL_V0_1
PICKETT-ZE-0891,nacuba,nacuba,nacuba,nacuba,"[""nacuba""]",ENTRY,,,,tener la consistencia de la masa,nacuba tener la consistencia de la masa,,20,34,1,ZAPOTECO_ESPAÑOL,BIB003_PICKETT_VOCABULARIO,2007_FIFTH_ELECTRONIC,2013_FIFTH_ELECTRONIC_SECOND_VERSION,DOCUMENTED_UNICODE_RECONCILIATION_NOT_BYTE_EXTRACTED_2013,JUCHITAN_HISTORICAL_SOURCE,STRUCTURED_BACKFILL_V0_1
PICKETT-ZE-0892,nacubi,nacubi,nacubi,nacubi,"[""nacubi""]",ENTRY,,,[b.a.b],nuevo,nacubi [b.a.b] nuevo,,20,34,1,ZAPOTECO_ESPAÑOL,BIB003_PICKETT_VOCABULARIO,2007_FIFTH_ELECTRONIC,2013_FIFTH_ELECTRONIC_SECOND_VERSION,DOCUMENTED_UNICODE_RECONCILIATION_NOT_BYTE_EXTRACTED_2013,JUCHITAN_HISTORICAL_SOURCE,STRUCTURED_BACKFILL_V0_1
PICKETT-ZE-0893,nacuuxhu’,nacuuxhu’,nacuuxhuꞌ,nacuuxhuꞌ,"[""nacuuxhuꞌ""]",ENTRY,,,,arrugado,nacuuxhu’ arrugado,,20,34,1,ZAPOTECO_ESPAÑOL,BIB003_PICKETT_VOCABULARIO,2007_FIFTH_ELECTRONIC,2013_FIFTH_ELECTRONIC_SECOND_VERSION,DOCUMENTED_UNICODE_RECONCILIATION_NOT_BYTE_EXTRACTED_2013,JUCHITAN_HISTORICAL_SOURCE,STRUCTURED_BACKFILL_V0_1
PICKETT-ZE-0894,nachaaba’,nachaaba’,nachaabaꞌ,nachaabaꞌ,"[""nachaabaꞌ""]",ENTRY,,,,"perezoso, flojo","nachaaba’ perezoso, flojo",,20,34,1,ZAPOTECO_ESPAÑOL,BIB003_PICKETT_VOCABULARIO,2007_FIFTH_ELECTRONIC,2013_FIFTH_ELECTRONIC_SECOND_VERSION,DOCUMENTED_UNICODE_RECONCILIATION_NOT_BYTE_EXTRACTED_2013,JUCHITAN_HISTORICAL_SOURCE,STRUCTURED_BACKFILL_V0_1
PICKETT-ZE-0895,nachacha’,nachacha’,nachachaꞌ,nachachaꞌ,"[""nachachaꞌ""]",ENTRY,,,[b.b.al],"alegre, sociable, juguetón","nachacha’ [b.b.al] alegre, sociable,",juguetón,20,34,1,ZAPOTECO_ESPAÑOL,BIB003_PICKETT_VOCABULARIO,2007_FIFTH_ELECTRONIC,2013_FIFTH_ELECTRONIC_SECOND_VERSION,DOCUMENTED_UNICODE_RECONCILIATION_NOT_BYTE_EXTRACTED_2013,JUCHITAN_HISTORICAL_SOURCE,STRUCTURED_BACKFILL_V0_1
PICKETT-ZE-0896,"nachaacha’, nataata’","nachaacha’, nataata’","nachaachaꞌ, nataataꞌ",nachaachaꞌ,"[""nachaachaꞌ"", ""nataataꞌ""]",ENTRY,,,,flojo (cosa),"nachaacha’, nataata’ flojo (cosa)",,20,34,1,ZAPOTECO_ESPAÑOL,BIB003_PICKETT_VOCABULARIO,2007_FIFTH_ELECTRONIC,2013_FIFTH_ELECTRONIC_SECOND_VERSION,DOCUMENTED_UNICODE_RECONCILIATION_NOT_BYTE_EXTRACTED_2013,JUCHITAN_HISTORICAL_SOURCE,STRUCTURED_BACKFILL_V0_1
PICKETT-ZE-0897,nacha’hui’,nacha’hui’,nachaꞌhuiꞌ,nachaꞌhuiꞌ,"[""nachaꞌhuiꞌ""]",ENTRY,,,[b.al.b],"muy bueno, bondadoso","nacha’hui’ [b.al.b] muy bueno, bondadoso",,20,34,2,ZAPOTECO_ESPAÑOL,BIB003_PICKETT_VOCABULARIO,2007_FIFTH_ELECTRONIC,2013_FIFTH_ELECTRONIC_SECOND_VERSION,DOCUMENTED_UNICODE_RECONCILIATION_NOT_BYTE_EXTRACTED_2013,JUCHITAN_HISTORICAL_SOURCE,STRUCTURED_BACKFILL_V0_1
PICKETT-ZE-0898,nachaani’,nachaani’,nachaaniꞌ,nachaaniꞌ,"[""nachaaniꞌ""]",ENTRY,,,,cojo,nachaani’ cojo,,20,34,2,ZAPOTECO_ESPAÑOL,BIB003_PICKETT_VOCABULARIO,2007_FIFTH_ELECTRONIC,2013_FIFTH_ELECTRONIC_SECOND_VERSION,DOCUMENTED_UNICODE_RECONCILIATION_NOT_BYTE_EXTRACTED_2013,JUCHITAN_HISTORICAL_SOURCE,STRUCTURED_BACKFILL_V0_1
PICKETT-ZE-0899,nachiá,nachiá,nachiá,nachiá,"[""nachiá""]",ENTRY,,,[b.a],"extendido, ancho, amplio","nachiá [b.a] extendido, ancho, amplio",,20,34,2,ZAPOTECO_ESPAÑOL,BIB003_PICKETT_VOCABULARIO,2007_FIFTH_ELECTRONIC,2013_FIFTH_ELECTRONIC_SECOND_VERSION,DOCUMENTED_UNICODE_RECONCILIATION_NOT_BYTE_EXTRACTED_2013,JUCHITAN_HISTORICAL_SOURCE,STRUCTURED_BACKFILL_V0_1
PICKETT-ZE-0900,nachichi,nachichi,nachichi,nachichi,"[""nachichi""]",ENTRY,,,[b.b.a],"escaso, poquito","nachichi [b.b.a] escaso, poquito",,20,34,2,ZAPOTECO_ESPAÑOL,BIB003_PICKETT_VOCABULARIO,2007_FIFTH_ELECTRONIC,2013_FIFTH_ELECTRONIC_SECOND_VERSION,DOCUMENTED_UNICODE_RECONCILIATION_NOT_BYTE_EXTRACTED_2013,JUCHITAN_HISTORICAL_SOURCE,STRUCTURED_BACKFILL_V0_1
PICKETT-ZE-0901,nachipa,nachipa,nachipa,nachipa,"[""nachipa""]",ENTRY,,,,amarillento; percudido (ropa); encimados (los dientes),nachipa amarillento; percudido (ropa);,encimados (los dientes),20,34,2,ZAPOTECO_ESPAÑOL,BIB003_PICKETT_VOCABULARIO,2007_FIFTH_ELECTRONIC,2013_FIFTH_ELECTRONIC_SECOND_VERSION,DOCUMENTED_UNICODE_RECONCILIATION_NOT_BYTE_EXTRACTED_2013,JUCHITAN_HISTORICAL_SOURCE,STRUCTURED_BACKFILL_V0_1
PICKETT-ZE-0902,nachonga,nachonga,nachonga,nachonga,"[""nachonga""]",ENTRY,,,,"duro, tieso","nachonga duro, tieso",,20,34,2,ZAPOTECO_ESPAÑOL,BIB003_PICKETT_VOCABULARIO,2007_FIFTH_ELECTRONIC,2013_FIFTH_ELECTRONIC_SECOND_VERSION,DOCUMENTED_UNICODE_RECONCILIATION_NOT_BYTE_EXTRACTED_2013,JUCHITAN_HISTORICAL_SOURCE,STRUCTURED_BACKFILL_V0_1
PICKETT-ZE-0903,nachucu,nachucu,nachucu,nachucu,"[""nachucu""]",ENTRY,,,,"corto, bajo, chaparro","nachucu corto, bajo, chaparro",,20,34,2,ZAPOTECO_ESPAÑOL,BIB003_PICKETT_VOCABULARIO,2007_FIFTH_ELECTRONIC,2013_FIFTH_ELECTRONIC_SECOND_VERSION,DOCUMENTED_UNICODE_RECONCILIATION_NOT_BYTE_EXTRACTED_2013,JUCHITAN_HISTORICAL_SOURCE,STRUCTURED_BACKFILL_V0_1
PICKETT-ZE-0904,nachuuchi,nachuuchi,nachuuchi,nachuuchi,"[""nachuuchi""]",ENTRY,,,[b.b.a],resbaloso,nachuuchi [b.b.a] resbaloso,,20,34,2,ZAPOTECO_ESPAÑOL,BIB003_PICKETT_VOCABULARIO,2007_FIFTH_ELECTRONIC,2013_FIFTH_ELECTRONIC_SECOND_VERSION,DOCUMENTED_UNICODE_RECONCILIATION_NOT_BYTE_EXTRACTED_2013,JUCHITAN_HISTORICAL_SOURCE,STRUCTURED_BACKFILL_V0_1
PICKETT-ZE-0905,nachuga,nachuga,nachuga,nachuga,"[""nachuga""]",ENTRY,,,,"duro; delgado, flaco","nachuga duro; delgado, flaco",,20,34,2,ZAPOTECO_ESPAÑOL,BIB003_PICKETT_VOCABULARIO,2007_FIFTH_ELECTRONIC,2013_FIFTH_ELECTRONIC_SECOND_VERSION,DOCUMENTED_UNICODE_RECONCILIATION_NOT_BYTE_EXTRACTED_2013,JUCHITAN_HISTORICAL_SOURCE,STRUCTURED_BACKFILL_V0_1
PICKETT-ZE-0906,nachuí’,nachuí’,nachuíꞌ,nachuíꞌ,"[""nachuíꞌ""]",ENTRY,,,,resbaloso,nachuí’ resbaloso,,20,34,2,ZAPOTECO_ESPAÑOL,BIB003_PICKETT_VOCABULARIO,2007_FIFTH_ELECTRONIC,2013_FIFTH_ELECTRONIC_SECOND_VERSION,DOCUMENTED_UNICODE_RECONCILIATION_NOT_BYTE_EXTRACTED_2013,JUCHITAN_HISTORICAL_SOURCE,STRUCTURED_BACKFILL_V0_1
PICKETT-ZE-0907,nachuundu’,nachuundu’,nachuunduꞌ,nachuunduꞌ,"[""nachuunduꞌ""]",ENTRY,,,,"nublado, falta de claridad, no se ve bien, oscuro (la vista o el cielo)","nachuundu’ nublado, falta de claridad, no","se ve bien, oscuro (la vista o el cielo)",20,34,2,ZAPOTECO_ESPAÑOL,BIB003_PICKETT_VOCABULARIO,2007_FIFTH_ELECTRONIC,2013_FIFTH_ELECTRONIC_SECOND_VERSION,DOCUMENTED_UNICODE_RECONCILIATION_NOT_BYTE_EXTRACTED_2013,JUCHITAN_HISTORICAL_SOURCE,STRUCTURED_BACKFILL_V0_1
PICKETT-ZE-0908,nadá,nadá,nadá,nadá,"[""nadá""]",ENTRY,,,[b.a],"delicado, rompible; sensible","nadá [b.a] delicado, rompible; sensible",,20,34,2,ZAPOTECO_ESPAÑOL,BIB003_PICKETT_VOCABULARIO,2007_FIFTH_ELECTRONIC,2013_FIFTH_ELECTRONIC_SECOND_VERSION,DOCUMENTED_UNICODE_RECONCILIATION_NOT_BYTE_EXTRACTED_2013,JUCHITAN_HISTORICAL_SOURCE,STRUCTURED_BACKFILL_V0_1
PICKETT-ZE-0909,nadachi,nadachi,nadachi,nadachi,"[""nadachi""]",ENTRY,,,[b.b.a],vacío,nadachi [b.b.a] vacío,,20,34,2,ZAPOTECO_ESPAÑOL,BIB003_PICKETT_VOCABULARIO,2007_FIFTH_ELECTRONIC,2013_FIFTH_ELECTRONIC_SECOND_VERSION,DOCUMENTED_UNICODE_RECONCILIATION_NOT_BYTE_EXTRACTED_2013,JUCHITAN_HISTORICAL_SOURCE,STRUCTURED_BACKFILL_V0_1
PICKETT-ZE-0910,nada’gu’,nada’gu’,nadaꞌguꞌ,nadaꞌguꞌ,"[""nadaꞌguꞌ""]",ENTRY,,,[b.al.b],"nublado (cielo); cerrado, ignorante (persona)","nada’gu’ [b.al.b] nublado (cielo); cerrado,",ignorante (persona),20,34,2,ZAPOTECO_ESPAÑOL,BIB003_PICKETT_VOCABULARIO,2007_FIFTH_ELECTRONIC,2013_FIFTH_ELECTRONIC_SECOND_VERSION,DOCUMENTED_UNICODE_RECONCILIATION_NOT_BYTE_EXTRACTED_2013,JUCHITAN_HISTORICAL_SOURCE,STRUCTURED_BACKFILL_V0_1
PICKETT-ZE-0911,nade,nade,nade,nade,"[""nade""]",ENTRY,,,[b.a],"ahuecado, agujerado, tener hoyo","nade [b.a] ahuecado, agujerado, tener hoyo",,20,34,2,ZAPOTECO_ESPAÑOL,BIB003_PICKETT_VOCABULARIO,2007_FIFTH_ELECTRONIC,2013_FIFTH_ELECTRONIC_SECOND_VERSION,DOCUMENTED_UNICODE_RECONCILIATION_NOT_BYTE_EXTRACTED_2013,JUCHITAN_HISTORICAL_SOURCE,STRUCTURED_BACKFILL_V0_1
PICKETT-ZE-0912,nadé,nadé,nadé,nadé,"[""nadé""]",ENTRY,,,,"polvoroso, pulverizado","nadé polvoroso, pulverizado",,20,34,2,ZAPOTECO_ESPAÑOL,BIB003_PICKETT_VOCABULARIO,2007_FIFTH_ELECTRONIC,2013_FIFTH_ELECTRONIC_SECOND_VERSION,DOCUMENTED_UNICODE_RECONCILIATION_NOT_BYTE_EXTRACTED_2013,JUCHITAN_HISTORICAL_SOURCE,STRUCTURED_BACKFILL_V0_1
PICKETT-ZE-0913,nadipa’,nadipa’,nadipaꞌ,nadipaꞌ,"[""nadipaꞌ""]",ENTRY,,,[b.b.al],fuerte (se aplica solamente a las personas),nadipa’ [b.b.al] fuerte (se aplica,solamente a las personas),20,34,2,ZAPOTECO_ESPAÑOL,BIB003_PICKETT_VOCABULARIO,2007_FIFTH_ELECTRONIC,2013_FIFTH_ELECTRONIC_SECOND_VERSION,DOCUMENTED_UNICODE_RECONCILIATION_NOT_BYTE_EXTRACTED_2013,JUCHITAN_HISTORICAL_SOURCE,STRUCTURED_BACKFILL_V0_1
PICKETT-ZE-0914,nadó’,nadó’,nadóꞌ,nadóꞌ,"[""nadóꞌ""]",ENTRY,,,,"quieto, manso","nadó’ quieto, manso",,20,34,2,ZAPOTECO_ESPAÑOL,BIB003_PICKETT_VOCABULARIO,2007_FIFTH_ELECTRONIC,2013_FIFTH_ELECTRONIC_SECOND_VERSION,DOCUMENTED_UNICODE_RECONCILIATION_NOT_BYTE_EXTRACTED_2013,JUCHITAN_HISTORICAL_SOURCE,STRUCTURED_BACKFILL_V0_1
PICKETT-ZE-0915,nadopa,nadopa,nadopa,nadopa,"[""nadopa""]",ENTRY,,,[b.b.a],"de baja estatura, chaparro, encogido","nadopa [b.b.a] de baja estatura, chaparro,",encogido,20,34,2,ZAPOTECO_ESPAÑOL,BIB003_PICKETT_VOCABULARIO,2007_FIFTH_ELECTRONIC,2013_FIFTH_ELECTRONIC_SECOND_VERSION,DOCUMENTED_UNICODE_RECONCILIATION_NOT_BYTE_EXTRACTED_2013,JUCHITAN_HISTORICAL_SOURCE,STRUCTURED_BACKFILL_V0_1
PICKETT-ZE-0916,naduxhu’,naduxhu’,naduxhuꞌ,naduxhuꞌ,"[""naduxhuꞌ""]",ENTRY,,,[b.b.al],"bravo; afilado, filoso","naduxhu’ [b.b.al] bravo; afilado, filoso",,20,34,2,ZAPOTECO_ESPAÑOL,BIB003_PICKETT_VOCABULARIO,2007_FIFTH_ELECTRONIC,2013_FIFTH_ELECTRONIC_SECOND_VERSION,DOCUMENTED_UNICODE_RECONCILIATION_NOT_BYTE_EXTRACTED_2013,JUCHITAN_HISTORICAL_SOURCE,STRUCTURED_BACKFILL_V0_1
PICKETT-ZE-0917,nadxaa,nadxaa,nadxaa,nadxaa,"[""nadxaa""]",ENTRY,,,[b.a],tibio,nadxaa [b.a] tibio,,20,34,2,ZAPOTECO_ESPAÑOL,BIB003_PICKETT_VOCABULARIO,2007_FIFTH_ELECTRONIC,2013_FIFTH_ELECTRONIC_SECOND_VERSION,DOCUMENTED_UNICODE_RECONCILIATION_NOT_BYTE_EXTRACTED_2013,JUCHITAN_HISTORICAL_SOURCE,STRUCTURED_BACKFILL_V0_1
PICKETT-ZE-0918,nadxaba’,nadxaba’,nadxabaꞌ,nadxabaꞌ,"[""nadxabaꞌ""]",ENTRY,,,[b.b.al],malo,nadxaba’ [b.b.al] malo,,20,34,2,ZAPOTECO_ESPAÑOL,BIB003_PICKETT_VOCABULARIO,2007_FIFTH_ELECTRONIC,2013_FIFTH_ELECTRONIC_SECOND_VERSION,DOCUMENTED_UNICODE_RECONCILIATION_NOT_BYTE_EXTRACTED_2013,JUCHITAN_HISTORICAL_SOURCE,STRUCTURED_BACKFILL_V0_1
PICKETT-ZE-0919,nadxé’,nadxé’,nadxéꞌ,nadxéꞌ,"[""nadxéꞌ""]",ENTRY,,,,mojado,nadxé’ mojado,,20,34,2,ZAPOTECO_ESPAÑOL,BIB003_PICKETT_VOCABULARIO,2007_FIFTH_ELECTRONIC,2013_FIFTH_ELECTRONIC_SECOND_VERSION,DOCUMENTED_UNICODE_RECONCILIATION_NOT_BYTE_EXTRACTED_2013,JUCHITAN_HISTORICAL_SOURCE,STRUCTURED_BACKFILL_V0_1
PICKETT-ZE-0920,nadxii,nadxii,nadxii,nadxii,"[""nadxii""]",ENTRY,,,[b.a],"querer, amar","nadxii [b.a] querer, amar",,20,34,2,ZAPOTECO_ESPAÑOL,BIB003_PICKETT_VOCABULARIO,2007_FIFTH_ELECTRONIC,2013_FIFTH_ELECTRONIC_SECOND_VERSION,DOCUMENTED_UNICODE_RECONCILIATION_NOT_BYTE_EXTRACTED_2013,JUCHITAN_HISTORICAL_SOURCE,STRUCTURED_BACKFILL_V0_1
PICKETT-ZE-0921,nadxiba lú,nadxiba lú,nadxiba lú,nadxiba lú,"[""nadxiba lú""]",ENTRY,,,,atrevido,nadxiba lú atrevido,,20,34,2,ZAPOTECO_ESPAÑOL,BIB003_PICKETT_VOCABULARIO,2007_FIFTH_ELECTRONIC,2013_FIFTH_ELECTRONIC_SECOND_VERSION,DOCUMENTED_UNICODE_RECONCILIATION_NOT_BYTE_EXTRACTED_2013,JUCHITAN_HISTORICAL_SOURCE,STRUCTURED_BACKFILL_V0_1
PICKETT-ZE-0922,nadxiibi,nadxiibi,nadxiibi,nadxiibi,"[""nadxiibi""]",ENTRY,,,[b.a.a],miedoso,nadxiibi [b.a.a] miedoso,,20,34,2,ZAPOTECO_ESPAÑOL,BIB003_PICKETT_VOCABULARIO,2007_FIFTH_ELECTRONIC,2013_FIFTH_ELECTRONIC_SECOND_VERSION,DOCUMENTED_UNICODE_RECONCILIATION_NOT_BYTE_EXTRACTED_2013,JUCHITAN_HISTORICAL_SOURCE,STRUCTURED_BACKFILL_V0_1
PICKETT-ZE-0923,nadxiibi’,nadxiibi’,nadxiibiꞌ,nadxiibiꞌ,"[""nadxiibiꞌ""]",ENTRY,,,,"liso, gastado","nadxiibi’ liso, gastado",,20,34,2,ZAPOTECO_ESPAÑOL,BIB003_PICKETT_VOCABULARIO,2007_FIFTH_ELECTRONIC,2013_FIFTH_ELECTRONIC_SECOND_VERSION,DOCUMENTED_UNICODE_RECONCILIATION_NOT_BYTE_EXTRACTED_2013,JUCHITAN_HISTORICAL_SOURCE,STRUCTURED_BACKFILL_V0_1
PICKETT-ZE-0924,nadxi’ña’,nadxi’ña’,nadxiꞌñaꞌ,nadxiꞌñaꞌ,"[""nadxiꞌñaꞌ""]",ENTRY,,,[b.al.b],"travieso, inquieto (se aplica a los niños)","nadxi’ña’ [b.al.b] travieso, inquieto (se",aplica a los niños),20,34,2,ZAPOTECO_ESPAÑOL,BIB003_PICKETT_VOCABULARIO,2007_FIFTH_ELECTRONIC,2013_FIFTH_ELECTRONIC_SECOND_VERSION,DOCUMENTED_UNICODE_RECONCILIATION_NOT_BYTE_EXTRACTED_2013,JUCHITAN_HISTORICAL_SOURCE,STRUCTURED_BACKFILL_V0_1
PICKETT-ZE-0925,nadxunu’,nadxunu’,nadxunuꞌ,nadxunuꞌ,"[""nadxunuꞌ""]",ENTRY,,,[b.b.al],escaso,nadxunu’ [b.b.al] escaso,,20,34,2,ZAPOTECO_ESPAÑOL,BIB003_PICKETT_VOCABULARIO,2007_FIFTH_ELECTRONIC,2013_FIFTH_ELECTRONIC_SECOND_VERSION,DOCUMENTED_UNICODE_RECONCILIATION_NOT_BYTE_EXTRACTED_2013,JUCHITAN_HISTORICAL_SOURCE,STRUCTURED_BACKFILL_V0_1
PICKETT-ZE-0926,nagá,nagá,nagá,nagá,"[""nagá""]",ENTRY,,,,"más tarde, al rato","nagá más tarde, al rato",,20,34,2,ZAPOTECO_ESPAÑOL,BIB003_PICKETT_VOCABULARIO,2007_FIFTH_ELECTRONIC,2013_FIFTH_ELECTRONIC_SECOND_VERSION,DOCUMENTED_UNICODE_RECONCILIATION_NOT_BYTE_EXTRACTED_2013,JUCHITAN_HISTORICAL_SOURCE,STRUCTURED_BACKFILL_V0_1
PICKETT-ZE-0927,naga’,naga’,nagaꞌ,nagaꞌ,"[""nagaꞌ""]",ENTRY,,,[b.al],"atorado, atascado","naga’ [b.al] atorado, atascado",,20,34,2,ZAPOTECO_ESPAÑOL,BIB003_PICKETT_VOCABULARIO,2007_FIFTH_ELECTRONIC,2013_FIFTH_ELECTRONIC_SECOND_VERSION,DOCUMENTED_UNICODE_RECONCILIATION_NOT_BYTE_EXTRACTED_2013,JUCHITAN_HISTORICAL_SOURCE,STRUCTURED_BACKFILL_V0_1
PICKETT-ZE-0928,nagá’,nagá’,nagáꞌ,nagáꞌ,"[""nagáꞌ""]",ENTRY,,,[b.al],"verde, frondoso","nagá’ [b.al] verde, frondoso",,20,34,2,ZAPOTECO_ESPAÑOL,BIB003_PICKETT_VOCABULARIO,2007_FIFTH_ELECTRONIC,2013_FIFTH_ELECTRONIC_SECOND_VERSION,DOCUMENTED_UNICODE_RECONCILIATION_NOT_BYTE_EXTRACTED_2013,JUCHITAN_HISTORICAL_SOURCE,STRUCTURED_BACKFILL_V0_1
PICKETT-ZE-0929,nagaa,nagaa,nagaa,nagaa,"[""nagaa""]",ENTRY,,,,"estirado, alargado","nagaa estirado, alargado",,20,34,2,ZAPOTECO_ESPAÑOL,BIB003_PICKETT_VOCABULARIO,2007_FIFTH_ELECTRONIC,2013_FIFTH_ELECTRONIC_SECOND_VERSION,DOCUMENTED_UNICODE_RECONCILIATION_NOT_BYTE_EXTRACTED_2013,JUCHITAN_HISTORICAL_SOURCE,STRUCTURED_BACKFILL_V0_1
PICKETT-ZE-0930,nagaba’,nagaba’,nagabaꞌ,nagabaꞌ,"[""nagabaꞌ""]",ENTRY,,,[b.b.al],"contado, unos cuantos","nagaba’ [b.b.al] contado, unos cuantos",,20,34,2,ZAPOTECO_ESPAÑOL,BIB003_PICKETT_VOCABULARIO,2007_FIFTH_ELECTRONIC,2013_FIFTH_ELECTRONIC_SECOND_VERSION,DOCUMENTED_UNICODE_RECONCILIATION_NOT_BYTE_EXTRACTED_2013,JUCHITAN_HISTORICAL_SOURCE,STRUCTURED_BACKFILL_V0_1
PICKETT-ZE-0931,naga’chi’,naga’chi’,nagaꞌchiꞌ,nagaꞌchiꞌ,"[""nagaꞌchiꞌ""]",ENTRY,,,[b.al.b],"escondido, en secreto","naga’chi’ [b.al.b] escondido, en secreto",,20,34,2,ZAPOTECO_ESPAÑOL,BIB003_PICKETT_VOCABULARIO,2007_FIFTH_ELECTRONIC,2013_FIFTH_ELECTRONIC_SECOND_VERSION,DOCUMENTED_UNICODE_RECONCILIATION_NOT_BYTE_EXTRACTED_2013,JUCHITAN_HISTORICAL_SOURCE,STRUCTURED_BACKFILL_V0_1
PICKETT-ZE-0932,nagana,nagana,nagana,nagana,"[""nagana""]",ENTRY,,,,difícil,nagana difícil,,20,34,2,ZAPOTECO_ESPAÑOL,BIB003_PICKETT_VOCABULARIO,2007_FIFTH_ELECTRONIC,2013_FIFTH_ELECTRONIC_SECOND_VERSION,DOCUMENTED_UNICODE_RECONCILIATION_NOT_BYTE_EXTRACTED_2013,JUCHITAN_HISTORICAL_SOURCE,STRUCTURED_BACKFILL_V0_1
PICKETT-ZE-0933,naga’nda’,naga’nda’,nagaꞌndaꞌ,nagaꞌndaꞌ,"[""nagaꞌndaꞌ""]",ENTRY,,,[b.al.b],hacer fresco; refresco para tomar,naga’nda’ [b.al.b] hacer fresco; refresco,para tomar,21,35,1,ZAPOTECO_ESPAÑOL,BIB003_PICKETT_VOCABULARIO,2007_FIFTH_ELECTRONIC,2013_FIFTH_ELECTRONIC_SECOND_VERSION,DOCUMENTED_UNICODE_RECONCILIATION_NOT_BYTE_EXTRACTED_2013,JUCHITAN_HISTORICAL_SOURCE,STRUCTURED_BACKFILL_V0_1
PICKETT-ZE-0934,nagande,nagande,nagande,nagande,"[""nagande""]",ENTRY,,,[a],ciempiés,nagande [a] ciempiés,,21,35,1,ZAPOTECO_ESPAÑOL,BIB003_PICKETT_VOCABULARIO,2007_FIFTH_ELECTRONIC,2013_FIFTH_ELECTRONIC_SECOND_VERSION,DOCUMENTED_UNICODE_RECONCILIATION_NOT_BYTE_EXTRACTED_2013,JUCHITAN_HISTORICAL_SOURCE,STRUCTURED_BACKFILL_V0_1
PICKETT-ZE-0935,nagandxu,nagandxu,nagandxu,nagandxu,"[""nagandxu""]",ENTRY,,,[b.a.a],curvo,nagandxu [b.a.a] curvo,,21,35,1,ZAPOTECO_ESPAÑOL,BIB003_PICKETT_VOCABULARIO,2007_FIFTH_ELECTRONIC,2013_FIFTH_ELECTRONIC_SECOND_VERSION,DOCUMENTED_UNICODE_RECONCILIATION_NOT_BYTE_EXTRACTED_2013,JUCHITAN_HISTORICAL_SOURCE,STRUCTURED_BACKFILL_V0_1
PICKETT-ZE-0936,nagasi,nagasi,nagasi,nagasi,"[""nagasi""]",ENTRY,,,[b.b.a],ahorita,nagasi [b.b.a] ahorita,,21,35,1,ZAPOTECO_ESPAÑOL,BIB003_PICKETT_VOCABULARIO,2007_FIFTH_ELECTRONIC,2013_FIFTH_ELECTRONIC_SECOND_VERSION,DOCUMENTED_UNICODE_RECONCILIATION_NOT_BYTE_EXTRACTED_2013,JUCHITAN_HISTORICAL_SOURCE,STRUCTURED_BACKFILL_V0_1
PICKETT-ZE-0937,nagasi du’,nagasi du’,nagasi duꞌ,nagasi duꞌ,"[""nagasi duꞌ""]",SUBENTRY,nagasi,,,"ahora mismo, inmediatamente, ahorita","nagasi du’ [b-al] ahora mismo,","inmediatamente, ahorita",21,35,1,ZAPOTECO_ESPAÑOL,BIB003_PICKETT_VOCABULARIO,2007_FIFTH_ELECTRONIC,2013_FIFTH_ELECTRONIC_SECOND_VERSION,DOCUMENTED_UNICODE_RECONCILIATION_NOT_BYTE_EXTRACTED_2013,JUCHITAN_HISTORICAL_SOURCE,STRUCTURED_BACKFILL_V0_1
PICKETT-ZE-0938,nagola,nagola,nagola,nagola,"[""nagola""]",ENTRY,,,,"hembra, su novia","nagola hembra, su novia",,21,35,1,ZAPOTECO_ESPAÑOL,BIB003_PICKETT_VOCABULARIO,2007_FIFTH_ELECTRONIC,2013_FIFTH_ELECTRONIC_SECOND_VERSION,DOCUMENTED_UNICODE_RECONCILIATION_NOT_BYTE_EXTRACTED_2013,JUCHITAN_HISTORICAL_SOURCE,STRUCTURED_BACKFILL_V0_1
PICKETT-ZE-0939,nagola,nagola,nagola,nagola,"[""nagola""]",ENTRY,,,[b.a.b],"anciano, viejo (se aplica a persona)","nagola [b.a.b] anciano, viejo (se aplica a",persona),21,35,1,ZAPOTECO_ESPAÑOL,BIB003_PICKETT_VOCABULARIO,2007_FIFTH_ELECTRONIC,2013_FIFTH_ELECTRONIC_SECOND_VERSION,DOCUMENTED_UNICODE_RECONCILIATION_NOT_BYTE_EXTRACTED_2013,JUCHITAN_HISTORICAL_SOURCE,STRUCTURED_BACKFILL_V0_1
PICKETT-ZE-0940,nagú,nagú,nagú,nagú,"[""nagú""]",ENTRY,,,,"suave, blando","nagú suave, blando",,21,35,1,ZAPOTECO_ESPAÑOL,BIB003_PICKETT_VOCABULARIO,2007_FIFTH_ELECTRONIC,2013_FIFTH_ELECTRONIC_SECOND_VERSION,DOCUMENTED_UNICODE_RECONCILIATION_NOT_BYTE_EXTRACTED_2013,JUCHITAN_HISTORICAL_SOURCE,STRUCTURED_BACKFILL_V0_1
PICKETT-ZE-0941,naguu,naguu,naguu,naguu,"[""naguu""]",ENTRY,,,[b.a],tener metido,naguu [b.a] tener metido,,21,35,1,ZAPOTECO_ESPAÑOL,BIB003_PICKETT_VOCABULARIO,2007_FIFTH_ELECTRONIC,2013_FIFTH_ELECTRONIC_SECOND_VERSION,DOCUMENTED_UNICODE_RECONCILIATION_NOT_BYTE_EXTRACTED_2013,JUCHITAN_HISTORICAL_SOURCE,STRUCTURED_BACKFILL_V0_1
PICKETT-ZE-0942,naguu ique,naguu ique,naguu ique,naguu ique,"[""naguu ique""]",SUBENTRY,naguu,,,tener puesto (sombrero),naguu ique [b-al.b] tener puesto,(sombrero),21,35,1,ZAPOTECO_ESPAÑOL,BIB003_PICKETT_VOCABULARIO,2007_FIFTH_ELECTRONIC,2013_FIFTH_ELECTRONIC_SECOND_VERSION,DOCUMENTED_UNICODE_RECONCILIATION_NOT_BYTE_EXTRACTED_2013,JUCHITAN_HISTORICAL_SOURCE,STRUCTURED_BACKFILL_V0_1
PICKETT-ZE-0943,naguchi,naguchi,naguchi,naguchi,"[""naguchi""]",ENTRY,,,,amarillo,naguchi amarillo,,21,35,1,ZAPOTECO_ESPAÑOL,BIB003_PICKETT_VOCABULARIO,2007_FIFTH_ELECTRONIC,2013_FIFTH_ELECTRONIC_SECOND_VERSION,DOCUMENTED_UNICODE_RECONCILIATION_NOT_BYTE_EXTRACTED_2013,JUCHITAN_HISTORICAL_SOURCE,STRUCTURED_BACKFILL_V0_1
PICKETT-ZE-0944,nagudxa,nagudxa,nagudxa,nagudxa,"[""nagudxa""]",ENTRY,,,,húmedo (tierra),nagudxa húmedo (tierra),,21,35,1,ZAPOTECO_ESPAÑOL,BIB003_PICKETT_VOCABULARIO,2007_FIFTH_ELECTRONIC,2013_FIFTH_ELECTRONIC_SECOND_VERSION,DOCUMENTED_UNICODE_RECONCILIATION_NOT_BYTE_EXTRACTED_2013,JUCHITAN_HISTORICAL_SOURCE,STRUCTURED_BACKFILL_V0_1
PICKETT-ZE-0945,naguudxi,naguudxi,naguudxi,naguudxi,"[""naguudxi""]",ENTRY,,,[b.b.a],"tierno, blando","naguudxi [b.b.a] tierno, blando",,21,35,1,ZAPOTECO_ESPAÑOL,BIB003_PICKETT_VOCABULARIO,2007_FIFTH_ELECTRONIC,2013_FIFTH_ELECTRONIC_SECOND_VERSION,DOCUMENTED_UNICODE_RECONCILIATION_NOT_BYTE_EXTRACTED_2013,JUCHITAN_HISTORICAL_SOURCE,STRUCTURED_BACKFILL_V0_1
PICKETT-ZE-0946,naguudxi duutu’,naguudxi duutu’,naguudxi duutuꞌ,naguudxi duutuꞌ,"[""naguudxi duutuꞌ""]",SUBENTRY,naguudxi,,,"muy tierno, muy blando","naguudxi duutu’ [b-al.b] muy tierno,",muy blando,21,35,1,ZAPOTECO_ESPAÑOL,BIB003_PICKETT_VOCABULARIO,2007_FIFTH_ELECTRONIC,2013_FIFTH_ELECTRONIC_SECOND_VERSION,DOCUMENTED_UNICODE_RECONCILIATION_NOT_BYTE_EXTRACTED_2013,JUCHITAN_HISTORICAL_SOURCE,STRUCTURED_BACKFILL_V0_1
PICKETT-ZE-0947,nagueenda,nagueenda,nagueenda,nagueenda,"[""nagueenda""]",ENTRY,,,[b.a.a],"rápido, pronto, presto, listo, aprisa","nagueenda [b.a.a] rápido, pronto, presto,","listo, aprisa",21,35,1,ZAPOTECO_ESPAÑOL,BIB003_PICKETT_VOCABULARIO,2007_FIFTH_ELECTRONIC,2013_FIFTH_ELECTRONIC_SECOND_VERSION,DOCUMENTED_UNICODE_RECONCILIATION_NOT_BYTE_EXTRACTED_2013,JUCHITAN_HISTORICAL_SOURCE,STRUCTURED_BACKFILL_V0_1
PICKETT-ZE-0948,nagüí,nagüí,nagüí,nagüí,"[""nagüí""]",ENTRY,,,[b.al],maduro,nagüí [b.al] maduro,,21,35,1,ZAPOTECO_ESPAÑOL,BIB003_PICKETT_VOCABULARIO,2007_FIFTH_ELECTRONIC,2013_FIFTH_ELECTRONIC_SECOND_VERSION,DOCUMENTED_UNICODE_RECONCILIATION_NOT_BYTE_EXTRACTED_2013,JUCHITAN_HISTORICAL_SOURCE,STRUCTURED_BACKFILL_V0_1
PICKETT-ZE-0949,naguibi’,naguibi’,naguibiꞌ,naguibiꞌ,"[""naguibiꞌ""]",ENTRY,,,[b.b.al],"miserable, mezquino, codo","naguibi’ [b.b.al] miserable, mezquino,",codo,21,35,1,ZAPOTECO_ESPAÑOL,BIB003_PICKETT_VOCABULARIO,2007_FIFTH_ELECTRONIC,2013_FIFTH_ELECTRONIC_SECOND_VERSION,DOCUMENTED_UNICODE_RECONCILIATION_NOT_BYTE_EXTRACTED_2013,JUCHITAN_HISTORICAL_SOURCE,STRUCTURED_BACKFILL_V0_1
PICKETT-ZE-0950,naguidxa,naguidxa,naguidxa,naguidxa,"[""naguidxa""]",ENTRY,,,[b.a.b],imbécil,naguidxa [b.a.b] imbécil,,21,35,1,ZAPOTECO_ESPAÑOL,BIB003_PICKETT_VOCABULARIO,2007_FIFTH_ELECTRONIC,2013_FIFTH_ELECTRONIC_SECOND_VERSION,DOCUMENTED_UNICODE_RECONCILIATION_NOT_BYTE_EXTRACTED_2013,JUCHITAN_HISTORICAL_SOURCE,STRUCTURED_BACKFILL_V0_1
PICKETT-ZE-0951,naguidxa xcuerpu,naguidxa xcuerpu,naguidxa xcuerpu,naguidxa xcuerpu,"[""naguidxa xcuerpu""]",SUBENTRY,naguidxa,,,"impedido, enfermizo, débil","naguidxa xcuerpu [b.a.b-a.b] impedido,","enfermizo, débil",21,35,1,ZAPOTECO_ESPAÑOL,BIB003_PICKETT_VOCABULARIO,2007_FIFTH_ELECTRONIC,2013_FIFTH_ELECTRONIC_SECOND_VERSION,DOCUMENTED_UNICODE_RECONCILIATION_NOT_BYTE_EXTRACTED_2013,JUCHITAN_HISTORICAL_SOURCE,STRUCTURED_BACKFILL_V0_1
PICKETT-ZE-0952,naguidxi,naguidxi,naguidxi,naguidxi,"[""naguidxi""]",ENTRY,,,[b.b.a],"fuerte, duro, firme","naguidxi [b.b.a] fuerte, duro, firme",,21,35,1,ZAPOTECO_ESPAÑOL,BIB003_PICKETT_VOCABULARIO,2007_FIFTH_ELECTRONIC,2013_FIFTH_ELECTRONIC_SECOND_VERSION,DOCUMENTED_UNICODE_RECONCILIATION_NOT_BYTE_EXTRACTED_2013,JUCHITAN_HISTORICAL_SOURCE,STRUCTURED_BACKFILL_V0_1
PICKETT-ZE-0953,naguidxi dxita,naguidxi dxita,naguidxi dxita,naguidxi dxita,"[""naguidxi dxita""]",SUBENTRY,naguidxi,,,"muy fuerte, muy duro","naguidxi dxita [b-al.b] muy fuerte, muy",duro,21,35,1,ZAPOTECO_ESPAÑOL,BIB003_PICKETT_VOCABULARIO,2007_FIFTH_ELECTRONIC,2013_FIFTH_ELECTRONIC_SECOND_VERSION,DOCUMENTED_UNICODE_RECONCILIATION_NOT_BYTE_EXTRACTED_2013,JUCHITAN_HISTORICAL_SOURCE,STRUCTURED_BACKFILL_V0_1
PICKETT-ZE-0954,naguundu’,naguundu’,naguunduꞌ,naguunduꞌ,"[""naguunduꞌ""]",ENTRY,,,,marchito,naguundu’ marchito,,21,35,1,ZAPOTECO_ESPAÑOL,BIB003_PICKETT_VOCABULARIO,2007_FIFTH_ELECTRONIC,2013_FIFTH_ELECTRONIC_SECOND_VERSION,DOCUMENTED_UNICODE_RECONCILIATION_NOT_BYTE_EXTRACTED_2013,JUCHITAN_HISTORICAL_SOURCE,STRUCTURED_BACKFILL_V0_1
PICKETT-ZE-0955,nagupa,nagupa,nagupa,nagupa,"[""nagupa""]",ENTRY,,,,húmedo por el relente,nagupa húmedo por el relente,,21,35,1,ZAPOTECO_ESPAÑOL,BIB003_PICKETT_VOCABULARIO,2007_FIFTH_ELECTRONIC,2013_FIFTH_ELECTRONIC_SECOND_VERSION,DOCUMENTED_UNICODE_RECONCILIATION_NOT_BYTE_EXTRACTED_2013,JUCHITAN_HISTORICAL_SOURCE,STRUCTURED_BACKFILL_V0_1
PICKETT-ZE-0956,nagu’xhu’,nagu’xhu’,naguꞌxhuꞌ,naguꞌxhuꞌ,"[""naguꞌxhuꞌ""]",ENTRY,,,,"ahumado, opaco","nagu’xhu’ ahumado, opaco",,21,35,1,ZAPOTECO_ESPAÑOL,BIB003_PICKETT_VOCABULARIO,2007_FIFTH_ELECTRONIC,2013_FIFTH_ELECTRONIC_SECOND_VERSION,DOCUMENTED_UNICODE_RECONCILIATION_NOT_BYTE_EXTRACTED_2013,JUCHITAN_HISTORICAL_SOURCE,STRUCTURED_BACKFILL_V0_1
PICKETT-ZE-0957,nahuaahua’,nahuaahua’,nahuaahuaꞌ,nahuaahuaꞌ,"[""nahuaahuaꞌ""]",ENTRY,,,,"flojo, holgado (se aplica a ropa)","nahuaahua’ flojo, holgado (se aplica a",ropa),21,35,1,ZAPOTECO_ESPAÑOL,BIB003_PICKETT_VOCABULARIO,2007_FIFTH_ELECTRONIC,2013_FIFTH_ELECTRONIC_SECOND_VERSION,DOCUMENTED_UNICODE_RECONCILIATION_NOT_BYTE_EXTRACTED_2013,JUCHITAN_HISTORICAL_SOURCE,STRUCTURED_BACKFILL_V0_1
PICKETT-ZE-0958,nahuati,nahuati,nahuati,nahuati,"[""nahuati""]",ENTRY,,,[b.b.a],tonto,nahuati [b.b.a] tonto,,21,35,1,ZAPOTECO_ESPAÑOL,BIB003_PICKETT_VOCABULARIO,2007_FIFTH_ELECTRONIC,2013_FIFTH_ELECTRONIC_SECOND_VERSION,DOCUMENTED_UNICODE_RECONCILIATION_NOT_BYTE_EXTRACTED_2013,JUCHITAN_HISTORICAL_SOURCE,STRUCTURED_BACKFILL_V0_1
PICKETT-ZE-0959,nahuela,nahuela,nahuela,nahuela,"[""nahuela""]",ENTRY,,,[b.a.b],envejecida,nahuela [b.a.b] envejecida,,21,35,1,ZAPOTECO_ESPAÑOL,BIB003_PICKETT_VOCABULARIO,2007_FIFTH_ELECTRONIC,2013_FIFTH_ELECTRONIC_SECOND_VERSION,DOCUMENTED_UNICODE_RECONCILIATION_NOT_BYTE_EXTRACTED_2013,JUCHITAN_HISTORICAL_SOURCE,STRUCTURED_BACKFILL_V0_1
PICKETT-ZE-0960,nahuelu,nahuelu,nahuelu,nahuelu,"[""nahuelu""]",ENTRY,,,[b.a.b],envejecido,nahuelu [b.a.b] envejecido,,21,35,1,ZAPOTECO_ESPAÑOL,BIB003_PICKETT_VOCABULARIO,2007_FIFTH_ELECTRONIC,2013_FIFTH_ELECTRONIC_SECOND_VERSION,DOCUMENTED_UNICODE_RECONCILIATION_NOT_BYTE_EXTRACTED_2013,JUCHITAN_HISTORICAL_SOURCE,STRUCTURED_BACKFILL_V0_1
PICKETT-ZE-0961,nahui,nahui,nahui,nahui,"[""nahui""]",ENTRY,,,[b.a],tener puesto (enagua),nahui [b.a] tener puesto (enagua),,21,35,1,ZAPOTECO_ESPAÑOL,BIB003_PICKETT_VOCABULARIO,2007_FIFTH_ELECTRONIC,2013_FIFTH_ELECTRONIC_SECOND_VERSION,DOCUMENTED_UNICODE_RECONCILIATION_NOT_BYTE_EXTRACTED_2013,JUCHITAN_HISTORICAL_SOURCE,STRUCTURED_BACKFILL_V0_1
PICKETT-ZE-0962,nahuiini’,nahuiini’,nahuiiniꞌ,nahuiiniꞌ,"[""nahuiiniꞌ""]",ENTRY,,,,"chico, pequeño, joven","nahuiini’ chico, pequeño, joven",,21,35,1,ZAPOTECO_ESPAÑOL,BIB003_PICKETT_VOCABULARIO,2007_FIFTH_ELECTRONIC,2013_FIFTH_ELECTRONIC_SECOND_VERSION,DOCUMENTED_UNICODE_RECONCILIATION_NOT_BYTE_EXTRACTED_2013,JUCHITAN_HISTORICAL_SOURCE,STRUCTURED_BACKFILL_V0_1
PICKETT-ZE-0963,naí’,naí’,naíꞌ,naíꞌ,"[""naíꞌ""]",ENTRY,,,[b.a],agrio,naí’ [b.a] agrio,,21,35,1,ZAPOTECO_ESPAÑOL,BIB003_PICKETT_VOCABULARIO,2007_FIFTH_ELECTRONIC,2013_FIFTH_ELECTRONIC_SECOND_VERSION,DOCUMENTED_UNICODE_RECONCILIATION_NOT_BYTE_EXTRACTED_2013,JUCHITAN_HISTORICAL_SOURCE,STRUCTURED_BACKFILL_V0_1
PICKETT-ZE-0964,nalá,nalá,nalá,nalá,"[""nalá""]",ENTRY,,,[b.a],goloso,nalá [b.a] goloso,,21,35,1,ZAPOTECO_ESPAÑOL,BIB003_PICKETT_VOCABULARIO,2007_FIFTH_ELECTRONIC,2013_FIFTH_ELECTRONIC_SECOND_VERSION,DOCUMENTED_UNICODE_RECONCILIATION_NOT_BYTE_EXTRACTED_2013,JUCHITAN_HISTORICAL_SOURCE,STRUCTURED_BACKFILL_V0_1
PICKETT-ZE-0965,nalaga,nalaga,nalaga,nalaga,"[""nalaga""]",ENTRY,,,[b.a.b],ancho,nalaga [b.a.b] ancho,,21,35,1,ZAPOTECO_ESPAÑOL,BIB003_PICKETT_VOCABULARIO,2007_FIFTH_ELECTRONIC,2013_FIFTH_ELECTRONIC_SECOND_VERSION,DOCUMENTED_UNICODE_RECONCILIATION_NOT_BYTE_EXTRACTED_2013,JUCHITAN_HISTORICAL_SOURCE,STRUCTURED_BACKFILL_V0_1
PICKETT-ZE-0966,nala’sa’,nala’sa’,nalaꞌsaꞌ,nalaꞌsaꞌ,"[""nalaꞌsaꞌ""]",ENTRY,,,,"flexible, dúctil, elástico","nala’sa’ flexible, dúctil, elástico",,21,35,1,ZAPOTECO_ESPAÑOL,BIB003_PICKETT_VOCABULARIO,2007_FIFTH_ELECTRONIC,2013_FIFTH_ELECTRONIC_SECOND_VERSION,DOCUMENTED_UNICODE_RECONCILIATION_NOT_BYTE_EXTRACTED_2013,JUCHITAN_HISTORICAL_SOURCE,STRUCTURED_BACKFILL_V0_1
PICKETT-ZE-0967,nalase’,nalase’,nalaseꞌ,nalaseꞌ,"[""nalaseꞌ""]",ENTRY,,,[b.b.al],"delgado, flaco","nalase’ [b.b.al] delgado, flaco",,21,35,2,ZAPOTECO_ESPAÑOL,BIB003_PICKETT_VOCABULARIO,2007_FIFTH_ELECTRONIC,2013_FIFTH_ELECTRONIC_SECOND_VERSION,DOCUMENTED_UNICODE_RECONCILIATION_NOT_BYTE_EXTRACTED_2013,JUCHITAN_HISTORICAL_SOURCE,STRUCTURED_BACKFILL_V0_1
PICKETT-ZE-0968,nalate,nalate,nalate,nalate,"[""nalate""]",ENTRY,,,[b.b.a],desocupado,nalate [b.b.a] desocupado,,21,35,2,ZAPOTECO_ESPAÑOL,BIB003_PICKETT_VOCABULARIO,2007_FIFTH_ELECTRONIC,2013_FIFTH_ELECTRONIC_SECOND_VERSION,DOCUMENTED_UNICODE_RECONCILIATION_NOT_BYTE_EXTRACTED_2013,JUCHITAN_HISTORICAL_SOURCE,STRUCTURED_BACKFILL_V0_1
PICKETT-ZE-0969,nalé,nalé,nalé,nalé,"[""nalé""]",ENTRY,,,[b.a],"tener eco, ahuecado, resonante","nalé [b.a] tener eco, ahuecado, resonante",,21,35,2,ZAPOTECO_ESPAÑOL,BIB003_PICKETT_VOCABULARIO,2007_FIFTH_ELECTRONIC,2013_FIFTH_ELECTRONIC_SECOND_VERSION,DOCUMENTED_UNICODE_RECONCILIATION_NOT_BYTE_EXTRACTED_2013,JUCHITAN_HISTORICAL_SOURCE,STRUCTURED_BACKFILL_V0_1
PICKETT-ZE-0970,naliœi,naliḻi,naliḻi,naliḻi,"[""naliḻi""]",ENTRY,,,[b.b.a],"débil, enclenque","naliœi [b.b.a] débil, enclenque",,21,35,2,ZAPOTECO_ESPAÑOL,BIB003_PICKETT_VOCABULARIO,2007_FIFTH_ELECTRONIC,2013_FIFTH_ELECTRONIC_SECOND_VERSION,DOCUMENTED_UNICODE_RECONCILIATION_NOT_BYTE_EXTRACTED_2013,JUCHITAN_HISTORICAL_SOURCE,STRUCTURED_BACKFILL_V0_1
PICKETT-ZE-0971,nalisu,nalisu,nalisu,nalisu,"[""nalisu""]",ENTRY,,,[b.a.b],liso,nalisu [b.a.b] liso,,21,35,2,ZAPOTECO_ESPAÑOL,BIB003_PICKETT_VOCABULARIO,2007_FIFTH_ELECTRONIC,2013_FIFTH_ELECTRONIC_SECOND_VERSION,DOCUMENTED_UNICODE_RECONCILIATION_NOT_BYTE_EXTRACTED_2013,JUCHITAN_HISTORICAL_SOURCE,STRUCTURED_BACKFILL_V0_1
PICKETT-ZE-0972,nalote,nalote,nalote,nalote,"[""nalote""]",ENTRY,,,[b.b.a],hablar con pesadez en la lengua,nalote [b.b.a] hablar con pesadez en la,lengua,21,35,2,ZAPOTECO_ESPAÑOL,BIB003_PICKETT_VOCABULARIO,2007_FIFTH_ELECTRONIC,2013_FIFTH_ELECTRONIC_SECOND_VERSION,DOCUMENTED_UNICODE_RECONCILIATION_NOT_BYTE_EXTRACTED_2013,JUCHITAN_HISTORICAL_SOURCE,STRUCTURED_BACKFILL_V0_1
PICKETT-ZE-0973,namboolo’,namboolo’,nambooloꞌ,nambooloꞌ,"[""nambooloꞌ""]",ENTRY,,,,"grueso, grande","namboolo’ grueso, grande",,21,35,2,ZAPOTECO_ESPAÑOL,BIB003_PICKETT_VOCABULARIO,2007_FIFTH_ELECTRONIC,2013_FIFTH_ELECTRONIC_SECOND_VERSION,DOCUMENTED_UNICODE_RECONCILIATION_NOT_BYTE_EXTRACTED_2013,JUCHITAN_HISTORICAL_SOURCE,STRUCTURED_BACKFILL_V0_1
PICKETT-ZE-0974,namistu lú,namistu lú,namistu lú,namistu lú,"[""namistu lú""]",ENTRY,,,[b.b.al-b],de ojos azules o verdes,namistu lú [b.b.al-b] de ojos azules o,verdes,21,35,2,ZAPOTECO_ESPAÑOL,BIB003_PICKETT_VOCABULARIO,2007_FIFTH_ELECTRONIC,2013_FIFTH_ELECTRONIC_SECOND_VERSION,DOCUMENTED_UNICODE_RECONCILIATION_NOT_BYTE_EXTRACTED_2013,JUCHITAN_HISTORICAL_SOURCE,STRUCTURED_BACKFILL_V0_1
PICKETT-ZE-0975,namiizi,namiizi,namiizi,namiizi,"[""namiizi""]",ENTRY,,,[b.a.a],"muy chico, pequeñísimo, insignificante","namiizi [b.a.a] muy chico, pequeñísimo,",insignificante,21,35,2,ZAPOTECO_ESPAÑOL,BIB003_PICKETT_VOCABULARIO,2007_FIFTH_ELECTRONIC,2013_FIFTH_ELECTRONIC_SECOND_VERSION,DOCUMENTED_UNICODE_RECONCILIATION_NOT_BYTE_EXTRACTED_2013,JUCHITAN_HISTORICAL_SOURCE,STRUCTURED_BACKFILL_V0_1
PICKETT-ZE-0976,namona,namona,namona,namona,"[""namona""]",ENTRY,,,[b.a.b],"arreglada, presumida","namona [b.a.b] arreglada, presumida",,21,35,2,ZAPOTECO_ESPAÑOL,BIB003_PICKETT_VOCABULARIO,2007_FIFTH_ELECTRONIC,2013_FIFTH_ELECTRONIC_SECOND_VERSION,DOCUMENTED_UNICODE_RECONCILIATION_NOT_BYTE_EXTRACTED_2013,JUCHITAN_HISTORICAL_SOURCE,STRUCTURED_BACKFILL_V0_1
PICKETT-ZE-0977,namono,namono,namono,namono,"[""namono""]",ENTRY,,,[b.a.b],"arreglado, presumido","namono [b.a.b] arreglado, presumido",,21,35,2,ZAPOTECO_ESPAÑOL,BIB003_PICKETT_VOCABULARIO,2007_FIFTH_ELECTRONIC,2013_FIFTH_ELECTRONIC_SECOND_VERSION,DOCUMENTED_UNICODE_RECONCILIATION_NOT_BYTE_EXTRACTED_2013,JUCHITAN_HISTORICAL_SOURCE,STRUCTURED_BACKFILL_V0_1
PICKETT-ZE-0978,namucu,namucu,namucu,namucu,"[""namucu""]",ENTRY,,,[b.a.b],sucio,namucu [b.a.b] sucio,,21,35,2,ZAPOTECO_ESPAÑOL,BIB003_PICKETT_VOCABULARIO,2007_FIFTH_ELECTRONIC,2013_FIFTH_ELECTRONIC_SECOND_VERSION,DOCUMENTED_UNICODE_RECONCILIATION_NOT_BYTE_EXTRACTED_2013,JUCHITAN_HISTORICAL_SOURCE,STRUCTURED_BACKFILL_V0_1
PICKETT-ZE-0979,namuxe’,namuxe’,namuxeꞌ,namuxeꞌ,"[""namuxeꞌ""]",ENTRY,,,[b.b.al],"tímido, cobarde, miedoso","namuxe’ [b.b.al] tímido, cobarde, miedoso",,21,35,2,ZAPOTECO_ESPAÑOL,BIB003_PICKETT_VOCABULARIO,2007_FIFTH_ELECTRONIC,2013_FIFTH_ELECTRONIC_SECOND_VERSION,DOCUMENTED_UNICODE_RECONCILIATION_NOT_BYTE_EXTRACTED_2013,JUCHITAN_HISTORICAL_SOURCE,STRUCTURED_BACKFILL_V0_1
PICKETT-ZE-0980,naná,naná,naná,naná,"[""naná""]",ENTRY,,,,"doler, dolorido, lastimado","naná doler, dolorido, lastimado",,21,35,2,ZAPOTECO_ESPAÑOL,BIB003_PICKETT_VOCABULARIO,2007_FIFTH_ELECTRONIC,2013_FIFTH_ELECTRONIC_SECOND_VERSION,DOCUMENTED_UNICODE_RECONCILIATION_NOT_BYTE_EXTRACTED_2013,JUCHITAN_HISTORICAL_SOURCE,STRUCTURED_BACKFILL_V0_1
PICKETT-ZE-0981,nanaa,nanaa,nanaa,nanaa,"[""nanaa""]",ENTRY,,,[b.a],"pesado, pesar","nanaa [b.a] pesado, pesar",,21,35,2,ZAPOTECO_ESPAÑOL,BIB003_PICKETT_VOCABULARIO,2007_FIFTH_ELECTRONIC,2013_FIFTH_ELECTRONIC_SECOND_VERSION,DOCUMENTED_UNICODE_RECONCILIATION_NOT_BYTE_EXTRACTED_2013,JUCHITAN_HISTORICAL_SOURCE,STRUCTURED_BACKFILL_V0_1
PICKETT-ZE-0982,nanaadi’,nanaadi’,nanaadiꞌ,nanaadiꞌ,"[""nanaadiꞌ""]",ENTRY,,,,"glutinoso, espeso, pegajoso (se aplica a una cosa que se pega en la mano o a otra cosa)","nanaadi’ glutinoso, espeso, pegajoso (se",aplica a una cosa que se pega en la mano o a otra cosa),21,35,2,ZAPOTECO_ESPAÑOL,BIB003_PICKETT_VOCABULARIO,2007_FIFTH_ELECTRONIC,2013_FIFTH_ELECTRONIC_SECOND_VERSION,DOCUMENTED_UNICODE_RECONCILIATION_NOT_BYTE_EXTRACTED_2013,JUCHITAN_HISTORICAL_SOURCE,STRUCTURED_BACKFILL_V0_1
PICKETT-ZE-0983,nanana,nanana,nanana,nanana,"[""nanana""]",ENTRY,,,[b.b.a],"espeso, denso","nanana [b.b.a] espeso, denso",,21,35,2,ZAPOTECO_ESPAÑOL,BIB003_PICKETT_VOCABULARIO,2007_FIFTH_ELECTRONIC,2013_FIFTH_ELECTRONIC_SECOND_VERSION,DOCUMENTED_UNICODE_RECONCILIATION_NOT_BYTE_EXTRACTED_2013,JUCHITAN_HISTORICAL_SOURCE,STRUCTURED_BACKFILL_V0_1
PICKETT-ZE-0984,nananda,nananda,nananda,nananda,"[""nananda""]",ENTRY,,,,"frío, hacer frío","nananda frío, hacer frío",,21,35,2,ZAPOTECO_ESPAÑOL,BIB003_PICKETT_VOCABULARIO,2007_FIFTH_ELECTRONIC,2013_FIFTH_ELECTRONIC_SECOND_VERSION,DOCUMENTED_UNICODE_RECONCILIATION_NOT_BYTE_EXTRACTED_2013,JUCHITAN_HISTORICAL_SOURCE,STRUCTURED_BACKFILL_V0_1
PICKETT-ZE-0985,nanaande’,nanaande’,nanaandeꞌ,nanaandeꞌ,"[""nanaandeꞌ""]",ENTRY,,,,grueso,nanaande’ grueso,,21,35,2,ZAPOTECO_ESPAÑOL,BIB003_PICKETT_VOCABULARIO,2007_FIFTH_ELECTRONIC,2013_FIFTH_ELECTRONIC_SECOND_VERSION,DOCUMENTED_UNICODE_RECONCILIATION_NOT_BYTE_EXTRACTED_2013,JUCHITAN_HISTORICAL_SOURCE,STRUCTURED_BACKFILL_V0_1
PICKETT-ZE-0986,nanaxhi,nanaxhi,nanaxhi,nanaxhi,"[""nanaxhi""]",ENTRY,,,,dulce,nanaxhi dulce,,21,35,2,ZAPOTECO_ESPAÑOL,BIB003_PICKETT_VOCABULARIO,2007_FIFTH_ELECTRONIC,2013_FIFTH_ELECTRONIC_SECOND_VERSION,DOCUMENTED_UNICODE_RECONCILIATION_NOT_BYTE_EXTRACTED_2013,JUCHITAN_HISTORICAL_SOURCE,STRUCTURED_BACKFILL_V0_1
PICKETT-ZE-0987,nanchi,nanchi,nanchi,nanchi,"[""nanchi""]",ENTRY,,,[a.b],nanche,nanchi [a.b] nanche,,21,35,2,ZAPOTECO_ESPAÑOL,BIB003_PICKETT_VOCABULARIO,2007_FIFTH_ELECTRONIC,2013_FIFTH_ELECTRONIC_SECOND_VERSION,DOCUMENTED_UNICODE_RECONCILIATION_NOT_BYTE_EXTRACTED_2013,JUCHITAN_HISTORICAL_SOURCE,STRUCTURED_BACKFILL_V0_1
PICKETT-ZE-0988,nanda,nanda,nanda,nanda,"[""nanda""]",ENTRY,,,[b.a],"colgado, tener puesto (collar)","nanda [b.a] colgado, tener puesto (collar)",,21,35,2,ZAPOTECO_ESPAÑOL,BIB003_PICKETT_VOCABULARIO,2007_FIFTH_ELECTRONIC,2013_FIFTH_ELECTRONIC_SECOND_VERSION,DOCUMENTED_UNICODE_RECONCILIATION_NOT_BYTE_EXTRACTED_2013,JUCHITAN_HISTORICAL_SOURCE,STRUCTURED_BACKFILL_V0_1
PICKETT-ZE-0989,nandá’,nandá’,nandáꞌ,nandáꞌ,"[""nandáꞌ""]",ENTRY,,,[b.a],amargo,nandá’ [b.a] amargo,,21,35,2,ZAPOTECO_ESPAÑOL,BIB003_PICKETT_VOCABULARIO,2007_FIFTH_ELECTRONIC,2013_FIFTH_ELECTRONIC_SECOND_VERSION,DOCUMENTED_UNICODE_RECONCILIATION_NOT_BYTE_EXTRACTED_2013,JUCHITAN_HISTORICAL_SOURCE,STRUCTURED_BACKFILL_V0_1
PICKETT-ZE-0990,nandá’,nandá’,nandáꞌ,nandáꞌ,"[""nandáꞌ""]",ENTRY,,,[b.al],"caliente, hacer calor, calor","nandá’ [b.al] caliente, hacer calor, calor",,21,35,2,ZAPOTECO_ESPAÑOL,BIB003_PICKETT_VOCABULARIO,2007_FIFTH_ELECTRONIC,2013_FIFTH_ELECTRONIC_SECOND_VERSION,DOCUMENTED_UNICODE_RECONCILIATION_NOT_BYTE_EXTRACTED_2013,JUCHITAN_HISTORICAL_SOURCE,STRUCTURED_BACKFILL_V0_1
PICKETT-ZE-0991,nandaaga’,nandaaga’,nandaagaꞌ,nandaagaꞌ,"[""nandaagaꞌ""]",ENTRY,,,,patiabierto,nandaaga’ patiabierto,,21,35,2,ZAPOTECO_ESPAÑOL,BIB003_PICKETT_VOCABULARIO,2007_FIFTH_ELECTRONIC,2013_FIFTH_ELECTRONIC_SECOND_VERSION,DOCUMENTED_UNICODE_RECONCILIATION_NOT_BYTE_EXTRACTED_2013,JUCHITAN_HISTORICAL_SOURCE,STRUCTURED_BACKFILL_V0_1
PICKETT-ZE-0992,nandahui,nandahui,nandahui,nandahui,"[""nandahui""]",ENTRY,,(v-adj),[b.a.a],"corto, en pedazos","nandahui [b.a.a] (v-adj) corto, en pedazos",,21,35,2,ZAPOTECO_ESPAÑOL,BIB003_PICKETT_VOCABULARIO,2007_FIFTH_ELECTRONIC,2013_FIFTH_ELECTRONIC_SECOND_VERSION,DOCUMENTED_UNICODE_RECONCILIATION_NOT_BYTE_EXTRACTED_2013,JUCHITAN_HISTORICAL_SOURCE,STRUCTURED_BACKFILL_V0_1
PICKETT-ZE-0993,nandí ná’,nandí ná’,nandí náꞌ,nandí náꞌ,"[""nandí náꞌ""]",ENTRY,,,[b.a-a],tener buena puntería,nandí ná’ [b.a-a] tener buena puntería,,21,35,2,ZAPOTECO_ESPAÑOL,BIB003_PICKETT_VOCABULARIO,2007_FIFTH_ELECTRONIC,2013_FIFTH_ELECTRONIC_SECOND_VERSION,DOCUMENTED_UNICODE_RECONCILIATION_NOT_BYTE_EXTRACTED_2013,JUCHITAN_HISTORICAL_SOURCE,STRUCTURED_BACKFILL_V0_1
PICKETT-ZE-0994,nanduni,nanduni,nanduni,nanduni,"[""nanduni""]",ENTRY,,,[b.a.b],"abultado, amontonado","nanduni [b.a.b] abultado, amontonado",,21,35,2,ZAPOTECO_ESPAÑOL,BIB003_PICKETT_VOCABULARIO,2007_FIFTH_ELECTRONIC,2013_FIFTH_ELECTRONIC_SECOND_VERSION,DOCUMENTED_UNICODE_RECONCILIATION_NOT_BYTE_EXTRACTED_2013,JUCHITAN_HISTORICAL_SOURCE,STRUCTURED_BACKFILL_V0_1
PICKETT-ZE-0995,nandxó’,nandxó’,nandxóꞌ,nandxóꞌ,"[""nandxóꞌ""]",ENTRY,,,,poderoso,nandxó’ poderoso,,21,35,2,ZAPOTECO_ESPAÑOL,BIB003_PICKETT_VOCABULARIO,2007_FIFTH_ELECTRONIC,2013_FIFTH_ELECTRONIC_SECOND_VERSION,DOCUMENTED_UNICODE_RECONCILIATION_NOT_BYTE_EXTRACTED_2013,JUCHITAN_HISTORICAL_SOURCE,STRUCTURED_BACKFILL_V0_1
PICKETT-ZE-0996,nanene,nanene,nanene,nanene,"[""nanene""]",ENTRY,,,[b.b.a],"despacio, lento, lentamente","nanene [b.b.a] despacio, lento, lentamente",,21,35,2,ZAPOTECO_ESPAÑOL,BIB003_PICKETT_VOCABULARIO,2007_FIFTH_ELECTRONIC,2013_FIFTH_ELECTRONIC_SECOND_VERSION,DOCUMENTED_UNICODE_RECONCILIATION_NOT_BYTE_EXTRACTED_2013,JUCHITAN_HISTORICAL_SOURCE,STRUCTURED_BACKFILL_V0_1
PICKETT-ZE-0997,nangola,nangola,nangola,nangola,"[""nangola""]",ENTRY,,,,"grande, grueso","nangola grande, grueso",,21,35,2,ZAPOTECO_ESPAÑOL,BIB003_PICKETT_VOCABULARIO,2007_FIFTH_ELECTRONIC,2013_FIFTH_ELECTRONIC_SECOND_VERSION,DOCUMENTED_UNICODE_RECONCILIATION_NOT_BYTE_EXTRACTED_2013,JUCHITAN_HISTORICAL_SOURCE,STRUCTURED_BACKFILL_V0_1
PICKETT-ZE-0998,nani’di’,nani’di’,naniꞌdiꞌ,naniꞌdiꞌ,"[""naniꞌdiꞌ""]",ENTRY,,,[b.al.b],"llorón, chillón","nani’di’ [b.al.b] llorón, chillón",,21,35,2,ZAPOTECO_ESPAÑOL,BIB003_PICKETT_VOCABULARIO,2007_FIFTH_ELECTRONIC,2013_FIFTH_ELECTRONIC_SECOND_VERSION,DOCUMENTED_UNICODE_RECONCILIATION_NOT_BYTE_EXTRACTED_2013,JUCHITAN_HISTORICAL_SOURCE,STRUCTURED_BACKFILL_V0_1
PICKETT-ZE-0999,nani’di’,nani’di’,naniꞌdiꞌ,naniꞌdiꞌ,"[""naniꞌdiꞌ""]",ENTRY,,,[b.al.b],mimado,nani’di’ [b.al.b] mimado,,21,35,2,ZAPOTECO_ESPAÑOL,BIB003_PICKETT_VOCABULARIO,2007_FIFTH_ELECTRONIC,2013_FIFTH_ELECTRONIC_SECOND_VERSION,DOCUMENTED_UNICODE_RECONCILIATION_NOT_BYTE_EXTRACTED_2013,JUCHITAN_HISTORICAL_SOURCE,STRUCTURED_BACKFILL_V0_1
PICKETT-ZE-1000,nanisa,nanisa,nanisa,nanisa,"[""nanisa""]",ENTRY,,,,aguado,nanisa aguado,,21,35,2,ZAPOTECO_ESPAÑOL,BIB003_PICKETT_VOCABULARIO,2007_FIFTH_ELECTRONIC,2013_FIFTH_ELECTRONIC_SECOND_VERSION,DOCUMENTED_UNICODE_RECONCILIATION_NOT_BYTE_EXTRACTED_2013,JUCHITAN_HISTORICAL_SOURCE,STRUCTURED_BACKFILL_V0_1
PICKETT-ZE-1001,nanixe,nanixe,nanixe,nanixe,"[""nanixe""]",ENTRY,,,[b.a.a],"sabroso, delicioso","nanixe [b.a.a] sabroso, delicioso",,21,35,2,ZAPOTECO_ESPAÑOL,BIB003_PICKETT_VOCABULARIO,2007_FIFTH_ELECTRONIC,2013_FIFTH_ELECTRONIC_SECOND_VERSION,DOCUMENTED_UNICODE_RECONCILIATION_NOT_BYTE_EXTRACTED_2013,JUCHITAN_HISTORICAL_SOURCE,STRUCTURED_BACKFILL_V0_1
PICKETT-ZE-1002,nanna,nanna,nanna,nanna,"[""nanna""]",ENTRY,,,[b.a],saber,nanna [b.a] saber,,21,35,2,ZAPOTECO_ESPAÑOL,BIB003_PICKETT_VOCABULARIO,2007_FIFTH_ELECTRONIC,2013_FIFTH_ELECTRONIC_SECOND_VERSION,DOCUMENTED_UNICODE_RECONCILIATION_NOT_BYTE_EXTRACTED_2013,JUCHITAN_HISTORICAL_SOURCE,STRUCTURED_BACKFILL_V0_1
PICKETT-ZE-1003,nanna la’dxi’,nanna la’dxi’,nanna laꞌdxiꞌ,nanna laꞌdxiꞌ,"[""nanna laꞌdxiꞌ""]",ENTRY,,,,"odiar, detestar","nanna la’dxi’ odiar, detestar",,21,35,2,ZAPOTECO_ESPAÑOL,BIB003_PICKETT_VOCABULARIO,2007_FIFTH_ELECTRONIC,2013_FIFTH_ELECTRONIC_SECOND_VERSION,DOCUMENTED_UNICODE_RECONCILIATION_NOT_BYTE_EXTRACTED_2013,JUCHITAN_HISTORICAL_SOURCE,STRUCTURED_BACKFILL_V0_1
PICKETT-ZE-1004,nanuí,nanuí,nanuí,nanuí,"[""nanuí""]",ENTRY,,,[b.a],"fino, menudo, muy chico","nanuí [b.a] fino, menudo, muy chico",,21,35,2,ZAPOTECO_ESPAÑOL,BIB003_PICKETT_VOCABULARIO,2007_FIFTH_ELECTRONIC,2013_FIFTH_ELECTRONIC_SECOND_VERSION,DOCUMENTED_UNICODE_RECONCILIATION_NOT_BYTE_EXTRACTED_2013,JUCHITAN_HISTORICAL_SOURCE,STRUCTURED_BACKFILL_V0_1
PICKETT-ZE-1005,nanupi’,nanupi’,nanupiꞌ,nanupiꞌ,"[""nanupiꞌ""]",ENTRY,,,,meloso; pegajoso (resultado del contacto con algo pegajoso),nanupi’ meloso; pegajoso (resultado del,contacto con algo pegajoso),22,36,1,ZAPOTECO_ESPAÑOL,BIB003_PICKETT_VOCABULARIO,2007_FIFTH_ELECTRONIC,2013_FIFTH_ELECTRONIC_SECOND_VERSION,DOCUMENTED_UNICODE_RECONCILIATION_NOT_BYTE_EXTRACTED_2013,JUCHITAN_HISTORICAL_SOURCE,STRUCTURED_BACKFILL_V0_1
PICKETT-ZE-1006,napa,napa,napa,napa,"[""napa""]",ENTRY,,,[b.a],tener,napa [b.a] tener,,22,36,1,ZAPOTECO_ESPAÑOL,BIB003_PICKETT_VOCABULARIO,2007_FIFTH_ELECTRONIC,2013_FIFTH_ELECTRONIC_SECOND_VERSION,DOCUMENTED_UNICODE_RECONCILIATION_NOT_BYTE_EXTRACTED_2013,JUCHITAN_HISTORICAL_SOURCE,STRUCTURED_BACKFILL_V0_1
PICKETT-ZE-1007,napagá lú,napagá lú,napagá lú,napagá lú,"[""napagá lú""]",SUBENTRY,napa,,,parecer(se) a,napagá lú [b.b.al-b] parecer(se) a,,22,36,1,ZAPOTECO_ESPAÑOL,BIB003_PICKETT_VOCABULARIO,2007_FIFTH_ELECTRONIC,2013_FIFTH_ELECTRONIC_SECOND_VERSION,DOCUMENTED_UNICODE_RECONCILIATION_NOT_BYTE_EXTRACTED_2013,JUCHITAN_HISTORICAL_SOURCE,STRUCTURED_BACKFILL_V0_1
PICKETT-ZE-1008,napa baba’,napa baba’,napa babaꞌ,napa babaꞌ,"[""napa babaꞌ""]",ENTRY,,,[b-b.al],producir comezón,napa baba’ [b-b.al] producir comezón,,22,36,1,ZAPOTECO_ESPAÑOL,BIB003_PICKETT_VOCABULARIO,2007_FIFTH_ELECTRONIC,2013_FIFTH_ELECTRONIC_SECOND_VERSION,DOCUMENTED_UNICODE_RECONCILIATION_NOT_BYTE_EXTRACTED_2013,JUCHITAN_HISTORICAL_SOURCE,STRUCTURED_BACKFILL_V0_1
PICKETT-ZE-1009,napa tini,napa tini,napa tini,napa tini,"[""napa tini""]",ENTRY,,,[b-al.b],oxidado,napa tini [b-al.b] oxidado,,22,36,1,ZAPOTECO_ESPAÑOL,BIB003_PICKETT_VOCABULARIO,2007_FIFTH_ELECTRONIC,2013_FIFTH_ELECTRONIC_SECOND_VERSION,DOCUMENTED_UNICODE_RECONCILIATION_NOT_BYTE_EXTRACTED_2013,JUCHITAN_HISTORICAL_SOURCE,STRUCTURED_BACKFILL_V0_1
PICKETT-ZE-1010,napandu,napandu,napandu,napandu,"[""napandu""]",ENTRY,,,,chueco,napandu chueco,,22,36,1,ZAPOTECO_ESPAÑOL,BIB003_PICKETT_VOCABULARIO,2007_FIFTH_ELECTRONIC,2013_FIFTH_ELECTRONIC_SECOND_VERSION,DOCUMENTED_UNICODE_RECONCILIATION_NOT_BYTE_EXTRACTED_2013,JUCHITAN_HISTORICAL_SOURCE,STRUCTURED_BACKFILL_V0_1
PICKETT-ZE-1011,napaapa ruaa,napaapa ruaa,napaapa ruaa,napaapa ruaa,"[""napaapa ruaa""]",ENTRY,,,,tartamudo,napaapa ruaa tartamudo,,22,36,1,ZAPOTECO_ESPAÑOL,BIB003_PICKETT_VOCABULARIO,2007_FIFTH_ELECTRONIC,2013_FIFTH_ELECTRONIC_SECOND_VERSION,DOCUMENTED_UNICODE_RECONCILIATION_NOT_BYTE_EXTRACTED_2013,JUCHITAN_HISTORICAL_SOURCE,STRUCTURED_BACKFILL_V0_1
PICKETT-ZE-1012,napaaxhu,napaaxhu,napaaxhu,napaaxhu,"[""napaaxhu""]",ENTRY,,,[b.b.a],"apachurrado, aplastado","napaaxhu [b.b.a] apachurrado, aplastado",,22,36,1,ZAPOTECO_ESPAÑOL,BIB003_PICKETT_VOCABULARIO,2007_FIFTH_ELECTRONIC,2013_FIFTH_ELECTRONIC_SECOND_VERSION,DOCUMENTED_UNICODE_RECONCILIATION_NOT_BYTE_EXTRACTED_2013,JUCHITAN_HISTORICAL_SOURCE,STRUCTURED_BACKFILL_V0_1
PICKETT-ZE-1013,napiiru’,napiiru’,napiiruꞌ,napiiruꞌ,"[""napiiruꞌ""]",ENTRY,,,,pelón,napiiru’ pelón,,22,36,1,ZAPOTECO_ESPAÑOL,BIB003_PICKETT_VOCABULARIO,2007_FIFTH_ELECTRONIC,2013_FIFTH_ELECTRONIC_SECOND_VERSION,DOCUMENTED_UNICODE_RECONCILIATION_NOT_BYTE_EXTRACTED_2013,JUCHITAN_HISTORICAL_SOURCE,STRUCTURED_BACKFILL_V0_1
PICKETT-ZE-1014,napiizi,napiizi,napiizi,napiizi,"[""napiizi""]",ENTRY,,,[b.a.a],"muy chico, pequeñísimo, insignificante","napiizi [b.a.a] muy chico, pequeñísimo,",insignificante,22,36,1,ZAPOTECO_ESPAÑOL,BIB003_PICKETT_VOCABULARIO,2007_FIFTH_ELECTRONIC,2013_FIFTH_ELECTRONIC_SECOND_VERSION,DOCUMENTED_UNICODE_RECONCILIATION_NOT_BYTE_EXTRACTED_2013,JUCHITAN_HISTORICAL_SOURCE,STRUCTURED_BACKFILL_V0_1
PICKETT-ZE-1015,napumpu,napumpu,napumpu,napumpu,"[""napumpu""]",ENTRY,,,[b.a.a],hondo y redondo,napumpu [b.a.a] hondo y redondo,,22,36,1,ZAPOTECO_ESPAÑOL,BIB003_PICKETT_VOCABULARIO,2007_FIFTH_ELECTRONIC,2013_FIFTH_ELECTRONIC_SECOND_VERSION,DOCUMENTED_UNICODE_RECONCILIATION_NOT_BYTE_EXTRACTED_2013,JUCHITAN_HISTORICAL_SOURCE,STRUCTURED_BACKFILL_V0_1
PICKETT-ZE-1016,napuupu’,napuupu’,napuupuꞌ,napuupuꞌ,"[""napuupuꞌ""]",ENTRY,,,,cachetón,napuupu’ cachetón,,22,36,1,ZAPOTECO_ESPAÑOL,BIB003_PICKETT_VOCABULARIO,2007_FIFTH_ELECTRONIC,2013_FIFTH_ELECTRONIC_SECOND_VERSION,DOCUMENTED_UNICODE_RECONCILIATION_NOT_BYTE_EXTRACTED_2013,JUCHITAN_HISTORICAL_SOURCE,STRUCTURED_BACKFILL_V0_1
PICKETT-ZE-1017,naqueebe’,naqueebe’,naqueebeꞌ,naqueebeꞌ,"[""naqueebeꞌ""]",ENTRY,,,,"fofo, bofo, carcomido","naqueebe’ fofo, bofo, carcomido",,22,36,1,ZAPOTECO_ESPAÑOL,BIB003_PICKETT_VOCABULARIO,2007_FIFTH_ELECTRONIC,2013_FIFTH_ELECTRONIC_SECOND_VERSION,DOCUMENTED_UNICODE_RECONCILIATION_NOT_BYTE_EXTRACTED_2013,JUCHITAN_HISTORICAL_SOURCE,STRUCTURED_BACKFILL_V0_1
PICKETT-ZE-1018,naquii,naquii,naquii,naquii,"[""naquii""]",ENTRY,,,[b.a],"gustar, agradar (le gusta, le agrada)","naquii [b.a] gustar, agradar (le gusta, le",agrada),22,36,1,ZAPOTECO_ESPAÑOL,BIB003_PICKETT_VOCABULARIO,2007_FIFTH_ELECTRONIC,2013_FIFTH_ELECTRONIC_SECOND_VERSION,DOCUMENTED_UNICODE_RECONCILIATION_NOT_BYTE_EXTRACTED_2013,JUCHITAN_HISTORICAL_SOURCE,STRUCTURED_BACKFILL_V0_1
PICKETT-ZE-1019,naquichi’,naquichi’,naquichiꞌ,naquichiꞌ,"[""naquichiꞌ""]",ENTRY,,,[b.b.al],blanco,naquichi’ [b.b.al] blanco,,22,36,1,ZAPOTECO_ESPAÑOL,BIB003_PICKETT_VOCABULARIO,2007_FIFTH_ELECTRONIC,2013_FIFTH_ELECTRONIC_SECOND_VERSION,DOCUMENTED_UNICODE_RECONCILIATION_NOT_BYTE_EXTRACTED_2013,JUCHITAN_HISTORICAL_SOURCE,STRUCTURED_BACKFILL_V0_1
PICKETT-ZE-1020,naquiiñe’,naquiiñe’,naquiiñeꞌ,naquiiñeꞌ,"[""naquiiñeꞌ""]",ENTRY,,,,"necesario, útil","naquiiñe’ necesario, útil",,22,36,1,ZAPOTECO_ESPAÑOL,BIB003_PICKETT_VOCABULARIO,2007_FIFTH_ELECTRONIC,2013_FIFTH_ELECTRONIC_SECOND_VERSION,DOCUMENTED_UNICODE_RECONCILIATION_NOT_BYTE_EXTRACTED_2013,JUCHITAN_HISTORICAL_SOURCE,STRUCTURED_BACKFILL_V0_1
PICKETT-ZE-1021,naquiite,naquiite,naquiite,naquiite,"[""naquiite""]",ENTRY,,,[b.b.a],"animado, alegre, contento","naquiite [b.b.a] animado, alegre, contento",,22,36,1,ZAPOTECO_ESPAÑOL,BIB003_PICKETT_VOCABULARIO,2007_FIFTH_ELECTRONIC,2013_FIFTH_ELECTRONIC_SECOND_VERSION,DOCUMENTED_UNICODE_RECONCILIATION_NOT_BYTE_EXTRACTED_2013,JUCHITAN_HISTORICAL_SOURCE,STRUCTURED_BACKFILL_V0_1
PICKETT-ZE-1022,naquite la’dxi’,naquite la’dxi’,naquite laꞌdxiꞌ,naquite laꞌdxiꞌ,"[""naquite laꞌdxiꞌ""]",SUBENTRY,naquiite,,,"alegre, sentir gozo","naquite la’dxi’ [b-al.b] alegre, sentir",gozo,22,36,1,ZAPOTECO_ESPAÑOL,BIB003_PICKETT_VOCABULARIO,2007_FIFTH_ELECTRONIC,2013_FIFTH_ELECTRONIC_SECOND_VERSION,DOCUMENTED_UNICODE_RECONCILIATION_NOT_BYTE_EXTRACTED_2013,JUCHITAN_HISTORICAL_SOURCE,STRUCTURED_BACKFILL_V0_1
PICKETT-ZE-1023,naracha,naracha,naracha,naracha,"[""naracha""]",ENTRY,,,,despeinado,naracha despeinado,,22,36,1,ZAPOTECO_ESPAÑOL,BIB003_PICKETT_VOCABULARIO,2007_FIFTH_ELECTRONIC,2013_FIFTH_ELECTRONIC_SECOND_VERSION,DOCUMENTED_UNICODE_RECONCILIATION_NOT_BYTE_EXTRACTED_2013,JUCHITAN_HISTORICAL_SOURCE,STRUCTURED_BACKFILL_V0_1
PICKETT-ZE-1024,narangu,narangu,narangu,narangu,"[""narangu""]",ENTRY,,,,"irregular, tosco, desarreglado","narangu irregular, tosco, desarreglado",,22,36,1,ZAPOTECO_ESPAÑOL,BIB003_PICKETT_VOCABULARIO,2007_FIFTH_ELECTRONIC,2013_FIFTH_ELECTRONIC_SECOND_VERSION,DOCUMENTED_UNICODE_RECONCILIATION_NOT_BYTE_EXTRACTED_2013,JUCHITAN_HISTORICAL_SOURCE,STRUCTURED_BACKFILL_V0_1
PICKETT-ZE-1025,naraxi,naraxi,naraxi,naraxi,"[""naraxi""]",ENTRY,,,,peludo,naraxi peludo,,22,36,1,ZAPOTECO_ESPAÑOL,BIB003_PICKETT_VOCABULARIO,2007_FIFTH_ELECTRONIC,2013_FIFTH_ELECTRONIC_SECOND_VERSION,DOCUMENTED_UNICODE_RECONCILIATION_NOT_BYTE_EXTRACTED_2013,JUCHITAN_HISTORICAL_SOURCE,STRUCTURED_BACKFILL_V0_1
PICKETT-ZE-1026,naraaya’,naraaya’,naraayaꞌ,naraayaꞌ,"[""naraayaꞌ""]",ENTRY,,,,"áspero, granoso, granuloso, rasposo","naraaya’ áspero, granoso, granuloso,",rasposo,22,36,1,ZAPOTECO_ESPAÑOL,BIB003_PICKETT_VOCABULARIO,2007_FIFTH_ELECTRONIC,2013_FIFTH_ELECTRONIC_SECOND_VERSION,DOCUMENTED_UNICODE_RECONCILIATION_NOT_BYTE_EXTRACTED_2013,JUCHITAN_HISTORICAL_SOURCE,STRUCTURED_BACKFILL_V0_1
PICKETT-ZE-1027,nareeche,nareeche,nareeche,nareeche,"[""nareeche""]",ENTRY,,,[b.a.a],esparcido,nareeche [b.a.a] esparcido,,22,36,1,ZAPOTECO_ESPAÑOL,BIB003_PICKETT_VOCABULARIO,2007_FIFTH_ELECTRONIC,2013_FIFTH_ELECTRONIC_SECOND_VERSION,DOCUMENTED_UNICODE_RECONCILIATION_NOT_BYTE_EXTRACTED_2013,JUCHITAN_HISTORICAL_SOURCE,STRUCTURED_BACKFILL_V0_1
PICKETT-ZE-1028,nareela,nareela,nareela,nareela,"[""nareela""]",ENTRY,,,[b.b.a],desabrido; un poco pasado (por ej.: pescado o fruta),nareela [b.b.a] desabrido; un poco pasado,(por ej.: pescado o fruta),22,36,1,ZAPOTECO_ESPAÑOL,BIB003_PICKETT_VOCABULARIO,2007_FIFTH_ELECTRONIC,2013_FIFTH_ELECTRONIC_SECOND_VERSION,DOCUMENTED_UNICODE_RECONCILIATION_NOT_BYTE_EXTRACTED_2013,JUCHITAN_HISTORICAL_SOURCE,STRUCTURED_BACKFILL_V0_1
PICKETT-ZE-1029,narenda,narenda,narenda,narenda,"[""narenda""]",ENTRY,,,[b.a.a],enredado,narenda [b.a.a] enredado,,22,36,1,ZAPOTECO_ESPAÑOL,BIB003_PICKETT_VOCABULARIO,2007_FIFTH_ELECTRONIC,2013_FIFTH_ELECTRONIC_SECOND_VERSION,DOCUMENTED_UNICODE_RECONCILIATION_NOT_BYTE_EXTRACTED_2013,JUCHITAN_HISTORICAL_SOURCE,STRUCTURED_BACKFILL_V0_1
PICKETT-ZE-1030,nareza,nareza,nareza,nareza,"[""nareza""]",ENTRY,,,[b.a.b],roto,nareza [b.a.b] roto,,22,36,1,ZAPOTECO_ESPAÑOL,BIB003_PICKETT_VOCABULARIO,2007_FIFTH_ELECTRONIC,2013_FIFTH_ELECTRONIC_SECOND_VERSION,DOCUMENTED_UNICODE_RECONCILIATION_NOT_BYTE_EXTRACTED_2013,JUCHITAN_HISTORICAL_SOURCE,STRUCTURED_BACKFILL_V0_1
PICKETT-ZE-1031,narí,narí,narí,narí,"[""narí""]",ENTRY,,,,"descontentadizo, delicado","narí descontentadizo, delicado",,22,36,1,ZAPOTECO_ESPAÑOL,BIB003_PICKETT_VOCABULARIO,2007_FIFTH_ELECTRONIC,2013_FIFTH_ELECTRONIC_SECOND_VERSION,DOCUMENTED_UNICODE_RECONCILIATION_NOT_BYTE_EXTRACTED_2013,JUCHITAN_HISTORICAL_SOURCE,STRUCTURED_BACKFILL_V0_1
PICKETT-ZE-1032,nariga,nariga,nariga,nariga,"[""nariga""]",ENTRY,,,,cascarudo; ahuecado,nariga cascarudo; ahuecado,,22,36,1,ZAPOTECO_ESPAÑOL,BIB003_PICKETT_VOCABULARIO,2007_FIFTH_ELECTRONIC,2013_FIFTH_ELECTRONIC_SECOND_VERSION,DOCUMENTED_UNICODE_RECONCILIATION_NOT_BYTE_EXTRACTED_2013,JUCHITAN_HISTORICAL_SOURCE,STRUCTURED_BACKFILL_V0_1
PICKETT-ZE-1033,nari’ni’,nari’ni’,nariꞌniꞌ,nariꞌniꞌ,"[""nariꞌniꞌ""]",ENTRY,,,[b.al.b],tierno,nari’ni’ [b.al.b] tierno,,22,36,1,ZAPOTECO_ESPAÑOL,BIB003_PICKETT_VOCABULARIO,2007_FIFTH_ELECTRONIC,2013_FIFTH_ELECTRONIC_SECOND_VERSION,DOCUMENTED_UNICODE_RECONCILIATION_NOT_BYTE_EXTRACTED_2013,JUCHITAN_HISTORICAL_SOURCE,STRUCTURED_BACKFILL_V0_1
PICKETT-ZE-1034,naró’,naró’,naróꞌ,naróꞌ,"[""naróꞌ""]",ENTRY,,,[b.al],gordo (animales o carne),naró’ [b.al] gordo (animales o carne),,22,36,1,ZAPOTECO_ESPAÑOL,BIB003_PICKETT_VOCABULARIO,2007_FIFTH_ELECTRONIC,2013_FIFTH_ELECTRONIC_SECOND_VERSION,DOCUMENTED_UNICODE_RECONCILIATION_NOT_BYTE_EXTRACTED_2013,JUCHITAN_HISTORICAL_SOURCE,STRUCTURED_BACKFILL_V0_1
PICKETT-ZE-1035,naro’ba’,naro’ba’,naroꞌbaꞌ,naroꞌbaꞌ,"[""naroꞌbaꞌ""]",ENTRY,,,[b.al.b],grande,naro’ba’ [b.al.b] grande,,22,36,1,ZAPOTECO_ESPAÑOL,BIB003_PICKETT_VOCABULARIO,2007_FIFTH_ELECTRONIC,2013_FIFTH_ELECTRONIC_SECOND_VERSION,DOCUMENTED_UNICODE_RECONCILIATION_NOT_BYTE_EXTRACTED_2013,JUCHITAN_HISTORICAL_SOURCE,STRUCTURED_BACKFILL_V0_1
PICKETT-ZE-1036,naroonde,naroonde,naroonde,naroonde,"[""naroonde""]",ENTRY,,,[b.b.a],"pegajoso, resbaloso, viscoso","naroonde [b.b.a] pegajoso, resbaloso,",viscoso,22,36,1,ZAPOTECO_ESPAÑOL,BIB003_PICKETT_VOCABULARIO,2007_FIFTH_ELECTRONIC,2013_FIFTH_ELECTRONIC_SECOND_VERSION,DOCUMENTED_UNICODE_RECONCILIATION_NOT_BYTE_EXTRACTED_2013,JUCHITAN_HISTORICAL_SOURCE,STRUCTURED_BACKFILL_V0_1
PICKETT-ZE-1037,nasá,nasá,nasá,nasá,"[""nasá""]",ENTRY,,,,"abierto, de boca ancha","nasá abierto, de boca ancha",,22,36,1,ZAPOTECO_ESPAÑOL,BIB003_PICKETT_VOCABULARIO,2007_FIFTH_ELECTRONIC,2013_FIFTH_ELECTRONIC_SECOND_VERSION,DOCUMENTED_UNICODE_RECONCILIATION_NOT_BYTE_EXTRACTED_2013,JUCHITAN_HISTORICAL_SOURCE,STRUCTURED_BACKFILL_V0_1
PICKETT-ZE-1038,nasa’,nasa’,nasaꞌ,nasaꞌ,"[""nasaꞌ""]",ENTRY,,,[b.al],encajado,nasa’ [b.al] encajado,,22,36,1,ZAPOTECO_ESPAÑOL,BIB003_PICKETT_VOCABULARIO,2007_FIFTH_ELECTRONIC,2013_FIFTH_ELECTRONIC_SECOND_VERSION,DOCUMENTED_UNICODE_RECONCILIATION_NOT_BYTE_EXTRACTED_2013,JUCHITAN_HISTORICAL_SOURCE,STRUCTURED_BACKFILL_V0_1
PICKETT-ZE-1039,nase,nase,nase,nase,"[""nase""]",ENTRY,,,,"anteayer, hace días","nase anteayer, hace días",,22,36,1,ZAPOTECO_ESPAÑOL,BIB003_PICKETT_VOCABULARIO,2007_FIFTH_ELECTRONIC,2013_FIFTH_ELECTRONIC_SECOND_VERSION,DOCUMENTED_UNICODE_RECONCILIATION_NOT_BYTE_EXTRACTED_2013,JUCHITAN_HISTORICAL_SOURCE,STRUCTURED_BACKFILL_V0_1
PICKETT-ZE-1040,nasi,nasi,nasi,nasi,"[""nasi""]",ENTRY,,,[b.a],¡a poco!,nasi [b.a] ¡a poco!,,22,36,1,ZAPOTECO_ESPAÑOL,BIB003_PICKETT_VOCABULARIO,2007_FIFTH_ELECTRONIC,2013_FIFTH_ELECTRONIC_SECOND_VERSION,DOCUMENTED_UNICODE_RECONCILIATION_NOT_BYTE_EXTRACTED_2013,JUCHITAN_HISTORICAL_SOURCE,STRUCTURED_BACKFILL_V0_1
PICKETT-ZE-1041,nasiñe,nasiñe,nasiñe,nasiñe,"[""nasiñe""]",ENTRY,,,[b.a.a],"inquieto, intranquilo, ligero de sueño","nasiñe [b.a.a] inquieto, intranquilo, ligero",de sueño,22,36,2,ZAPOTECO_ESPAÑOL,BIB003_PICKETT_VOCABULARIO,2007_FIFTH_ELECTRONIC,2013_FIFTH_ELECTRONIC_SECOND_VERSION,DOCUMENTED_UNICODE_RECONCILIATION_NOT_BYTE_EXTRACTED_2013,JUCHITAN_HISTORICAL_SOURCE,STRUCTURED_BACKFILL_V0_1
PICKETT-ZE-1042,nasisi,nasisi,nasisi,nasisi,"[""nasisi""]",ENTRY,,,,"liviano, ligero","nasisi liviano, ligero",,22,36,2,ZAPOTECO_ESPAÑOL,BIB003_PICKETT_VOCABULARIO,2007_FIFTH_ELECTRONIC,2013_FIFTH_ELECTRONIC_SECOND_VERSION,DOCUMENTED_UNICODE_RECONCILIATION_NOT_BYTE_EXTRACTED_2013,JUCHITAN_HISTORICAL_SOURCE,STRUCTURED_BACKFILL_V0_1
PICKETT-ZE-1043,nasoo,nasoo,nasoo,nasoo,"[""nasoo""]",ENTRY,,,,alto,nasoo alto,,22,36,2,ZAPOTECO_ESPAÑOL,BIB003_PICKETT_VOCABULARIO,2007_FIFTH_ELECTRONIC,2013_FIFTH_ELECTRONIC_SECOND_VERSION,DOCUMENTED_UNICODE_RECONCILIATION_NOT_BYTE_EXTRACTED_2013,JUCHITAN_HISTORICAL_SOURCE,STRUCTURED_BACKFILL_V0_1
PICKETT-ZE-1044,nasoo mbaaya,nasoo mbaaya,nasoo mbaaya,nasoo mbaaya,"[""nasoo mbaaya""]",SUBENTRY,nasoo,,,alto y delgado,nasoo mbaaya [b-a] alto y delgado,,22,36,2,ZAPOTECO_ESPAÑOL,BIB003_PICKETT_VOCABULARIO,2007_FIFTH_ELECTRONIC,2013_FIFTH_ELECTRONIC_SECOND_VERSION,DOCUMENTED_UNICODE_RECONCILIATION_NOT_BYTE_EXTRACTED_2013,JUCHITAN_HISTORICAL_SOURCE,STRUCTURED_BACKFILL_V0_1
PICKETT-ZE-1045,nastrooco’,nastrooco’,nastroocoꞌ,nastroocoꞌ,"[""nastroocoꞌ""]",ENTRY,,,,muy espeso,nastrooco’ muy espeso,,22,36,2,ZAPOTECO_ESPAÑOL,BIB003_PICKETT_VOCABULARIO,2007_FIFTH_ELECTRONIC,2013_FIFTH_ELECTRONIC_SECOND_VERSION,DOCUMENTED_UNICODE_RECONCILIATION_NOT_BYTE_EXTRACTED_2013,JUCHITAN_HISTORICAL_SOURCE,STRUCTURED_BACKFILL_V0_1
PICKETT-ZE-1046,nasú,nasú,nasú,nasú,"[""nasú""]",ENTRY,,,,hondo (olla o canasta),nasú hondo (olla o canasta),,22,36,2,ZAPOTECO_ESPAÑOL,BIB003_PICKETT_VOCABULARIO,2007_FIFTH_ELECTRONIC,2013_FIFTH_ELECTRONIC_SECOND_VERSION,DOCUMENTED_UNICODE_RECONCILIATION_NOT_BYTE_EXTRACTED_2013,JUCHITAN_HISTORICAL_SOURCE,STRUCTURED_BACKFILL_V0_1
PICKETT-ZE-1047,nataaba’,nataaba’,nataabaꞌ,nataabaꞌ,"[""nataabaꞌ""]",ENTRY,,,,"abollado, aplastado","nataaba’ abollado, aplastado",,22,36,2,ZAPOTECO_ESPAÑOL,BIB003_PICKETT_VOCABULARIO,2007_FIFTH_ELECTRONIC,2013_FIFTH_ELECTRONIC_SECOND_VERSION,DOCUMENTED_UNICODE_RECONCILIATION_NOT_BYTE_EXTRACTED_2013,JUCHITAN_HISTORICAL_SOURCE,STRUCTURED_BACKFILL_V0_1
PICKETT-ZE-1048,nataadxi’,nataadxi’,nataadxiꞌ,nataadxiꞌ,"[""nataadxiꞌ""]",ENTRY,,,,aplastado,nataadxi’ aplastado,,22,36,2,ZAPOTECO_ESPAÑOL,BIB003_PICKETT_VOCABULARIO,2007_FIFTH_ELECTRONIC,2013_FIFTH_ELECTRONIC_SECOND_VERSION,DOCUMENTED_UNICODE_RECONCILIATION_NOT_BYTE_EXTRACTED_2013,JUCHITAN_HISTORICAL_SOURCE,STRUCTURED_BACKFILL_V0_1
PICKETT-ZE-1049,nataala,nataala,nataala,nataala,"[""nataala""]",ENTRY,,,[b.b.a],"débil de los pies, sin resistencia","nataala [b.b.a] débil de los pies, sin",resistencia,22,36,2,ZAPOTECO_ESPAÑOL,BIB003_PICKETT_VOCABULARIO,2007_FIFTH_ELECTRONIC,2013_FIFTH_ELECTRONIC_SECOND_VERSION,DOCUMENTED_UNICODE_RECONCILIATION_NOT_BYTE_EXTRACTED_2013,JUCHITAN_HISTORICAL_SOURCE,STRUCTURED_BACKFILL_V0_1
PICKETT-ZE-1050,"nataata’, nachaacha’","nataata’, nachaacha’","nataataꞌ, nachaachaꞌ",nataataꞌ,"[""nataataꞌ"", ""nachaachaꞌ""]",ENTRY,,,,flojo (cosa),"nataata’, nachaacha’ flojo (cosa)",,22,36,2,ZAPOTECO_ESPAÑOL,BIB003_PICKETT_VOCABULARIO,2007_FIFTH_ELECTRONIC,2013_FIFTH_ELECTRONIC_SECOND_VERSION,DOCUMENTED_UNICODE_RECONCILIATION_NOT_BYTE_EXTRACTED_2013,JUCHITAN_HISTORICAL_SOURCE,STRUCTURED_BACKFILL_V0_1
PICKETT-ZE-1051,naté,naté,naté,naté,"[""naté""]",ENTRY,,,,"descolorido, despintado","naté descolorido, despintado",,22,36,2,ZAPOTECO_ESPAÑOL,BIB003_PICKETT_VOCABULARIO,2007_FIFTH_ELECTRONIC,2013_FIFTH_ELECTRONIC_SECOND_VERSION,DOCUMENTED_UNICODE_RECONCILIATION_NOT_BYTE_EXTRACTED_2013,JUCHITAN_HISTORICAL_SOURCE,STRUCTURED_BACKFILL_V0_1
PICKETT-ZE-1052,nateede,nateede,nateede,nateede,"[""nateede""]",ENTRY,,,[b.b.a],"arrugado, delgado, flaco, débil, fruta enjuta","nateede [b.b.a] arrugado, delgado, flaco,","débil, fruta enjuta",22,36,2,ZAPOTECO_ESPAÑOL,BIB003_PICKETT_VOCABULARIO,2007_FIFTH_ELECTRONIC,2013_FIFTH_ELECTRONIC_SECOND_VERSION,DOCUMENTED_UNICODE_RECONCILIATION_NOT_BYTE_EXTRACTED_2013,JUCHITAN_HISTORICAL_SOURCE,STRUCTURED_BACKFILL_V0_1
PICKETT-ZE-1053,natende,natende,natende,natende,"[""natende""]",ENTRY,,,[b.b.a],"débil, enclenque","natende [b.b.a] débil, enclenque",,22,36,2,ZAPOTECO_ESPAÑOL,BIB003_PICKETT_VOCABULARIO,2007_FIFTH_ELECTRONIC,2013_FIFTH_ELECTRONIC_SECOND_VERSION,DOCUMENTED_UNICODE_RECONCILIATION_NOT_BYTE_EXTRACTED_2013,JUCHITAN_HISTORICAL_SOURCE,STRUCTURED_BACKFILL_V0_1
PICKETT-ZE-1054,natíbita,natíbita,natíbita,natíbita,"[""natíbita""]",ENTRY,,,[b.a.b.b],septiembre,natíbita [b.a.b.b] septiembre,,22,36,2,ZAPOTECO_ESPAÑOL,BIB003_PICKETT_VOCABULARIO,2007_FIFTH_ELECTRONIC,2013_FIFTH_ELECTRONIC_SECOND_VERSION,DOCUMENTED_UNICODE_RECONCILIATION_NOT_BYTE_EXTRACTED_2013,JUCHITAN_HISTORICAL_SOURCE,STRUCTURED_BACKFILL_V0_1
PICKETT-ZE-1055,natigu,natigu,natigu,natigu,"[""natigu""]",ENTRY,,,,jorobado,natigu jorobado,,22,36,2,ZAPOTECO_ESPAÑOL,BIB003_PICKETT_VOCABULARIO,2007_FIFTH_ELECTRONIC,2013_FIFTH_ELECTRONIC_SECOND_VERSION,DOCUMENTED_UNICODE_RECONCILIATION_NOT_BYTE_EXTRACTED_2013,JUCHITAN_HISTORICAL_SOURCE,STRUCTURED_BACKFILL_V0_1
PICKETT-ZE-1056,natipi,natipi,natipi,natipi,"[""natipi""]",ENTRY,,,,corto,natipi corto,,22,36,2,ZAPOTECO_ESPAÑOL,BIB003_PICKETT_VOCABULARIO,2007_FIFTH_ELECTRONIC,2013_FIFTH_ELECTRONIC_SECOND_VERSION,DOCUMENTED_UNICODE_RECONCILIATION_NOT_BYTE_EXTRACTED_2013,JUCHITAN_HISTORICAL_SOURCE,STRUCTURED_BACKFILL_V0_1
PICKETT-ZE-1057,natiti,natiti,natiti,natiti,"[""natiti""]",ENTRY,,,[b.b.a],"tembloroso, débil","natiti [b.b.a] tembloroso, débil",,22,36,2,ZAPOTECO_ESPAÑOL,BIB003_PICKETT_VOCABULARIO,2007_FIFTH_ELECTRONIC,2013_FIFTH_ELECTRONIC_SECOND_VERSION,DOCUMENTED_UNICODE_RECONCILIATION_NOT_BYTE_EXTRACTED_2013,JUCHITAN_HISTORICAL_SOURCE,STRUCTURED_BACKFILL_V0_1
PICKETT-ZE-1058,natoope,natoope,natoope,natoope,"[""natoope""]",ENTRY,,,[b.b.a],canoso,natoope [b.b.a] canoso,,22,36,2,ZAPOTECO_ESPAÑOL,BIB003_PICKETT_VOCABULARIO,2007_FIFTH_ELECTRONIC,2013_FIFTH_ELECTRONIC_SECOND_VERSION,DOCUMENTED_UNICODE_RECONCILIATION_NOT_BYTE_EXTRACTED_2013,JUCHITAN_HISTORICAL_SOURCE,STRUCTURED_BACKFILL_V0_1
PICKETT-ZE-1059,natuucha’,natuucha’,natuuchaꞌ,natuuchaꞌ,"[""natuuchaꞌ""]",ENTRY,,,,despeinado,natuucha’ despeinado,,22,36,2,ZAPOTECO_ESPAÑOL,BIB003_PICKETT_VOCABULARIO,2007_FIFTH_ELECTRONIC,2013_FIFTH_ELECTRONIC_SECOND_VERSION,DOCUMENTED_UNICODE_RECONCILIATION_NOT_BYTE_EXTRACTED_2013,JUCHITAN_HISTORICAL_SOURCE,STRUCTURED_BACKFILL_V0_1
PICKETT-ZE-1060,natuí lú,natuí lú,natuí lú,natuí lú,"[""natuí lú""]",ENTRY,,,[b.a-al],vergonzoso,natuí lú [b.a-al] vergonzoso,,22,36,2,ZAPOTECO_ESPAÑOL,BIB003_PICKETT_VOCABULARIO,2007_FIFTH_ELECTRONIC,2013_FIFTH_ELECTRONIC_SECOND_VERSION,DOCUMENTED_UNICODE_RECONCILIATION_NOT_BYTE_EXTRACTED_2013,JUCHITAN_HISTORICAL_SOURCE,STRUCTURED_BACKFILL_V0_1
PICKETT-ZE-1061,natuumbu’,natuumbu’,natuumbuꞌ,natuumbuꞌ,"[""natuumbuꞌ""]",ENTRY,,,,"sin filo, romo, embotado","natuumbu’ sin filo, romo, embotado",,22,36,2,ZAPOTECO_ESPAÑOL,BIB003_PICKETT_VOCABULARIO,2007_FIFTH_ELECTRONIC,2013_FIFTH_ELECTRONIC_SECOND_VERSION,DOCUMENTED_UNICODE_RECONCILIATION_NOT_BYTE_EXTRACTED_2013,JUCHITAN_HISTORICAL_SOURCE,STRUCTURED_BACKFILL_V0_1
PICKETT-ZE-1062,naxada,naxada,naxada,naxada,"[""naxada""]",ENTRY,,,[b.al.b],"chaparro, bajo (personas o árboles)","naxada [b.al.b] chaparro, bajo (personas o",árboles),22,36,2,ZAPOTECO_ESPAÑOL,BIB003_PICKETT_VOCABULARIO,2007_FIFTH_ELECTRONIC,2013_FIFTH_ELECTRONIC_SECOND_VERSION,DOCUMENTED_UNICODE_RECONCILIATION_NOT_BYTE_EXTRACTED_2013,JUCHITAN_HISTORICAL_SOURCE,STRUCTURED_BACKFILL_V0_1
PICKETT-ZE-1063,"naxaœe’, naxeœe’","naxaḻe’, naxeḻe’","naxaḻeꞌ, naxeḻeꞌ",naxaḻeꞌ,"[""naxaḻeꞌ"", ""naxeḻeꞌ""]",ENTRY,,,[b.b.al],abierto,"naxaœe’, naxeœe’ [b.b.al] abierto",,22,36,2,ZAPOTECO_ESPAÑOL,BIB003_PICKETT_VOCABULARIO,2007_FIFTH_ELECTRONIC,2013_FIFTH_ELECTRONIC_SECOND_VERSION,DOCUMENTED_UNICODE_RECONCILIATION_NOT_BYTE_EXTRACTED_2013,JUCHITAN_HISTORICAL_SOURCE,STRUCTURED_BACKFILL_V0_1
PICKETT-ZE-1064,naxí,naxí,naxí,naxí,"[""naxí""]",ENTRY,,,,salado,naxí salado,,22,36,2,ZAPOTECO_ESPAÑOL,BIB003_PICKETT_VOCABULARIO,2007_FIFTH_ELECTRONIC,2013_FIFTH_ELECTRONIC_SECOND_VERSION,DOCUMENTED_UNICODE_RECONCILIATION_NOT_BYTE_EXTRACTED_2013,JUCHITAN_HISTORICAL_SOURCE,STRUCTURED_BACKFILL_V0_1
PICKETT-ZE-1065,naxiaa,naxiaa,naxiaa,naxiaa,"[""naxiaa""]",ENTRY,,,[b.a],"esponjado, esponjoso","naxiaa [b.a] esponjado, esponjoso",,22,36,2,ZAPOTECO_ESPAÑOL,BIB003_PICKETT_VOCABULARIO,2007_FIFTH_ELECTRONIC,2013_FIFTH_ELECTRONIC_SECOND_VERSION,DOCUMENTED_UNICODE_RECONCILIATION_NOT_BYTE_EXTRACTED_2013,JUCHITAN_HISTORICAL_SOURCE,STRUCTURED_BACKFILL_V0_1
PICKETT-ZE-1066,naxiñá’,naxiñá’,naxiñáꞌ,naxiñáꞌ,"[""naxiñáꞌ""]",ENTRY,,,[b.b.a],rojo,naxiñá’ [b.b.a] rojo,,22,36,2,ZAPOTECO_ESPAÑOL,BIB003_PICKETT_VOCABULARIO,2007_FIFTH_ELECTRONIC,2013_FIFTH_ELECTRONIC_SECOND_VERSION,DOCUMENTED_UNICODE_RECONCILIATION_NOT_BYTE_EXTRACTED_2013,JUCHITAN_HISTORICAL_SOURCE,STRUCTURED_BACKFILL_V0_1
PICKETT-ZE-1067,naxoo,naxoo,naxoo,naxoo,"[""naxoo""]",ENTRY,,,,"peligroso, serio, grave","naxoo peligroso, serio, grave",,22,36,2,ZAPOTECO_ESPAÑOL,BIB003_PICKETT_VOCABULARIO,2007_FIFTH_ELECTRONIC,2013_FIFTH_ELECTRONIC_SECOND_VERSION,DOCUMENTED_UNICODE_RECONCILIATION_NOT_BYTE_EXTRACTED_2013,JUCHITAN_HISTORICAL_SOURCE,STRUCTURED_BACKFILL_V0_1
PICKETT-ZE-1068,naxoca,naxoca,naxoca,naxoca,"[""naxoca""]",ENTRY,,,,cacarizo,naxoca cacarizo,,22,36,2,ZAPOTECO_ESPAÑOL,BIB003_PICKETT_VOCABULARIO,2007_FIFTH_ELECTRONIC,2013_FIFTH_ELECTRONIC_SECOND_VERSION,DOCUMENTED_UNICODE_RECONCILIATION_NOT_BYTE_EXTRACTED_2013,JUCHITAN_HISTORICAL_SOURCE,STRUCTURED_BACKFILL_V0_1
PICKETT-ZE-1069,naxqueze’,naxqueze’,naxquezeꞌ,naxquezeꞌ,"[""naxquezeꞌ""]",ENTRY,,,[b.b.al],"carraspera, garraspera, no respirar bien (cuando empieza un catarro)","naxqueze’ [b.b.al] carraspera, garraspera,",no respirar bien (cuando empieza un catarro),22,36,2,ZAPOTECO_ESPAÑOL,BIB003_PICKETT_VOCABULARIO,2007_FIFTH_ELECTRONIC,2013_FIFTH_ELECTRONIC_SECOND_VERSION,DOCUMENTED_UNICODE_RECONCILIATION_NOT_BYTE_EXTRACTED_2013,JUCHITAN_HISTORICAL_SOURCE,STRUCTURED_BACKFILL_V0_1
PICKETT-ZE-1070,naxubi,naxubi,naxubi,naxubi,"[""naxubi""]",ENTRY,,,,chueco,naxubi chueco,,22,36,2,ZAPOTECO_ESPAÑOL,BIB003_PICKETT_VOCABULARIO,2007_FIFTH_ELECTRONIC,2013_FIFTH_ELECTRONIC_SECOND_VERSION,DOCUMENTED_UNICODE_RECONCILIATION_NOT_BYTE_EXTRACTED_2013,JUCHITAN_HISTORICAL_SOURCE,STRUCTURED_BACKFILL_V0_1
PICKETT-ZE-1071,naxudxi,naxudxi,naxudxi,naxudxi,"[""naxudxi""]",ENTRY,,,[b.b.a],borracho,naxudxi [b.b.a] borracho,,22,36,2,ZAPOTECO_ESPAÑOL,BIB003_PICKETT_VOCABULARIO,2007_FIFTH_ELECTRONIC,2013_FIFTH_ELECTRONIC_SECOND_VERSION,DOCUMENTED_UNICODE_RECONCILIATION_NOT_BYTE_EXTRACTED_2013,JUCHITAN_HISTORICAL_SOURCE,STRUCTURED_BACKFILL_V0_1
PICKETT-ZE-1072,naxhacu,naxhacu,naxhacu,naxhacu,"[""naxhacu""]",ENTRY,,,[b.a.b],"cacarizo, áspero","naxhacu [b.a.b] cacarizo, áspero",,22,36,2,ZAPOTECO_ESPAÑOL,BIB003_PICKETT_VOCABULARIO,2007_FIFTH_ELECTRONIC,2013_FIFTH_ELECTRONIC_SECOND_VERSION,DOCUMENTED_UNICODE_RECONCILIATION_NOT_BYTE_EXTRACTED_2013,JUCHITAN_HISTORICAL_SOURCE,STRUCTURED_BACKFILL_V0_1
PICKETT-ZE-1073,naxheta,naxheta,naxheta,naxheta,"[""naxheta""]",ENTRY,,,,"tosco, no fino, áspero, corriente (fibra o superficie); brusco","naxheta tosco, no fino, áspero, corriente",(fibra o superficie); brusco,22,36,2,ZAPOTECO_ESPAÑOL,BIB003_PICKETT_VOCABULARIO,2007_FIFTH_ELECTRONIC,2013_FIFTH_ELECTRONIC_SECOND_VERSION,DOCUMENTED_UNICODE_RECONCILIATION_NOT_BYTE_EXTRACTED_2013,JUCHITAN_HISTORICAL_SOURCE,STRUCTURED_BACKFILL_V0_1
PICKETT-ZE-1074,naxhii,naxhii,naxhii,naxhii,"[""naxhii""]",ENTRY,,,,"boscoso, tupido","naxhii boscoso, tupido",,22,36,2,ZAPOTECO_ESPAÑOL,BIB003_PICKETT_VOCABULARIO,2007_FIFTH_ELECTRONIC,2013_FIFTH_ELECTRONIC_SECOND_VERSION,DOCUMENTED_UNICODE_RECONCILIATION_NOT_BYTE_EXTRACTED_2013,JUCHITAN_HISTORICAL_SOURCE,STRUCTURED_BACKFILL_V0_1
PICKETT-ZE-1075,naxhiá ruaa,naxhiá ruaa,naxhiá ruaa,naxhiá ruaa,"[""naxhiá ruaa""]",ENTRY,,,[b-al],risueño,naxhiá ruaa [b-al] risueño,,22,36,2,ZAPOTECO_ESPAÑOL,BIB003_PICKETT_VOCABULARIO,2007_FIFTH_ELECTRONIC,2013_FIFTH_ELECTRONIC_SECOND_VERSION,DOCUMENTED_UNICODE_RECONCILIATION_NOT_BYTE_EXTRACTED_2013,JUCHITAN_HISTORICAL_SOURCE,STRUCTURED_BACKFILL_V0_1
PICKETT-ZE-1076,naxhoca,naxhoca,naxhoca,naxhoca,"[""naxhoca""]",ENTRY,,,,cacarizo,naxhoca cacarizo,,22,36,2,ZAPOTECO_ESPAÑOL,BIB003_PICKETT_VOCABULARIO,2007_FIFTH_ELECTRONIC,2013_FIFTH_ELECTRONIC_SECOND_VERSION,DOCUMENTED_UNICODE_RECONCILIATION_NOT_BYTE_EXTRACTED_2013,JUCHITAN_HISTORICAL_SOURCE,STRUCTURED_BACKFILL_V0_1
PICKETT-ZE-1077,naxhoñe,naxhoñe,naxhoñe,naxhoñe,"[""naxhoñe""]",ENTRY,,,[b.b.a],"áspero, disparejo al tacto (superficie)","naxhoñe [b.b.a] áspero, disparejo al tacto",(superficie),23,37,1,ZAPOTECO_ESPAÑOL,BIB003_PICKETT_VOCABULARIO,2007_FIFTH_ELECTRONIC,2013_FIFTH_ELECTRONIC_SECOND_VERSION,DOCUMENTED_UNICODE_RECONCILIATION_NOT_BYTE_EXTRACTED_2013,JUCHITAN_HISTORICAL_SOURCE,STRUCTURED_BACKFILL_V0_1
PICKETT-ZE-1078,naxhuuni’,naxhuuni’,naxhuuniꞌ,naxhuuniꞌ,"[""naxhuuniꞌ""]",ENTRY,,,,"deformado de los pies, encimado","naxhuuni’ deformado de los pies,",encimado,23,37,1,ZAPOTECO_ESPAÑOL,BIB003_PICKETT_VOCABULARIO,2007_FIFTH_ELECTRONIC,2013_FIFTH_ELECTRONIC_SECOND_VERSION,DOCUMENTED_UNICODE_RECONCILIATION_NOT_BYTE_EXTRACTED_2013,JUCHITAN_HISTORICAL_SOURCE,STRUCTURED_BACKFILL_V0_1
PICKETT-ZE-1079,naxhuxhu,naxhuxhu,naxhuxhu,naxhuxhu,"[""naxhuxhu""]",ENTRY,,,[b.b.a],"quebradizo, tostado","naxhuxhu [b.b.a] quebradizo, tostado",,23,37,1,ZAPOTECO_ESPAÑOL,BIB003_PICKETT_VOCABULARIO,2007_FIFTH_ELECTRONIC,2013_FIFTH_ELECTRONIC_SECOND_VERSION,DOCUMENTED_UNICODE_RECONCILIATION_NOT_BYTE_EXTRACTED_2013,JUCHITAN_HISTORICAL_SOURCE,STRUCTURED_BACKFILL_V0_1
PICKETT-ZE-1080,nayá,nayá,nayá,nayá,"[""nayá""]",ENTRY,,,[b.a],limpio; medio pasado (huevos),nayá [b.a] limpio; medio pasado (huevos),,23,37,1,ZAPOTECO_ESPAÑOL,BIB003_PICKETT_VOCABULARIO,2007_FIFTH_ELECTRONIC,2013_FIFTH_ELECTRONIC_SECOND_VERSION,DOCUMENTED_UNICODE_RECONCILIATION_NOT_BYTE_EXTRACTED_2013,JUCHITAN_HISTORICAL_SOURCE,STRUCTURED_BACKFILL_V0_1
PICKETT-ZE-1081,nayá guie’,nayá guie’,nayá guieꞌ,nayá guieꞌ,"[""nayá guieꞌ""]",SUBENTRY,nayá,,,"muy limpio, limpiecito","nayá guie’ [b-al] muy limpio,",limpiecito,23,37,1,ZAPOTECO_ESPAÑOL,BIB003_PICKETT_VOCABULARIO,2007_FIFTH_ELECTRONIC,2013_FIFTH_ELECTRONIC_SECOND_VERSION,DOCUMENTED_UNICODE_RECONCILIATION_NOT_BYTE_EXTRACTED_2013,JUCHITAN_HISTORICAL_SOURCE,STRUCTURED_BACKFILL_V0_1
PICKETT-ZE-1082,nayá’,nayá’,nayáꞌ,nayáꞌ,"[""nayáꞌ""]",ENTRY,,,[b.a],"soberbio, esquivo, malhumorado","nayá’ [b.a] soberbio, esquivo,",malhumorado,23,37,1,ZAPOTECO_ESPAÑOL,BIB003_PICKETT_VOCABULARIO,2007_FIFTH_ELECTRONIC,2013_FIFTH_ELECTRONIC_SECOND_VERSION,DOCUMENTED_UNICODE_RECONCILIATION_NOT_BYTE_EXTRACTED_2013,JUCHITAN_HISTORICAL_SOURCE,STRUCTURED_BACKFILL_V0_1
PICKETT-ZE-1083,nayaa,nayaa,nayaa,nayaa,"[""nayaa""]",ENTRY,,,,"crudo, fresco; verde, no maduro","nayaa crudo, fresco; verde, no maduro",,23,37,1,ZAPOTECO_ESPAÑOL,BIB003_PICKETT_VOCABULARIO,2007_FIFTH_ELECTRONIC,2013_FIFTH_ELECTRONIC_SECOND_VERSION,DOCUMENTED_UNICODE_RECONCILIATION_NOT_BYTE_EXTRACTED_2013,JUCHITAN_HISTORICAL_SOURCE,STRUCTURED_BACKFILL_V0_1
PICKETT-ZE-1084,nayaabi’,nayaabi’,nayaabiꞌ,nayaabiꞌ,"[""nayaabiꞌ""]",ENTRY,,,,"gastado, carcomido, de poca resistencia, frágil; debilitado (por ej.: ropa o madera)","nayaabi’ gastado, carcomido, de poca","resistencia, frágil; debilitado (por ej.: ropa o madera)",23,37,1,ZAPOTECO_ESPAÑOL,BIB003_PICKETT_VOCABULARIO,2007_FIFTH_ELECTRONIC,2013_FIFTH_ELECTRONIC_SECOND_VERSION,DOCUMENTED_UNICODE_RECONCILIATION_NOT_BYTE_EXTRACTED_2013,JUCHITAN_HISTORICAL_SOURCE,STRUCTURED_BACKFILL_V0_1
PICKETT-ZE-1085,nayache,nayache,nayache,nayache,"[""nayache""]",ENTRY,,,,quebrado,nayache quebrado,,23,37,1,ZAPOTECO_ESPAÑOL,BIB003_PICKETT_VOCABULARIO,2007_FIFTH_ELECTRONIC,2013_FIFTH_ELECTRONIC_SECOND_VERSION,DOCUMENTED_UNICODE_RECONCILIATION_NOT_BYTE_EXTRACTED_2013,JUCHITAN_HISTORICAL_SOURCE,STRUCTURED_BACKFILL_V0_1
PICKETT-ZE-1086,nayaagui’,nayaagui’,nayaaguiꞌ,nayaaguiꞌ,"[""nayaaguiꞌ""]",ENTRY,,,,"sin carácter, callado, indeciso","nayaagui’ sin carácter, callado, indeciso",,23,37,1,ZAPOTECO_ESPAÑOL,BIB003_PICKETT_VOCABULARIO,2007_FIFTH_ELECTRONIC,2013_FIFTH_ELECTRONIC_SECOND_VERSION,DOCUMENTED_UNICODE_RECONCILIATION_NOT_BYTE_EXTRACTED_2013,JUCHITAN_HISTORICAL_SOURCE,STRUCTURED_BACKFILL_V0_1
PICKETT-ZE-1087,nayaahui,nayaahui,nayaahui,nayaahui,"[""nayaahui""]",ENTRY,,,[b.a.a],chistoso,nayaahui [b.a.a] chistoso,,23,37,1,ZAPOTECO_ESPAÑOL,BIB003_PICKETT_VOCABULARIO,2007_FIFTH_ELECTRONIC,2013_FIFTH_ELECTRONIC_SECOND_VERSION,DOCUMENTED_UNICODE_RECONCILIATION_NOT_BYTE_EXTRACTED_2013,JUCHITAN_HISTORICAL_SOURCE,STRUCTURED_BACKFILL_V0_1
PICKETT-ZE-1088,nayaala,nayaala,nayaala,nayaala,"[""nayaala""]",ENTRY,,,[b.b.a],elástico,nayaala [b.b.a] elástico,,23,37,1,ZAPOTECO_ESPAÑOL,BIB003_PICKETT_VOCABULARIO,2007_FIFTH_ELECTRONIC,2013_FIFTH_ELECTRONIC_SECOND_VERSION,DOCUMENTED_UNICODE_RECONCILIATION_NOT_BYTE_EXTRACTED_2013,JUCHITAN_HISTORICAL_SOURCE,STRUCTURED_BACKFILL_V0_1
PICKETT-ZE-1089,nayana’,nayana’,nayanaꞌ,nayanaꞌ,"[""nayanaꞌ""]",ENTRY,,,[b.b.al],"picante, picar","nayana’ [b.b.al] picante, picar",,23,37,1,ZAPOTECO_ESPAÑOL,BIB003_PICKETT_VOCABULARIO,2007_FIFTH_ELECTRONIC,2013_FIFTH_ELECTRONIC_SECOND_VERSION,DOCUMENTED_UNICODE_RECONCILIATION_NOT_BYTE_EXTRACTED_2013,JUCHITAN_HISTORICAL_SOURCE,STRUCTURED_BACKFILL_V0_1
PICKETT-ZE-1090,nayanda,nayanda,nayanda,nayanda,"[""nayanda""]",ENTRY,,,,"una temperatura que no es la esperada (enfriada, cuando se trata de una comida, o al tiempo, cuando se trata de un refresco)",nayanda una temperatura que no es la,"esperada (enfriada, cuando se trata de una comida, o al tiempo, cuando se trata de un refresco)",23,37,1,ZAPOTECO_ESPAÑOL,BIB003_PICKETT_VOCABULARIO,2007_FIFTH_ELECTRONIC,2013_FIFTH_ELECTRONIC_SECOND_VERSION,DOCUMENTED_UNICODE_RECONCILIATION_NOT_BYTE_EXTRACTED_2013,JUCHITAN_HISTORICAL_SOURCE,STRUCTURED_BACKFILL_V0_1
PICKETT-ZE-1091,naya’nda ique,naya’nda ique,nayaꞌnda ique,nayaꞌnda ique,"[""nayaꞌnda ique""]",ENTRY,,,[b.al.b-b],olvidadizo,naya’nda ique [b.al.b-b] olvidadizo,,23,37,1,ZAPOTECO_ESPAÑOL,BIB003_PICKETT_VOCABULARIO,2007_FIFTH_ELECTRONIC,2013_FIFTH_ELECTRONIC_SECOND_VERSION,DOCUMENTED_UNICODE_RECONCILIATION_NOT_BYTE_EXTRACTED_2013,JUCHITAN_HISTORICAL_SOURCE,STRUCTURED_BACKFILL_V0_1
PICKETT-ZE-1092,nayaande lú,nayaande lú,nayaande lú,nayaande lú,"[""nayaande lú""]",ENTRY,,,[b-al],tener los ojos saltones,nayaande lú [b-al] tener los ojos saltones,,23,37,1,ZAPOTECO_ESPAÑOL,BIB003_PICKETT_VOCABULARIO,2007_FIFTH_ELECTRONIC,2013_FIFTH_ELECTRONIC_SECOND_VERSION,DOCUMENTED_UNICODE_RECONCILIATION_NOT_BYTE_EXTRACTED_2013,JUCHITAN_HISTORICAL_SOURCE,STRUCTURED_BACKFILL_V0_1
PICKETT-ZE-1093,naya’ni’,naya’ni’,nayaꞌniꞌ,nayaꞌniꞌ,"[""nayaꞌniꞌ""]",ENTRY,,,[b.al.b],"claro, despejado","naya’ni’ [b.al.b] claro, despejado",,23,37,1,ZAPOTECO_ESPAÑOL,BIB003_PICKETT_VOCABULARIO,2007_FIFTH_ELECTRONIC,2013_FIFTH_ELECTRONIC_SECOND_VERSION,DOCUMENTED_UNICODE_RECONCILIATION_NOT_BYTE_EXTRACTED_2013,JUCHITAN_HISTORICAL_SOURCE,STRUCTURED_BACKFILL_V0_1
PICKETT-ZE-1094,naya’ni dxindxi,naya’ni dxindxi,nayaꞌni dxindxi,nayaꞌni dxindxi,"[""nayaꞌni dxindxi""]",SUBENTRY,nayaꞌniꞌ,,,"clarísimo, claro","naya’ni dxindxi [b.al.b-b.a] clarísimo,",claro,23,37,1,ZAPOTECO_ESPAÑOL,BIB003_PICKETT_VOCABULARIO,2007_FIFTH_ELECTRONIC,2013_FIFTH_ELECTRONIC_SECOND_VERSION,DOCUMENTED_UNICODE_RECONCILIATION_NOT_BYTE_EXTRACTED_2013,JUCHITAN_HISTORICAL_SOURCE,STRUCTURED_BACKFILL_V0_1
PICKETT-ZE-1095,naya’qui’,naya’qui’,nayaꞌquiꞌ,nayaꞌquiꞌ,"[""nayaꞌquiꞌ""]",ENTRY,,,,quemado,naya’qui’ quemado,,23,37,1,ZAPOTECO_ESPAÑOL,BIB003_PICKETT_VOCABULARIO,2007_FIFTH_ELECTRONIC,2013_FIFTH_ELECTRONIC_SECOND_VERSION,DOCUMENTED_UNICODE_RECONCILIATION_NOT_BYTE_EXTRACTED_2013,JUCHITAN_HISTORICAL_SOURCE,STRUCTURED_BACKFILL_V0_1
PICKETT-ZE-1096,nayaase’,nayaase’,nayaaseꞌ,nayaaseꞌ,"[""nayaaseꞌ""]",ENTRY,,,,"negro (cosa o persona); moreno, prieto (persona)","nayaase’ negro (cosa o persona); moreno,",prieto (persona),23,37,1,ZAPOTECO_ESPAÑOL,BIB003_PICKETT_VOCABULARIO,2007_FIFTH_ELECTRONIC,2013_FIFTH_ELECTRONIC_SECOND_VERSION,DOCUMENTED_UNICODE_RECONCILIATION_NOT_BYTE_EXTRACTED_2013,JUCHITAN_HISTORICAL_SOURCE,STRUCTURED_BACKFILL_V0_1
PICKETT-ZE-1097,nayaya,nayaya,nayaya,nayaya,"[""nayaya""]",ENTRY,,,[b.b.a],desmoronadizo,nayaya [b.b.a] desmoronadizo,,23,37,1,ZAPOTECO_ESPAÑOL,BIB003_PICKETT_VOCABULARIO,2007_FIFTH_ELECTRONIC,2013_FIFTH_ELECTRONIC_SECOND_VERSION,DOCUMENTED_UNICODE_RECONCILIATION_NOT_BYTE_EXTRACTED_2013,JUCHITAN_HISTORICAL_SOURCE,STRUCTURED_BACKFILL_V0_1
PICKETT-ZE-1098,nayeche’,nayeche’,nayecheꞌ,nayecheꞌ,"[""nayecheꞌ""]",ENTRY,,,[b.b.al],"alegre, contento","nayeche’ [b.b.al] alegre, contento",,23,37,1,ZAPOTECO_ESPAÑOL,BIB003_PICKETT_VOCABULARIO,2007_FIFTH_ELECTRONIC,2013_FIFTH_ELECTRONIC_SECOND_VERSION,DOCUMENTED_UNICODE_RECONCILIATION_NOT_BYTE_EXTRACTED_2013,JUCHITAN_HISTORICAL_SOURCE,STRUCTURED_BACKFILL_V0_1
PICKETT-ZE-1099,nayeœe’,nayeḻe’,nayeḻeꞌ,nayeḻeꞌ,"[""nayeḻeꞌ""]",ENTRY,,,[b.b.al],abierto,nayeœe’ [b.b.al] abierto,,23,37,1,ZAPOTECO_ESPAÑOL,BIB003_PICKETT_VOCABULARIO,2007_FIFTH_ELECTRONIC,2013_FIFTH_ELECTRONIC_SECOND_VERSION,DOCUMENTED_UNICODE_RECONCILIATION_NOT_BYTE_EXTRACTED_2013,JUCHITAN_HISTORICAL_SOURCE,STRUCTURED_BACKFILL_V0_1
PICKETT-ZE-1100,naye’que’,naye’que’,nayeꞌqueꞌ,nayeꞌqueꞌ,"[""nayeꞌqueꞌ""]",ENTRY,,,[b.al.b],torcido,naye’que’ [b.al.b] torcido,,23,37,1,ZAPOTECO_ESPAÑOL,BIB003_PICKETT_VOCABULARIO,2007_FIFTH_ELECTRONIC,2013_FIFTH_ELECTRONIC_SECOND_VERSION,DOCUMENTED_UNICODE_RECONCILIATION_NOT_BYTE_EXTRACTED_2013,JUCHITAN_HISTORICAL_SOURCE,STRUCTURED_BACKFILL_V0_1
PICKETT-ZE-1101,nayooxho’,nayooxho’,nayooxhoꞌ,nayooxhoꞌ,"[""nayooxhoꞌ""]",ENTRY,,,,"envejecido, viejo (persona, cosa o animal)","nayooxho’ envejecido, viejo (persona,",cosa o animal),23,37,1,ZAPOTECO_ESPAÑOL,BIB003_PICKETT_VOCABULARIO,2007_FIFTH_ELECTRONIC,2013_FIFTH_ELECTRONIC_SECOND_VERSION,DOCUMENTED_UNICODE_RECONCILIATION_NOT_BYTE_EXTRACTED_2013,JUCHITAN_HISTORICAL_SOURCE,STRUCTURED_BACKFILL_V0_1
PICKETT-ZE-1102,nayuu,nayuu,nayuu,nayuu,"[""nayuu""]",ENTRY,,,[b.a],oler a orines; gris,nayuu [b.a] oler a orines; gris,,23,37,1,ZAPOTECO_ESPAÑOL,BIB003_PICKETT_VOCABULARIO,2007_FIFTH_ELECTRONIC,2013_FIFTH_ELECTRONIC_SECOND_VERSION,DOCUMENTED_UNICODE_RECONCILIATION_NOT_BYTE_EXTRACTED_2013,JUCHITAN_HISTORICAL_SOURCE,STRUCTURED_BACKFILL_V0_1
PICKETT-ZE-1103,nayuudxu’,nayuudxu’,nayuudxuꞌ,nayuudxuꞌ,"[""nayuudxuꞌ""]",ENTRY,,,,podrido,nayuudxu’ podrido,,23,37,1,ZAPOTECO_ESPAÑOL,BIB003_PICKETT_VOCABULARIO,2007_FIFTH_ELECTRONIC,2013_FIFTH_ELECTRONIC_SECOND_VERSION,DOCUMENTED_UNICODE_RECONCILIATION_NOT_BYTE_EXTRACTED_2013,JUCHITAN_HISTORICAL_SOURCE,STRUCTURED_BACKFILL_V0_1
PICKETT-ZE-1104,nayu’la’,nayu’la’,nayuꞌlaꞌ,nayuꞌlaꞌ,"[""nayuꞌlaꞌ""]",ENTRY,,,[b.al.b],"largo, alargado","nayu’la’ [b.al.b] largo, alargado",,23,37,1,ZAPOTECO_ESPAÑOL,BIB003_PICKETT_VOCABULARIO,2007_FIFTH_ELECTRONIC,2013_FIFTH_ELECTRONIC_SECOND_VERSION,DOCUMENTED_UNICODE_RECONCILIATION_NOT_BYTE_EXTRACTED_2013,JUCHITAN_HISTORICAL_SOURCE,STRUCTURED_BACKFILL_V0_1
PICKETT-ZE-1105,nayuxe,nayuxe,nayuxe,nayuxe,"[""nayuxe""]",ENTRY,,,,desgastado,nayuxe desgastado,,23,37,1,ZAPOTECO_ESPAÑOL,BIB003_PICKETT_VOCABULARIO,2007_FIFTH_ELECTRONIC,2013_FIFTH_ELECTRONIC_SECOND_VERSION,DOCUMENTED_UNICODE_RECONCILIATION_NOT_BYTE_EXTRACTED_2013,JUCHITAN_HISTORICAL_SOURCE,STRUCTURED_BACKFILL_V0_1
PICKETT-ZE-1106,nayuxi,nayuxi,nayuxi,nayuxi,"[""nayuxi""]",ENTRY,,,,arenoso,nayuxi arenoso,,23,37,1,ZAPOTECO_ESPAÑOL,BIB003_PICKETT_VOCABULARIO,2007_FIFTH_ELECTRONIC,2013_FIFTH_ELECTRONIC_SECOND_VERSION,DOCUMENTED_UNICODE_RECONCILIATION_NOT_BYTE_EXTRACTED_2013,JUCHITAN_HISTORICAL_SOURCE,STRUCTURED_BACKFILL_V0_1
PICKETT-ZE-1107,nazá,nazá,nazá,nazá,"[""nazá""]",ENTRY,,,,grasoso,nazá grasoso,,23,37,1,ZAPOTECO_ESPAÑOL,BIB003_PICKETT_VOCABULARIO,2007_FIFTH_ELECTRONIC,2013_FIFTH_ELECTRONIC_SECOND_VERSION,DOCUMENTED_UNICODE_RECONCILIATION_NOT_BYTE_EXTRACTED_2013,JUCHITAN_HISTORICAL_SOURCE,STRUCTURED_BACKFILL_V0_1
PICKETT-ZE-1108,nazaaca,nazaaca,nazaaca,nazaaca,"[""nazaaca""]",ENTRY,,,[b.b.a],"bien de salud, saludable; íntegro, entero","nazaaca [b.b.a] bien de salud, saludable;","íntegro, entero",23,37,2,ZAPOTECO_ESPAÑOL,BIB003_PICKETT_VOCABULARIO,2007_FIFTH_ELECTRONIC,2013_FIFTH_ELECTRONIC_SECOND_VERSION,DOCUMENTED_UNICODE_RECONCILIATION_NOT_BYTE_EXTRACTED_2013,JUCHITAN_HISTORICAL_SOURCE,STRUCTURED_BACKFILL_V0_1
PICKETT-ZE-1109,nazahui,nazahui,nazahui,nazahui,"[""nazahui""]",ENTRY,,,[b.b.a],"algo negro, oscuro","nazahui [b.b.a] algo negro, oscuro",,23,37,2,ZAPOTECO_ESPAÑOL,BIB003_PICKETT_VOCABULARIO,2007_FIFTH_ELECTRONIC,2013_FIFTH_ELECTRONIC_SECOND_VERSION,DOCUMENTED_UNICODE_RECONCILIATION_NOT_BYTE_EXTRACTED_2013,JUCHITAN_HISTORICAL_SOURCE,STRUCTURED_BACKFILL_V0_1
PICKETT-ZE-1110,naze,naze,naze,naze,"[""naze""]",ENTRY,,,[b.a],"estar lleno de, abundancia de algo","naze [b.a] estar lleno de, abundancia de",algo,23,37,2,ZAPOTECO_ESPAÑOL,BIB003_PICKETT_VOCABULARIO,2007_FIFTH_ELECTRONIC,2013_FIFTH_ELECTRONIC_SECOND_VERSION,DOCUMENTED_UNICODE_RECONCILIATION_NOT_BYTE_EXTRACTED_2013,JUCHITAN_HISTORICAL_SOURCE,STRUCTURED_BACKFILL_V0_1
PICKETT-ZE-1111,naaze,naaze,naaze,naaze,"[""naaze""]",ENTRY,,,[a],"agarrado, tener agarrado","naaze [a] agarrado, tener agarrado",,23,37,2,ZAPOTECO_ESPAÑOL,BIB003_PICKETT_VOCABULARIO,2007_FIFTH_ELECTRONIC,2013_FIFTH_ELECTRONIC_SECOND_VERSION,DOCUMENTED_UNICODE_RECONCILIATION_NOT_BYTE_EXTRACTED_2013,JUCHITAN_HISTORICAL_SOURCE,STRUCTURED_BACKFILL_V0_1
PICKETT-ZE-1112,nazí’,nazí’,nazíꞌ,nazíꞌ,"[""nazíꞌ""]",ENTRY,,,[b.a],"miserable, insignificante","nazí’ [b.a] miserable, insignificante",,23,37,2,ZAPOTECO_ESPAÑOL,BIB003_PICKETT_VOCABULARIO,2007_FIFTH_ELECTRONIC,2013_FIFTH_ELECTRONIC_SECOND_VERSION,DOCUMENTED_UNICODE_RECONCILIATION_NOT_BYTE_EXTRACTED_2013,JUCHITAN_HISTORICAL_SOURCE,STRUCTURED_BACKFILL_V0_1
PICKETT-ZE-1113,naziuula’,naziuula’,naziuulaꞌ,naziuulaꞌ,"[""naziuulaꞌ""]",ENTRY,,,,largo,naziuula’ largo,,23,37,2,ZAPOTECO_ESPAÑOL,BIB003_PICKETT_VOCABULARIO,2007_FIFTH_ELECTRONIC,2013_FIFTH_ELECTRONIC_SECOND_VERSION,DOCUMENTED_UNICODE_RECONCILIATION_NOT_BYTE_EXTRACTED_2013,JUCHITAN_HISTORICAL_SOURCE,STRUCTURED_BACKFILL_V0_1
PICKETT-ZE-1114,nazo,nazo,nazo,nazo,"[""nazo""]",ENTRY,,,[b.a],invadido,nazo [b.a] invadido,,23,37,2,ZAPOTECO_ESPAÑOL,BIB003_PICKETT_VOCABULARIO,2007_FIFTH_ELECTRONIC,2013_FIFTH_ELECTRONIC_SECOND_VERSION,DOCUMENTED_UNICODE_RECONCILIATION_NOT_BYTE_EXTRACTED_2013,JUCHITAN_HISTORICAL_SOURCE,STRUCTURED_BACKFILL_V0_1
PICKETT-ZE-1115,nazuumba’,nazuumba’,nazuumbaꞌ,nazuumbaꞌ,"[""nazuumbaꞌ""]",ENTRY,,,,trompudo,nazuumba’ trompudo,,23,37,2,ZAPOTECO_ESPAÑOL,BIB003_PICKETT_VOCABULARIO,2007_FIFTH_ELECTRONIC,2013_FIFTH_ELECTRONIC_SECOND_VERSION,DOCUMENTED_UNICODE_RECONCILIATION_NOT_BYTE_EXTRACTED_2013,JUCHITAN_HISTORICAL_SOURCE,STRUCTURED_BACKFILL_V0_1
PICKETT-ZE-1116,ndaa,ndaa,ndaa,ndaa,"[""ndaa""]",ENTRY,,(s),[a],pedazo,ndaa [a] (s) pedazo,,23,37,2,ZAPOTECO_ESPAÑOL,BIB003_PICKETT_VOCABULARIO,2007_FIFTH_ELECTRONIC,2013_FIFTH_ELECTRONIC_SECOND_VERSION,DOCUMENTED_UNICODE_RECONCILIATION_NOT_BYTE_EXTRACTED_2013,JUCHITAN_HISTORICAL_SOURCE,STRUCTURED_BACKFILL_V0_1
PICKETT-ZE-1117,ndaga,ndaga,ndaga,ndaga,"[""ndaga""]",ENTRY,,,,una unidad de un conjunto,ndaga una unidad de un conjunto,,23,37,2,ZAPOTECO_ESPAÑOL,BIB003_PICKETT_VOCABULARIO,2007_FIFTH_ELECTRONIC,2013_FIFTH_ELECTRONIC_SECOND_VERSION,DOCUMENTED_UNICODE_RECONCILIATION_NOT_BYTE_EXTRACTED_2013,JUCHITAN_HISTORICAL_SOURCE,STRUCTURED_BACKFILL_V0_1
PICKETT-ZE-1118,ndaani’,ndaani’,ndaaniꞌ,ndaaniꞌ,"[""ndaaniꞌ""]",ENTRY,,,,"barriga, vientre; adentro, dentro de, en","ndaani’ barriga, vientre; adentro, dentro de,",en,23,37,2,ZAPOTECO_ESPAÑOL,BIB003_PICKETT_VOCABULARIO,2007_FIFTH_ELECTRONIC,2013_FIFTH_ELECTRONIC_SECOND_VERSION,DOCUMENTED_UNICODE_RECONCILIATION_NOT_BYTE_EXTRACTED_2013,JUCHITAN_HISTORICAL_SOURCE,STRUCTURED_BACKFILL_V0_1
PICKETT-ZE-1119,ndaani bataná’,ndaani bataná’,ndaani batanáꞌ,ndaani batanáꞌ,"[""ndaani batanáꞌ""]",SUBENTRY,ndaaniꞌ,,,palma de la mano,ndaani bataná’ [b-b.b.a] palma de la,mano,23,37,2,ZAPOTECO_ESPAÑOL,BIB003_PICKETT_VOCABULARIO,2007_FIFTH_ELECTRONIC,2013_FIFTH_ELECTRONIC_SECOND_VERSION,DOCUMENTED_UNICODE_RECONCILIATION_NOT_BYTE_EXTRACTED_2013,JUCHITAN_HISTORICAL_SOURCE,STRUCTURED_BACKFILL_V0_1
PICKETT-ZE-1120,ndaani batañee,ndaani batañee,ndaani batañee,ndaani batañee,"[""ndaani batañee""]",SUBENTRY,ndaaniꞌ,,,planta del pie,ndaani batañee planta del pie,,23,37,2,ZAPOTECO_ESPAÑOL,BIB003_PICKETT_VOCABULARIO,2007_FIFTH_ELECTRONIC,2013_FIFTH_ELECTRONIC_SECOND_VERSION,DOCUMENTED_UNICODE_RECONCILIATION_NOT_BYTE_EXTRACTED_2013,JUCHITAN_HISTORICAL_SOURCE,STRUCTURED_BACKFILL_V0_1
PICKETT-ZE-1121,Ndaaniguiaa,Ndaaniguiaa,Ndaaniguiaa,Ndaaniguiaa,"[""Ndaaniguiaa""]",ENTRY,,,,Comitancillo,Ndaaniguiaa Comitancillo,,23,37,2,ZAPOTECO_ESPAÑOL,BIB003_PICKETT_VOCABULARIO,2007_FIFTH_ELECTRONIC,2013_FIFTH_ELECTRONIC_SECOND_VERSION,DOCUMENTED_UNICODE_RECONCILIATION_NOT_BYTE_EXTRACTED_2013,JUCHITAN_HISTORICAL_SOURCE,STRUCTURED_BACKFILL_V0_1
PICKETT-ZE-1122,ndaaya’,ndaaya’,ndaayaꞌ,ndaayaꞌ,"[""ndaayaꞌ""]",ENTRY,,,,bendición,ndaaya’ bendición,,23,37,2,ZAPOTECO_ESPAÑOL,BIB003_PICKETT_VOCABULARIO,2007_FIFTH_ELECTRONIC,2013_FIFTH_ELECTRONIC_SECOND_VERSION,DOCUMENTED_UNICODE_RECONCILIATION_NOT_BYTE_EXTRACTED_2013,JUCHITAN_HISTORICAL_SOURCE,STRUCTURED_BACKFILL_V0_1
PICKETT-ZE-1123,ndi’,ndi’,ndiꞌ,ndiꞌ,"[""ndiꞌ""]",ENTRY,,,[a],éste (objeto),ndi’ [a] éste (objeto),,23,37,2,ZAPOTECO_ESPAÑOL,BIB003_PICKETT_VOCABULARIO,2007_FIFTH_ELECTRONIC,2013_FIFTH_ELECTRONIC_SECOND_VERSION,DOCUMENTED_UNICODE_RECONCILIATION_NOT_BYTE_EXTRACTED_2013,JUCHITAN_HISTORICAL_SOURCE,STRUCTURED_BACKFILL_V0_1
PICKETT-ZE-1124,ndica’,ndica’,ndicaꞌ,ndicaꞌ,"[""ndicaꞌ""]",SUBENTRY,ndiꞌ,,,aquél (objeto),ndica’ [b.al] aquél (objeto),,23,37,2,ZAPOTECO_ESPAÑOL,BIB003_PICKETT_VOCABULARIO,2007_FIFTH_ELECTRONIC,2013_FIFTH_ELECTRONIC_SECOND_VERSION,DOCUMENTED_UNICODE_RECONCILIATION_NOT_BYTE_EXTRACTED_2013,JUCHITAN_HISTORICAL_SOURCE,STRUCTURED_BACKFILL_V0_1
PICKETT-ZE-1125,ndisi,ndisi,ndisi,ndisi,"[""ndisi""]",SUBENTRY,ndiꞌ,,,éste o ésta nada más,ndisi [a] éste o ésta nada más,,23,37,2,ZAPOTECO_ESPAÑOL,BIB003_PICKETT_VOCABULARIO,2007_FIFTH_ELECTRONIC,2013_FIFTH_ELECTRONIC_SECOND_VERSION,DOCUMENTED_UNICODE_RECONCILIATION_NOT_BYTE_EXTRACTED_2013,JUCHITAN_HISTORICAL_SOURCE,STRUCTURED_BACKFILL_V0_1
PICKETT-ZE-1126,ndo’pa’,ndo’pa’,ndoꞌpaꞌ,ndoꞌpaꞌ,"[""ndoꞌpaꞌ""]",ENTRY,,,[al.b],jícara grande,ndo’pa’ [al.b] jícara grande,,23,37,2,ZAPOTECO_ESPAÑOL,BIB003_PICKETT_VOCABULARIO,2007_FIFTH_ELECTRONIC,2013_FIFTH_ELECTRONIC_SECOND_VERSION,DOCUMENTED_UNICODE_RECONCILIATION_NOT_BYTE_EXTRACTED_2013,JUCHITAN_HISTORICAL_SOURCE,STRUCTURED_BACKFILL_V0_1
PICKETT-ZE-1127,ndxere,ndxere,ndxere,ndxere,"[""ndxere""]",ENTRY,,,[al.b],"oaxaqueño (personas del valle de Oaxaca, término despectivo)",ndxere [al.b] oaxaqueño (personas del,"valle de Oaxaca, término despectivo)",23,37,2,ZAPOTECO_ESPAÑOL,BIB003_PICKETT_VOCABULARIO,2007_FIFTH_ELECTRONIC,2013_FIFTH_ELECTRONIC_SECOND_VERSION,DOCUMENTED_UNICODE_RECONCILIATION_NOT_BYTE_EXTRACTED_2013,JUCHITAN_HISTORICAL_SOURCE,STRUCTURED_BACKFILL_V0_1
PICKETT-ZE-1128,ne,ne,ne,ne,"[""ne""]",ENTRY,,,[a],y,ne [a] y,,23,37,2,ZAPOTECO_ESPAÑOL,BIB003_PICKETT_VOCABULARIO,2007_FIFTH_ELECTRONIC,2013_FIFTH_ELECTRONIC_SECOND_VERSION,DOCUMENTED_UNICODE_RECONCILIATION_NOT_BYTE_EXTRACTED_2013,JUCHITAN_HISTORICAL_SOURCE,STRUCTURED_BACKFILL_V0_1
PICKETT-ZE-1129,né,né,né,né,"[""né""]",ENTRY,,(prep),[a],"con; (v) traer consigo, llevar","né [a] (prep) con; (v) traer consigo, llevar",,23,37,2,ZAPOTECO_ESPAÑOL,BIB003_PICKETT_VOCABULARIO,2007_FIFTH_ELECTRONIC,2013_FIFTH_ELECTRONIC_SECOND_VERSION,DOCUMENTED_UNICODE_RECONCILIATION_NOT_BYTE_EXTRACTED_2013,JUCHITAN_HISTORICAL_SOURCE,STRUCTURED_BACKFILL_V0_1
PICKETT-ZE-1130,ne’,ne’,neꞌ,neꞌ,"[""neꞌ""]",ENTRY,,,[a],manchado,ne’ [a] manchado,,23,37,2,ZAPOTECO_ESPAÑOL,BIB003_PICKETT_VOCABULARIO,2007_FIFTH_ELECTRONIC,2013_FIFTH_ELECTRONIC_SECOND_VERSION,DOCUMENTED_UNICODE_RECONCILIATION_NOT_BYTE_EXTRACTED_2013,JUCHITAN_HISTORICAL_SOURCE,STRUCTURED_BACKFILL_V0_1
PICKETT-ZE-1131,neca,neca,neca,neca,"[""neca""]",ENTRY,,,[a],aunque,neca [a] aunque,,23,37,2,ZAPOTECO_ESPAÑOL,BIB003_PICKETT_VOCABULARIO,2007_FIFTH_ELECTRONIC,2013_FIFTH_ELECTRONIC_SECOND_VERSION,DOCUMENTED_UNICODE_RECONCILIATION_NOT_BYTE_EXTRACTED_2013,JUCHITAN_HISTORICAL_SOURCE,STRUCTURED_BACKFILL_V0_1
PICKETT-ZE-1132,neegue’,neegue’,neegueꞌ,neegueꞌ,"[""neegueꞌ""]",ENTRY,,,,ayer,neegue’ ayer,,23,37,2,ZAPOTECO_ESPAÑOL,BIB003_PICKETT_VOCABULARIO,2007_FIFTH_ELECTRONIC,2013_FIFTH_ELECTRONIC_SECOND_VERSION,DOCUMENTED_UNICODE_RECONCILIATION_NOT_BYTE_EXTRACTED_2013,JUCHITAN_HISTORICAL_SOURCE,STRUCTURED_BACKFILL_V0_1
PICKETT-ZE-1133,neegue gueela’,neegue gueela’,neegue gueelaꞌ,neegue gueelaꞌ,"[""neegue gueelaꞌ""]",SUBENTRY,neegueꞌ,,,anteanoche,neegue gueela’ anteanoche,,23,37,2,ZAPOTECO_ESPAÑOL,BIB003_PICKETT_VOCABULARIO,2007_FIFTH_ELECTRONIC,2013_FIFTH_ELECTRONIC_SECOND_VERSION,DOCUMENTED_UNICODE_RECONCILIATION_NOT_BYTE_EXTRACTED_2013,JUCHITAN_HISTORICAL_SOURCE,STRUCTURED_BACKFILL_V0_1
PICKETT-ZE-1134,nexhe’,nexhe’,nexheꞌ,nexheꞌ,"[""nexheꞌ""]",ENTRY,,,[b.al],acostado (persona o animal); puesto (cosa),nexhe’ [b.al] acostado (persona o animal);,puesto (cosa),23,37,2,ZAPOTECO_ESPAÑOL,BIB003_PICKETT_VOCABULARIO,2007_FIFTH_ELECTRONIC,2013_FIFTH_ELECTRONIC_SECOND_VERSION,DOCUMENTED_UNICODE_RECONCILIATION_NOT_BYTE_EXTRACTED_2013,JUCHITAN_HISTORICAL_SOURCE,STRUCTURED_BACKFILL_V0_1
PICKETT-ZE-1135,nexhená,nexhená,nexhená,nexhená,"[""nexhená""]",SUBENTRY,nexheꞌ,,,"despierto; listo, mañoso, astuto","nexhená [b.al.b] despierto; listo,","mañoso, astuto",23,37,2,ZAPOTECO_ESPAÑOL,BIB003_PICKETT_VOCABULARIO,2007_FIFTH_ELECTRONIC,2013_FIFTH_ELECTRONIC_SECOND_VERSION,DOCUMENTED_UNICODE_RECONCILIATION_NOT_BYTE_EXTRACTED_2013,JUCHITAN_HISTORICAL_SOURCE,STRUCTURED_BACKFILL_V0_1
PICKETT-ZE-1136,nexhe rilú,nexhe rilú,nexhe rilú,nexhe rilú,"[""nexhe rilú""]",SUBENTRY,nexheꞌ,,,boca abajo,nexhe rilú [b.al-b] boca abajo,,23,37,2,ZAPOTECO_ESPAÑOL,BIB003_PICKETT_VOCABULARIO,2007_FIFTH_ELECTRONIC,2013_FIFTH_ELECTRONIC_SECOND_VERSION,DOCUMENTED_UNICODE_RECONCILIATION_NOT_BYTE_EXTRACTED_2013,JUCHITAN_HISTORICAL_SOURCE,STRUCTURED_BACKFILL_V0_1
PICKETT-ZE-1137,nexhe sa,nexhe sa,nexhe sa,nexhe sa,"[""nexhe sa""]",SUBENTRY,nexheꞌ,,,boca arriba,nexhe sa [b.al-b] boca arriba,,23,37,2,ZAPOTECO_ESPAÑOL,BIB003_PICKETT_VOCABULARIO,2007_FIFTH_ELECTRONIC,2013_FIFTH_ELECTRONIC_SECOND_VERSION,DOCUMENTED_UNICODE_RECONCILIATION_NOT_BYTE_EXTRACTED_2013,JUCHITAN_HISTORICAL_SOURCE,STRUCTURED_BACKFILL_V0_1
PICKETT-ZE-1138,neza,neza,neza,neza,"[""neza""]",ENTRY,,,,camino,neza camino,,23,37,2,ZAPOTECO_ESPAÑOL,BIB003_PICKETT_VOCABULARIO,2007_FIFTH_ELECTRONIC,2013_FIFTH_ELECTRONIC_SECOND_VERSION,DOCUMENTED_UNICODE_RECONCILIATION_NOT_BYTE_EXTRACTED_2013,JUCHITAN_HISTORICAL_SOURCE,STRUCTURED_BACKFILL_V0_1
PICKETT-ZE-1139,neza deche,neza deche,neza deche,neza deche,"[""neza deche""]",SUBENTRY,neza,,,"al revés, atrás, por la espalda","neza deche al revés, atrás, por la",espalda,23,37,2,ZAPOTECO_ESPAÑOL,BIB003_PICKETT_VOCABULARIO,2007_FIFTH_ELECTRONIC,2013_FIFTH_ELECTRONIC_SECOND_VERSION,DOCUMENTED_UNICODE_RECONCILIATION_NOT_BYTE_EXTRACTED_2013,JUCHITAN_HISTORICAL_SOURCE,STRUCTURED_BACKFILL_V0_1
PICKETT-ZE-1140,neza lú,neza lú,neza lú,neza lú,"[""neza lú""]",SUBENTRY,neza,,,"en presencia de, delante de","neza lú en presencia de, delante de",,23,37,2,ZAPOTECO_ESPAÑOL,BIB003_PICKETT_VOCABULARIO,2007_FIFTH_ELECTRONIC,2013_FIFTH_ELECTRONIC_SECOND_VERSION,DOCUMENTED_UNICODE_RECONCILIATION_NOT_BYTE_EXTRACTED_2013,JUCHITAN_HISTORICAL_SOURCE,STRUCTURED_BACKFILL_V0_1
PICKETT-ZE-1141,neza riaazi gubidxa,neza riaazi gubidxa,neza riaazi gubidxa,neza riaazi gubidxa,"[""neza riaazi gubidxa""]",SUBENTRY,neza,,,"occidente, oeste, poniente","neza riaazi gubidxa occidente, oeste,",poniente,23,37,2,ZAPOTECO_ESPAÑOL,BIB003_PICKETT_VOCABULARIO,2007_FIFTH_ELECTRONIC,2013_FIFTH_ELECTRONIC_SECOND_VERSION,DOCUMENTED_UNICODE_RECONCILIATION_NOT_BYTE_EXTRACTED_2013,JUCHITAN_HISTORICAL_SOURCE,STRUCTURED_BACKFILL_V0_1
PICKETT-ZE-1142,neza rindani gubidxa,neza rindani gubidxa,neza rindani gubidxa,neza rindani gubidxa,"[""neza rindani gubidxa""]",SUBENTRY,neza,,,"este, oriente","neza rindani gubidxa este, oriente",,23,37,2,ZAPOTECO_ESPAÑOL,BIB003_PICKETT_VOCABULARIO,2007_FIFTH_ELECTRONIC,2013_FIFTH_ELECTRONIC_SECOND_VERSION,DOCUMENTED_UNICODE_RECONCILIATION_NOT_BYTE_EXTRACTED_2013,JUCHITAN_HISTORICAL_SOURCE,STRUCTURED_BACKFILL_V0_1
PICKETT-ZE-1143,nga,nga,nga,nga,"[""nga""]",ENTRY,,,[a],ése (objeto),nga [a] ése (objeto),,24,38,1,ZAPOTECO_ESPAÑOL,BIB003_PICKETT_VOCABULARIO,2007_FIFTH_ELECTRONIC,2013_FIFTH_ELECTRONIC_SECOND_VERSION,DOCUMENTED_UNICODE_RECONCILIATION_NOT_BYTE_EXTRACTED_2013,JUCHITAN_HISTORICAL_SOURCE,STRUCTURED_BACKFILL_V0_1
PICKETT-ZE-1144,"nga runi, nga nga runi","nga runi, nga nga runi","nga runi, nga nga runi",nga runi,"[""nga runi"", ""nga nga runi""]",SUBENTRY,nga,,[a-b]; [a-a-b],por eso,"nga runi [a-b], nga nga runi [a-a-b]",por eso,24,38,1,ZAPOTECO_ESPAÑOL,BIB003_PICKETT_VOCABULARIO,2007_FIFTH_ELECTRONIC,2013_FIFTH_ELECTRONIC_SECOND_VERSION,DOCUMENTED_UNICODE_RECONCILIATION_NOT_BYTE_EXTRACTED_2013,JUCHITAN_HISTORICAL_SOURCE,STRUCTURED_BACKFILL_V0_1
PICKETT-ZE-1145,ngasi,ngasi,ngasi,ngasi,"[""ngasi""]",SUBENTRY,nga,,,eso o ése nada más,ngasi [a] eso o ése nada más,,24,38,1,ZAPOTECO_ESPAÑOL,BIB003_PICKETT_VOCABULARIO,2007_FIFTH_ELECTRONIC,2013_FIFTH_ELECTRONIC_SECOND_VERSION,DOCUMENTED_UNICODE_RECONCILIATION_NOT_BYTE_EXTRACTED_2013,JUCHITAN_HISTORICAL_SOURCE,STRUCTURED_BACKFILL_V0_1
PICKETT-ZE-1146,nga,nga,nga,nga,"[""nga""]",ENTRY,,,[al],es,nga [al] es,,24,38,1,ZAPOTECO_ESPAÑOL,BIB003_PICKETT_VOCABULARIO,2007_FIFTH_ELECTRONIC,2013_FIFTH_ELECTRONIC_SECOND_VERSION,DOCUMENTED_UNICODE_RECONCILIATION_NOT_BYTE_EXTRACTED_2013,JUCHITAN_HISTORICAL_SOURCE,STRUCTURED_BACKFILL_V0_1
PICKETT-ZE-1147,ngola,ngola,ngola,ngola,"[""ngola""]",ENTRY,,,,macho,ngola macho,,24,38,1,ZAPOTECO_ESPAÑOL,BIB003_PICKETT_VOCABULARIO,2007_FIFTH_ELECTRONIC,2013_FIFTH_ELECTRONIC_SECOND_VERSION,DOCUMENTED_UNICODE_RECONCILIATION_NOT_BYTE_EXTRACTED_2013,JUCHITAN_HISTORICAL_SOURCE,STRUCTURED_BACKFILL_V0_1
PICKETT-ZE-1148,ngola,ngola,ngola,ngola,"[""ngola""]",ENTRY,,,[a.b],grande,ngola [a.b] grande,,24,38,1,ZAPOTECO_ESPAÑOL,BIB003_PICKETT_VOCABULARIO,2007_FIFTH_ELECTRONIC,2013_FIFTH_ELECTRONIC_SECOND_VERSION,DOCUMENTED_UNICODE_RECONCILIATION_NOT_BYTE_EXTRACTED_2013,JUCHITAN_HISTORICAL_SOURCE,STRUCTURED_BACKFILL_V0_1
PICKETT-ZE-1149,ngolaxiñe,ngolaxiñe,ngolaxiñe,ngolaxiñe,"[""ngolaxiñe""]",ENTRY,,,,escorpión (réptil),ngolaxiñe escorpión (réptil),,24,38,1,ZAPOTECO_ESPAÑOL,BIB003_PICKETT_VOCABULARIO,2007_FIFTH_ELECTRONIC,2013_FIFTH_ELECTRONIC_SECOND_VERSION,DOCUMENTED_UNICODE_RECONCILIATION_NOT_BYTE_EXTRACTED_2013,JUCHITAN_HISTORICAL_SOURCE,STRUCTURED_BACKFILL_V0_1
PICKETT-ZE-1150,ngue,ngue,ngue,ngue,"[""ngue""]",ENTRY,,,[a],aquél (objeto),ngue [a] aquél (objeto),,24,38,1,ZAPOTECO_ESPAÑOL,BIB003_PICKETT_VOCABULARIO,2007_FIFTH_ELECTRONIC,2013_FIFTH_ELECTRONIC_SECOND_VERSION,DOCUMENTED_UNICODE_RECONCILIATION_NOT_BYTE_EXTRACTED_2013,JUCHITAN_HISTORICAL_SOURCE,STRUCTURED_BACKFILL_V0_1
PICKETT-ZE-1151,"ngue runi, ngue nga runi","ngue runi, ngue nga runi","ngue runi, ngue nga runi",ngue runi,"[""ngue runi"", ""ngue nga runi""]",SUBENTRY,ngue,,[b-al.b],[b-al-b] por eso,"ngue runi [b-al.b], ngue nga runi",[b-al-b] por eso,24,38,1,ZAPOTECO_ESPAÑOL,BIB003_PICKETT_VOCABULARIO,2007_FIFTH_ELECTRONIC,2013_FIFTH_ELECTRONIC_SECOND_VERSION,DOCUMENTED_UNICODE_RECONCILIATION_NOT_BYTE_EXTRACTED_2013,JUCHITAN_HISTORICAL_SOURCE,STRUCTURED_BACKFILL_V0_1
PICKETT-ZE-1152,nguiiu,nguiiu,nguiiu,nguiiu,"[""nguiiu""]",ENTRY,,,,hombre,nguiiu hombre,,24,38,1,ZAPOTECO_ESPAÑOL,BIB003_PICKETT_VOCABULARIO,2007_FIFTH_ELECTRONIC,2013_FIFTH_ELECTRONIC_SECOND_VERSION,DOCUMENTED_UNICODE_RECONCILIATION_NOT_BYTE_EXTRACTED_2013,JUCHITAN_HISTORICAL_SOURCE,STRUCTURED_BACKFILL_V0_1
PICKETT-ZE-1153,nguiiu huiini’,nguiiu huiini’,nguiiu huiiniꞌ,nguiiu huiiniꞌ,"[""nguiiu huiiniꞌ""]",SUBENTRY,nguiiu,,,muchachito,nguiiu huiini’ muchachito,,24,38,1,ZAPOTECO_ESPAÑOL,BIB003_PICKETT_VOCABULARIO,2007_FIFTH_ELECTRONIC,2013_FIFTH_ELECTRONIC_SECOND_VERSION,DOCUMENTED_UNICODE_RECONCILIATION_NOT_BYTE_EXTRACTED_2013,JUCHITAN_HISTORICAL_SOURCE,STRUCTURED_BACKFILL_V0_1
PICKETT-ZE-1154,ngupi,ngupi,ngupi,ngupi,"[""ngupi""]",ENTRY,,,,armadillo,ngupi [a.b] armadillo,,24,38,1,ZAPOTECO_ESPAÑOL,BIB003_PICKETT_VOCABULARIO,2007_FIFTH_ELECTRONIC,2013_FIFTH_ELECTRONIC_SECOND_VERSION,DOCUMENTED_UNICODE_RECONCILIATION_NOT_BYTE_EXTRACTED_2013,JUCHITAN_HISTORICAL_SOURCE,STRUCTURED_BACKFILL_V0_1
PICKETT-ZE-1155,ngurru,ngurru,ngurru,ngurru,"[""ngurru""]",ENTRY,,,[a],pequeñísimo,ngurru [a] pequeñísimo,,24,38,1,ZAPOTECO_ESPAÑOL,BIB003_PICKETT_VOCABULARIO,2007_FIFTH_ELECTRONIC,2013_FIFTH_ELECTRONIC_SECOND_VERSION,DOCUMENTED_UNICODE_RECONCILIATION_NOT_BYTE_EXTRACTED_2013,JUCHITAN_HISTORICAL_SOURCE,STRUCTURED_BACKFILL_V0_1
PICKETT-ZE-1156,ngu’xhi’,ngu’xhi’,nguꞌxhiꞌ,nguꞌxhiꞌ,"[""nguꞌxhiꞌ""]",ENTRY,,,[al.b],zopilote,ngu’xhi’ [al.b] zopilote,,24,38,1,ZAPOTECO_ESPAÑOL,BIB003_PICKETT_VOCABULARIO,2007_FIFTH_ELECTRONIC,2013_FIFTH_ELECTRONIC_SECOND_VERSION,DOCUMENTED_UNICODE_RECONCILIATION_NOT_BYTE_EXTRACTED_2013,JUCHITAN_HISTORICAL_SOURCE,STRUCTURED_BACKFILL_V0_1
PICKETT-ZE-1157,ni,ni,ni,ni,"[""ni""]",ENTRY,,(pro-rel),,"que, quien, lo que, que","ni (pro-rel) que, quien, lo que, que",,24,38,1,ZAPOTECO_ESPAÑOL,BIB003_PICKETT_VOCABULARIO,2007_FIFTH_ELECTRONIC,2013_FIFTH_ELECTRONIC_SECOND_VERSION,DOCUMENTED_UNICODE_RECONCILIATION_NOT_BYTE_EXTRACTED_2013,JUCHITAN_HISTORICAL_SOURCE,STRUCTURED_BACKFILL_V0_1
PICKETT-ZE-1158,ni,ni,ni,ni,"[""ni""]",ENTRY,,,[a],"lo, ello (cosa, objeto)","ni [a] lo, ello (cosa, objeto)",,24,38,1,ZAPOTECO_ESPAÑOL,BIB003_PICKETT_VOCABULARIO,2007_FIFTH_ELECTRONIC,2013_FIFTH_ELECTRONIC_SECOND_VERSION,DOCUMENTED_UNICODE_RECONCILIATION_NOT_BYTE_EXTRACTED_2013,JUCHITAN_HISTORICAL_SOURCE,STRUCTURED_BACKFILL_V0_1
PICKETT-ZE-1159,ni dxandí’,ni dxandí’,ni dxandíꞌ,ni dxandíꞌ,"[""ni dxandíꞌ""]",ENTRY,,,[b-b.a],verdad,ni dxandí’ [b-b.a] verdad,,24,38,1,ZAPOTECO_ESPAÑOL,BIB003_PICKETT_VOCABULARIO,2007_FIFTH_ELECTRONIC,2013_FIFTH_ELECTRONIC_SECOND_VERSION,DOCUMENTED_UNICODE_RECONCILIATION_NOT_BYTE_EXTRACTED_2013,JUCHITAN_HISTORICAL_SOURCE,STRUCTURED_BACKFILL_V0_1
PICKETT-ZE-1160,niidxi,niidxi,niidxi,niidxi,"[""niidxi""]",ENTRY,,,[b.a],látex; leche de pecho; jugo lechoso del elote; secreción de la piel del sapo,niidxi [b.a] látex; leche de pecho; jugo,lechoso del elote; secreción de la piel del sapo,24,38,1,ZAPOTECO_ESPAÑOL,BIB003_PICKETT_VOCABULARIO,2007_FIFTH_ELECTRONIC,2013_FIFTH_ELECTRONIC_SECOND_VERSION,DOCUMENTED_UNICODE_RECONCILIATION_NOT_BYTE_EXTRACTED_2013,JUCHITAN_HISTORICAL_SOURCE,STRUCTURED_BACKFILL_V0_1
PICKETT-ZE-1161,nin,nin,nin,nin,"[""nin""]",ENTRY,,,,ni,nin ni,,24,38,1,ZAPOTECO_ESPAÑOL,BIB003_PICKETT_VOCABULARIO,2007_FIFTH_ELECTRONIC,2013_FIFTH_ELECTRONIC_SECOND_VERSION,DOCUMENTED_UNICODE_RECONCILIATION_NOT_BYTE_EXTRACTED_2013,JUCHITAN_HISTORICAL_SOURCE,STRUCTURED_BACKFILL_V0_1
PICKETT-ZE-1162,nin tobi,nin tobi,nin tobi,nin tobi,"[""nin tobi""]",ENTRY,,,,ninguno,nin tobi ninguno,,24,38,1,ZAPOTECO_ESPAÑOL,BIB003_PICKETT_VOCABULARIO,2007_FIFTH_ELECTRONIC,2013_FIFTH_ELECTRONIC_SECOND_VERSION,DOCUMENTED_UNICODE_RECONCILIATION_NOT_BYTE_EXTRACTED_2013,JUCHITAN_HISTORICAL_SOURCE,STRUCTURED_BACKFILL_V0_1
PICKETT-ZE-1163,ninchaa,ninchaa,ninchaa,ninchaa,"[""ninchaa""]",ENTRY,,,,olla con pico vertedor,ninchaa olla con pico vertedor,,24,38,1,ZAPOTECO_ESPAÑOL,BIB003_PICKETT_VOCABULARIO,2007_FIFTH_ELECTRONIC,2013_FIFTH_ELECTRONIC_SECOND_VERSION,DOCUMENTED_UNICODE_RECONCILIATION_NOT_BYTE_EXTRACTED_2013,JUCHITAN_HISTORICAL_SOURCE,STRUCTURED_BACKFILL_V0_1
PICKETT-ZE-1164,niñu,niñu,niñu,niñu,"[""niñu""]",ENTRY,,,[a.b],(el muñeco de celuloide o de material plástico usado como juguete o el niño Jesus),niñu [a.b] (el muñeco de celuloide o de,material plástico usado como juguete o el niño Jesus),24,38,1,ZAPOTECO_ESPAÑOL,BIB003_PICKETT_VOCABULARIO,2007_FIFTH_ELECTRONIC,2013_FIFTH_ELECTRONIC_SECOND_VERSION,DOCUMENTED_UNICODE_RECONCILIATION_NOT_BYTE_EXTRACTED_2013,JUCHITAN_HISTORICAL_SOURCE,STRUCTURED_BACKFILL_V0_1
PICKETT-ZE-1165,niñu bizalú,niñu bizalú,niñu bizalú,niñu bizalú,"[""niñu bizalú""]",ENTRY,,,[al.b-b],pupila,niñu bizalú [al.b-b] pupila,,24,38,1,ZAPOTECO_ESPAÑOL,BIB003_PICKETT_VOCABULARIO,2007_FIFTH_ELECTRONIC,2013_FIFTH_ELECTRONIC_SECOND_VERSION,DOCUMENTED_UNICODE_RECONCILIATION_NOT_BYTE_EXTRACTED_2013,JUCHITAN_HISTORICAL_SOURCE,STRUCTURED_BACKFILL_V0_1
PICKETT-ZE-1166,niru,niru,niru,niru,"[""niru""]",ENTRY,,,[a],"delante, adelante","niru [a] delante, adelante",,24,38,1,ZAPOTECO_ESPAÑOL,BIB003_PICKETT_VOCABULARIO,2007_FIFTH_ELECTRONIC,2013_FIFTH_ELECTRONIC_SECOND_VERSION,DOCUMENTED_UNICODE_RECONCILIATION_NOT_BYTE_EXTRACTED_2013,JUCHITAN_HISTORICAL_SOURCE,STRUCTURED_BACKFILL_V0_1
PICKETT-ZE-1167,nírudo’,nírudo’,nírudoꞌ,nírudoꞌ,"[""nírudoꞌ""]",SUBENTRY,niru,,,primero,nírudo’ [a.b.b] primero,,24,38,1,ZAPOTECO_ESPAÑOL,BIB003_PICKETT_VOCABULARIO,2007_FIFTH_ELECTRONIC,2013_FIFTH_ELECTRONIC_SECOND_VERSION,DOCUMENTED_UNICODE_RECONCILIATION_NOT_BYTE_EXTRACTED_2013,JUCHITAN_HISTORICAL_SOURCE,STRUCTURED_BACKFILL_V0_1
PICKETT-ZE-1168,nisa,nisa,nisa,nisa,"[""nisa""]",ENTRY,,,,agua,nisa agua,,24,38,1,ZAPOTECO_ESPAÑOL,BIB003_PICKETT_VOCABULARIO,2007_FIFTH_ELECTRONIC,2013_FIFTH_ELECTRONIC_SECOND_VERSION,DOCUMENTED_UNICODE_RECONCILIATION_NOT_BYTE_EXTRACTED_2013,JUCHITAN_HISTORICAL_SOURCE,STRUCTURED_BACKFILL_V0_1
PICKETT-ZE-1169,nisadó’,nisadó’,nisadóꞌ,nisadóꞌ,"[""nisadóꞌ""]",SUBENTRY,nisa,,,"mar, océano","nisadó’ mar, océano",,24,38,1,ZAPOTECO_ESPAÑOL,BIB003_PICKETT_VOCABULARIO,2007_FIFTH_ELECTRONIC,2013_FIFTH_ELECTRONIC_SECOND_VERSION,DOCUMENTED_UNICODE_RECONCILIATION_NOT_BYTE_EXTRACTED_2013,JUCHITAN_HISTORICAL_SOURCE,STRUCTURED_BACKFILL_V0_1
PICKETT-ZE-1170,nisa dxu’ni’,nisa dxu’ni’,nisa dxuꞌniꞌ,nisa dxuꞌniꞌ,"[""nisa dxuꞌniꞌ""]",SUBENTRY,,,,"aguardiente, licor","nisa dxu’ni’ [b-al.b] aguardiente, licor",,24,38,2,ZAPOTECO_ESPAÑOL,BIB003_PICKETT_VOCABULARIO,2007_FIFTH_ELECTRONIC,2013_FIFTH_ELECTRONIC_SECOND_VERSION,DOCUMENTED_UNICODE_RECONCILIATION_NOT_BYTE_EXTRACTED_2013,JUCHITAN_HISTORICAL_SOURCE,STRUCTURED_BACKFILL_V0_1
PICKETT-ZE-1171,nisa guie,nisa guie,nisa guie,nisa guie,"[""nisa guie""]",SUBENTRY,,,,lluvia,nisa guie lluvia,,24,38,2,ZAPOTECO_ESPAÑOL,BIB003_PICKETT_VOCABULARIO,2007_FIFTH_ELECTRONIC,2013_FIFTH_ELECTRONIC_SECOND_VERSION,DOCUMENTED_UNICODE_RECONCILIATION_NOT_BYTE_EXTRACTED_2013,JUCHITAN_HISTORICAL_SOURCE,STRUCTURED_BACKFILL_V0_1
PICKETT-ZE-1172,nisa lú,nisa lú,nisa lú,nisa lú,"[""nisa lú""]",SUBENTRY,,,,lágrimas,nisa lú lágrimas,,24,38,2,ZAPOTECO_ESPAÑOL,BIB003_PICKETT_VOCABULARIO,2007_FIFTH_ELECTRONIC,2013_FIFTH_ELECTRONIC_SECOND_VERSION,DOCUMENTED_UNICODE_RECONCILIATION_NOT_BYTE_EXTRACTED_2013,JUCHITAN_HISTORICAL_SOURCE,STRUCTURED_BACKFILL_V0_1
PICKETT-ZE-1173,nisa luna,nisa luna,nisa luna,nisa luna,"[""nisa luna""]",SUBENTRY,,,,sudor,nisa luna sudor,,24,38,2,ZAPOTECO_ESPAÑOL,BIB003_PICKETT_VOCABULARIO,2007_FIFTH_ELECTRONIC,2013_FIFTH_ELECTRONIC_SECOND_VERSION,DOCUMENTED_UNICODE_RECONCILIATION_NOT_BYTE_EXTRACTED_2013,JUCHITAN_HISTORICAL_SOURCE,STRUCTURED_BACKFILL_V0_1
PICKETT-ZE-1174,nisa ndaaya’,nisa ndaaya’,nisa ndaayaꞌ,nisa ndaayaꞌ,"[""nisa ndaayaꞌ""]",SUBENTRY,,,,agua bendita,nisa ndaaya’ agua bendita,,24,38,2,ZAPOTECO_ESPAÑOL,BIB003_PICKETT_VOCABULARIO,2007_FIFTH_ELECTRONIC,2013_FIFTH_ELECTRONIC_SECOND_VERSION,DOCUMENTED_UNICODE_RECONCILIATION_NOT_BYTE_EXTRACTED_2013,JUCHITAN_HISTORICAL_SOURCE,STRUCTURED_BACKFILL_V0_1
PICKETT-ZE-1175,nisa roonde,nisa roonde,nisa roonde,nisa roonde,"[""nisa roonde""]",SUBENTRY,,,,baba,nisa roonde [b-b.a] baba,,24,38,2,ZAPOTECO_ESPAÑOL,BIB003_PICKETT_VOCABULARIO,2007_FIFTH_ELECTRONIC,2013_FIFTH_ELECTRONIC_SECOND_VERSION,DOCUMENTED_UNICODE_RECONCILIATION_NOT_BYTE_EXTRACTED_2013,JUCHITAN_HISTORICAL_SOURCE,STRUCTURED_BACKFILL_V0_1
PICKETT-ZE-1176,nisa xquixhi’,nisa xquixhi’,nisa xquixhiꞌ,nisa xquixhiꞌ,"[""nisa xquixhiꞌ""]",SUBENTRY,,,,orina,nisa xquixhi’ [b-b.al] orina,,24,38,2,ZAPOTECO_ESPAÑOL,BIB003_PICKETT_VOCABULARIO,2007_FIFTH_ELECTRONIC,2013_FIFTH_ELECTRONIC_SECOND_VERSION,DOCUMENTED_UNICODE_RECONCILIATION_NOT_BYTE_EXTRACTED_2013,JUCHITAN_HISTORICAL_SOURCE,STRUCTURED_BACKFILL_V0_1
PICKETT-ZE-1177,nisa xhinni,nisa xhinni,nisa xhinni,nisa xhinni,"[""nisa xhinni""]",SUBENTRY,,,,saliva,nisa xhinni [b-a] saliva,,24,38,2,ZAPOTECO_ESPAÑOL,BIB003_PICKETT_VOCABULARIO,2007_FIFTH_ELECTRONIC,2013_FIFTH_ELECTRONIC_SECOND_VERSION,DOCUMENTED_UNICODE_RECONCILIATION_NOT_BYTE_EXTRACTED_2013,JUCHITAN_HISTORICAL_SOURCE,STRUCTURED_BACKFILL_V0_1
PICKETT-ZE-1178,nisi riga,nisi riga,nisi riga,nisi riga,"[""nisi riga""]",ENTRY,,,[b-al.b],completamente vacío,nisi riga [b-al.b] completamente vacío,,24,38,2,ZAPOTECO_ESPAÑOL,BIB003_PICKETT_VOCABULARIO,2007_FIFTH_ELECTRONIC,2013_FIFTH_ELECTRONIC_SECOND_VERSION,DOCUMENTED_UNICODE_RECONCILIATION_NOT_BYTE_EXTRACTED_2013,JUCHITAN_HISTORICAL_SOURCE,STRUCTURED_BACKFILL_V0_1
PICKETT-ZE-1179,nisiaaba’,nisiaaba’,nisiaabaꞌ,nisiaabaꞌ,"[""nisiaabaꞌ""]",ENTRY,,,,atole,nisiaaba’ atole,,24,38,2,ZAPOTECO_ESPAÑOL,BIB003_PICKETT_VOCABULARIO,2007_FIFTH_ELECTRONIC,2013_FIFTH_ELECTRONIC_SECOND_VERSION,DOCUMENTED_UNICODE_RECONCILIATION_NOT_BYTE_EXTRACTED_2013,JUCHITAN_HISTORICAL_SOURCE,STRUCTURED_BACKFILL_V0_1
PICKETT-ZE-1180,nisiaasi’,nisiaasi’,nisiaasiꞌ,nisiaasiꞌ,"[""nisiaasiꞌ""]",ENTRY,,,,dormido,nisiaasi’ dormido,,24,38,2,ZAPOTECO_ESPAÑOL,BIB003_PICKETT_VOCABULARIO,2007_FIFTH_ELECTRONIC,2013_FIFTH_ELECTRONIC_SECOND_VERSION,DOCUMENTED_UNICODE_RECONCILIATION_NOT_BYTE_EXTRACTED_2013,JUCHITAN_HISTORICAL_SOURCE,STRUCTURED_BACKFILL_V0_1
PICKETT-ZE-1181,nite,nite,nite,nite,"[""nite""]",ENTRY,,,,caña,nite caña,,24,38,2,ZAPOTECO_ESPAÑOL,BIB003_PICKETT_VOCABULARIO,2007_FIFTH_ELECTRONIC,2013_FIFTH_ELECTRONIC_SECOND_VERSION,DOCUMENTED_UNICODE_RECONCILIATION_NOT_BYTE_EXTRACTED_2013,JUCHITAN_HISTORICAL_SOURCE,STRUCTURED_BACKFILL_V0_1
PICKETT-ZE-1182,nite beré’,nite beré’,nite beréꞌ,nite beréꞌ,"[""nite beréꞌ""]",SUBENTRY,nite,,,sorgo,nite beré’ [b-al.a] sorgo,,24,38,2,ZAPOTECO_ESPAÑOL,BIB003_PICKETT_VOCABULARIO,2007_FIFTH_ELECTRONIC,2013_FIFTH_ELECTRONIC_SECOND_VERSION,DOCUMENTED_UNICODE_RECONCILIATION_NOT_BYTE_EXTRACTED_2013,JUCHITAN_HISTORICAL_SOURCE,STRUCTURED_BACKFILL_V0_1
PICKETT-ZE-1183,niza,niza,niza,niza,"[""niza""]",ENTRY,,,,mazorca,niza mazorca,,24,38,2,ZAPOTECO_ESPAÑOL,BIB003_PICKETT_VOCABULARIO,2007_FIFTH_ELECTRONIC,2013_FIFTH_ELECTRONIC_SECOND_VERSION,DOCUMENTED_UNICODE_RECONCILIATION_NOT_BYTE_EXTRACTED_2013,JUCHITAN_HISTORICAL_SOURCE,STRUCTURED_BACKFILL_V0_1
PICKETT-ZE-1184,nuu,nuu,nuu,nuu,"[""nuu""]",ENTRY,,,[a],"haber, estar, hay, contener","nuu [a] haber, estar, hay, contener",,24,38,2,ZAPOTECO_ESPAÑOL,BIB003_PICKETT_VOCABULARIO,2007_FIFTH_ELECTRONIC,2013_FIFTH_ELECTRONIC_SECOND_VERSION,DOCUMENTED_UNICODE_RECONCILIATION_NOT_BYTE_EXTRACTED_2013,JUCHITAN_HISTORICAL_SOURCE,STRUCTURED_BACKFILL_V0_1
PICKETT-ZE-1185,nuu lé,nuu lé,nuu lé,nuu lé,"[""nuu lé""]",SUBENTRY,nuu,,,ahuecado,nuu lé [a-a] ahuecado,,24,38,2,ZAPOTECO_ESPAÑOL,BIB003_PICKETT_VOCABULARIO,2007_FIFTH_ELECTRONIC,2013_FIFTH_ELECTRONIC_SECOND_VERSION,DOCUMENTED_UNICODE_RECONCILIATION_NOT_BYTE_EXTRACTED_2013,JUCHITAN_HISTORICAL_SOURCE,STRUCTURED_BACKFILL_V0_1
PICKETT-ZE-1186,nuu xizaa,nuu xizaa,nuu xizaa,nuu xizaa,"[""nuu xizaa""]",SUBENTRY,nuu,,,estar preocupado,nuu xizaa [b-al.b] estar preocupado,,24,38,2,ZAPOTECO_ESPAÑOL,BIB003_PICKETT_VOCABULARIO,2007_FIFTH_ELECTRONIC,2013_FIFTH_ELECTRONIC_SECOND_VERSION,DOCUMENTED_UNICODE_RECONCILIATION_NOT_BYTE_EXTRACTED_2013,JUCHITAN_HISTORICAL_SOURCE,STRUCTURED_BACKFILL_V0_1
PICKETT-ZE-1187,nuu dxi,nuu dxi,nuu dxi,nuu dxi,"[""nuu dxi""]",ENTRY,,,[a-a],estar quieto,nuu dxi [a-a] estar quieto,,24,38,2,ZAPOTECO_ESPAÑOL,BIB003_PICKETT_VOCABULARIO,2007_FIFTH_ELECTRONIC,2013_FIFTH_ELECTRONIC_SECOND_VERSION,DOCUMENTED_UNICODE_RECONCILIATION_NOT_BYTE_EXTRACTED_2013,JUCHITAN_HISTORICAL_SOURCE,STRUCTURED_BACKFILL_V0_1
PICKETT-ZE-1188,nuu ná’,nuu ná’,nuu náꞌ,nuu náꞌ,"[""nuu náꞌ""]",ENTRY,,,[a-a],tener puesto (anillo),nuu ná’ [a-a] tener puesto (anillo),,24,38,2,ZAPOTECO_ESPAÑOL,BIB003_PICKETT_VOCABULARIO,2007_FIFTH_ELECTRONIC,2013_FIFTH_ELECTRONIC_SECOND_VERSION,DOCUMENTED_UNICODE_RECONCILIATION_NOT_BYTE_EXTRACTED_2013,JUCHITAN_HISTORICAL_SOURCE,STRUCTURED_BACKFILL_V0_1
PICKETT-ZE-1189,nua’,nua’,nuaꞌ,nuaꞌ,"[""nuaꞌ""]",ENTRY,,,[a],cargando; cargado,nua’ [a] cargando; cargado,,24,38,2,ZAPOTECO_ESPAÑOL,BIB003_PICKETT_VOCABULARIO,2007_FIFTH_ELECTRONIC,2013_FIFTH_ELECTRONIC_SECOND_VERSION,DOCUMENTED_UNICODE_RECONCILIATION_NOT_BYTE_EXTRACTED_2013,JUCHITAN_HISTORICAL_SOURCE,STRUCTURED_BACKFILL_V0_1
PICKETT-ZE-1190,nucachi lú,nucachi lú,nucachi lú,nucachi lú,"[""nucachi lú""]",ENTRY,,,,escondido,nucachi lú escondido,,24,38,2,ZAPOTECO_ESPAÑOL,BIB003_PICKETT_VOCABULARIO,2007_FIFTH_ELECTRONIC,2013_FIFTH_ELECTRONIC_SECOND_VERSION,DOCUMENTED_UNICODE_RECONCILIATION_NOT_BYTE_EXTRACTED_2013,JUCHITAN_HISTORICAL_SOURCE,STRUCTURED_BACKFILL_V0_1
PICKETT-ZE-1191,nucha’,nucha’,nuchaꞌ,nuchaꞌ,"[""nuchaꞌ""]",ENTRY,,,[b.al],revuelto,nucha’ [b.al] revuelto,,24,38,2,ZAPOTECO_ESPAÑOL,BIB003_PICKETT_VOCABULARIO,2007_FIFTH_ELECTRONIC,2013_FIFTH_ELECTRONIC_SECOND_VERSION,DOCUMENTED_UNICODE_RECONCILIATION_NOT_BYTE_EXTRACTED_2013,JUCHITAN_HISTORICAL_SOURCE,STRUCTURED_BACKFILL_V0_1
PICKETT-ZE-1192,nuchi’,nuchi’,nuchiꞌ,nuchiꞌ,"[""nuchiꞌ""]",ENTRY,,,[b.al],anoche,nuchi’ [b.al] anoche,,24,38,2,ZAPOTECO_ESPAÑOL,BIB003_PICKETT_VOCABULARIO,2007_FIFTH_ELECTRONIC,2013_FIFTH_ELECTRONIC_SECOND_VERSION,DOCUMENTED_UNICODE_RECONCILIATION_NOT_BYTE_EXTRACTED_2013,JUCHITAN_HISTORICAL_SOURCE,STRUCTURED_BACKFILL_V0_1
PICKETT-ZE-1193,nugaasa’,nugaasa’,nugaasaꞌ,nugaasaꞌ,"[""nugaasaꞌ""]",ENTRY,,,,"tener algo encajado, tener algo agarrado con la mano","nugaasa’ tener algo encajado, tener algo",agarrado con la mano,24,38,2,ZAPOTECO_ESPAÑOL,BIB003_PICKETT_VOCABULARIO,2007_FIFTH_ELECTRONIC,2013_FIFTH_ELECTRONIC_SECOND_VERSION,DOCUMENTED_UNICODE_RECONCILIATION_NOT_BYTE_EXTRACTED_2013,JUCHITAN_HISTORICAL_SOURCE,STRUCTURED_BACKFILL_V0_1
PICKETT-ZE-1194,nulaadxi’,nulaadxi’,nulaadxiꞌ,nulaadxiꞌ,"[""nulaadxiꞌ""]",ENTRY,,,,tener algo metido o encajado,nulaadxi’ tener algo metido o encajado,,24,38,2,ZAPOTECO_ESPAÑOL,BIB003_PICKETT_VOCABULARIO,2007_FIFTH_ELECTRONIC,2013_FIFTH_ELECTRONIC_SECOND_VERSION,DOCUMENTED_UNICODE_RECONCILIATION_NOT_BYTE_EXTRACTED_2013,JUCHITAN_HISTORICAL_SOURCE,STRUCTURED_BACKFILL_V0_1
PICKETT-ZE-1195,numbá’,numbá’,numbáꞌ,numbáꞌ,"[""numbáꞌ""]",ENTRY,,,[b.a],hace un rato,numbá’ [b.a] hace un rato,,24,38,2,ZAPOTECO_ESPAÑOL,BIB003_PICKETT_VOCABULARIO,2007_FIFTH_ELECTRONIC,2013_FIFTH_ELECTRONIC_SECOND_VERSION,DOCUMENTED_UNICODE_RECONCILIATION_NOT_BYTE_EXTRACTED_2013,JUCHITAN_HISTORICAL_SOURCE,STRUCTURED_BACKFILL_V0_1
PICKETT-ZE-1196,nunca,nunca,nunca,nunca,"[""nunca""]",ENTRY,,,[a.b],no es cierto,nunca [a.b] no es cierto,,24,38,2,ZAPOTECO_ESPAÑOL,BIB003_PICKETT_VOCABULARIO,2007_FIFTH_ELECTRONIC,2013_FIFTH_ELECTRONIC_SECOND_VERSION,DOCUMENTED_UNICODE_RECONCILIATION_NOT_BYTE_EXTRACTED_2013,JUCHITAN_HISTORICAL_SOURCE,STRUCTURED_BACKFILL_V0_1
PICKETT-ZE-1197,nusegu yoo,nusegu yoo,nusegu yoo,nusegu yoo,"[""nusegu yoo""]",ENTRY,,,,tener algo cerrado o a alguien o algo encerrado,nusegu yoo tener algo cerrado o a alguien,o algo encerrado,24,38,2,ZAPOTECO_ESPAÑOL,BIB003_PICKETT_VOCABULARIO,2007_FIFTH_ELECTRONIC,2013_FIFTH_ELECTRONIC_SECOND_VERSION,DOCUMENTED_UNICODE_RECONCILIATION_NOT_BYTE_EXTRACTED_2013,JUCHITAN_HISTORICAL_SOURCE,STRUCTURED_BACKFILL_V0_1
PICKETT-ZE-1198,nuxcanda,nuxcanda,nuxcanda,nuxcanda,"[""nuxcanda""]",ENTRY,,,[a],madrugada,nuxcanda [a] madrugada,,24,38,2,ZAPOTECO_ESPAÑOL,BIB003_PICKETT_VOCABULARIO,2007_FIFTH_ELECTRONIC,2013_FIFTH_ELECTRONIC_SECOND_VERSION,DOCUMENTED_UNICODE_RECONCILIATION_NOT_BYTE_EXTRACTED_2013,JUCHITAN_HISTORICAL_SOURCE,STRUCTURED_BACKFILL_V0_1
PICKETT-ZE-1199,nuzaabi’,nuzaabi’,nuzaabiꞌ,nuzaabiꞌ,"[""nuzaabiꞌ""]",ENTRY,,,,deber,nuzaabi’ deber,,24,38,2,ZAPOTECO_ESPAÑOL,BIB003_PICKETT_VOCABULARIO,2007_FIFTH_ELECTRONIC,2013_FIFTH_ELECTRONIC_SECOND_VERSION,DOCUMENTED_UNICODE_RECONCILIATION_NOT_BYTE_EXTRACTED_2013,JUCHITAN_HISTORICAL_SOURCE,STRUCTURED_BACKFILL_V0_1
PICKETT-ZE-1200,ñaa,ñaa,ñaa,ñaa,"[""ñaa""]",ENTRY,,,,"rastrojo, sementera, milpa","ñaa rastrojo, sementera, milpa",,25,39,1,ZAPOTECO_ESPAÑOL,BIB003_PICKETT_VOCABULARIO,2007_FIFTH_ELECTRONIC,2013_FIFTH_ELECTRONIC_SECOND_VERSION,DOCUMENTED_UNICODE_RECONCILIATION_NOT_BYTE_EXTRACTED_2013,JUCHITAN_HISTORICAL_SOURCE,STRUCTURED_BACKFILL_V0_1
PICKETT-ZE-1201,ñee,ñee,ñee,ñee,"[""ñee""]",ENTRY,,,,"pie, pierna (persona); pata (animal u objeto)","ñee pie, pierna (persona); pata (animal u",objeto),25,39,1,ZAPOTECO_ESPAÑOL,BIB003_PICKETT_VOCABULARIO,2007_FIFTH_ELECTRONIC,2013_FIFTH_ELECTRONIC_SECOND_VERSION,DOCUMENTED_UNICODE_RECONCILIATION_NOT_BYTE_EXTRACTED_2013,JUCHITAN_HISTORICAL_SOURCE,STRUCTURED_BACKFILL_V0_1
PICKETT-ZE-1202,ñee la?,ñee la?,ñee la?,ñee la?,"[""ñee la?""]",ENTRY,,,[al-al],"¿será cierto?, ¿sí?","ñee la? [al-al] ¿será cierto?, ¿sí?",,25,39,1,ZAPOTECO_ESPAÑOL,BIB003_PICKETT_VOCABULARIO,2007_FIFTH_ELECTRONIC,2013_FIFTH_ELECTRONIC_SECOND_VERSION,DOCUMENTED_UNICODE_RECONCILIATION_NOT_BYTE_EXTRACTED_2013,JUCHITAN_HISTORICAL_SOURCE,STRUCTURED_BACKFILL_V0_1
PICKETT-ZE-1203,ñeyaa,ñeyaa,ñeyaa,ñeyaa,"[""ñeyaa""]",ENTRY,,,[b.al],maíz cocido para atole,ñeyaa [b.al] maíz cocido para atole,,25,39,1,ZAPOTECO_ESPAÑOL,BIB003_PICKETT_VOCABULARIO,2007_FIFTH_ELECTRONIC,2013_FIFTH_ELECTRONIC_SECOND_VERSION,DOCUMENTED_UNICODE_RECONCILIATION_NOT_BYTE_EXTRACTED_2013,JUCHITAN_HISTORICAL_SOURCE,STRUCTURED_BACKFILL_V0_1
PICKETT-ZE-1204,oca’,oca’,ocaꞌ,ocaꞌ,"[""ocaꞌ""]",ENTRY,,,,¡Oigan ustedes! (exclamación para llamar la atención),oca’ ¡Oigan ustedes! (exclamación para,llamar la atención),25,39,1,ZAPOTECO_ESPAÑOL,BIB003_PICKETT_VOCABULARIO,2007_FIFTH_ELECTRONIC,2013_FIFTH_ELECTRONIC_SECOND_VERSION,DOCUMENTED_UNICODE_RECONCILIATION_NOT_BYTE_EXTRACTED_2013,JUCHITAN_HISTORICAL_SOURCE,STRUCTURED_BACKFILL_V0_1
PICKETT-ZE-1205,ora,ora,ora,ora,"[""ora""]",ENTRY,,(conj),[a.b],cuando,ora [a.b] (conj) cuando,,25,39,1,ZAPOTECO_ESPAÑOL,BIB003_PICKETT_VOCABULARIO,2007_FIFTH_ELECTRONIC,2013_FIFTH_ELECTRONIC_SECOND_VERSION,DOCUMENTED_UNICODE_RECONCILIATION_NOT_BYTE_EXTRACTED_2013,JUCHITAN_HISTORICAL_SOURCE,STRUCTURED_BACKFILL_V0_1
PICKETT-ZE-1206,ora ri’,ora ri’,ora riꞌ,ora riꞌ,"[""ora riꞌ""]",SUBENTRY,ora,,,a estas horas,ora ri’ [a.b-al] a estas horas,,25,39,1,ZAPOTECO_ESPAÑOL,BIB003_PICKETT_VOCABULARIO,2007_FIFTH_ELECTRONIC,2013_FIFTH_ELECTRONIC_SECOND_VERSION,DOCUMENTED_UNICODE_RECONCILIATION_NOT_BYTE_EXTRACTED_2013,JUCHITAN_HISTORICAL_SOURCE,STRUCTURED_BACKFILL_V0_1
PICKETT-ZE-1207,ora tiisi,ora tiisi,ora tiisi,ora tiisi,"[""ora tiisi""]",SUBENTRY,ora,,,cuando quiera,ora tiisi [a.b-b.a] cuando quiera,,25,39,1,ZAPOTECO_ESPAÑOL,BIB003_PICKETT_VOCABULARIO,2007_FIFTH_ELECTRONIC,2013_FIFTH_ELECTRONIC_SECOND_VERSION,DOCUMENTED_UNICODE_RECONCILIATION_NOT_BYTE_EXTRACTED_2013,JUCHITAN_HISTORICAL_SOURCE,STRUCTURED_BACKFILL_V0_1
PICKETT-ZE-1208,óraque,óraque,óraque,óraque,"[""óraque""]",ENTRY,,,[a.b.a],"entonces, después, luego, en ese momento","óraque [a.b.a] entonces, después, luego, en",ese momento,25,39,1,ZAPOTECO_ESPAÑOL,BIB003_PICKETT_VOCABULARIO,2007_FIFTH_ELECTRONIC,2013_FIFTH_ELECTRONIC_SECOND_VERSION,DOCUMENTED_UNICODE_RECONCILIATION_NOT_BYTE_EXTRACTED_2013,JUCHITAN_HISTORICAL_SOURCE,STRUCTURED_BACKFILL_V0_1
PICKETT-ZE-1209,oraqueca,oraqueca,oraqueca,oraqueca,"[""oraqueca""]",ENTRY,,,[a.b.a.a],"misma hora, luego, en ese momento","oraqueca [a.b.a.a] misma hora, luego, en",ese momento,25,39,1,ZAPOTECO_ESPAÑOL,BIB003_PICKETT_VOCABULARIO,2007_FIFTH_ELECTRONIC,2013_FIFTH_ELECTRONIC_SECOND_VERSION,DOCUMENTED_UNICODE_RECONCILIATION_NOT_BYTE_EXTRACTED_2013,JUCHITAN_HISTORICAL_SOURCE,STRUCTURED_BACKFILL_V0_1
PICKETT-ZE-1210,pa,pa,pa,pa,"[""pa""]",ENTRY,,,[a],si,pa [a] si,,25,39,1,ZAPOTECO_ESPAÑOL,BIB003_PICKETT_VOCABULARIO,2007_FIFTH_ELECTRONIC,2013_FIFTH_ELECTRONIC_SECOND_VERSION,DOCUMENTED_UNICODE_RECONCILIATION_NOT_BYTE_EXTRACTED_2013,JUCHITAN_HISTORICAL_SOURCE,STRUCTURED_BACKFILL_V0_1
PICKETT-ZE-1211,pabiá’,pabiá’,pabiáꞌ,pabiáꞌ,"[""pabiáꞌ""]",ENTRY,,,[b.al],"¿de qué tamaño?, ¿qué tamaño?, ¿cuánto?, ¿qué cantidad?","pabiá’ [b.al] ¿de qué tamaño?, ¿qué","tamaño?, ¿cuánto?, ¿qué cantidad?",25,39,1,ZAPOTECO_ESPAÑOL,BIB003_PICKETT_VOCABULARIO,2007_FIFTH_ELECTRONIC,2013_FIFTH_ELECTRONIC_SECOND_VERSION,DOCUMENTED_UNICODE_RECONCILIATION_NOT_BYTE_EXTRACTED_2013,JUCHITAN_HISTORICAL_SOURCE,STRUCTURED_BACKFILL_V0_1
PICKETT-ZE-1212,padé,padé,padé,padé,"[""padé""]",ENTRY,,,[b.al],¿de dónde?,padé [b.al] ¿de dónde?,,25,39,1,ZAPOTECO_ESPAÑOL,BIB003_PICKETT_VOCABULARIO,2007_FIFTH_ELECTRONIC,2013_FIFTH_ELECTRONIC_SECOND_VERSION,DOCUMENTED_UNICODE_RECONCILIATION_NOT_BYTE_EXTRACTED_2013,JUCHITAN_HISTORICAL_SOURCE,STRUCTURED_BACKFILL_V0_1
PICKETT-ZE-1213,padede,padede,padede,padede,"[""padede""]",ENTRY,,,[b.al.b],¿desde dónde?,padede [b.al.b] ¿desde dónde?,,25,39,1,ZAPOTECO_ESPAÑOL,BIB003_PICKETT_VOCABULARIO,2007_FIFTH_ELECTRONIC,2013_FIFTH_ELECTRONIC_SECOND_VERSION,DOCUMENTED_UNICODE_RECONCILIATION_NOT_BYTE_EXTRACTED_2013,JUCHITAN_HISTORICAL_SOURCE,STRUCTURED_BACKFILL_V0_1
PICKETT-ZE-1214,pader,pader,pader,pader,"[""pader""]",ENTRY,,,[b.al],pared,pader [b.al] pared,,25,39,1,ZAPOTECO_ESPAÑOL,BIB003_PICKETT_VOCABULARIO,2007_FIFTH_ELECTRONIC,2013_FIFTH_ELECTRONIC_SECOND_VERSION,DOCUMENTED_UNICODE_RECONCILIATION_NOT_BYTE_EXTRACTED_2013,JUCHITAN_HISTORICAL_SOURCE,STRUCTURED_BACKFILL_V0_1
PICKETT-ZE-1215,padxí,padxí,padxí,padxí,"[""padxí""]",ENTRY,,,[b.al],"¿cuándo?, ¿qué día?","padxí [b.al] ¿cuándo?, ¿qué día?",,25,39,1,ZAPOTECO_ESPAÑOL,BIB003_PICKETT_VOCABULARIO,2007_FIFTH_ELECTRONIC,2013_FIFTH_ELECTRONIC_SECOND_VERSION,DOCUMENTED_UNICODE_RECONCILIATION_NOT_BYTE_EXTRACTED_2013,JUCHITAN_HISTORICAL_SOURCE,STRUCTURED_BACKFILL_V0_1
PICKETT-ZE-1216,pagaœa,pagaḻa,pagaḻa,pagaḻa,"[""pagaḻa""]",ENTRY,,,[b.a.b],"¿de qué precio?, ¿cuánto?","pagaœa [b.a.b] ¿de qué precio?, ¿cuánto?",,25,39,1,ZAPOTECO_ESPAÑOL,BIB003_PICKETT_VOCABULARIO,2007_FIFTH_ELECTRONIC,2013_FIFTH_ELECTRONIC_SECOND_VERSION,DOCUMENTED_UNICODE_RECONCILIATION_NOT_BYTE_EXTRACTED_2013,JUCHITAN_HISTORICAL_SOURCE,STRUCTURED_BACKFILL_V0_1
PICKETT-ZE-1217,paguidubi,paguidubi,paguidubi,paguidubi,"[""paguidubi""]",ENTRY,,,[b.al.a.b],¿hasta dónde?,paguidubi [b.al.a.b] ¿hasta dónde?,,25,39,1,ZAPOTECO_ESPAÑOL,BIB003_PICKETT_VOCABULARIO,2007_FIFTH_ELECTRONIC,2013_FIFTH_ELECTRONIC_SECOND_VERSION,DOCUMENTED_UNICODE_RECONCILIATION_NOT_BYTE_EXTRACTED_2013,JUCHITAN_HISTORICAL_SOURCE,STRUCTURED_BACKFILL_V0_1
PICKETT-ZE-1218,paguyéu’,paguyéu’,paguyéuꞌ,paguyéuꞌ,"[""paguyéuꞌ""]",ENTRY,,,[b.al.b],chotacabras,paguyéu’ [b.al.b] chotacabras,,25,39,1,ZAPOTECO_ESPAÑOL,BIB003_PICKETT_VOCABULARIO,2007_FIFTH_ELECTRONIC,2013_FIFTH_ELECTRONIC_SECOND_VERSION,DOCUMENTED_UNICODE_RECONCILIATION_NOT_BYTE_EXTRACTED_2013,JUCHITAN_HISTORICAL_SOURCE,STRUCTURED_BACKFILL_V0_1
PICKETT-ZE-1219,paidubi,paidubi,paidubi,paidubi,"[""paidubi""]",ENTRY,,,[b.al.a.b],¿hasta dónde?,paidubi [b.al.a.b] ¿hasta dónde?,,25,39,1,ZAPOTECO_ESPAÑOL,BIB003_PICKETT_VOCABULARIO,2007_FIFTH_ELECTRONIC,2013_FIFTH_ELECTRONIC_SECOND_VERSION,DOCUMENTED_UNICODE_RECONCILIATION_NOT_BYTE_EXTRACTED_2013,JUCHITAN_HISTORICAL_SOURCE,STRUCTURED_BACKFILL_V0_1
PICKETT-ZE-1220,palu,palu,palu,palu,"[""palu""]",ENTRY,,,[a.b],palo,palu [a.b] palo,,25,39,1,ZAPOTECO_ESPAÑOL,BIB003_PICKETT_VOCABULARIO,2007_FIFTH_ELECTRONIC,2013_FIFTH_ELECTRONIC_SECOND_VERSION,DOCUMENTED_UNICODE_RECONCILIATION_NOT_BYTE_EXTRACTED_2013,JUCHITAN_HISTORICAL_SOURCE,STRUCTURED_BACKFILL_V0_1
PICKETT-ZE-1221,pancha yaga,pancha yaga,pancha yaga,pancha yaga,"[""pancha yaga""]",ENTRY,,,[a.al-al.b],muñeca de madera,pancha yaga [a.al-al.b] muñeca de,madera,25,39,1,ZAPOTECO_ESPAÑOL,BIB003_PICKETT_VOCABULARIO,2007_FIFTH_ELECTRONIC,2013_FIFTH_ELECTRONIC_SECOND_VERSION,DOCUMENTED_UNICODE_RECONCILIATION_NOT_BYTE_EXTRACTED_2013,JUCHITAN_HISTORICAL_SOURCE,STRUCTURED_BACKFILL_V0_1
PICKETT-ZE-1222,panda,panda,panda,panda,"[""panda""]",ENTRY,,,[b.a],¿cuántos?,panda [b.a] ¿cuántos?,,25,39,2,ZAPOTECO_ESPAÑOL,BIB003_PICKETT_VOCABULARIO,2007_FIFTH_ELECTRONIC,2013_FIFTH_ELECTRONIC_SECOND_VERSION,DOCUMENTED_UNICODE_RECONCILIATION_NOT_BYTE_EXTRACTED_2013,JUCHITAN_HISTORICAL_SOURCE,STRUCTURED_BACKFILL_V0_1
PICKETT-ZE-1223,panda xhi beeu,panda xhi beeu,panda xhi beeu,panda xhi beeu,"[""panda xhi beeu""]",ENTRY,,,[b-al-a],¿qué fecha?,panda xhi beeu [b-al-a] ¿qué fecha?,,25,39,2,ZAPOTECO_ESPAÑOL,BIB003_PICKETT_VOCABULARIO,2007_FIFTH_ELECTRONIC,2013_FIFTH_ELECTRONIC_SECOND_VERSION,DOCUMENTED_UNICODE_RECONCILIATION_NOT_BYTE_EXTRACTED_2013,JUCHITAN_HISTORICAL_SOURCE,STRUCTURED_BACKFILL_V0_1
PICKETT-ZE-1224,para,para,para,para,"[""para""]",ENTRY,,,,entonces,para entonces,,25,39,2,ZAPOTECO_ESPAÑOL,BIB003_PICKETT_VOCABULARIO,2007_FIFTH_ELECTRONIC,2013_FIFTH_ELECTRONIC_SECOND_VERSION,DOCUMENTED_UNICODE_RECONCILIATION_NOT_BYTE_EXTRACTED_2013,JUCHITAN_HISTORICAL_SOURCE,STRUCTURED_BACKFILL_V0_1
PICKETT-ZE-1225,paraa,paraa,paraa,paraa,"[""paraa""]",ENTRY,,,[b.al],"¿dónde?, ¿a dónde?","paraa [b.al] ¿dónde?, ¿a dónde?",,25,39,2,ZAPOTECO_ESPAÑOL,BIB003_PICKETT_VOCABULARIO,2007_FIFTH_ELECTRONIC,2013_FIFTH_ELECTRONIC_SECOND_VERSION,DOCUMENTED_UNICODE_RECONCILIATION_NOT_BYTE_EXTRACTED_2013,JUCHITAN_HISTORICAL_SOURCE,STRUCTURED_BACKFILL_V0_1
PICKETT-ZE-1226,paxa ora,paxa ora,paxa ora,paxa ora,"[""paxa ora""]",ENTRY,,,[a.al-a.b],"quizá, quizás, por si acaso","paxa ora [a.al-a.b] quizá, quizás, por si",acaso,25,39,2,ZAPOTECO_ESPAÑOL,BIB003_PICKETT_VOCABULARIO,2007_FIFTH_ELECTRONIC,2013_FIFTH_ELECTRONIC_SECOND_VERSION,DOCUMENTED_UNICODE_RECONCILIATION_NOT_BYTE_EXTRACTED_2013,JUCHITAN_HISTORICAL_SOURCE,STRUCTURED_BACKFILL_V0_1
PICKETT-ZE-1227,paxa raa,paxa raa,paxa raa,paxa raa,"[""paxa raa""]",ENTRY,,,[a.al-al],"algún lugar, quizá en alguna parte","paxa raa [a.al-al] algún lugar, quizá en",alguna parte,25,39,2,ZAPOTECO_ESPAÑOL,BIB003_PICKETT_VOCABULARIO,2007_FIFTH_ELECTRONIC,2013_FIFTH_ELECTRONIC_SECOND_VERSION,DOCUMENTED_UNICODE_RECONCILIATION_NOT_BYTE_EXTRACTED_2013,JUCHITAN_HISTORICAL_SOURCE,STRUCTURED_BACKFILL_V0_1
PICKETT-ZE-1228,pe’pe’,pe’pe’,peꞌpeꞌ,peꞌpeꞌ,"[""peꞌpeꞌ""]",ENTRY,,,[al.b],jicaco (árbol de la región),pe’pe’ [al.b] jicaco (árbol de la región),,25,39,2,ZAPOTECO_ESPAÑOL,BIB003_PICKETT_VOCABULARIO,2007_FIFTH_ELECTRONIC,2013_FIFTH_ELECTRONIC_SECOND_VERSION,DOCUMENTED_UNICODE_RECONCILIATION_NOT_BYTE_EXTRACTED_2013,JUCHITAN_HISTORICAL_SOURCE,STRUCTURED_BACKFILL_V0_1
PICKETT-ZE-1229,pepe gui’xhi’,pepe gui’xhi’,pepe guiꞌxhiꞌ,pepe guiꞌxhiꞌ,"[""pepe guiꞌxhiꞌ""]",ENTRY,,,,granadilla,pepe gui’xhi’ granadilla,,25,39,2,ZAPOTECO_ESPAÑOL,BIB003_PICKETT_VOCABULARIO,2007_FIFTH_ELECTRONIC,2013_FIFTH_ELECTRONIC_SECOND_VERSION,DOCUMENTED_UNICODE_RECONCILIATION_NOT_BYTE_EXTRACTED_2013,JUCHITAN_HISTORICAL_SOURCE,STRUCTURED_BACKFILL_V0_1
PICKETT-ZE-1230,pesu,pesu,pesu,pesu,"[""pesu""]",ENTRY,,,[a.b],cicatriz,pesu [a.b] cicatriz,,25,39,2,ZAPOTECO_ESPAÑOL,BIB003_PICKETT_VOCABULARIO,2007_FIFTH_ELECTRONIC,2013_FIFTH_ELECTRONIC_SECOND_VERSION,DOCUMENTED_UNICODE_RECONCILIATION_NOT_BYTE_EXTRACTED_2013,JUCHITAN_HISTORICAL_SOURCE,STRUCTURED_BACKFILL_V0_1
PICKETT-ZE-1231,piipi’,piipi’,piipiꞌ,piipiꞌ,"[""piipiꞌ""]",ENTRY,,,,"bonito, lindo (cosas o eventos)","piipi’ bonito, lindo (cosas o eventos)",,25,39,2,ZAPOTECO_ESPAÑOL,BIB003_PICKETT_VOCABULARIO,2007_FIFTH_ELECTRONIC,2013_FIFTH_ELECTRONIC_SECOND_VERSION,DOCUMENTED_UNICODE_RECONCILIATION_NOT_BYTE_EXTRACTED_2013,JUCHITAN_HISTORICAL_SOURCE,STRUCTURED_BACKFILL_V0_1
PICKETT-ZE-1232,piisu,piisu,piisu,piisu,"[""piisu""]",ENTRY,,,[a],piso; aeroplano (un juego),piisu [a] piso; aeroplano (un juego),,25,39,2,ZAPOTECO_ESPAÑOL,BIB003_PICKETT_VOCABULARIO,2007_FIFTH_ELECTRONIC,2013_FIFTH_ELECTRONIC_SECOND_VERSION,DOCUMENTED_UNICODE_RECONCILIATION_NOT_BYTE_EXTRACTED_2013,JUCHITAN_HISTORICAL_SOURCE,STRUCTURED_BACKFILL_V0_1
PICKETT-ZE-1233,pitu,pitu,pitu,pitu,"[""pitu""]",ENTRY,,,[a.b],pito,pitu [a.b] pito,,25,39,2,ZAPOTECO_ESPAÑOL,BIB003_PICKETT_VOCABULARIO,2007_FIFTH_ELECTRONIC,2013_FIFTH_ELECTRONIC_SECOND_VERSION,DOCUMENTED_UNICODE_RECONCILIATION_NOT_BYTE_EXTRACTED_2013,JUCHITAN_HISTORICAL_SOURCE,STRUCTURED_BACKFILL_V0_1
PICKETT-ZE-1234,piu’,piu’,piuꞌ,piuꞌ,"[""piuꞌ""]",ENTRY,,,,un poquito,piu’ un poquito,,25,39,2,ZAPOTECO_ESPAÑOL,BIB003_PICKETT_VOCABULARIO,2007_FIFTH_ELECTRONIC,2013_FIFTH_ELECTRONIC_SECOND_VERSION,DOCUMENTED_UNICODE_RECONCILIATION_NOT_BYTE_EXTRACTED_2013,JUCHITAN_HISTORICAL_SOURCE,STRUCTURED_BACKFILL_V0_1
PICKETT-ZE-1235,piizi,piizi,piizi,piizi,"[""piizi""]",ENTRY,,,[a],"pequeñísimo, insignificante, muy chico","piizi [a] pequeñísimo, insignificante, muy",chico,25,39,2,ZAPOTECO_ESPAÑOL,BIB003_PICKETT_VOCABULARIO,2007_FIFTH_ELECTRONIC,2013_FIFTH_ELECTRONIC_SECOND_VERSION,DOCUMENTED_UNICODE_RECONCILIATION_NOT_BYTE_EXTRACTED_2013,JUCHITAN_HISTORICAL_SOURCE,STRUCTURED_BACKFILL_V0_1
PICKETT-ZE-1236,po’mbo’,po’mbo’,poꞌmboꞌ,poꞌmboꞌ,"[""poꞌmboꞌ""]",ENTRY,,,[al.b],fruto maduro del pochote,po’mbo’ [al.b] fruto maduro del pochote,,25,39,2,ZAPOTECO_ESPAÑOL,BIB003_PICKETT_VOCABULARIO,2007_FIFTH_ELECTRONIC,2013_FIFTH_ELECTRONIC_SECOND_VERSION,DOCUMENTED_UNICODE_RECONCILIATION_NOT_BYTE_EXTRACTED_2013,JUCHITAN_HISTORICAL_SOURCE,STRUCTURED_BACKFILL_V0_1
PICKETT-ZE-1237,pora,pora,pora,pora,"[""pora""]",ENTRY,,,[a.b],"¿a qué hora?, ¿cuándo?","pora [a.b] ¿a qué hora?, ¿cuándo?",,25,39,2,ZAPOTECO_ESPAÑOL,BIB003_PICKETT_VOCABULARIO,2007_FIFTH_ELECTRONIC,2013_FIFTH_ELECTRONIC_SECOND_VERSION,DOCUMENTED_UNICODE_RECONCILIATION_NOT_BYTE_EXTRACTED_2013,JUCHITAN_HISTORICAL_SOURCE,STRUCTURED_BACKFILL_V0_1
PICKETT-ZE-1238,Pora ndi’,Pora ndi’,Pora ndiꞌ,Pora ndiꞌ,"[""Pora ndiꞌ""]",SUBENTRY,pora,,,"¿qué horas son?, ¿qué hora es?","Pora ndi’ [a.b-a] ¿qué horas son?, ¿qué",hora es?,25,39,2,ZAPOTECO_ESPAÑOL,BIB003_PICKETT_VOCABULARIO,2007_FIFTH_ELECTRONIC,2013_FIFTH_ELECTRONIC_SECOND_VERSION,DOCUMENTED_UNICODE_RECONCILIATION_NOT_BYTE_EXTRACTED_2013,JUCHITAN_HISTORICAL_SOURCE,STRUCTURED_BACKFILL_V0_1
PICKETT-ZE-1239,porra,porra,porra,porra,"[""porra""]",ENTRY,,,[a.b],"nudo, protuberancia","porra [a.b] nudo, protuberancia",,25,39,2,ZAPOTECO_ESPAÑOL,BIB003_PICKETT_VOCABULARIO,2007_FIFTH_ELECTRONIC,2013_FIFTH_ELECTRONIC_SECOND_VERSION,DOCUMENTED_UNICODE_RECONCILIATION_NOT_BYTE_EXTRACTED_2013,JUCHITAN_HISTORICAL_SOURCE,STRUCTURED_BACKFILL_V0_1
PICKETT-ZE-1240,primé,primé,primé,primé,"[""primé""]",ENTRY,,,[b.al],primero,primé [b.al] primero,,25,39,2,ZAPOTECO_ESPAÑOL,BIB003_PICKETT_VOCABULARIO,2007_FIFTH_ELECTRONIC,2013_FIFTH_ELECTRONIC_SECOND_VERSION,DOCUMENTED_UNICODE_RECONCILIATION_NOT_BYTE_EXTRACTED_2013,JUCHITAN_HISTORICAL_SOURCE,STRUCTURED_BACKFILL_V0_1
PICKETT-ZE-1241,puerta’,puerta’,puertaꞌ,puertaꞌ,"[""puertaꞌ""]",ENTRY,,,[b.al],puerta,puerta’ [b.al] puerta,,25,39,2,ZAPOTECO_ESPAÑOL,BIB003_PICKETT_VOCABULARIO,2007_FIFTH_ELECTRONIC,2013_FIFTH_ELECTRONIC_SECOND_VERSION,DOCUMENTED_UNICODE_RECONCILIATION_NOT_BYTE_EXTRACTED_2013,JUCHITAN_HISTORICAL_SOURCE,STRUCTURED_BACKFILL_V0_1
PICKETT-ZE-1242,punta guidxi,punta guidxi,punta guidxi,punta guidxi,"[""punta guidxi""]",ENTRY,,,[a.b-b],orilla del pueblo,punta guidxi [a.b-b] orilla del pueblo,,25,39,2,ZAPOTECO_ESPAÑOL,BIB003_PICKETT_VOCABULARIO,2007_FIFTH_ELECTRONIC,2013_FIFTH_ELECTRONIC_SECOND_VERSION,DOCUMENTED_UNICODE_RECONCILIATION_NOT_BYTE_EXTRACTED_2013,JUCHITAN_HISTORICAL_SOURCE,STRUCTURED_BACKFILL_V0_1
PICKETT-ZE-1243,purti’,purti’,purtiꞌ,purtiꞌ,"[""purtiꞌ""]",ENTRY,,,[b.al],porque,purti’ [b.al] porque,,25,39,2,ZAPOTECO_ESPAÑOL,BIB003_PICKETT_VOCABULARIO,2007_FIFTH_ELECTRONIC,2013_FIFTH_ELECTRONIC_SECOND_VERSION,DOCUMENTED_UNICODE_RECONCILIATION_NOT_BYTE_EXTRACTED_2013,JUCHITAN_HISTORICAL_SOURCE,STRUCTURED_BACKFILL_V0_1
PICKETT-ZE-1244,pusentu’,pusentu’,pusentuꞌ,pusentuꞌ,"[""pusentuꞌ""]",ENTRY,,,[b.b.al],cortina que divide una pieza en dos,pusentu’ [b.b.al] cortina que divide una,pieza en dos,25,39,2,ZAPOTECO_ESPAÑOL,BIB003_PICKETT_VOCABULARIO,2007_FIFTH_ELECTRONIC,2013_FIFTH_ELECTRONIC_SECOND_VERSION,DOCUMENTED_UNICODE_RECONCILIATION_NOT_BYTE_EXTRACTED_2013,JUCHITAN_HISTORICAL_SOURCE,STRUCTURED_BACKFILL_V0_1
PICKETT-ZE-1245,que,que,que,que,"[""que""]",ENTRY,,,[a],aquel (partícula determinativa que sigue a los sustantivos),que [a] aquel (partícula determinativa que,sigue a los sustantivos),25,39,2,ZAPOTECO_ESPAÑOL,BIB003_PICKETT_VOCABULARIO,2007_FIFTH_ELECTRONIC,2013_FIFTH_ELECTRONIC_SECOND_VERSION,DOCUMENTED_UNICODE_RECONCILIATION_NOT_BYTE_EXTRACTED_2013,JUCHITAN_HISTORICAL_SOURCE,STRUCTURED_BACKFILL_V0_1
PICKETT-ZE-1246,qué,qué,qué,qué,"[""qué""]",ENTRY,,,[al],no (partícula negativa que solamente se usa con los verbos),qué [al] no (partícula negativa que,solamente se usa con los verbos),25,39,2,ZAPOTECO_ESPAÑOL,BIB003_PICKETT_VOCABULARIO,2007_FIFTH_ELECTRONIC,2013_FIFTH_ELECTRONIC_SECOND_VERSION,DOCUMENTED_UNICODE_RECONCILIATION_NOT_BYTE_EXTRACTED_2013,JUCHITAN_HISTORICAL_SOURCE,STRUCTURED_BACKFILL_V0_1
PICKETT-ZE-1247,qué guinni,qué guinni,qué guinni,qué guinni,"[""qué guinni""]",SUBENTRY,qué,,,no está (persona o animal),qué guinni [al-a] no está (persona o,animal),25,39,2,ZAPOTECO_ESPAÑOL,BIB003_PICKETT_VOCABULARIO,2007_FIFTH_ELECTRONIC,2013_FIFTH_ELECTRONIC_SECOND_VERSION,DOCUMENTED_UNICODE_RECONCILIATION_NOT_BYTE_EXTRACTED_2013,JUCHITAN_HISTORICAL_SOURCE,STRUCTURED_BACKFILL_V0_1
PICKETT-ZE-1248,qué igana,qué igana,qué igana,qué igana,"[""qué igana""]",SUBENTRY,qué,,,fácil,qué igana [al-b.al.b] fácil,,25,39,2,ZAPOTECO_ESPAÑOL,BIB003_PICKETT_VOCABULARIO,2007_FIFTH_ELECTRONIC,2013_FIFTH_ELECTRONIC_SECOND_VERSION,DOCUMENTED_UNICODE_RECONCILIATION_NOT_BYTE_EXTRACTED_2013,JUCHITAN_HISTORICAL_SOURCE,STRUCTURED_BACKFILL_V0_1
PICKETT-ZE-1249,qué ziuu dxi,qué ziuu dxi,qué ziuu dxi,qué ziuu dxi,"[""qué ziuu dxi""]",SUBENTRY,qué,,,nunca,qué ziuu dxi [al-b-b] nunca,,25,39,2,ZAPOTECO_ESPAÑOL,BIB003_PICKETT_VOCABULARIO,2007_FIFTH_ELECTRONIC,2013_FIFTH_ELECTRONIC_SECOND_VERSION,DOCUMENTED_UNICODE_RECONCILIATION_NOT_BYTE_EXTRACTED_2013,JUCHITAN_HISTORICAL_SOURCE,STRUCTURED_BACKFILL_V0_1
PICKETT-ZE-1250,ra,ra,ra,ra,"[""ra""]",ENTRY,,,,"donde, en donde (partícula que acompaña a los verbos, por ej.: ra nuu","ra donde, en donde (partícula que","acompaña a los verbos, por ej.: ra nuu",26,40,1,ZAPOTECO_ESPAÑOL,BIB003_PICKETT_VOCABULARIO,2007_FIFTH_ELECTRONIC,2013_FIFTH_ELECTRONIC_SECOND_VERSION,DOCUMENTED_UNICODE_RECONCILIATION_NOT_BYTE_EXTRACTED_2013,JUCHITAN_HISTORICAL_SOURCE,STRUCTURED_BACKFILL_V0_1
PICKETT-ZE-1251,cabe,cabe,cabe,cabe,"[""cabe""]",SUBENTRY,ra,,,"¿Dónde están? O para formar adverbios, por ej.: rarí’ aquí; racá ahí;",cabe ¿Dónde están? O para formar,"adverbios, por ej.: rarí’ aquí; racá ahí;",26,40,1,ZAPOTECO_ESPAÑOL,BIB003_PICKETT_VOCABULARIO,2007_FIFTH_ELECTRONIC,2013_FIFTH_ELECTRONIC_SECOND_VERSION,DOCUMENTED_UNICODE_RECONCILIATION_NOT_BYTE_EXTRACTED_2013,JUCHITAN_HISTORICAL_SOURCE,STRUCTURED_BACKFILL_V0_1
PICKETT-ZE-1252,raqué,raqué,raqué,raqué,"[""raqué""]",SUBENTRY,ra,,,allá),raqué allá),,26,40,1,ZAPOTECO_ESPAÑOL,BIB003_PICKETT_VOCABULARIO,2007_FIFTH_ELECTRONIC,2013_FIFTH_ELECTRONIC_SECOND_VERSION,DOCUMENTED_UNICODE_RECONCILIATION_NOT_BYTE_EXTRACTED_2013,JUCHITAN_HISTORICAL_SOURCE,STRUCTURED_BACKFILL_V0_1
PICKETT-ZE-1253,ra ridinde beeu ne gubidxa,ra ridinde beeu ne gubidxa,ra ridinde beeu ne gubidxa,ra ridinde beeu ne gubidxa,"[""ra ridinde beeu ne gubidxa""]",SUBENTRY,ra,,,[b-b-a-al- al.b.b] eclipse,ra ridinde beeu ne gubidxa [b-b-a-al-,al.b.b] eclipse,26,40,1,ZAPOTECO_ESPAÑOL,BIB003_PICKETT_VOCABULARIO,2007_FIFTH_ELECTRONIC,2013_FIFTH_ELECTRONIC_SECOND_VERSION,DOCUMENTED_UNICODE_RECONCILIATION_NOT_BYTE_EXTRACTED_2013,JUCHITAN_HISTORICAL_SOURCE,STRUCTURED_BACKFILL_V0_1
PICKETT-ZE-1254,ra ridxá niza,ra ridxá niza,ra ridxá niza,ra ridxá niza,"[""ra ridxá niza""]",SUBENTRY,ra,,,troje,ra ridxá niza troje,,26,40,1,ZAPOTECO_ESPAÑOL,BIB003_PICKETT_VOCABULARIO,2007_FIFTH_ELECTRONIC,2013_FIFTH_ELECTRONIC_SECOND_VERSION,DOCUMENTED_UNICODE_RECONCILIATION_NOT_BYTE_EXTRACTED_2013,JUCHITAN_HISTORICAL_SOURCE,STRUCTURED_BACKFILL_V0_1
PICKETT-ZE-1255,rá,rá,rá,rá,"[""rá""]",ENTRY,,,,madurar,rá madurar,,26,40,1,ZAPOTECO_ESPAÑOL,BIB003_PICKETT_VOCABULARIO,2007_FIFTH_ELECTRONIC,2013_FIFTH_ELECTRONIC_SECOND_VERSION,DOCUMENTED_UNICODE_RECONCILIATION_NOT_BYTE_EXTRACTED_2013,JUCHITAN_HISTORICAL_SOURCE,STRUCTURED_BACKFILL_V0_1
PICKETT-ZE-1256,rabi,rabi,rabi,rabi,"[""rabi""]",ENTRY,,,,decir,rabi decir,,26,40,1,ZAPOTECO_ESPAÑOL,BIB003_PICKETT_VOCABULARIO,2007_FIFTH_ELECTRONIC,2013_FIFTH_ELECTRONIC_SECOND_VERSION,DOCUMENTED_UNICODE_RECONCILIATION_NOT_BYTE_EXTRACTED_2013,JUCHITAN_HISTORICAL_SOURCE,STRUCTURED_BACKFILL_V0_1
PICKETT-ZE-1257,rabi,rabi,rabi,rabi,"[""rabi""]",ENTRY,,,[b.a],tragar,rabi [b.a] tragar,,26,40,1,ZAPOTECO_ESPAÑOL,BIB003_PICKETT_VOCABULARIO,2007_FIFTH_ELECTRONIC,2013_FIFTH_ELECTRONIC_SECOND_VERSION,DOCUMENTED_UNICODE_RECONCILIATION_NOT_BYTE_EXTRACTED_2013,JUCHITAN_HISTORICAL_SOURCE,STRUCTURED_BACKFILL_V0_1
PICKETT-ZE-1258,rabidapa,rabidapa,rabidapa,rabidapa,"[""rabidapa""]",ENTRY,,,[b.b.al.b],cuarto,rabidapa [b.b.al.b] cuarto,,26,40,1,ZAPOTECO_ESPAÑOL,BIB003_PICKETT_VOCABULARIO,2007_FIFTH_ELECTRONIC,2013_FIFTH_ELECTRONIC_SECOND_VERSION,DOCUMENTED_UNICODE_RECONCILIATION_NOT_BYTE_EXTRACTED_2013,JUCHITAN_HISTORICAL_SOURCE,STRUCTURED_BACKFILL_V0_1
PICKETT-ZE-1259,rabionna,rabionna,rabionna,rabionna,"[""rabionna""]",ENTRY,,,[b.al.b],tercero,rabionna [b.al.b] tercero,,26,40,1,ZAPOTECO_ESPAÑOL,BIB003_PICKETT_VOCABULARIO,2007_FIFTH_ELECTRONIC,2013_FIFTH_ELECTRONIC_SECOND_VERSION,DOCUMENTED_UNICODE_RECONCILIATION_NOT_BYTE_EXTRACTED_2013,JUCHITAN_HISTORICAL_SOURCE,STRUCTURED_BACKFILL_V0_1
PICKETT-ZE-1260,rabiropa,rabiropa,rabiropa,rabiropa,"[""rabiropa""]",ENTRY,,,[b.b.al.b],segundo,rabiropa [b.b.al.b] segundo,,26,40,1,ZAPOTECO_ESPAÑOL,BIB003_PICKETT_VOCABULARIO,2007_FIFTH_ELECTRONIC,2013_FIFTH_ELECTRONIC_SECOND_VERSION,DOCUMENTED_UNICODE_RECONCILIATION_NOT_BYTE_EXTRACTED_2013,JUCHITAN_HISTORICAL_SOURCE,STRUCTURED_BACKFILL_V0_1
PICKETT-ZE-1261,raca,raca,raca,raca,"[""raca""]",ENTRY,,,,"ocurrir, hacerse, suceder, pasar, celebrar","raca ocurrir, hacerse, suceder, pasar,",celebrar,26,40,1,ZAPOTECO_ESPAÑOL,BIB003_PICKETT_VOCABULARIO,2007_FIFTH_ELECTRONIC,2013_FIFTH_ELECTRONIC_SECOND_VERSION,DOCUMENTED_UNICODE_RECONCILIATION_NOT_BYTE_EXTRACTED_2013,JUCHITAN_HISTORICAL_SOURCE,STRUCTURED_BACKFILL_V0_1
PICKETT-ZE-1262,raca biidi’,raca biidi’,raca biidiꞌ,raca biidiꞌ,"[""raca biidiꞌ""]",SUBENTRY,raca,,,ensuciarse,raca biidi’ ensuciarse,,26,40,1,ZAPOTECO_ESPAÑOL,BIB003_PICKETT_VOCABULARIO,2007_FIFTH_ELECTRONIC,2013_FIFTH_ELECTRONIC_SECOND_VERSION,DOCUMENTED_UNICODE_RECONCILIATION_NOT_BYTE_EXTRACTED_2013,JUCHITAN_HISTORICAL_SOURCE,STRUCTURED_BACKFILL_V0_1
PICKETT-ZE-1263,raca chaahui’,raca chaahui’,raca chaahuiꞌ,raca chaahuiꞌ,"[""raca chaahuiꞌ""]",SUBENTRY,raca,,,"arreglarse, componerse, repararse","raca chaahui’ arreglarse, componerse,",repararse,26,40,1,ZAPOTECO_ESPAÑOL,BIB003_PICKETT_VOCABULARIO,2007_FIFTH_ELECTRONIC,2013_FIFTH_ELECTRONIC_SECOND_VERSION,DOCUMENTED_UNICODE_RECONCILIATION_NOT_BYTE_EXTRACTED_2013,JUCHITAN_HISTORICAL_SOURCE,STRUCTURED_BACKFILL_V0_1
PICKETT-ZE-1264,raca dé,raca dé,raca dé,raca dé,"[""raca dé""]",SUBENTRY,raca,,,"pulverizarse, despedazarse","raca dé pulverizarse, despedazarse",,26,40,1,ZAPOTECO_ESPAÑOL,BIB003_PICKETT_VOCABULARIO,2007_FIFTH_ELECTRONIC,2013_FIFTH_ELECTRONIC_SECOND_VERSION,DOCUMENTED_UNICODE_RECONCILIATION_NOT_BYTE_EXTRACTED_2013,JUCHITAN_HISTORICAL_SOURCE,STRUCTURED_BACKFILL_V0_1
PICKETT-ZE-1265,raca huará,raca huará,raca huará,raca huará,"[""raca huará""]",SUBENTRY,raca,,,enfermarse,raca huará enfermarse,,26,40,1,ZAPOTECO_ESPAÑOL,BIB003_PICKETT_VOCABULARIO,2007_FIFTH_ELECTRONIC,2013_FIFTH_ELECTRONIC_SECOND_VERSION,DOCUMENTED_UNICODE_RECONCILIATION_NOT_BYTE_EXTRACTED_2013,JUCHITAN_HISTORICAL_SOURCE,STRUCTURED_BACKFILL_V0_1
PICKETT-ZE-1266,raca la’dxi’,raca la’dxi’,raca laꞌdxiꞌ,raca laꞌdxiꞌ,"[""raca laꞌdxiꞌ""]",SUBENTRY,raca,,,"desear, querer","raca la’dxi’ desear, querer",,26,40,1,ZAPOTECO_ESPAÑOL,BIB003_PICKETT_VOCABULARIO,2007_FIFTH_ELECTRONIC,2013_FIFTH_ELECTRONIC_SECOND_VERSION,DOCUMENTED_UNICODE_RECONCILIATION_NOT_BYTE_EXTRACTED_2013,JUCHITAN_HISTORICAL_SOURCE,STRUCTURED_BACKFILL_V0_1
PICKETT-ZE-1267,raca purá,raca purá,raca purá,raca purá,"[""raca purá""]",ENTRY,,,,apurarse,raca purá [b-b.al] apurarse,,26,40,1,ZAPOTECO_ESPAÑOL,BIB003_PICKETT_VOCABULARIO,2007_FIFTH_ELECTRONIC,2013_FIFTH_ELECTRONIC_SECOND_VERSION,DOCUMENTED_UNICODE_RECONCILIATION_NOT_BYTE_EXTRACTED_2013,JUCHITAN_HISTORICAL_SOURCE,STRUCTURED_BACKFILL_V0_1
PICKETT-ZE-1268,raca ÿaya,raca ṟaya,raca ṟaya,raca ṟaya,"[""raca ṟaya""]",ENTRY,,,,"recibir la raya, ser pagado","raca ÿaya [b-a.b] recibir la raya, ser",pagado,26,40,1,ZAPOTECO_ESPAÑOL,BIB003_PICKETT_VOCABULARIO,2007_FIFTH_ELECTRONIC,2013_FIFTH_ELECTRONIC_SECOND_VERSION,DOCUMENTED_UNICODE_RECONCILIATION_NOT_BYTE_EXTRACTED_2013,JUCHITAN_HISTORICAL_SOURCE,STRUCTURED_BACKFILL_V0_1
PICKETT-ZE-1269,raca xcaani’,raca xcaani’,raca xcaaniꞌ,raca xcaaniꞌ,"[""raca xcaaniꞌ""]",ENTRY,,,,"desilusionarse, llevarse chasco, pegarse chasco, chasquearse","raca xcaani’ desilusionarse, llevarse","chasco, pegarse chasco, chasquearse",26,40,1,ZAPOTECO_ESPAÑOL,BIB003_PICKETT_VOCABULARIO,2007_FIFTH_ELECTRONIC,2013_FIFTH_ELECTRONIC_SECOND_VERSION,DOCUMENTED_UNICODE_RECONCILIATION_NOT_BYTE_EXTRACTED_2013,JUCHITAN_HISTORICAL_SOURCE,STRUCTURED_BACKFILL_V0_1
PICKETT-ZE-1270,raca xiroo,raca xiroo,raca xiroo,raca xiroo,"[""raca xiroo""]",ENTRY,,,,"infectarse, inflamarse","raca xiroo infectarse, inflamarse",,26,40,1,ZAPOTECO_ESPAÑOL,BIB003_PICKETT_VOCABULARIO,2007_FIFTH_ELECTRONIC,2013_FIFTH_ELECTRONIC_SECOND_VERSION,DOCUMENTED_UNICODE_RECONCILIATION_NOT_BYTE_EXTRACTED_2013,JUCHITAN_HISTORICAL_SOURCE,STRUCTURED_BACKFILL_V0_1
PICKETT-ZE-1271,racá,racá,racá,racá,"[""racá""]",ENTRY,,,[b.a],"allí, ahí lejos; en ese lugar","racá [b.a] allí, ahí lejos; en ese lugar",,26,40,1,ZAPOTECO_ESPAÑOL,BIB003_PICKETT_VOCABULARIO,2007_FIFTH_ELECTRONIC,2013_FIFTH_ELECTRONIC_SECOND_VERSION,DOCUMENTED_UNICODE_RECONCILIATION_NOT_BYTE_EXTRACTED_2013,JUCHITAN_HISTORICAL_SOURCE,STRUCTURED_BACKFILL_V0_1
PICKETT-ZE-1272,rarica’,rarica’,raricaꞌ,raricaꞌ,"[""raricaꞌ""]",SUBENTRY,racá,,,"ahí, allí","rarica’ [b.b.al] ahí, allí",,26,40,1,ZAPOTECO_ESPAÑOL,BIB003_PICKETT_VOCABULARIO,2007_FIFTH_ELECTRONIC,2013_FIFTH_ELECTRONIC_SECOND_VERSION,DOCUMENTED_UNICODE_RECONCILIATION_NOT_BYTE_EXTRACTED_2013,JUCHITAN_HISTORICAL_SOURCE,STRUCTURED_BACKFILL_V0_1
PICKETT-ZE-1273,raricaca,raricaca,raricaca,raricaca,"[""raricaca""]",SUBENTRY,racá,,,allí mismo,raricaca [b.b.a.a] allí mismo,,26,40,1,ZAPOTECO_ESPAÑOL,BIB003_PICKETT_VOCABULARIO,2007_FIFTH_ELECTRONIC,2013_FIFTH_ELECTRONIC_SECOND_VERSION,DOCUMENTED_UNICODE_RECONCILIATION_NOT_BYTE_EXTRACTED_2013,JUCHITAN_HISTORICAL_SOURCE,STRUCTURED_BACKFILL_V0_1
PICKETT-ZE-1274,raca bigú,raca bigú,raca bigú,raca bigú,"[""raca bigú""]",ENTRY,,,[b-b.a],pulverizarse,raca bigú [b-b.a] pulverizarse,,26,40,1,ZAPOTECO_ESPAÑOL,BIB003_PICKETT_VOCABULARIO,2007_FIFTH_ELECTRONIC,2013_FIFTH_ELECTRONIC_SECOND_VERSION,DOCUMENTED_UNICODE_RECONCILIATION_NOT_BYTE_EXTRACTED_2013,JUCHITAN_HISTORICAL_SOURCE,STRUCTURED_BACKFILL_V0_1
PICKETT-ZE-1275,raca manchar,raca manchar,raca manchar,raca manchar,"[""raca manchar""]",ENTRY,,,,mancharse,raca manchar mancharse,,26,40,1,ZAPOTECO_ESPAÑOL,BIB003_PICKETT_VOCABULARIO,2007_FIFTH_ELECTRONIC,2013_FIFTH_ELECTRONIC_SECOND_VERSION,DOCUMENTED_UNICODE_RECONCILIATION_NOT_BYTE_EXTRACTED_2013,JUCHITAN_HISTORICAL_SOURCE,STRUCTURED_BACKFILL_V0_1
PICKETT-ZE-1276,raca na,raca na,raca na,raca na,"[""raca na""]",ENTRY,,,,ofenderse,raca na ofenderse,,26,40,1,ZAPOTECO_ESPAÑOL,BIB003_PICKETT_VOCABULARIO,2007_FIFTH_ELECTRONIC,2013_FIFTH_ELECTRONIC_SECOND_VERSION,DOCUMENTED_UNICODE_RECONCILIATION_NOT_BYTE_EXTRACTED_2013,JUCHITAN_HISTORICAL_SOURCE,STRUCTURED_BACKFILL_V0_1
PICKETT-ZE-1277,raca naduxhu’,raca naduxhu’,raca naduxhuꞌ,raca naduxhuꞌ,"[""raca naduxhuꞌ""]",ENTRY,,,[b-b.b.al],ponerse bravo,raca naduxhu’ [b-b.b.al] ponerse bravo,,26,40,1,ZAPOTECO_ESPAÑOL,BIB003_PICKETT_VOCABULARIO,2007_FIFTH_ELECTRONIC,2013_FIFTH_ELECTRONIC_SECOND_VERSION,DOCUMENTED_UNICODE_RECONCILIATION_NOT_BYTE_EXTRACTED_2013,JUCHITAN_HISTORICAL_SOURCE,STRUCTURED_BACKFILL_V0_1
PICKETT-ZE-1278,racabiá’,racabiá’,racabiáꞌ,racabiáꞌ,"[""racabiáꞌ""]",ENTRY,,,,"conocer, reconocer; tener compromiso (noviazgo)","racabiá’ conocer, reconocer; tener",compromiso (noviazgo),26,40,1,ZAPOTECO_ESPAÑOL,BIB003_PICKETT_VOCABULARIO,2007_FIFTH_ELECTRONIC,2013_FIFTH_ELECTRONIC_SECOND_VERSION,DOCUMENTED_UNICODE_RECONCILIATION_NOT_BYTE_EXTRACTED_2013,JUCHITAN_HISTORICAL_SOURCE,STRUCTURED_BACKFILL_V0_1
PICKETT-ZE-1279,racaca,racaca,racaca,racaca,"[""racaca""]",ENTRY,,,[b.a.a],ahí nomás,racaca [b.a.a] ahí nomás,,26,40,1,ZAPOTECO_ESPAÑOL,BIB003_PICKETT_VOCABULARIO,2007_FIFTH_ELECTRONIC,2013_FIFTH_ELECTRONIC_SECOND_VERSION,DOCUMENTED_UNICODE_RECONCILIATION_NOT_BYTE_EXTRACTED_2013,JUCHITAN_HISTORICAL_SOURCE,STRUCTURED_BACKFILL_V0_1
PICKETT-ZE-1280,racaná,racaná,racaná,racaná,"[""racaná""]",ENTRY,,,,"lastimarse, ofenderse, le hieren","racaná lastimarse, ofenderse, le hieren",,26,40,1,ZAPOTECO_ESPAÑOL,BIB003_PICKETT_VOCABULARIO,2007_FIFTH_ELECTRONIC,2013_FIFTH_ELECTRONIC_SECOND_VERSION,DOCUMENTED_UNICODE_RECONCILIATION_NOT_BYTE_EXTRACTED_2013,JUCHITAN_HISTORICAL_SOURCE,STRUCTURED_BACKFILL_V0_1
PICKETT-ZE-1281,racané,racané,racané,racané,"[""racané""]",ENTRY,,,[b.b.a],ayudar,racané [b.b.a] ayudar,,26,40,1,ZAPOTECO_ESPAÑOL,BIB003_PICKETT_VOCABULARIO,2007_FIFTH_ELECTRONIC,2013_FIFTH_ELECTRONIC_SECOND_VERSION,DOCUMENTED_UNICODE_RECONCILIATION_NOT_BYTE_EXTRACTED_2013,JUCHITAN_HISTORICAL_SOURCE,STRUCTURED_BACKFILL_V0_1
PICKETT-ZE-1282,racu,racu,racu,racu,"[""racu""]",ENTRY,,,,"vestirse, ponerse ropa","racu vestirse, ponerse ropa",,26,40,1,ZAPOTECO_ESPAÑOL,BIB003_PICKETT_VOCABULARIO,2007_FIFTH_ELECTRONIC,2013_FIFTH_ELECTRONIC_SECOND_VERSION,DOCUMENTED_UNICODE_RECONCILIATION_NOT_BYTE_EXTRACTED_2013,JUCHITAN_HISTORICAL_SOURCE,STRUCTURED_BACKFILL_V0_1
PICKETT-ZE-1283,rache,rache,rache,rache,"[""rache""]",ENTRY,,,,explotar (produciendo un chasquido o el sonido de cohetes ); reventarse (como un grano infectado),rache explotar (produciendo un chasquido,o el sonido de cohetes ); reventarse (como un grano infectado),26,40,2,ZAPOTECO_ESPAÑOL,BIB003_PICKETT_VOCABULARIO,2007_FIFTH_ELECTRONIC,2013_FIFTH_ELECTRONIC_SECOND_VERSION,DOCUMENTED_UNICODE_RECONCILIATION_NOT_BYTE_EXTRACTED_2013,JUCHITAN_HISTORICAL_SOURCE,STRUCTURED_BACKFILL_V0_1
PICKETT-ZE-1284,rache lú,rache lú,rache lú,rache lú,"[""rache lú""]",SUBENTRY,rache,,,"envidiar, codiciar","rache lú envidiar, codiciar",,26,40,2,ZAPOTECO_ESPAÑOL,BIB003_PICKETT_VOCABULARIO,2007_FIFTH_ELECTRONIC,2013_FIFTH_ELECTRONIC_SECOND_VERSION,DOCUMENTED_UNICODE_RECONCILIATION_NOT_BYTE_EXTRACTED_2013,JUCHITAN_HISTORICAL_SOURCE,STRUCTURED_BACKFILL_V0_1
PICKETT-ZE-1285,rache yuuba’,rache yuuba’,rache yuubaꞌ,rache yuubaꞌ,"[""rache yuubaꞌ""]",SUBENTRY,rache,,,crujir,rache yuuba’ crujir,,26,40,2,ZAPOTECO_ESPAÑOL,BIB003_PICKETT_VOCABULARIO,2007_FIFTH_ELECTRONIC,2013_FIFTH_ELECTRONIC_SECOND_VERSION,DOCUMENTED_UNICODE_RECONCILIATION_NOT_BYTE_EXTRACTED_2013,JUCHITAN_HISTORICAL_SOURCE,STRUCTURED_BACKFILL_V0_1
PICKETT-ZE-1286,rache,rache,rache,rache,"[""rache""]",ENTRY,,,[b.a],"troncharse, partirse, quebrarse; plegarse","rache [b.a] troncharse, partirse, quebrarse;",plegarse,26,40,2,ZAPOTECO_ESPAÑOL,BIB003_PICKETT_VOCABULARIO,2007_FIFTH_ELECTRONIC,2013_FIFTH_ELECTRONIC_SECOND_VERSION,DOCUMENTED_UNICODE_RECONCILIATION_NOT_BYTE_EXTRACTED_2013,JUCHITAN_HISTORICAL_SOURCE,STRUCTURED_BACKFILL_V0_1
PICKETT-ZE-1287,rade,rade,rade,rade,"[""rade""]",ENTRY,,,[b.a],"agujerearse, perforarse","rade [b.a] agujerearse, perforarse",,26,40,2,ZAPOTECO_ESPAÑOL,BIB003_PICKETT_VOCABULARIO,2007_FIFTH_ELECTRONIC,2013_FIFTH_ELECTRONIC_SECOND_VERSION,DOCUMENTED_UNICODE_RECONCILIATION_NOT_BYTE_EXTRACTED_2013,JUCHITAN_HISTORICAL_SOURCE,STRUCTURED_BACKFILL_V0_1
PICKETT-ZE-1288,"ra’de’, ria’de’","ra’de’, ria’de’","raꞌdeꞌ, riaꞌdeꞌ",raꞌdeꞌ,"[""raꞌdeꞌ"", ""riaꞌdeꞌ""]",ENTRY,,,,"recibir un regalo (es decir: le regalan, le obsequian)","ra’de’, ria’de’ recibir un regalo (es decir:","le regalan, le obsequian)",26,40,2,ZAPOTECO_ESPAÑOL,BIB003_PICKETT_VOCABULARIO,2007_FIFTH_ELECTRONIC,2013_FIFTH_ELECTRONIC_SECOND_VERSION,DOCUMENTED_UNICODE_RECONCILIATION_NOT_BYTE_EXTRACTED_2013,JUCHITAN_HISTORICAL_SOURCE,STRUCTURED_BACKFILL_V0_1
PICKETT-ZE-1289,radxe,radxe,radxe,radxe,"[""radxe""]",ENTRY,,,,mojarse,radxe mojarse,,26,40,2,ZAPOTECO_ESPAÑOL,BIB003_PICKETT_VOCABULARIO,2007_FIFTH_ELECTRONIC,2013_FIFTH_ELECTRONIC_SECOND_VERSION,DOCUMENTED_UNICODE_RECONCILIATION_NOT_BYTE_EXTRACTED_2013,JUCHITAN_HISTORICAL_SOURCE,STRUCTURED_BACKFILL_V0_1
PICKETT-ZE-1290,radxi,radxi,radxi,radxi,"[""radxi""]",ENTRY,,,,mamar,radxi mamar,,26,40,2,ZAPOTECO_ESPAÑOL,BIB003_PICKETT_VOCABULARIO,2007_FIFTH_ELECTRONIC,2013_FIFTH_ELECTRONIC_SECOND_VERSION,DOCUMENTED_UNICODE_RECONCILIATION_NOT_BYTE_EXTRACTED_2013,JUCHITAN_HISTORICAL_SOURCE,STRUCTURED_BACKFILL_V0_1
PICKETT-ZE-1291,ra’ga’,ra’ga’,raꞌgaꞌ,raꞌgaꞌ,"[""raꞌgaꞌ""]",ENTRY,,,,atorarse,ra’ga’ atorarse,,26,40,2,ZAPOTECO_ESPAÑOL,BIB003_PICKETT_VOCABULARIO,2007_FIFTH_ELECTRONIC,2013_FIFTH_ELECTRONIC_SECOND_VERSION,DOCUMENTED_UNICODE_RECONCILIATION_NOT_BYTE_EXTRACTED_2013,JUCHITAN_HISTORICAL_SOURCE,STRUCTURED_BACKFILL_V0_1
PICKETT-ZE-1292,ra’gui’,ra’gui’,raꞌguiꞌ,raꞌguiꞌ,"[""raꞌguiꞌ""]",ENTRY,,,,cocerse,ra’gui’ cocerse,,26,40,2,ZAPOTECO_ESPAÑOL,BIB003_PICKETT_VOCABULARIO,2007_FIFTH_ELECTRONIC,2013_FIFTH_ELECTRONIC_SECOND_VERSION,DOCUMENTED_UNICODE_RECONCILIATION_NOT_BYTE_EXTRACTED_2013,JUCHITAN_HISTORICAL_SOURCE,STRUCTURED_BACKFILL_V0_1
PICKETT-ZE-1293,raguidapa,raguidapa,raguidapa,raguidapa,"[""raguidapa""]",ENTRY,,,[b.b.al.b],cuarto,raguidapa [b.b.al.b] cuarto,,26,40,2,ZAPOTECO_ESPAÑOL,BIB003_PICKETT_VOCABULARIO,2007_FIFTH_ELECTRONIC,2013_FIFTH_ELECTRONIC_SECOND_VERSION,DOCUMENTED_UNICODE_RECONCILIATION_NOT_BYTE_EXTRACTED_2013,JUCHITAN_HISTORICAL_SOURCE,STRUCTURED_BACKFILL_V0_1
PICKETT-ZE-1294,raguionna,raguionna,raguionna,raguionna,"[""raguionna""]",ENTRY,,,[b.al.b],tercero,raguionna [b.al.b] tercero,,26,40,2,ZAPOTECO_ESPAÑOL,BIB003_PICKETT_VOCABULARIO,2007_FIFTH_ELECTRONIC,2013_FIFTH_ELECTRONIC_SECOND_VERSION,DOCUMENTED_UNICODE_RECONCILIATION_NOT_BYTE_EXTRACTED_2013,JUCHITAN_HISTORICAL_SOURCE,STRUCTURED_BACKFILL_V0_1
PICKETT-ZE-1295,raguiropa,raguiropa,raguiropa,raguiropa,"[""raguiropa""]",ENTRY,,,[b.b.al.b],segundo,raguiropa [b.b.al.b] segundo,,26,40,2,ZAPOTECO_ESPAÑOL,BIB003_PICKETT_VOCABULARIO,2007_FIFTH_ELECTRONIC,2013_FIFTH_ELECTRONIC_SECOND_VERSION,DOCUMENTED_UNICODE_RECONCILIATION_NOT_BYTE_EXTRACTED_2013,JUCHITAN_HISTORICAL_SOURCE,STRUCTURED_BACKFILL_V0_1
PICKETT-ZE-1296,rahui,rahui,rahui,rahui,"[""rahui""]",ENTRY,,,[b.a],"ponerse, vestirse (una enagua)","rahui [b.a] ponerse, vestirse (una enagua)",,26,40,2,ZAPOTECO_ESPAÑOL,BIB003_PICKETT_VOCABULARIO,2007_FIFTH_ELECTRONIC,2013_FIFTH_ELECTRONIC_SECOND_VERSION,DOCUMENTED_UNICODE_RECONCILIATION_NOT_BYTE_EXTRACTED_2013,JUCHITAN_HISTORICAL_SOURCE,STRUCTURED_BACKFILL_V0_1
PICKETT-ZE-1297,raœa,raḻa,raḻa,raḻa,"[""raḻa""]",ENTRY,,,,sazonarse,raœa sazonarse,,26,40,2,ZAPOTECO_ESPAÑOL,BIB003_PICKETT_VOCABULARIO,2007_FIFTH_ELECTRONIC,2013_FIFTH_ELECTRONIC_SECOND_VERSION,DOCUMENTED_UNICODE_RECONCILIATION_NOT_BYTE_EXTRACTED_2013,JUCHITAN_HISTORICAL_SOURCE,STRUCTURED_BACKFILL_V0_1
PICKETT-ZE-1298,raœe,raḻe,raḻe,raḻe,"[""raḻe""]",ENTRY,,,[b.a],nacer (criatura),raœe [b.a] nacer (criatura),,26,40,2,ZAPOTECO_ESPAÑOL,BIB003_PICKETT_VOCABULARIO,2007_FIFTH_ELECTRONIC,2013_FIFTH_ELECTRONIC_SECOND_VERSION,DOCUMENTED_UNICODE_RECONCILIATION_NOT_BYTE_EXTRACTED_2013,JUCHITAN_HISTORICAL_SOURCE,STRUCTURED_BACKFILL_V0_1
PICKETT-ZE-1299,raana’,raana’,raanaꞌ,raanaꞌ,"[""raanaꞌ""]",ENTRY,,,,"barbechar, limpiar el terreno, rozar","raana’ barbechar, limpiar el terreno, rozar",,26,40,2,ZAPOTECO_ESPAÑOL,BIB003_PICKETT_VOCABULARIO,2007_FIFTH_ELECTRONIC,2013_FIFTH_ELECTRONIC_SECOND_VERSION,DOCUMENTED_UNICODE_RECONCILIATION_NOT_BYTE_EXTRACTED_2013,JUCHITAN_HISTORICAL_SOURCE,STRUCTURED_BACKFILL_V0_1
PICKETT-ZE-1300,ranaxhii,ranaxhii,ranaxhii,ranaxhii,"[""ranaxhii""]",ENTRY,,,[b.b.a],"amar, querer","ranaxhii [b.b.a] amar, querer",,26,40,2,ZAPOTECO_ESPAÑOL,BIB003_PICKETT_VOCABULARIO,2007_FIFTH_ELECTRONIC,2013_FIFTH_ELECTRONIC_SECOND_VERSION,DOCUMENTED_UNICODE_RECONCILIATION_NOT_BYTE_EXTRACTED_2013,JUCHITAN_HISTORICAL_SOURCE,STRUCTURED_BACKFILL_V0_1
PICKETT-ZE-1301,"Ranchu Gubiña, Ranchu Biña","Ranchu Gubiña, Ranchu Biña","Ranchu Gubiña, Ranchu Biña",Ranchu Gubiña,"[""Ranchu Gubiña"", ""Ranchu Biña""]",ENTRY,,,[b-b.a.b],[b-a.b] Unión Hidalgo,"Ranchu Gubiña [b-b.a.b], Ranchu Biña",[b-a.b] Unión Hidalgo,26,40,2,ZAPOTECO_ESPAÑOL,BIB003_PICKETT_VOCABULARIO,2007_FIFTH_ELECTRONIC,2013_FIFTH_ELECTRONIC_SECOND_VERSION,DOCUMENTED_UNICODE_RECONCILIATION_NOT_BYTE_EXTRACTED_2013,JUCHITAN_HISTORICAL_SOURCE,STRUCTURED_BACKFILL_V0_1
PICKETT-ZE-1302,randa,randa,randa,randa,"[""randa""]",ENTRY,,,[b.a],"poder; colgarse, ponerse (un collar); cachar","randa [b.a] poder; colgarse, ponerse (un",collar); cachar,26,40,2,ZAPOTECO_ESPAÑOL,BIB003_PICKETT_VOCABULARIO,2007_FIFTH_ELECTRONIC,2013_FIFTH_ELECTRONIC_SECOND_VERSION,DOCUMENTED_UNICODE_RECONCILIATION_NOT_BYTE_EXTRACTED_2013,JUCHITAN_HISTORICAL_SOURCE,STRUCTURED_BACKFILL_V0_1
PICKETT-ZE-1303,randa ca,randa ca,randa ca,randa ca,"[""randa ca""]",ENTRY,,,[b-a],es posible,randa ca [b-a] es posible,,26,40,2,ZAPOTECO_ESPAÑOL,BIB003_PICKETT_VOCABULARIO,2007_FIFTH_ELECTRONIC,2013_FIFTH_ELECTRONIC_SECOND_VERSION,DOCUMENTED_UNICODE_RECONCILIATION_NOT_BYTE_EXTRACTED_2013,JUCHITAN_HISTORICAL_SOURCE,STRUCTURED_BACKFILL_V0_1
PICKETT-ZE-1304,raani’,raani’,raaniꞌ,raaniꞌ,"[""raaniꞌ""]",ENTRY,,,,"apretar, oprimir (por medio de un peso grande)","raani’ apretar, oprimir (por medio de un",peso grande),26,40,2,ZAPOTECO_ESPAÑOL,BIB003_PICKETT_VOCABULARIO,2007_FIFTH_ELECTRONIC,2013_FIFTH_ELECTRONIC_SECOND_VERSION,DOCUMENTED_UNICODE_RECONCILIATION_NOT_BYTE_EXTRACTED_2013,JUCHITAN_HISTORICAL_SOURCE,STRUCTURED_BACKFILL_V0_1
PICKETT-ZE-1305,raaniná’,raaniná’,raanináꞌ,raanináꞌ,"[""raanináꞌ""]",SUBENTRY,raaniꞌ,,,ensañarse,raaniná’ [b.b.a] ensañarse,,26,40,2,ZAPOTECO_ESPAÑOL,BIB003_PICKETT_VOCABULARIO,2007_FIFTH_ELECTRONIC,2013_FIFTH_ELECTRONIC_SECOND_VERSION,DOCUMENTED_UNICODE_RECONCILIATION_NOT_BYTE_EXTRACTED_2013,JUCHITAN_HISTORICAL_SOURCE,STRUCTURED_BACKFILL_V0_1
PICKETT-ZE-1306,rapa,rapa,rapa,rapa,"[""rapa""]",ENTRY,,,,"cuidar, guardar, custodiar","rapa cuidar, guardar, custodiar",,26,40,2,ZAPOTECO_ESPAÑOL,BIB003_PICKETT_VOCABULARIO,2007_FIFTH_ELECTRONIC,2013_FIFTH_ELECTRONIC_SECOND_VERSION,DOCUMENTED_UNICODE_RECONCILIATION_NOT_BYTE_EXTRACTED_2013,JUCHITAN_HISTORICAL_SOURCE,STRUCTURED_BACKFILL_V0_1
PICKETT-ZE-1307,rapa,rapa,rapa,rapa,"[""rapa""]",ENTRY,,,[b.a],tener (de costumbre),rapa [b.a] tener (de costumbre),,26,40,2,ZAPOTECO_ESPAÑOL,BIB003_PICKETT_VOCABULARIO,2007_FIFTH_ELECTRONIC,2013_FIFTH_ELECTRONIC_SECOND_VERSION,DOCUMENTED_UNICODE_RECONCILIATION_NOT_BYTE_EXTRACTED_2013,JUCHITAN_HISTORICAL_SOURCE,STRUCTURED_BACKFILL_V0_1
PICKETT-ZE-1308,raqué,raqué,raqué,raqué,"[""raqué""]",ENTRY,,,[b.a],"allá, en aquel lugar","raqué [b.a] allá, en aquel lugar",,26,40,2,ZAPOTECO_ESPAÑOL,BIB003_PICKETT_VOCABULARIO,2007_FIFTH_ELECTRONIC,2013_FIFTH_ELECTRONIC_SECOND_VERSION,DOCUMENTED_UNICODE_RECONCILIATION_NOT_BYTE_EXTRACTED_2013,JUCHITAN_HISTORICAL_SOURCE,STRUCTURED_BACKFILL_V0_1
PICKETT-ZE-1309,raqueca,raqueca,raqueca,raqueca,"[""raqueca""]",SUBENTRY,raqué,,,allá mismo,raqueca [b.a.a] allá mismo,,26,40,2,ZAPOTECO_ESPAÑOL,BIB003_PICKETT_VOCABULARIO,2007_FIFTH_ELECTRONIC,2013_FIFTH_ELECTRONIC_SECOND_VERSION,DOCUMENTED_UNICODE_RECONCILIATION_NOT_BYTE_EXTRACTED_2013,JUCHITAN_HISTORICAL_SOURCE,STRUCTURED_BACKFILL_V0_1
PICKETT-ZE-1310,rarí’,rarí’,raríꞌ,raríꞌ,"[""raríꞌ""]",ENTRY,,,[b.a],"acá, aquí, en este lugar","rarí’ [b.a] acá, aquí, en este lugar",,26,40,2,ZAPOTECO_ESPAÑOL,BIB003_PICKETT_VOCABULARIO,2007_FIFTH_ELECTRONIC,2013_FIFTH_ELECTRONIC_SECOND_VERSION,DOCUMENTED_UNICODE_RECONCILIATION_NOT_BYTE_EXTRACTED_2013,JUCHITAN_HISTORICAL_SOURCE,STRUCTURED_BACKFILL_V0_1
PICKETT-ZE-1311,rarica,rarica,rarica,rarica,"[""rarica""]",SUBENTRY,raríꞌ,,,"aquí nomás, hasta aquí","rarica [b.a.a] aquí nomás, hasta aquí",,26,40,2,ZAPOTECO_ESPAÑOL,BIB003_PICKETT_VOCABULARIO,2007_FIFTH_ELECTRONIC,2013_FIFTH_ELECTRONIC_SECOND_VERSION,DOCUMENTED_UNICODE_RECONCILIATION_NOT_BYTE_EXTRACTED_2013,JUCHITAN_HISTORICAL_SOURCE,STRUCTURED_BACKFILL_V0_1
PICKETT-ZE-1312,raripe’,raripe’,raripeꞌ,raripeꞌ,"[""raripeꞌ""]",SUBENTRY,raríꞌ,,,precisamente aquí (por ej.: raripe’ nga lidxe’ precisamente aquí es mi casa),raripe’ [b.a.b] precisamente aquí (por,ej.: raripe’ nga lidxe’ precisamente aquí es mi casa),26,40,2,ZAPOTECO_ESPAÑOL,BIB003_PICKETT_VOCABULARIO,2007_FIFTH_ELECTRONIC,2013_FIFTH_ELECTRONIC_SECOND_VERSION,DOCUMENTED_UNICODE_RECONCILIATION_NOT_BYTE_EXTRACTED_2013,JUCHITAN_HISTORICAL_SOURCE,STRUCTURED_BACKFILL_V0_1
PICKETT-ZE-1313,rariti’,rariti’,raritiꞌ,raritiꞌ,"[""raritiꞌ""]",SUBENTRY,raríꞌ,,,"aquí nomás, hasta aquí (por ej.: rariti’ yendaya’ hasta aquí llegué)","rariti’ [b.a.b] aquí nomás, hasta aquí",(por ej.: rariti’ yendaya’ hasta aquí llegué),26,40,2,ZAPOTECO_ESPAÑOL,BIB003_PICKETT_VOCABULARIO,2007_FIFTH_ELECTRONIC,2013_FIFTH_ELECTRONIC_SECOND_VERSION,DOCUMENTED_UNICODE_RECONCILIATION_NOT_BYTE_EXTRACTED_2013,JUCHITAN_HISTORICAL_SOURCE,STRUCTURED_BACKFILL_V0_1
PICKETT-ZE-1314,raridapa,raridapa,raridapa,raridapa,"[""raridapa""]",ENTRY,,,,cuarto,raridapa cuarto,,26,40,2,ZAPOTECO_ESPAÑOL,BIB003_PICKETT_VOCABULARIO,2007_FIFTH_ELECTRONIC,2013_FIFTH_ELECTRONIC_SECOND_VERSION,DOCUMENTED_UNICODE_RECONCILIATION_NOT_BYTE_EXTRACTED_2013,JUCHITAN_HISTORICAL_SOURCE,STRUCTURED_BACKFILL_V0_1
PICKETT-ZE-1315,rarionna,rarionna,rarionna,rarionna,"[""rarionna""]",ENTRY,,,,tercero,rarionna tercero,,26,40,2,ZAPOTECO_ESPAÑOL,BIB003_PICKETT_VOCABULARIO,2007_FIFTH_ELECTRONIC,2013_FIFTH_ELECTRONIC_SECOND_VERSION,DOCUMENTED_UNICODE_RECONCILIATION_NOT_BYTE_EXTRACTED_2013,JUCHITAN_HISTORICAL_SOURCE,STRUCTURED_BACKFILL_V0_1
PICKETT-ZE-1316,rariropa,rariropa,rariropa,rariropa,"[""rariropa""]",ENTRY,,,,segundo,rariropa segundo,,27,41,1,ZAPOTECO_ESPAÑOL,BIB003_PICKETT_VOCABULARIO,2007_FIFTH_ELECTRONIC,2013_FIFTH_ELECTRONIC_SECOND_VERSION,DOCUMENTED_UNICODE_RECONCILIATION_NOT_BYTE_EXTRACTED_2013,JUCHITAN_HISTORICAL_SOURCE,STRUCTURED_BACKFILL_V0_1
PICKETT-ZE-1317,ra’sa’,ra’sa’,raꞌsaꞌ,raꞌsaꞌ,"[""raꞌsaꞌ""]",ENTRY,,,,"masticar, mascar; encajarse","ra’sa’ masticar, mascar; encajarse",,27,41,1,ZAPOTECO_ESPAÑOL,BIB003_PICKETT_VOCABULARIO,2007_FIFTH_ELECTRONIC,2013_FIFTH_ELECTRONIC_SECOND_VERSION,DOCUMENTED_UNICODE_RECONCILIATION_NOT_BYTE_EXTRACTED_2013,JUCHITAN_HISTORICAL_SOURCE,STRUCTURED_BACKFILL_V0_1
PICKETT-ZE-1318,rasi,rasi,rasi,rasi,"[""rasi""]",ENTRY,,,,"dormir, dormirse","rasi dormir, dormirse",,27,41,1,ZAPOTECO_ESPAÑOL,BIB003_PICKETT_VOCABULARIO,2007_FIFTH_ELECTRONIC,2013_FIFTH_ELECTRONIC_SECOND_VERSION,DOCUMENTED_UNICODE_RECONCILIATION_NOT_BYTE_EXTRACTED_2013,JUCHITAN_HISTORICAL_SOURCE,STRUCTURED_BACKFILL_V0_1
PICKETT-ZE-1319,ra’ta’,ra’ta’,raꞌtaꞌ,raꞌtaꞌ,"[""raꞌtaꞌ""]",ENTRY,,,,acostarse,ra’ta’ acostarse,,27,41,1,ZAPOTECO_ESPAÑOL,BIB003_PICKETT_VOCABULARIO,2007_FIFTH_ELECTRONIC,2013_FIFTH_ELECTRONIC_SECOND_VERSION,DOCUMENTED_UNICODE_RECONCILIATION_NOT_BYTE_EXTRACTED_2013,JUCHITAN_HISTORICAL_SOURCE,STRUCTURED_BACKFILL_V0_1
PICKETT-ZE-1320,rata gudaa,rata gudaa,rata gudaa,rata gudaa,"[""rata gudaa""]",SUBENTRY,raꞌtaꞌ,,,agacharse,rata gudaa [b-b.a] agacharse,,27,41,1,ZAPOTECO_ESPAÑOL,BIB003_PICKETT_VOCABULARIO,2007_FIFTH_ELECTRONIC,2013_FIFTH_ELECTRONIC_SECOND_VERSION,DOCUMENTED_UNICODE_RECONCILIATION_NOT_BYTE_EXTRACTED_2013,JUCHITAN_HISTORICAL_SOURCE,STRUCTURED_BACKFILL_V0_1
PICKETT-ZE-1321,rataná,rataná,rataná,rataná,"[""rataná""]",ENTRY,,,,despierto,rataná despierto,,27,41,1,ZAPOTECO_ESPAÑOL,BIB003_PICKETT_VOCABULARIO,2007_FIFTH_ELECTRONIC,2013_FIFTH_ELECTRONIC_SECOND_VERSION,DOCUMENTED_UNICODE_RECONCILIATION_NOT_BYTE_EXTRACTED_2013,JUCHITAN_HISTORICAL_SOURCE,STRUCTURED_BACKFILL_V0_1
PICKETT-ZE-1322,rati,rati,rati,rati,"[""rati""]",ENTRY,,,,morirse,rati morirse,,27,41,1,ZAPOTECO_ESPAÑOL,BIB003_PICKETT_VOCABULARIO,2007_FIFTH_ELECTRONIC,2013_FIFTH_ELECTRONIC_SECOND_VERSION,DOCUMENTED_UNICODE_RECONCILIATION_NOT_BYTE_EXTRACTED_2013,JUCHITAN_HISTORICAL_SOURCE,STRUCTURED_BACKFILL_V0_1
PICKETT-ZE-1323,rati guiigu’,rati guiigu’,rati guiiguꞌ,rati guiiguꞌ,"[""rati guiiguꞌ""]",SUBENTRY,rati,,,ahogarse en el agua,rati guiigu’ ahogarse en el agua,,27,41,1,ZAPOTECO_ESPAÑOL,BIB003_PICKETT_VOCABULARIO,2007_FIFTH_ELECTRONIC,2013_FIFTH_ELECTRONIC_SECOND_VERSION,DOCUMENTED_UNICODE_RECONCILIATION_NOT_BYTE_EXTRACTED_2013,JUCHITAN_HISTORICAL_SOURCE,STRUCTURED_BACKFILL_V0_1
PICKETT-ZE-1324,rati xhiee,rati xhiee,rati xhiee,rati xhiee,"[""rati xhiee""]",SUBENTRY,rati,,,"ahogarse, asfixiarse","rati xhiee ahogarse, asfixiarse",,27,41,1,ZAPOTECO_ESPAÑOL,BIB003_PICKETT_VOCABULARIO,2007_FIFTH_ELECTRONIC,2013_FIFTH_ELECTRONIC_SECOND_VERSION,DOCUMENTED_UNICODE_RECONCILIATION_NOT_BYTE_EXTRACTED_2013,JUCHITAN_HISTORICAL_SOURCE,STRUCTURED_BACKFILL_V0_1
PICKETT-ZE-1325,rati zi’,rati zi’,rati ziꞌ,rati ziꞌ,"[""rati ziꞌ""]",SUBENTRY,rati,,,morirse de hambre,rati zi’ [b.a] morirse de hambre,,27,41,1,ZAPOTECO_ESPAÑOL,BIB003_PICKETT_VOCABULARIO,2007_FIFTH_ELECTRONIC,2013_FIFTH_ELECTRONIC_SECOND_VERSION,DOCUMENTED_UNICODE_RECONCILIATION_NOT_BYTE_EXTRACTED_2013,JUCHITAN_HISTORICAL_SOURCE,STRUCTURED_BACKFILL_V0_1
PICKETT-ZE-1326,"rati, rati nisa","rati, rati nisa","rati, rati nisa",rati,"[""rati"", ""rati nisa""]",ENTRY,,,[b.a]; [b-al.b],sentir sed,"rati [b.a], rati nisa [b-al.b] sentir sed",,27,41,1,ZAPOTECO_ESPAÑOL,BIB003_PICKETT_VOCABULARIO,2007_FIFTH_ELECTRONIC,2013_FIFTH_ELECTRONIC_SECOND_VERSION,DOCUMENTED_UNICODE_RECONCILIATION_NOT_BYTE_EXTRACTED_2013,JUCHITAN_HISTORICAL_SOURCE,STRUCTURED_BACKFILL_V0_1
PICKETT-ZE-1327,raxha,raxha,raxha,raxha,"[""raxha""]",ENTRY,,,,"arrancar, quitar","raxha arrancar, quitar",,27,41,1,ZAPOTECO_ESPAÑOL,BIB003_PICKETT_VOCABULARIO,2007_FIFTH_ELECTRONIC,2013_FIFTH_ELECTRONIC_SECOND_VERSION,DOCUMENTED_UNICODE_RECONCILIATION_NOT_BYTE_EXTRACTED_2013,JUCHITAN_HISTORICAL_SOURCE,STRUCTURED_BACKFILL_V0_1
PICKETT-ZE-1328,ÿayu,ṟayu,ṟayu,ṟayu,"[""ṟayu""]",ENTRY,,,[a.b],relámpago,ÿayu [a.b] relámpago,,27,41,1,ZAPOTECO_ESPAÑOL,BIB003_PICKETT_VOCABULARIO,2007_FIFTH_ELECTRONIC,2013_FIFTH_ELECTRONIC_SECOND_VERSION,DOCUMENTED_UNICODE_RECONCILIATION_NOT_BYTE_EXTRACTED_2013,JUCHITAN_HISTORICAL_SOURCE,STRUCTURED_BACKFILL_V0_1
PICKETT-ZE-1329,raze,raze,raze,raze,"[""raze""]",ENTRY,,,,bañarse,raze bañarse,,27,41,1,ZAPOTECO_ESPAÑOL,BIB003_PICKETT_VOCABULARIO,2007_FIFTH_ELECTRONIC,2013_FIFTH_ELECTRONIC_SECOND_VERSION,DOCUMENTED_UNICODE_RECONCILIATION_NOT_BYTE_EXTRACTED_2013,JUCHITAN_HISTORICAL_SOURCE,STRUCTURED_BACKFILL_V0_1
PICKETT-ZE-1330,re’,re’,reꞌ,reꞌ,"[""reꞌ""]",ENTRY,,,,"beber, tomar; desayunar","re’ beber, tomar; desayunar",,27,41,1,ZAPOTECO_ESPAÑOL,BIB003_PICKETT_VOCABULARIO,2007_FIFTH_ELECTRONIC,2013_FIFTH_ELECTRONIC_SECOND_VERSION,DOCUMENTED_UNICODE_RECONCILIATION_NOT_BYTE_EXTRACTED_2013,JUCHITAN_HISTORICAL_SOURCE,STRUCTURED_BACKFILL_V0_1
PICKETT-ZE-1331,reeche,reeche,reeche,reeche,"[""reeche""]",ENTRY,,,[a],"regado, diseminado","reeche [a] regado, diseminado",,27,41,1,ZAPOTECO_ESPAÑOL,BIB003_PICKETT_VOCABULARIO,2007_FIFTH_ELECTRONIC,2013_FIFTH_ELECTRONIC_SECOND_VERSION,DOCUMENTED_UNICODE_RECONCILIATION_NOT_BYTE_EXTRACTED_2013,JUCHITAN_HISTORICAL_SOURCE,STRUCTURED_BACKFILL_V0_1
PICKETT-ZE-1332,reeda,reeda,reeda,reeda,"[""reeda""]",ENTRY,,,[b.a],venir,reeda [b.a] venir,,27,41,1,ZAPOTECO_ESPAÑOL,BIB003_PICKETT_VOCABULARIO,2007_FIFTH_ELECTRONIC,2013_FIFTH_ELECTRONIC_SECOND_VERSION,DOCUMENTED_UNICODE_RECONCILIATION_NOT_BYTE_EXTRACTED_2013,JUCHITAN_HISTORICAL_SOURCE,STRUCTURED_BACKFILL_V0_1
PICKETT-ZE-1333,reda malaya,reda malaya,reda malaya,reda malaya,"[""reda malaya""]",SUBENTRY,reeda,,,arrepentirse,reda malaya [b-al.a.b] arrepentirse,,27,41,1,ZAPOTECO_ESPAÑOL,BIB003_PICKETT_VOCABULARIO,2007_FIFTH_ELECTRONIC,2013_FIFTH_ELECTRONIC_SECOND_VERSION,DOCUMENTED_UNICODE_RECONCILIATION_NOT_BYTE_EXTRACTED_2013,JUCHITAN_HISTORICAL_SOURCE,STRUCTURED_BACKFILL_V0_1
PICKETT-ZE-1334,reda si lú,reda si lú,reda si lú,reda si lú,"[""reda si lú""]",SUBENTRY,reeda,,,"recordarse, venir a la mente","reda si lú [b-al-al] recordarse, venir a la",mente,27,41,1,ZAPOTECO_ESPAÑOL,BIB003_PICKETT_VOCABULARIO,2007_FIFTH_ELECTRONIC,2013_FIFTH_ELECTRONIC_SECOND_VERSION,DOCUMENTED_UNICODE_RECONCILIATION_NOT_BYTE_EXTRACTED_2013,JUCHITAN_HISTORICAL_SOURCE,STRUCTURED_BACKFILL_V0_1
PICKETT-ZE-1335,redandá,redandá,redandá,redandá,"[""redandá""]",ENTRY,,,,llegar aquí,redandá [b.b.a] llegar aquí,,27,41,1,ZAPOTECO_ESPAÑOL,BIB003_PICKETT_VOCABULARIO,2007_FIFTH_ELECTRONIC,2013_FIFTH_ELECTRONIC_SECOND_VERSION,DOCUMENTED_UNICODE_RECONCILIATION_NOT_BYTE_EXTRACTED_2013,JUCHITAN_HISTORICAL_SOURCE,STRUCTURED_BACKFILL_V0_1
PICKETT-ZE-1336,redané,redané,redané,redané,"[""redané""]",SUBENTRY,redandá,,,traer,redané [b.b.a] traer,,27,41,1,ZAPOTECO_ESPAÑOL,BIB003_PICKETT_VOCABULARIO,2007_FIFTH_ELECTRONIC,2013_FIFTH_ELECTRONIC_SECOND_VERSION,DOCUMENTED_UNICODE_RECONCILIATION_NOT_BYTE_EXTRACTED_2013,JUCHITAN_HISTORICAL_SOURCE,STRUCTURED_BACKFILL_V0_1
PICKETT-ZE-1337,ÿeduba’ya’,ṟeduba’ya’,ṟedubaꞌyaꞌ,ṟedubaꞌyaꞌ,"[""ṟedubaꞌyaꞌ""]",ENTRY,,,,asquearse,ÿeduba’ya’ asquearse,,27,41,1,ZAPOTECO_ESPAÑOL,BIB003_PICKETT_VOCABULARIO,2007_FIFTH_ELECTRONIC,2013_FIFTH_ELECTRONIC_SECOND_VERSION,DOCUMENTED_UNICODE_RECONCILIATION_NOT_BYTE_EXTRACTED_2013,JUCHITAN_HISTORICAL_SOURCE,STRUCTURED_BACKFILL_V0_1
PICKETT-ZE-1338,renda,renda,renda,renda,"[""renda""]",ENTRY,,(adj),[a],"enredado, envuelto; (s) enredo (enagua angosta que consiste en un lienzo enredado en el cuerpo)","renda [a] (adj) enredado, envuelto; (s)",enredo (enagua angosta que consiste en un lienzo enredado en el cuerpo),27,41,1,ZAPOTECO_ESPAÑOL,BIB003_PICKETT_VOCABULARIO,2007_FIFTH_ELECTRONIC,2013_FIFTH_ELECTRONIC_SECOND_VERSION,DOCUMENTED_UNICODE_RECONCILIATION_NOT_BYTE_EXTRACTED_2013,JUCHITAN_HISTORICAL_SOURCE,STRUCTURED_BACKFILL_V0_1
PICKETT-ZE-1339,ÿeenque,ṟeenque,ṟeenque,ṟeenque,"[""ṟeenque""]",ENTRY,,,[a],vueltas,ÿeenque [a] vueltas,,27,41,1,ZAPOTECO_ESPAÑOL,BIB003_PICKETT_VOCABULARIO,2007_FIFTH_ELECTRONIC,2013_FIFTH_ELECTRONIC_SECOND_VERSION,DOCUMENTED_UNICODE_RECONCILIATION_NOT_BYTE_EXTRACTED_2013,JUCHITAN_HISTORICAL_SOURCE,STRUCTURED_BACKFILL_V0_1
PICKETT-ZE-1340,rezeeque’,rezeeque’,rezeequeꞌ,rezeequeꞌ,"[""rezeequeꞌ""]",ENTRY,,(v-tr),,girar,rezeeque’ (v-tr) girar,,27,41,1,ZAPOTECO_ESPAÑOL,BIB003_PICKETT_VOCABULARIO,2007_FIFTH_ELECTRONIC,2013_FIFTH_ELECTRONIC_SECOND_VERSION,DOCUMENTED_UNICODE_RECONCILIATION_NOT_BYTE_EXTRACTED_2013,JUCHITAN_HISTORICAL_SOURCE,STRUCTURED_BACKFILL_V0_1
PICKETT-ZE-1341,ri’,ri’,riꞌ,riꞌ,"[""riꞌ""]",ENTRY,,,[al],este (partícula determinativa que sigue a los sustantivos),ri’ [al] este (partícula determinativa que,sigue a los sustantivos),27,41,1,ZAPOTECO_ESPAÑOL,BIB003_PICKETT_VOCABULARIO,2007_FIFTH_ELECTRONIC,2013_FIFTH_ELECTRONIC_SECOND_VERSION,DOCUMENTED_UNICODE_RECONCILIATION_NOT_BYTE_EXTRACTED_2013,JUCHITAN_HISTORICAL_SOURCE,STRUCTURED_BACKFILL_V0_1
PICKETT-ZE-1342,rí’,rí’,ríꞌ,ríꞌ,"[""ríꞌ""]",ENTRY,,,[a],"amontonado, congregado, agrupado","rí’ [a] amontonado, congregado, agrupado",,27,41,1,ZAPOTECO_ESPAÑOL,BIB003_PICKETT_VOCABULARIO,2007_FIFTH_ELECTRONIC,2013_FIFTH_ELECTRONIC_SECOND_VERSION,DOCUMENTED_UNICODE_RECONCILIATION_NOT_BYTE_EXTRACTED_2013,JUCHITAN_HISTORICAL_SOURCE,STRUCTURED_BACKFILL_V0_1
PICKETT-ZE-1343,rí xque’la’,rí xque’la’,rí xqueꞌlaꞌ,rí xqueꞌlaꞌ,"[""rí xqueꞌlaꞌ""]",SUBENTRY,ríꞌ,,,"amontonado, tener sedimento","rí xque’la’ [a-b] amontonado, tener",sedimento,27,41,1,ZAPOTECO_ESPAÑOL,BIB003_PICKETT_VOCABULARIO,2007_FIFTH_ELECTRONIC,2013_FIFTH_ELECTRONIC_SECOND_VERSION,DOCUMENTED_UNICODE_RECONCILIATION_NOT_BYTE_EXTRACTED_2013,JUCHITAN_HISTORICAL_SOURCE,STRUCTURED_BACKFILL_V0_1
PICKETT-ZE-1344,"rí zisi, rí sisi","rí zisi, rí sisi","rí zisi, rí sisi",rí zisi,"[""rí zisi"", ""rí sisi""]",SUBENTRY,ríꞌ,,[a-b],reunidos alrededor de algo o de alguien,"rí zisi [a-b], rí sisi [a-b] reunidos",alrededor de algo o de alguien,27,41,1,ZAPOTECO_ESPAÑOL,BIB003_PICKETT_VOCABULARIO,2007_FIFTH_ELECTRONIC,2013_FIFTH_ELECTRONIC_SECOND_VERSION,DOCUMENTED_UNICODE_RECONCILIATION_NOT_BYTE_EXTRACTED_2013,JUCHITAN_HISTORICAL_SOURCE,STRUCTURED_BACKFILL_V0_1
PICKETT-ZE-1345,rii,rii,rii,rii,"[""rii""]",ENTRY,,,,cántaro,rii cántaro,,27,41,1,ZAPOTECO_ESPAÑOL,BIB003_PICKETT_VOCABULARIO,2007_FIFTH_ELECTRONIC,2013_FIFTH_ELECTRONIC_SECOND_VERSION,DOCUMENTED_UNICODE_RECONCILIATION_NOT_BYTE_EXTRACTED_2013,JUCHITAN_HISTORICAL_SOURCE,STRUCTURED_BACKFILL_V0_1
PICKETT-ZE-1346,ria,ria,ria,ria,"[""ria""]",ENTRY,,,,"disolverse, fundirse, deshelarse","ria disolverse, fundirse, deshelarse",,27,41,2,ZAPOTECO_ESPAÑOL,BIB003_PICKETT_VOCABULARIO,2007_FIFTH_ELECTRONIC,2013_FIFTH_ELECTRONIC_SECOND_VERSION,DOCUMENTED_UNICODE_RECONCILIATION_NOT_BYTE_EXTRACTED_2013,JUCHITAN_HISTORICAL_SOURCE,STRUCTURED_BACKFILL_V0_1
PICKETT-ZE-1347,ria,ria,ria,ria,"[""ria""]",ENTRY,,,[a],limpiarse,ria [a] limpiarse,,27,41,2,ZAPOTECO_ESPAÑOL,BIB003_PICKETT_VOCABULARIO,2007_FIFTH_ELECTRONIC,2013_FIFTH_ELECTRONIC_SECOND_VERSION,DOCUMENTED_UNICODE_RECONCILIATION_NOT_BYTE_EXTRACTED_2013,JUCHITAN_HISTORICAL_SOURCE,STRUCTURED_BACKFILL_V0_1
PICKETT-ZE-1348,ria’,ria’,riaꞌ,riaꞌ,"[""riaꞌ""]",ENTRY,,,,construirse,ria’ construirse,,27,41,2,ZAPOTECO_ESPAÑOL,BIB003_PICKETT_VOCABULARIO,2007_FIFTH_ELECTRONIC,2013_FIFTH_ELECTRONIC_SECOND_VERSION,DOCUMENTED_UNICODE_RECONCILIATION_NOT_BYTE_EXTRACTED_2013,JUCHITAN_HISTORICAL_SOURCE,STRUCTURED_BACKFILL_V0_1
PICKETT-ZE-1349,ria’,ria’,riaꞌ,riaꞌ,"[""riaꞌ""]",ENTRY,,,[a],compadecer,ria’ [a] compadecer,,27,41,2,ZAPOTECO_ESPAÑOL,BIB003_PICKETT_VOCABULARIO,2007_FIFTH_ELECTRONIC,2013_FIFTH_ELECTRONIC_SECOND_VERSION,DOCUMENTED_UNICODE_RECONCILIATION_NOT_BYTE_EXTRACTED_2013,JUCHITAN_HISTORICAL_SOURCE,STRUCTURED_BACKFILL_V0_1
PICKETT-ZE-1350,riaa,riaa,riaa,riaa,"[""riaa""]",ENTRY,,,,acostumbrarse; hallarse,riaa acostumbrarse; hallarse,,27,41,2,ZAPOTECO_ESPAÑOL,BIB003_PICKETT_VOCABULARIO,2007_FIFTH_ELECTRONIC,2013_FIFTH_ELECTRONIC_SECOND_VERSION,DOCUMENTED_UNICODE_RECONCILIATION_NOT_BYTE_EXTRACTED_2013,JUCHITAN_HISTORICAL_SOURCE,STRUCTURED_BACKFILL_V0_1
PICKETT-ZE-1351,riaba,riaba,riaba,riaba,"[""riaba""]",ENTRY,,,,caerse; tirarse,riaba caerse; tirarse,,27,41,2,ZAPOTECO_ESPAÑOL,BIB003_PICKETT_VOCABULARIO,2007_FIFTH_ELECTRONIC,2013_FIFTH_ELECTRONIC_SECOND_VERSION,DOCUMENTED_UNICODE_RECONCILIATION_NOT_BYTE_EXTRACTED_2013,JUCHITAN_HISTORICAL_SOURCE,STRUCTURED_BACKFILL_V0_1
PICKETT-ZE-1352,riaba nisa guie,riaba nisa guie,riaba nisa guie,riaba nisa guie,"[""riaba nisa guie""]",SUBENTRY,riaba,,,llover,riaba nisa guie llover,,27,41,2,ZAPOTECO_ESPAÑOL,BIB003_PICKETT_VOCABULARIO,2007_FIFTH_ELECTRONIC,2013_FIFTH_ELECTRONIC_SECOND_VERSION,DOCUMENTED_UNICODE_RECONCILIATION_NOT_BYTE_EXTRACTED_2013,JUCHITAN_HISTORICAL_SOURCE,STRUCTURED_BACKFILL_V0_1
PICKETT-ZE-1353,riaabi’,riaabi’,riaabiꞌ,riaabiꞌ,"[""riaabiꞌ""]",ENTRY,,,,"debilitarse, pudrirse","riaabi’ debilitarse, pudrirse",,27,41,2,ZAPOTECO_ESPAÑOL,BIB003_PICKETT_VOCABULARIO,2007_FIFTH_ELECTRONIC,2013_FIFTH_ELECTRONIC_SECOND_VERSION,DOCUMENTED_UNICODE_RECONCILIATION_NOT_BYTE_EXTRACTED_2013,JUCHITAN_HISTORICAL_SOURCE,STRUCTURED_BACKFILL_V0_1
PICKETT-ZE-1354,riaca,riaca,riaca,riaca,"[""riaca""]",ENTRY,,,,"gozar, divertirse, aprovecharse de la ocasión","riaca gozar, divertirse, aprovecharse de la",ocasión,27,41,2,ZAPOTECO_ESPAÑOL,BIB003_PICKETT_VOCABULARIO,2007_FIFTH_ELECTRONIC,2013_FIFTH_ELECTRONIC_SECOND_VERSION,DOCUMENTED_UNICODE_RECONCILIATION_NOT_BYTE_EXTRACTED_2013,JUCHITAN_HISTORICAL_SOURCE,STRUCTURED_BACKFILL_V0_1
PICKETT-ZE-1355,riaca dxita,riaca dxita,riaca dxita,riaca dxita,"[""riaca dxita""]",ENTRY,,(v-intr),,"enflaquecer, llegar a estar flaco","riaca dxita (v-intr) enflaquecer, llegar a",estar flaco,27,41,2,ZAPOTECO_ESPAÑOL,BIB003_PICKETT_VOCABULARIO,2007_FIFTH_ELECTRONIC,2013_FIFTH_ELECTRONIC_SECOND_VERSION,DOCUMENTED_UNICODE_RECONCILIATION_NOT_BYTE_EXTRACTED_2013,JUCHITAN_HISTORICAL_SOURCE,STRUCTURED_BACKFILL_V0_1
PICKETT-ZE-1356,riacha,riacha,riacha,riacha,"[""riacha""]",ENTRY,,,,"esponjarse (los huevos al batir, el arroz al cocer); reventarse (el maíz al cocer); arrugarse (las manos por estar largo tiempo en el agua)","riacha esponjarse (los huevos al batir, el",arroz al cocer); reventarse (el maíz al cocer); arrugarse (las manos por estar largo tiempo en el agua),27,41,2,ZAPOTECO_ESPAÑOL,BIB003_PICKETT_VOCABULARIO,2007_FIFTH_ELECTRONIC,2013_FIFTH_ELECTRONIC_SECOND_VERSION,DOCUMENTED_UNICODE_RECONCILIATION_NOT_BYTE_EXTRACTED_2013,JUCHITAN_HISTORICAL_SOURCE,STRUCTURED_BACKFILL_V0_1
PICKETT-ZE-1357,"ria’de’, ra’de’","ria’de’, ra’de’","riaꞌdeꞌ, raꞌdeꞌ",riaꞌdeꞌ,"[""riaꞌdeꞌ"", ""raꞌdeꞌ""]",ENTRY,,,,recibir un regalo,"ria’de’, ra’de’ recibir un regalo",,27,41,2,ZAPOTECO_ESPAÑOL,BIB003_PICKETT_VOCABULARIO,2007_FIFTH_ELECTRONIC,2013_FIFTH_ELECTRONIC_SECOND_VERSION,DOCUMENTED_UNICODE_RECONCILIATION_NOT_BYTE_EXTRACTED_2013,JUCHITAN_HISTORICAL_SOURCE,STRUCTURED_BACKFILL_V0_1
PICKETT-ZE-1358,riaadxa’,riaadxa’,riaadxaꞌ,riaadxaꞌ,"[""riaadxaꞌ""]",ENTRY,,,,"faltar, carecer","riaadxa’ faltar, carecer",,27,41,2,ZAPOTECO_ESPAÑOL,BIB003_PICKETT_VOCABULARIO,2007_FIFTH_ELECTRONIC,2013_FIFTH_ELECTRONIC_SECOND_VERSION,DOCUMENTED_UNICODE_RECONCILIATION_NOT_BYTE_EXTRACTED_2013,JUCHITAN_HISTORICAL_SOURCE,STRUCTURED_BACKFILL_V0_1
PICKETT-ZE-1359,riaadxa xpiaani’,riaadxa xpiaani’,riaadxa xpiaaniꞌ,riaadxa xpiaaniꞌ,"[""riaadxa xpiaaniꞌ""]",SUBENTRY,riaadxaꞌ,,,"estar loco, carecer de inteligencia, faltar inteligencia","riaadxa xpiaani’ estar loco, carecer de","inteligencia, faltar inteligencia",27,41,2,ZAPOTECO_ESPAÑOL,BIB003_PICKETT_VOCABULARIO,2007_FIFTH_ELECTRONIC,2013_FIFTH_ELECTRONIC_SECOND_VERSION,DOCUMENTED_UNICODE_RECONCILIATION_NOT_BYTE_EXTRACTED_2013,JUCHITAN_HISTORICAL_SOURCE,STRUCTURED_BACKFILL_V0_1
PICKETT-ZE-1360,riahui,riahui,riahui,riahui,"[""riahui""]",ENTRY,,,[b.a],"inundar, impregnar, meterse (agua, humo o polvo)","riahui [b.a] inundar, impregnar, meterse","(agua, humo o polvo)",27,41,2,ZAPOTECO_ESPAÑOL,BIB003_PICKETT_VOCABULARIO,2007_FIFTH_ELECTRONIC,2013_FIFTH_ELECTRONIC_SECOND_VERSION,DOCUMENTED_UNICODE_RECONCILIATION_NOT_BYTE_EXTRACTED_2013,JUCHITAN_HISTORICAL_SOURCE,STRUCTURED_BACKFILL_V0_1
PICKETT-ZE-1361,"riaœe’, rieœe’","riaḻe’, rieḻe’","riaḻeꞌ, rieḻeꞌ",riaḻeꞌ,"[""riaḻeꞌ"", ""rieḻeꞌ""]",ENTRY,,,[b.al],"abrirse (Se aplica a flores. En el tiempo pasado, se aplica también a heridas bieḻe’, biaḻe’.)","riaœe’, rieœe’ [b.al] abrirse (Se aplica a","flores. En el tiempo pasado, se aplica también a heridas bieœe’, biaœe’.)",27,41,2,ZAPOTECO_ESPAÑOL,BIB003_PICKETT_VOCABULARIO,2007_FIFTH_ELECTRONIC,2013_FIFTH_ELECTRONIC_SECOND_VERSION,DOCUMENTED_UNICODE_RECONCILIATION_NOT_BYTE_EXTRACTED_2013,JUCHITAN_HISTORICAL_SOURCE,STRUCTURED_BACKFILL_V0_1
PICKETT-ZE-1362,riana,riana,riana,riana,"[""riana""]",ENTRY,,,,arder,riana arder,,27,41,2,ZAPOTECO_ESPAÑOL,BIB003_PICKETT_VOCABULARIO,2007_FIFTH_ELECTRONIC,2013_FIFTH_ELECTRONIC_SECOND_VERSION,DOCUMENTED_UNICODE_RECONCILIATION_NOT_BYTE_EXTRACTED_2013,JUCHITAN_HISTORICAL_SOURCE,STRUCTURED_BACKFILL_V0_1
PICKETT-ZE-1363,riaana,riaana,riaana,riaana,"[""riaana""]",ENTRY,,,[b.a],"quedarse, permanecer","riaana [b.a] quedarse, permanecer",,27,41,2,ZAPOTECO_ESPAÑOL,BIB003_PICKETT_VOCABULARIO,2007_FIFTH_ELECTRONIC,2013_FIFTH_ELECTRONIC_SECOND_VERSION,DOCUMENTED_UNICODE_RECONCILIATION_NOT_BYTE_EXTRACTED_2013,JUCHITAN_HISTORICAL_SOURCE,STRUCTURED_BACKFILL_V0_1
PICKETT-ZE-1364,riaana’,riaana’,riaanaꞌ,riaanaꞌ,"[""riaanaꞌ""]",ENTRY,,,,"barbecharse, limpiarse el terreno, rozarse","riaana’ barbecharse, limpiarse el terreno,",rozarse,27,41,2,ZAPOTECO_ESPAÑOL,BIB003_PICKETT_VOCABULARIO,2007_FIFTH_ELECTRONIC,2013_FIFTH_ELECTRONIC_SECOND_VERSION,DOCUMENTED_UNICODE_RECONCILIATION_NOT_BYTE_EXTRACTED_2013,JUCHITAN_HISTORICAL_SOURCE,STRUCTURED_BACKFILL_V0_1
PICKETT-ZE-1365,rianda,rianda,rianda,rianda,"[""rianda""]",ENTRY,,,,"enfriarse; sanar, curarse","rianda enfriarse; sanar, curarse",,27,41,2,ZAPOTECO_ESPAÑOL,BIB003_PICKETT_VOCABULARIO,2007_FIFTH_ELECTRONIC,2013_FIFTH_ELECTRONIC_SECOND_VERSION,DOCUMENTED_UNICODE_RECONCILIATION_NOT_BYTE_EXTRACTED_2013,JUCHITAN_HISTORICAL_SOURCE,STRUCTURED_BACKFILL_V0_1
PICKETT-ZE-1366,riaanda’,riaanda’,riaandaꞌ,riaandaꞌ,"[""riaandaꞌ""]",ENTRY,,,,olvidarse,riaanda’ olvidarse,,27,41,2,ZAPOTECO_ESPAÑOL,BIB003_PICKETT_VOCABULARIO,2007_FIFTH_ELECTRONIC,2013_FIFTH_ELECTRONIC_SECOND_VERSION,DOCUMENTED_UNICODE_RECONCILIATION_NOT_BYTE_EXTRACTED_2013,JUCHITAN_HISTORICAL_SOURCE,STRUCTURED_BACKFILL_V0_1
PICKETT-ZE-1367,riaande,riaande,riaande,riaande,"[""riaande""]",ENTRY,,,[b.a],tener los ojos saltones,riaande [b.a] tener los ojos saltones,,27,41,2,ZAPOTECO_ESPAÑOL,BIB003_PICKETT_VOCABULARIO,2007_FIFTH_ELECTRONIC,2013_FIFTH_ELECTRONIC_SECOND_VERSION,DOCUMENTED_UNICODE_RECONCILIATION_NOT_BYTE_EXTRACTED_2013,JUCHITAN_HISTORICAL_SOURCE,STRUCTURED_BACKFILL_V0_1
PICKETT-ZE-1368,riaande’,riaande’,riaandeꞌ,riaandeꞌ,"[""riaandeꞌ""]",ENTRY,,,,cocerse maíz (para tortillas),riaande’ cocerse maíz (para tortillas),,27,41,2,ZAPOTECO_ESPAÑOL,BIB003_PICKETT_VOCABULARIO,2007_FIFTH_ELECTRONIC,2013_FIFTH_ELECTRONIC_SECOND_VERSION,DOCUMENTED_UNICODE_RECONCILIATION_NOT_BYTE_EXTRACTED_2013,JUCHITAN_HISTORICAL_SOURCE,STRUCTURED_BACKFILL_V0_1
PICKETT-ZE-1369,riaani’,riaani’,riaaniꞌ,riaaniꞌ,"[""riaaniꞌ""]",ENTRY,,,,aclararse,riaani’ aclararse,,27,41,2,ZAPOTECO_ESPAÑOL,BIB003_PICKETT_VOCABULARIO,2007_FIFTH_ELECTRONIC,2013_FIFTH_ELECTRONIC_SECOND_VERSION,DOCUMENTED_UNICODE_RECONCILIATION_NOT_BYTE_EXTRACTED_2013,JUCHITAN_HISTORICAL_SOURCE,STRUCTURED_BACKFILL_V0_1
PICKETT-ZE-1370,riaapa,riaapa,riaapa,riaapa,"[""riaapa""]",ENTRY,,,[b.a],"desaparecer a la vista, taparse por completo, cubrirse por completo","riaapa [b.a] desaparecer a la vista, taparse","por completo, cubrirse por completo",27,41,2,ZAPOTECO_ESPAÑOL,BIB003_PICKETT_VOCABULARIO,2007_FIFTH_ELECTRONIC,2013_FIFTH_ELECTRONIC_SECOND_VERSION,DOCUMENTED_UNICODE_RECONCILIATION_NOT_BYTE_EXTRACTED_2013,JUCHITAN_HISTORICAL_SOURCE,STRUCTURED_BACKFILL_V0_1
PICKETT-ZE-1371,riaapa’,riaapa’,riaapaꞌ,riaapaꞌ,"[""riaapaꞌ""]",ENTRY,,,,"cuidarse, guardarse, custodiarse","riaapa’ cuidarse, guardarse, custodiarse",,27,41,2,ZAPOTECO_ESPAÑOL,BIB003_PICKETT_VOCABULARIO,2007_FIFTH_ELECTRONIC,2013_FIFTH_ELECTRONIC_SECOND_VERSION,DOCUMENTED_UNICODE_RECONCILIATION_NOT_BYTE_EXTRACTED_2013,JUCHITAN_HISTORICAL_SOURCE,STRUCTURED_BACKFILL_V0_1
PICKETT-ZE-1372,riaapa biaani’,riaapa biaani’,riaapa biaaniꞌ,riaapa biaaniꞌ,"[""riaapa biaaniꞌ""]",SUBENTRY,riaapaꞌ,,,velar a un difunto,riaapa biaani’ velar a un difunto,,27,41,2,ZAPOTECO_ESPAÑOL,BIB003_PICKETT_VOCABULARIO,2007_FIFTH_ELECTRONIC,2013_FIFTH_ELECTRONIC_SECOND_VERSION,DOCUMENTED_UNICODE_RECONCILIATION_NOT_BYTE_EXTRACTED_2013,JUCHITAN_HISTORICAL_SOURCE,STRUCTURED_BACKFILL_V0_1
PICKETT-ZE-1373,riapi nisa,riapi nisa,riapi nisa,riapi nisa,"[""riapi nisa""]",ENTRY,,,,relampaguear,riapi nisa relampaguear,,27,41,2,ZAPOTECO_ESPAÑOL,BIB003_PICKETT_VOCABULARIO,2007_FIFTH_ELECTRONIC,2013_FIFTH_ELECTRONIC_SECOND_VERSION,DOCUMENTED_UNICODE_RECONCILIATION_NOT_BYTE_EXTRACTED_2013,JUCHITAN_HISTORICAL_SOURCE,STRUCTURED_BACKFILL_V0_1
PICKETT-ZE-1374,ria’qui’,ria’qui’,riaꞌquiꞌ,riaꞌquiꞌ,"[""riaꞌquiꞌ""]",ENTRY,,,,quemarse (cosa),ria’qui’ quemarse (cosa),,27,41,2,ZAPOTECO_ESPAÑOL,BIB003_PICKETT_VOCABULARIO,2007_FIFTH_ELECTRONIC,2013_FIFTH_ELECTRONIC_SECOND_VERSION,DOCUMENTED_UNICODE_RECONCILIATION_NOT_BYTE_EXTRACTED_2013,JUCHITAN_HISTORICAL_SOURCE,STRUCTURED_BACKFILL_V0_1
PICKETT-ZE-1375,ria’ri’,ria’ri’,riaꞌriꞌ,riaꞌriꞌ,"[""riaꞌriꞌ""]",ENTRY,,,,lavarse,ria’ri’ lavarse,,27,41,2,ZAPOTECO_ESPAÑOL,BIB003_PICKETT_VOCABULARIO,2007_FIFTH_ELECTRONIC,2013_FIFTH_ELECTRONIC_SECOND_VERSION,DOCUMENTED_UNICODE_RECONCILIATION_NOT_BYTE_EXTRACTED_2013,JUCHITAN_HISTORICAL_SOURCE,STRUCTURED_BACKFILL_V0_1
PICKETT-ZE-1376,riasa,riasa,riasa,riasa,"[""riasa""]",ENTRY,,,,levantarse,riasa levantarse,,27,41,2,ZAPOTECO_ESPAÑOL,BIB003_PICKETT_VOCABULARIO,2007_FIFTH_ELECTRONIC,2013_FIFTH_ELECTRONIC_SECOND_VERSION,DOCUMENTED_UNICODE_RECONCILIATION_NOT_BYTE_EXTRACTED_2013,JUCHITAN_HISTORICAL_SOURCE,STRUCTURED_BACKFILL_V0_1
PICKETT-ZE-1377,riasa caanda’,riasa caanda’,riasa caandaꞌ,riasa caandaꞌ,"[""riasa caandaꞌ""]",SUBENTRY,riasa,,,ser sonámbulo,riasa caanda’ ser sonámbulo,,27,41,2,ZAPOTECO_ESPAÑOL,BIB003_PICKETT_VOCABULARIO,2007_FIFTH_ELECTRONIC,2013_FIFTH_ELECTRONIC_SECOND_VERSION,DOCUMENTED_UNICODE_RECONCILIATION_NOT_BYTE_EXTRACTED_2013,JUCHITAN_HISTORICAL_SOURCE,STRUCTURED_BACKFILL_V0_1
PICKETT-ZE-1378,riasa ndi’,riasa ndi’,riasa ndiꞌ,riasa ndiꞌ,"[""riasa ndiꞌ""]",ENTRY,,,,levantarse rápidamente,riasa ndi’ [b-a] levantarse rápidamente,,27,41,2,ZAPOTECO_ESPAÑOL,BIB003_PICKETT_VOCABULARIO,2007_FIFTH_ELECTRONIC,2013_FIFTH_ELECTRONIC_SECOND_VERSION,DOCUMENTED_UNICODE_RECONCILIATION_NOT_BYTE_EXTRACTED_2013,JUCHITAN_HISTORICAL_SOURCE,STRUCTURED_BACKFILL_V0_1
PICKETT-ZE-1379,riaxa,riaxa,riaxa,riaxa,"[""riaxa""]",ENTRY,,,,"ser pagado, recibir dinero, cobrar; cubrirse; (cuenta)","riaxa ser pagado, recibir dinero, cobrar;",cubrirse; (cuenta),28,42,1,ZAPOTECO_ESPAÑOL,BIB003_PICKETT_VOCABULARIO,2007_FIFTH_ELECTRONIC,2013_FIFTH_ELECTRONIC_SECOND_VERSION,DOCUMENTED_UNICODE_RECONCILIATION_NOT_BYTE_EXTRACTED_2013,JUCHITAN_HISTORICAL_SOURCE,STRUCTURED_BACKFILL_V0_1
PICKETT-ZE-1380,riaaxha,riaaxha,riaaxha,riaaxha,"[""riaaxha""]",ENTRY,,,[b.a],"arrancarse, quitarse; arremeterse","riaaxha [b.a] arrancarse, quitarse;",arremeterse,28,42,1,ZAPOTECO_ESPAÑOL,BIB003_PICKETT_VOCABULARIO,2007_FIFTH_ELECTRONIC,2013_FIFTH_ELECTRONIC_SECOND_VERSION,DOCUMENTED_UNICODE_RECONCILIATION_NOT_BYTE_EXTRACTED_2013,JUCHITAN_HISTORICAL_SOURCE,STRUCTURED_BACKFILL_V0_1
PICKETT-ZE-1381,riaya,riaya,riaya,riaya,"[""riaya""]",ENTRY,,,,"dispersarse, desmoronarse","riaya dispersarse, desmoronarse",,28,42,1,ZAPOTECO_ESPAÑOL,BIB003_PICKETT_VOCABULARIO,2007_FIFTH_ELECTRONIC,2013_FIFTH_ELECTRONIC_SECOND_VERSION,DOCUMENTED_UNICODE_RECONCILIATION_NOT_BYTE_EXTRACTED_2013,JUCHITAN_HISTORICAL_SOURCE,STRUCTURED_BACKFILL_V0_1
PICKETT-ZE-1382,riaazi’,riaazi’,riaaziꞌ,riaaziꞌ,"[""riaaziꞌ""]",ENTRY,,,,"meterse, hundirse, sumergirse, penetrarse; repartirse","riaazi’ meterse, hundirse, sumergirse,",penetrarse; repartirse,28,42,1,ZAPOTECO_ESPAÑOL,BIB003_PICKETT_VOCABULARIO,2007_FIFTH_ELECTRONIC,2013_FIFTH_ELECTRONIC_SECOND_VERSION,DOCUMENTED_UNICODE_RECONCILIATION_NOT_BYTE_EXTRACTED_2013,JUCHITAN_HISTORICAL_SOURCE,STRUCTURED_BACKFILL_V0_1
PICKETT-ZE-1383,ribaba,ribaba,ribaba,ribaba,"[""ribaba""]",ENTRY,,,,dar comezón,ribaba dar comezón,,28,42,1,ZAPOTECO_ESPAÑOL,BIB003_PICKETT_VOCABULARIO,2007_FIFTH_ELECTRONIC,2013_FIFTH_ELECTRONIC_SECOND_VERSION,DOCUMENTED_UNICODE_RECONCILIATION_NOT_BYTE_EXTRACTED_2013,JUCHITAN_HISTORICAL_SOURCE,STRUCTURED_BACKFILL_V0_1
PICKETT-ZE-1384,ribagu,ribagu,ribagu,ribagu,"[""ribagu""]",ENTRY,,,,"pepenar, recoger lo sobrante (después de la cosecha); cincelar, picar","ribagu pepenar, recoger lo sobrante","(después de la cosecha); cincelar, picar",28,42,1,ZAPOTECO_ESPAÑOL,BIB003_PICKETT_VOCABULARIO,2007_FIFTH_ELECTRONIC,2013_FIFTH_ELECTRONIC_SECOND_VERSION,DOCUMENTED_UNICODE_RECONCILIATION_NOT_BYTE_EXTRACTED_2013,JUCHITAN_HISTORICAL_SOURCE,STRUCTURED_BACKFILL_V0_1
PICKETT-ZE-1385,ribagu ique,ribagu ique,ribagu ique,ribagu ique,"[""ribagu ique""]",SUBENTRY,ribagu,,,dar de coscorrones,ribagu ique dar de coscorrones,,28,42,1,ZAPOTECO_ESPAÑOL,BIB003_PICKETT_VOCABULARIO,2007_FIFTH_ELECTRONIC,2013_FIFTH_ELECTRONIC_SECOND_VERSION,DOCUMENTED_UNICODE_RECONCILIATION_NOT_BYTE_EXTRACTED_2013,JUCHITAN_HISTORICAL_SOURCE,STRUCTURED_BACKFILL_V0_1
PICKETT-ZE-1386,ribaagu,ribaagu,ribaagu,ribaagu,"[""ribaagu""]",ENTRY,,,[b.b.a],ser herido por un balazo,ribaagu [b.b.a] ser herido por un balazo,,28,42,1,ZAPOTECO_ESPAÑOL,BIB003_PICKETT_VOCABULARIO,2007_FIFTH_ELECTRONIC,2013_FIFTH_ELECTRONIC_SECOND_VERSION,DOCUMENTED_UNICODE_RECONCILIATION_NOT_BYTE_EXTRACTED_2013,JUCHITAN_HISTORICAL_SOURCE,STRUCTURED_BACKFILL_V0_1
PICKETT-ZE-1387,ribana’,ribana’,ribanaꞌ,ribanaꞌ,"[""ribanaꞌ""]",ENTRY,,,[b.b.al],extrañar,ribana’ [b.b.al] extrañar,,28,42,1,ZAPOTECO_ESPAÑOL,BIB003_PICKETT_VOCABULARIO,2007_FIFTH_ELECTRONIC,2013_FIFTH_ELECTRONIC_SECOND_VERSION,DOCUMENTED_UNICODE_RECONCILIATION_NOT_BYTE_EXTRACTED_2013,JUCHITAN_HISTORICAL_SOURCE,STRUCTURED_BACKFILL_V0_1
PICKETT-ZE-1388,riba’na’,riba’na’,ribaꞌnaꞌ,ribaꞌnaꞌ,"[""ribaꞌnaꞌ""]",ENTRY,,,,robar,riba’na’ robar,,28,42,1,ZAPOTECO_ESPAÑOL,BIB003_PICKETT_VOCABULARIO,2007_FIFTH_ELECTRONIC,2013_FIFTH_ELECTRONIC_SECOND_VERSION,DOCUMENTED_UNICODE_RECONCILIATION_NOT_BYTE_EXTRACTED_2013,JUCHITAN_HISTORICAL_SOURCE,STRUCTURED_BACKFILL_V0_1
PICKETT-ZE-1389,ribani,ribani,ribani,ribani,"[""ribani""]",ENTRY,,,,despertarse,ribani despertarse,,28,42,1,ZAPOTECO_ESPAÑOL,BIB003_PICKETT_VOCABULARIO,2007_FIFTH_ELECTRONIC,2013_FIFTH_ELECTRONIC_SECOND_VERSION,DOCUMENTED_UNICODE_RECONCILIATION_NOT_BYTE_EXTRACTED_2013,JUCHITAN_HISTORICAL_SOURCE,STRUCTURED_BACKFILL_V0_1
PICKETT-ZE-1390,ribani,ribani,ribani,ribani,"[""ribani""]",ENTRY,,,[b.b.a],"resucitar, revivir","ribani [b.b.a] resucitar, revivir",,28,42,1,ZAPOTECO_ESPAÑOL,BIB003_PICKETT_VOCABULARIO,2007_FIFTH_ELECTRONIC,2013_FIFTH_ELECTRONIC_SECOND_VERSION,DOCUMENTED_UNICODE_RECONCILIATION_NOT_BYTE_EXTRACTED_2013,JUCHITAN_HISTORICAL_SOURCE,STRUCTURED_BACKFILL_V0_1
PICKETT-ZE-1391,riba’qui’,riba’qui’,ribaꞌquiꞌ,ribaꞌquiꞌ,"[""ribaꞌquiꞌ""]",ENTRY,,,,"acostar, colocar, poner; ponerse ropa, vestirse","riba’qui’ acostar, colocar, poner; ponerse","ropa, vestirse",28,42,1,ZAPOTECO_ESPAÑOL,BIB003_PICKETT_VOCABULARIO,2007_FIFTH_ELECTRONIC,2013_FIFTH_ELECTRONIC_SECOND_VERSION,DOCUMENTED_UNICODE_RECONCILIATION_NOT_BYTE_EXTRACTED_2013,JUCHITAN_HISTORICAL_SOURCE,STRUCTURED_BACKFILL_V0_1
PICKETT-ZE-1392,ribé’,ribé’,ribéꞌ,ribéꞌ,"[""ribéꞌ""]",ENTRY,,,[b.a],angostarse,ribé’ [b.a] angostarse,,28,42,1,ZAPOTECO_ESPAÑOL,BIB003_PICKETT_VOCABULARIO,2007_FIFTH_ELECTRONIC,2013_FIFTH_ELECTRONIC_SECOND_VERSION,DOCUMENTED_UNICODE_RECONCILIATION_NOT_BYTE_EXTRACTED_2013,JUCHITAN_HISTORICAL_SOURCE,STRUCTURED_BACKFILL_V0_1
PICKETT-ZE-1393,ribee,ribee,ribee,ribee,"[""ribee""]",ENTRY,,,[b.a],"sacar, quitar","ribee [b.a] sacar, quitar",,28,42,1,ZAPOTECO_ESPAÑOL,BIB003_PICKETT_VOCABULARIO,2007_FIFTH_ELECTRONIC,2013_FIFTH_ELECTRONIC_SECOND_VERSION,DOCUMENTED_UNICODE_RECONCILIATION_NOT_BYTE_EXTRACTED_2013,JUCHITAN_HISTORICAL_SOURCE,STRUCTURED_BACKFILL_V0_1
PICKETT-ZE-1394,ribee bieque,ribee bieque,ribee bieque,ribee bieque,"[""ribee bieque""]",ENTRY,,,,desenredar,ribee bieque [b-al.b] desenredar,,28,42,1,ZAPOTECO_ESPAÑOL,BIB003_PICKETT_VOCABULARIO,2007_FIFTH_ELECTRONIC,2013_FIFTH_ELECTRONIC_SECOND_VERSION,DOCUMENTED_UNICODE_RECONCILIATION_NOT_BYTE_EXTRACTED_2013,JUCHITAN_HISTORICAL_SOURCE,STRUCTURED_BACKFILL_V0_1
PICKETT-ZE-1395,ribee diidxa la’dxi’,ribee diidxa la’dxi’,ribee diidxa laꞌdxiꞌ,ribee diidxa laꞌdxiꞌ,"[""ribee diidxa laꞌdxiꞌ""]",ENTRY,,,,preguntar con insistencia,ribee diidxa la’dxi’ [b-al.b-b] preguntar,con insistencia,28,42,1,ZAPOTECO_ESPAÑOL,BIB003_PICKETT_VOCABULARIO,2007_FIFTH_ELECTRONIC,2013_FIFTH_ELECTRONIC_SECOND_VERSION,DOCUMENTED_UNICODE_RECONCILIATION_NOT_BYTE_EXTRACTED_2013,JUCHITAN_HISTORICAL_SOURCE,STRUCTURED_BACKFILL_V0_1
PICKETT-ZE-1396,ribee guuna’,ribee guuna’,ribee guunaꞌ,ribee guunaꞌ,"[""ribee guunaꞌ""]",ENTRY,,,,desechar,ribee guuna’ desechar,,28,42,1,ZAPOTECO_ESPAÑOL,BIB003_PICKETT_VOCABULARIO,2007_FIFTH_ELECTRONIC,2013_FIFTH_ELECTRONIC_SECOND_VERSION,DOCUMENTED_UNICODE_RECONCILIATION_NOT_BYTE_EXTRACTED_2013,JUCHITAN_HISTORICAL_SOURCE,STRUCTURED_BACKFILL_V0_1
PICKETT-ZE-1397,ribee lú,ribee lú,ribee lú,ribee lú,"[""ribee lú""]",ENTRY,,,,asomarse; sacar ganancia,ribee lú [b-al] asomarse; sacar ganancia,,28,42,1,ZAPOTECO_ESPAÑOL,BIB003_PICKETT_VOCABULARIO,2007_FIFTH_ELECTRONIC,2013_FIFTH_ELECTRONIC_SECOND_VERSION,DOCUMENTED_UNICODE_RECONCILIATION_NOT_BYTE_EXTRACTED_2013,JUCHITAN_HISTORICAL_SOURCE,STRUCTURED_BACKFILL_V0_1
PICKETT-ZE-1398,ribee xcaanda’,ribee xcaanda’,ribee xcaandaꞌ,ribee xcaandaꞌ,"[""ribee xcaandaꞌ""]",ENTRY,,,,desvelarse,ribee xcaanda’ [b-al.b] desvelarse,,28,42,1,ZAPOTECO_ESPAÑOL,BIB003_PICKETT_VOCABULARIO,2007_FIFTH_ELECTRONIC,2013_FIFTH_ELECTRONIC_SECOND_VERSION,DOCUMENTED_UNICODE_RECONCILIATION_NOT_BYTE_EXTRACTED_2013,JUCHITAN_HISTORICAL_SOURCE,STRUCTURED_BACKFILL_V0_1
PICKETT-ZE-1399,ribee yaande,ribee yaande,ribee yaande,ribee yaande,"[""ribee yaande""]",SUBENTRY,ribee xcaandaꞌ,,,"dejar caer, soltar","ribee yaande [b-a] dejar caer, soltar",,28,42,1,ZAPOTECO_ESPAÑOL,BIB003_PICKETT_VOCABULARIO,2007_FIFTH_ELECTRONIC,2013_FIFTH_ELECTRONIC_SECOND_VERSION,DOCUMENTED_UNICODE_RECONCILIATION_NOT_BYTE_EXTRACTED_2013,JUCHITAN_HISTORICAL_SOURCE,STRUCTURED_BACKFILL_V0_1
PICKETT-ZE-1400,ribeza,ribeza,ribeza,ribeza,"[""ribeza""]",ENTRY,,,[b.b.a],"morar, habitar, vivir en algún lugar, radicar; esperar","ribeza [b.b.a] morar, habitar, vivir en","algún lugar, radicar; esperar",28,42,1,ZAPOTECO_ESPAÑOL,BIB003_PICKETT_VOCABULARIO,2007_FIFTH_ELECTRONIC,2013_FIFTH_ELECTRONIC_SECOND_VERSION,DOCUMENTED_UNICODE_RECONCILIATION_NOT_BYTE_EXTRACTED_2013,JUCHITAN_HISTORICAL_SOURCE,STRUCTURED_BACKFILL_V0_1
PICKETT-ZE-1401,ribeza yuze,ribeza yuze,ribeza yuze,ribeza yuze,"[""ribeza yuze""]",SUBENTRY,ribeza,,,torear,ribeza yuze [b-a] torear,,28,42,1,ZAPOTECO_ESPAÑOL,BIB003_PICKETT_VOCABULARIO,2007_FIFTH_ELECTRONIC,2013_FIFTH_ELECTRONIC_SECOND_VERSION,DOCUMENTED_UNICODE_RECONCILIATION_NOT_BYTE_EXTRACTED_2013,JUCHITAN_HISTORICAL_SOURCE,STRUCTURED_BACKFILL_V0_1
PICKETT-ZE-1402,ribí,ribí,ribí,ribí,"[""ribí""]",ENTRY,,,,"amontonarse, encogerse; construirse (edificio); sentarse","ribí amontonarse, encogerse; construirse",(edificio); sentarse,28,42,1,ZAPOTECO_ESPAÑOL,BIB003_PICKETT_VOCABULARIO,2007_FIFTH_ELECTRONIC,2013_FIFTH_ELECTRONIC_SECOND_VERSION,DOCUMENTED_UNICODE_RECONCILIATION_NOT_BYTE_EXTRACTED_2013,JUCHITAN_HISTORICAL_SOURCE,STRUCTURED_BACKFILL_V0_1
PICKETT-ZE-1403,ribí dxi,ribí dxi,ribí dxi,ribí dxi,"[""ribí dxi""]",SUBENTRY,ribí,,,"estar sosegado, sentarse quieto","ribí dxi [b-a] estar sosegado, sentarse",quieto,28,42,1,ZAPOTECO_ESPAÑOL,BIB003_PICKETT_VOCABULARIO,2007_FIFTH_ELECTRONIC,2013_FIFTH_ELECTRONIC_SECOND_VERSION,DOCUMENTED_UNICODE_RECONCILIATION_NOT_BYTE_EXTRACTED_2013,JUCHITAN_HISTORICAL_SOURCE,STRUCTURED_BACKFILL_V0_1
PICKETT-ZE-1404,ribí ndani,ribí ndani,ribí ndani,ribí ndani,"[""ribí ndani""]",SUBENTRY,ribí,,,amontonarse,ribí ndani [b-a.b] amontonarse,,28,42,1,ZAPOTECO_ESPAÑOL,BIB003_PICKETT_VOCABULARIO,2007_FIFTH_ELECTRONIC,2013_FIFTH_ELECTRONIC_SECOND_VERSION,DOCUMENTED_UNICODE_RECONCILIATION_NOT_BYTE_EXTRACTED_2013,JUCHITAN_HISTORICAL_SOURCE,STRUCTURED_BACKFILL_V0_1
PICKETT-ZE-1405,ribí ndi’,ribí ndi’,ribí ndiꞌ,ribí ndiꞌ,"[""ribí ndiꞌ""]",SUBENTRY,ribí,,,enderezarse súbitamente (por espanto repetino); brincar por un susto repetino,ribí ndi’ [b-a] enderezarse súbitamente,(por espanto repetino); brincar por un susto repetino,28,42,1,ZAPOTECO_ESPAÑOL,BIB003_PICKETT_VOCABULARIO,2007_FIFTH_ELECTRONIC,2013_FIFTH_ELECTRONIC_SECOND_VERSION,DOCUMENTED_UNICODE_RECONCILIATION_NOT_BYTE_EXTRACTED_2013,JUCHITAN_HISTORICAL_SOURCE,STRUCTURED_BACKFILL_V0_1
PICKETT-ZE-1406,"ribí xia, ribí xque’la’","ribí xia, ribí xque’la’","ribí xia, ribí xqueꞌlaꞌ",ribí xia,"[""ribí xia"", ""ribí xqueꞌlaꞌ""]",SUBENTRY,ribí,,[b-a],"posarse, precipitar (líquidos)","ribí xia [b-a], ribí xque’la’ posarse,",precipitar (líquidos),28,42,1,ZAPOTECO_ESPAÑOL,BIB003_PICKETT_VOCABULARIO,2007_FIFTH_ELECTRONIC,2013_FIFTH_ELECTRONIC_SECOND_VERSION,DOCUMENTED_UNICODE_RECONCILIATION_NOT_BYTE_EXTRACTED_2013,JUCHITAN_HISTORICAL_SOURCE,STRUCTURED_BACKFILL_V0_1
PICKETT-ZE-1407,ribí,ribí,ribí,ribí,"[""ribí""]",ENTRY,,,[b.a],"escoger, elegir","ribí [b.a] escoger, elegir",,28,42,1,ZAPOTECO_ESPAÑOL,BIB003_PICKETT_VOCABULARIO,2007_FIFTH_ELECTRONIC,2013_FIFTH_ELECTRONIC_SECOND_VERSION,DOCUMENTED_UNICODE_RECONCILIATION_NOT_BYTE_EXTRACTED_2013,JUCHITAN_HISTORICAL_SOURCE,STRUCTURED_BACKFILL_V0_1
PICKETT-ZE-1408,bibí,bibí,bibí,bibí,"[""bibí""]",SUBENTRY,ribí,,,fue escogido,bibí fue escogido,,28,42,1,ZAPOTECO_ESPAÑOL,BIB003_PICKETT_VOCABULARIO,2007_FIFTH_ELECTRONIC,2013_FIFTH_ELECTRONIC_SECOND_VERSION,DOCUMENTED_UNICODE_RECONCILIATION_NOT_BYTE_EXTRACTED_2013,JUCHITAN_HISTORICAL_SOURCE,STRUCTURED_BACKFILL_V0_1
PICKETT-ZE-1409,ribí’,ribí’,ribíꞌ,ribíꞌ,"[""ribíꞌ""]",ENTRY,,,[b.al],ir a casa,ribí’ [b.al] ir a casa,,28,42,1,ZAPOTECO_ESPAÑOL,BIB003_PICKETT_VOCABULARIO,2007_FIFTH_ELECTRONIC,2013_FIFTH_ELECTRONIC_SECOND_VERSION,DOCUMENTED_UNICODE_RECONCILIATION_NOT_BYTE_EXTRACTED_2013,JUCHITAN_HISTORICAL_SOURCE,STRUCTURED_BACKFILL_V0_1
PICKETT-ZE-1410,ribiá,ribiá,ribiá,ribiá,"[""ribiá""]",ENTRY,,,,"desbaratarse, deshacerse, descoserse, desgranarse (la mazorca)","ribiá desbaratarse, deshacerse, descoserse,",desgranarse (la mazorca),28,42,2,ZAPOTECO_ESPAÑOL,BIB003_PICKETT_VOCABULARIO,2007_FIFTH_ELECTRONIC,2013_FIFTH_ELECTRONIC_SECOND_VERSION,DOCUMENTED_UNICODE_RECONCILIATION_NOT_BYTE_EXTRACTED_2013,JUCHITAN_HISTORICAL_SOURCE,STRUCTURED_BACKFILL_V0_1
PICKETT-ZE-1411,ribiá birí,ribiá birí,ribiá birí,ribiá birí,"[""ribiá birí""]",SUBENTRY,ribiá,,,hormiguear,ribiá birí [b-b.a] hormiguear,,28,42,2,ZAPOTECO_ESPAÑOL,BIB003_PICKETT_VOCABULARIO,2007_FIFTH_ELECTRONIC,2013_FIFTH_ELECTRONIC_SECOND_VERSION,DOCUMENTED_UNICODE_RECONCILIATION_NOT_BYTE_EXTRACTED_2013,JUCHITAN_HISTORICAL_SOURCE,STRUCTURED_BACKFILL_V0_1
PICKETT-ZE-1412,ribiaa,ribiaa,ribiaa,ribiaa,"[""ribiaa""]",ENTRY,,,[b.b.a],extenderse,ribiaa [b.b.a] extenderse,,28,42,2,ZAPOTECO_ESPAÑOL,BIB003_PICKETT_VOCABULARIO,2007_FIFTH_ELECTRONIC,2013_FIFTH_ELECTRONIC_SECOND_VERSION,DOCUMENTED_UNICODE_RECONCILIATION_NOT_BYTE_EXTRACTED_2013,JUCHITAN_HISTORICAL_SOURCE,STRUCTURED_BACKFILL_V0_1
PICKETT-ZE-1413,ribiibi,ribiibi,ribiibi,ribiibi,"[""ribiibi""]",ENTRY,,,[b.b.a],colarse; sacudirse,ribiibi [b.b.a] colarse; sacudirse,,28,42,2,ZAPOTECO_ESPAÑOL,BIB003_PICKETT_VOCABULARIO,2007_FIFTH_ELECTRONIC,2013_FIFTH_ELECTRONIC_SECOND_VERSION,DOCUMENTED_UNICODE_RECONCILIATION_NOT_BYTE_EXTRACTED_2013,JUCHITAN_HISTORICAL_SOURCE,STRUCTURED_BACKFILL_V0_1
PICKETT-ZE-1414,ribidxi,ribidxi,ribidxi,ribidxi,"[""ribidxi""]",ENTRY,,,,secarse; agotarse (por ej.: ropa),ribidxi secarse; agotarse (por ej.: ropa),,28,42,2,ZAPOTECO_ESPAÑOL,BIB003_PICKETT_VOCABULARIO,2007_FIFTH_ELECTRONIC,2013_FIFTH_ELECTRONIC_SECOND_VERSION,DOCUMENTED_UNICODE_RECONCILIATION_NOT_BYTE_EXTRACTED_2013,JUCHITAN_HISTORICAL_SOURCE,STRUCTURED_BACKFILL_V0_1
PICKETT-ZE-1415,ribidxi,ribidxi,ribidxi,ribidxi,"[""ribidxi""]",ENTRY,,,[b.b.a],llamar,ribidxi [b.b.a] llamar,,28,42,2,ZAPOTECO_ESPAÑOL,BIB003_PICKETT_VOCABULARIO,2007_FIFTH_ELECTRONIC,2013_FIFTH_ELECTRONIC_SECOND_VERSION,DOCUMENTED_UNICODE_RECONCILIATION_NOT_BYTE_EXTRACTED_2013,JUCHITAN_HISTORICAL_SOURCE,STRUCTURED_BACKFILL_V0_1
PICKETT-ZE-1416,ribidxiaa,ribidxiaa,ribidxiaa,ribidxiaa,"[""ribidxiaa""]",ENTRY,,,,"producir ruido (los animales, por ej.: aullar, cantar el gallo, mugir, relinchar, etc.)","ribidxiaa producir ruido (los animales, por","ej.: aullar, cantar el gallo, mugir, relinchar, etc.)",28,42,2,ZAPOTECO_ESPAÑOL,BIB003_PICKETT_VOCABULARIO,2007_FIFTH_ELECTRONIC,2013_FIFTH_ELECTRONIC_SECOND_VERSION,DOCUMENTED_UNICODE_RECONCILIATION_NOT_BYTE_EXTRACTED_2013,JUCHITAN_HISTORICAL_SOURCE,STRUCTURED_BACKFILL_V0_1
PICKETT-ZE-1417,ribigueta’,ribigueta’,ribiguetaꞌ,ribiguetaꞌ,"[""ribiguetaꞌ""]",ENTRY,,,[b.b.b.al],"regresar, volver, retroceder, devolverse","ribigueta’ [b.b.b.al] regresar, volver,","retroceder, devolverse",28,42,2,ZAPOTECO_ESPAÑOL,BIB003_PICKETT_VOCABULARIO,2007_FIFTH_ELECTRONIC,2013_FIFTH_ELECTRONIC_SECOND_VERSION,DOCUMENTED_UNICODE_RECONCILIATION_NOT_BYTE_EXTRACTED_2013,JUCHITAN_HISTORICAL_SOURCE,STRUCTURED_BACKFILL_V0_1
PICKETT-ZE-1418,ribiguí,ribiguí,ribiguí,ribiguí,"[""ribiguí""]",ENTRY,,,,media mañana,ribiguí media mañana,,28,42,2,ZAPOTECO_ESPAÑOL,BIB003_PICKETT_VOCABULARIO,2007_FIFTH_ELECTRONIC,2013_FIFTH_ELECTRONIC_SECOND_VERSION,DOCUMENTED_UNICODE_RECONCILIATION_NOT_BYTE_EXTRACTED_2013,JUCHITAN_HISTORICAL_SOURCE,STRUCTURED_BACKFILL_V0_1
PICKETT-ZE-1419,ma ribiguí ndi’,ma ribiguí ndi’,ma ribiguí ndiꞌ,ma ribiguí ndiꞌ,"[""ma ribiguí ndiꞌ""]",SUBENTRY,ribiguí,,,ya se hizo tarde (se dice sólo en la mañana),ma ribiguí ndi’ [a-b-a] ya se hizo tarde,(se dice sólo en la mañana),28,42,2,ZAPOTECO_ESPAÑOL,BIB003_PICKETT_VOCABULARIO,2007_FIFTH_ELECTRONIC,2013_FIFTH_ELECTRONIC_SECOND_VERSION,DOCUMENTED_UNICODE_RECONCILIATION_NOT_BYTE_EXTRACTED_2013,JUCHITAN_HISTORICAL_SOURCE,STRUCTURED_BACKFILL_V0_1
PICKETT-ZE-1420,ribi’xhi’,ribi’xhi’,ribiꞌxhiꞌ,ribiꞌxhiꞌ,"[""ribiꞌxhiꞌ""]",ENTRY,,,,voltearse,ribi’xhi’ voltearse,,28,42,2,ZAPOTECO_ESPAÑOL,BIB003_PICKETT_VOCABULARIO,2007_FIFTH_ELECTRONIC,2013_FIFTH_ELECTRONIC_SECOND_VERSION,DOCUMENTED_UNICODE_RECONCILIATION_NOT_BYTE_EXTRACTED_2013,JUCHITAN_HISTORICAL_SOURCE,STRUCTURED_BACKFILL_V0_1
PICKETT-ZE-1421,ribixhi la’dxi’,ribixhi la’dxi’,ribixhi laꞌdxiꞌ,ribixhi laꞌdxiꞌ,"[""ribixhi laꞌdxiꞌ""]",ENTRY,,,,asquearse,ribixhi la’dxi’ asquearse,,28,42,2,ZAPOTECO_ESPAÑOL,BIB003_PICKETT_VOCABULARIO,2007_FIFTH_ELECTRONIC,2013_FIFTH_ELECTRONIC_SECOND_VERSION,DOCUMENTED_UNICODE_RECONCILIATION_NOT_BYTE_EXTRACTED_2013,JUCHITAN_HISTORICAL_SOURCE,STRUCTURED_BACKFILL_V0_1
PICKETT-ZE-1422,ribi’xhu’,ribi’xhu’,ribiꞌxhuꞌ,ribiꞌxhuꞌ,"[""ribiꞌxhuꞌ""]",ENTRY,,,,anudarse (plantas o frutas),ribi’xhu’ anudarse (plantas o frutas),,28,42,2,ZAPOTECO_ESPAÑOL,BIB003_PICKETT_VOCABULARIO,2007_FIFTH_ELECTRONIC,2013_FIFTH_ELECTRONIC_SECOND_VERSION,DOCUMENTED_UNICODE_RECONCILIATION_NOT_BYTE_EXTRACTED_2013,JUCHITAN_HISTORICAL_SOURCE,STRUCTURED_BACKFILL_V0_1
PICKETT-ZE-1423,ricá,ricá,ricá,ricá,"[""ricá""]",ENTRY,,,,"pegarse, fijarse; dar fruta (árbol); subir","ricá pegarse, fijarse; dar fruta (árbol); subir",,28,42,2,ZAPOTECO_ESPAÑOL,BIB003_PICKETT_VOCABULARIO,2007_FIFTH_ELECTRONIC,2013_FIFTH_ELECTRONIC_SECOND_VERSION,DOCUMENTED_UNICODE_RECONCILIATION_NOT_BYTE_EXTRACTED_2013,JUCHITAN_HISTORICAL_SOURCE,STRUCTURED_BACKFILL_V0_1
PICKETT-ZE-1424,ricá bi,ricá bi,ricá bi,ricá bi,"[""ricá bi""]",SUBENTRY,ricá,,,rajarse,ricá bi rajarse,,28,42,2,ZAPOTECO_ESPAÑOL,BIB003_PICKETT_VOCABULARIO,2007_FIFTH_ELECTRONIC,2013_FIFTH_ELECTRONIC_SECOND_VERSION,DOCUMENTED_UNICODE_RECONCILIATION_NOT_BYTE_EXTRACTED_2013,JUCHITAN_HISTORICAL_SOURCE,STRUCTURED_BACKFILL_V0_1
PICKETT-ZE-1425,ricá bieque,ricá bieque,ricá bieque,ricá bieque,"[""ricá bieque""]",SUBENTRY,ricá,,,torcerse,ricá bieque torcerse,,28,42,2,ZAPOTECO_ESPAÑOL,BIB003_PICKETT_VOCABULARIO,2007_FIFTH_ELECTRONIC,2013_FIFTH_ELECTRONIC_SECOND_VERSION,DOCUMENTED_UNICODE_RECONCILIATION_NOT_BYTE_EXTRACTED_2013,JUCHITAN_HISTORICAL_SOURCE,STRUCTURED_BACKFILL_V0_1
PICKETT-ZE-1426,ricá gui,ricá gui,ricá gui,ricá gui,"[""ricá gui""]",SUBENTRY,ricá,,,encenderse,ricá gui encenderse,,28,42,2,ZAPOTECO_ESPAÑOL,BIB003_PICKETT_VOCABULARIO,2007_FIFTH_ELECTRONIC,2013_FIFTH_ELECTRONIC_SECOND_VERSION,DOCUMENTED_UNICODE_RECONCILIATION_NOT_BYTE_EXTRACTED_2013,JUCHITAN_HISTORICAL_SOURCE,STRUCTURED_BACKFILL_V0_1
PICKETT-ZE-1427,ricá guie’,ricá guie’,ricá guieꞌ,ricá guieꞌ,"[""ricá guieꞌ""]",SUBENTRY,ricá,,,florecer,ricá guie’ florecer,,28,42,2,ZAPOTECO_ESPAÑOL,BIB003_PICKETT_VOCABULARIO,2007_FIFTH_ELECTRONIC,2013_FIFTH_ELECTRONIC_SECOND_VERSION,DOCUMENTED_UNICODE_RECONCILIATION_NOT_BYTE_EXTRACTED_2013,JUCHITAN_HISTORICAL_SOURCE,STRUCTURED_BACKFILL_V0_1
PICKETT-ZE-1428,ricá ladxidó’,ricá ladxidó’,ricá ladxidóꞌ,ricá ladxidóꞌ,"[""ricá ladxidóꞌ""]",SUBENTRY,ricá,,,empacharse,ricá ladxidó’ empacharse,,28,42,2,ZAPOTECO_ESPAÑOL,BIB003_PICKETT_VOCABULARIO,2007_FIFTH_ELECTRONIC,2013_FIFTH_ELECTRONIC_SECOND_VERSION,DOCUMENTED_UNICODE_RECONCILIATION_NOT_BYTE_EXTRACTED_2013,JUCHITAN_HISTORICAL_SOURCE,STRUCTURED_BACKFILL_V0_1
PICKETT-ZE-1429,ricá lú,ricá lú,ricá lú,ricá lú,"[""ricá lú""]",SUBENTRY,ricá,,,"depender de, atenerse a alguien","ricá lú depender de, atenerse a alguien",,28,42,2,ZAPOTECO_ESPAÑOL,BIB003_PICKETT_VOCABULARIO,2007_FIFTH_ELECTRONIC,2013_FIFTH_ELECTRONIC_SECOND_VERSION,DOCUMENTED_UNICODE_RECONCILIATION_NOT_BYTE_EXTRACTED_2013,JUCHITAN_HISTORICAL_SOURCE,STRUCTURED_BACKFILL_V0_1
PICKETT-ZE-1430,ricá ná’,ricá ná’,ricá náꞌ,ricá náꞌ,"[""ricá náꞌ""]",SUBENTRY,ricá,,,empujarse; detenerse,ricá ná’ [b-a] empujarse; detenerse,,28,42,2,ZAPOTECO_ESPAÑOL,BIB003_PICKETT_VOCABULARIO,2007_FIFTH_ELECTRONIC,2013_FIFTH_ELECTRONIC_SECOND_VERSION,DOCUMENTED_UNICODE_RECONCILIATION_NOT_BYTE_EXTRACTED_2013,JUCHITAN_HISTORICAL_SOURCE,STRUCTURED_BACKFILL_V0_1
PICKETT-ZE-1431,ricaa,ricaa,ricaa,ricaa,"[""ricaa""]",ENTRY,,,[b.a],"recibir, aceptar","ricaa [b.a] recibir, aceptar",,28,42,2,ZAPOTECO_ESPAÑOL,BIB003_PICKETT_VOCABULARIO,2007_FIFTH_ELECTRONIC,2013_FIFTH_ELECTRONIC_SECOND_VERSION,DOCUMENTED_UNICODE_RECONCILIATION_NOT_BYTE_EXTRACTED_2013,JUCHITAN_HISTORICAL_SOURCE,STRUCTURED_BACKFILL_V0_1
PICKETT-ZE-1432,ricaa bi,ricaa bi,ricaa bi,ricaa bi,"[""ricaa bi""]",SUBENTRY,ricaa,,,respirar,ricaa bi [b-al] respirar,,28,42,2,ZAPOTECO_ESPAÑOL,BIB003_PICKETT_VOCABULARIO,2007_FIFTH_ELECTRONIC,2013_FIFTH_ELECTRONIC_SECOND_VERSION,DOCUMENTED_UNICODE_RECONCILIATION_NOT_BYTE_EXTRACTED_2013,JUCHITAN_HISTORICAL_SOURCE,STRUCTURED_BACKFILL_V0_1
PICKETT-ZE-1433,ricaa la’dxi’,ricaa la’dxi’,ricaa laꞌdxiꞌ,ricaa laꞌdxiꞌ,"[""ricaa laꞌdxiꞌ""]",SUBENTRY,ricaa,,,suspirar,ricaa la’dxi’ [b-al.b] suspirar,,28,42,2,ZAPOTECO_ESPAÑOL,BIB003_PICKETT_VOCABULARIO,2007_FIFTH_ELECTRONIC,2013_FIFTH_ELECTRONIC_SECOND_VERSION,DOCUMENTED_UNICODE_RECONCILIATION_NOT_BYTE_EXTRACTED_2013,JUCHITAN_HISTORICAL_SOURCE,STRUCTURED_BACKFILL_V0_1
PICKETT-ZE-1434,ricaa yu,ricaa yu,ricaa yu,ricaa yu,"[""ricaa yu""]",SUBENTRY,ricaa,,,averiguar,ricaa yu [b-al] averiguar,,28,42,2,ZAPOTECO_ESPAÑOL,BIB003_PICKETT_VOCABULARIO,2007_FIFTH_ELECTRONIC,2013_FIFTH_ELECTRONIC_SECOND_VERSION,DOCUMENTED_UNICODE_RECONCILIATION_NOT_BYTE_EXTRACTED_2013,JUCHITAN_HISTORICAL_SOURCE,STRUCTURED_BACKFILL_V0_1
PICKETT-ZE-1435,ricabi,ricabi,ricabi,ricabi,"[""ricabi""]",ENTRY,,,[b.b.a],"contestar, responder","ricabi [b.b.a] contestar, responder",,28,42,2,ZAPOTECO_ESPAÑOL,BIB003_PICKETT_VOCABULARIO,2007_FIFTH_ELECTRONIC,2013_FIFTH_ELECTRONIC_SECOND_VERSION,DOCUMENTED_UNICODE_RECONCILIATION_NOT_BYTE_EXTRACTED_2013,JUCHITAN_HISTORICAL_SOURCE,STRUCTURED_BACKFILL_V0_1
PICKETT-ZE-1436,ricahui,ricahui,ricahui,ricahui,"[""ricahui""]",ENTRY,,,[b.b.a],oscurecerse,ricahui [b.b.a] oscurecerse,,28,42,2,ZAPOTECO_ESPAÑOL,BIB003_PICKETT_VOCABULARIO,2007_FIFTH_ELECTRONIC,2013_FIFTH_ELECTRONIC_SECOND_VERSION,DOCUMENTED_UNICODE_RECONCILIATION_NOT_BYTE_EXTRACTED_2013,JUCHITAN_HISTORICAL_SOURCE,STRUCTURED_BACKFILL_V0_1
PICKETT-ZE-1437,ricanda,ricanda,ricanda,ricanda,"[""ricanda""]",ENTRY,,,[b.b.a],oscurecerse,ricanda [b.b.a] oscurecerse,,28,42,2,ZAPOTECO_ESPAÑOL,BIB003_PICKETT_VOCABULARIO,2007_FIFTH_ELECTRONIC,2013_FIFTH_ELECTRONIC_SECOND_VERSION,DOCUMENTED_UNICODE_RECONCILIATION_NOT_BYTE_EXTRACTED_2013,JUCHITAN_HISTORICAL_SOURCE,STRUCTURED_BACKFILL_V0_1
PICKETT-ZE-1438,ricuanda,ricuanda,ricuanda,ricuanda,"[""ricuanda""]",ENTRY,,,[b.b.a],enchuecarse,ricuanda [b.b.a] enchuecarse,,28,42,2,ZAPOTECO_ESPAÑOL,BIB003_PICKETT_VOCABULARIO,2007_FIFTH_ELECTRONIC,2013_FIFTH_ELECTRONIC_SECOND_VERSION,DOCUMENTED_UNICODE_RECONCILIATION_NOT_BYTE_EXTRACTED_2013,JUCHITAN_HISTORICAL_SOURCE,STRUCTURED_BACKFILL_V0_1
PICKETT-ZE-1439,ricuaata diaga,ricuaata diaga,ricuaata diaga,ricuaata diaga,"[""ricuaata diaga""]",ENTRY,,,,ensordecer (quedar sordo),ricuaata diaga ensordecer (quedar sordo),,28,42,2,ZAPOTECO_ESPAÑOL,BIB003_PICKETT_VOCABULARIO,2007_FIFTH_ELECTRONIC,2013_FIFTH_ELECTRONIC_SECOND_VERSION,DOCUMENTED_UNICODE_RECONCILIATION_NOT_BYTE_EXTRACTED_2013,JUCHITAN_HISTORICAL_SOURCE,STRUCTURED_BACKFILL_V0_1
PICKETT-ZE-1440,ricuuxhu’,ricuuxhu’,ricuuxhuꞌ,ricuuxhuꞌ,"[""ricuuxhuꞌ""]",ENTRY,,,,arrugarse,ricuuxhu’ arrugarse,,28,42,2,ZAPOTECO_ESPAÑOL,BIB003_PICKETT_VOCABULARIO,2007_FIFTH_ELECTRONIC,2013_FIFTH_ELECTRONIC_SECOND_VERSION,DOCUMENTED_UNICODE_RECONCILIATION_NOT_BYTE_EXTRACTED_2013,JUCHITAN_HISTORICAL_SOURCE,STRUCTURED_BACKFILL_V0_1
PICKETT-ZE-1441,richaacha’,richaacha’,richaachaꞌ,richaachaꞌ,"[""richaachaꞌ""]",ENTRY,,,,aflojarse,richaacha’ aflojarse,,28,42,2,ZAPOTECO_ESPAÑOL,BIB003_PICKETT_VOCABULARIO,2007_FIFTH_ELECTRONIC,2013_FIFTH_ELECTRONIC_SECOND_VERSION,DOCUMENTED_UNICODE_RECONCILIATION_NOT_BYTE_EXTRACTED_2013,JUCHITAN_HISTORICAL_SOURCE,STRUCTURED_BACKFILL_V0_1
PICKETT-ZE-1442,richaga ná’,richaga ná’,richaga náꞌ,richaga náꞌ,"[""richaga náꞌ""]",ENTRY,,,[b-a],casarse,richaga ná’ [b-a] casarse,,28,42,2,ZAPOTECO_ESPAÑOL,BIB003_PICKETT_VOCABULARIO,2007_FIFTH_ELECTRONIC,2013_FIFTH_ELECTRONIC_SECOND_VERSION,DOCUMENTED_UNICODE_RECONCILIATION_NOT_BYTE_EXTRACTED_2013,JUCHITAN_HISTORICAL_SOURCE,STRUCTURED_BACKFILL_V0_1
PICKETT-ZE-1443,richesa,richesa,richesa,richesa,"[""richesa""]",ENTRY,,,,"brincar, saltar","richesa brincar, saltar",,28,42,2,ZAPOTECO_ESPAÑOL,BIB003_PICKETT_VOCABULARIO,2007_FIFTH_ELECTRONIC,2013_FIFTH_ELECTRONIC_SECOND_VERSION,DOCUMENTED_UNICODE_RECONCILIATION_NOT_BYTE_EXTRACTED_2013,JUCHITAN_HISTORICAL_SOURCE,STRUCTURED_BACKFILL_V0_1
PICKETT-ZE-1444,richeza,richeza,richeza,richeza,"[""richeza""]",ENTRY,,,,"romper, rasgar, rajar, reventar","richeza romper, rasgar, rajar, reventar",,28,42,2,ZAPOTECO_ESPAÑOL,BIB003_PICKETT_VOCABULARIO,2007_FIFTH_ELECTRONIC,2013_FIFTH_ELECTRONIC_SECOND_VERSION,DOCUMENTED_UNICODE_RECONCILIATION_NOT_BYTE_EXTRACTED_2013,JUCHITAN_HISTORICAL_SOURCE,STRUCTURED_BACKFILL_V0_1
PICKETT-ZE-1445,richeza layú,richeza layú,richeza layú,richeza layú,"[""richeza layú""]",SUBENTRY,richeza,,,arar,richeza layú arar,,28,42,2,ZAPOTECO_ESPAÑOL,BIB003_PICKETT_VOCABULARIO,2007_FIFTH_ELECTRONIC,2013_FIFTH_ELECTRONIC_SECOND_VERSION,DOCUMENTED_UNICODE_RECONCILIATION_NOT_BYTE_EXTRACTED_2013,JUCHITAN_HISTORICAL_SOURCE,STRUCTURED_BACKFILL_V0_1
PICKETT-ZE-1446,richichi,richichi,richichi,richichi,"[""richichi""]",ENTRY,,,[b.b.a],escasearse,richichi [b.b.a] escasearse,,28,42,2,ZAPOTECO_ESPAÑOL,BIB003_PICKETT_VOCABULARIO,2007_FIFTH_ELECTRONIC,2013_FIFTH_ELECTRONIC_SECOND_VERSION,DOCUMENTED_UNICODE_RECONCILIATION_NOT_BYTE_EXTRACTED_2013,JUCHITAN_HISTORICAL_SOURCE,STRUCTURED_BACKFILL_V0_1
PICKETT-ZE-1447,richidxi laya,richidxi laya,richidxi laya,richidxi laya,"[""richidxi laya""]",ENTRY,,,,tener destemplados los dientes,richidxi laya tener destemplados los,dientes,28,42,2,ZAPOTECO_ESPAÑOL,BIB003_PICKETT_VOCABULARIO,2007_FIFTH_ELECTRONIC,2013_FIFTH_ELECTRONIC_SECOND_VERSION,DOCUMENTED_UNICODE_RECONCILIATION_NOT_BYTE_EXTRACTED_2013,JUCHITAN_HISTORICAL_SOURCE,STRUCTURED_BACKFILL_V0_1
PICKETT-ZE-1448,richonga,richonga,richonga,richonga,"[""richonga""]",ENTRY,,,,"atiesarse, entiesarse, endurecerse","richonga atiesarse, entiesarse, endurecerse",,29,43,1,ZAPOTECO_ESPAÑOL,BIB003_PICKETT_VOCABULARIO,2007_FIFTH_ELECTRONIC,2013_FIFTH_ELECTRONIC_SECOND_VERSION,DOCUMENTED_UNICODE_RECONCILIATION_NOT_BYTE_EXTRACTED_2013,JUCHITAN_HISTORICAL_SOURCE,STRUCTURED_BACKFILL_V0_1
PICKETT-ZE-1449,richucu,richucu,richucu,richucu,"[""richucu""]",ENTRY,,,,"acortarse, ponerse corto","richucu acortarse, ponerse corto",,29,43,1,ZAPOTECO_ESPAÑOL,BIB003_PICKETT_VOCABULARIO,2007_FIFTH_ELECTRONIC,2013_FIFTH_ELECTRONIC_SECOND_VERSION,DOCUMENTED_UNICODE_RECONCILIATION_NOT_BYTE_EXTRACTED_2013,JUCHITAN_HISTORICAL_SOURCE,STRUCTURED_BACKFILL_V0_1
PICKETT-ZE-1450,richuundu’,richuundu’,richuunduꞌ,richuunduꞌ,"[""richuunduꞌ""]",ENTRY,,,,"enturbiarse o oscurecerse la vista, nublarse",richuundu’ enturbiarse o oscurecerse la,"vista, nublarse",29,43,1,ZAPOTECO_ESPAÑOL,BIB003_PICKETT_VOCABULARIO,2007_FIFTH_ELECTRONIC,2013_FIFTH_ELECTRONIC_SECOND_VERSION,DOCUMENTED_UNICODE_RECONCILIATION_NOT_BYTE_EXTRACTED_2013,JUCHITAN_HISTORICAL_SOURCE,STRUCTURED_BACKFILL_V0_1
PICKETT-ZE-1451,ridá,ridá,ridá,ridá,"[""ridá""]",ENTRY,,,[b.a],"nacer, manar (agua, de un manantial)","ridá [b.a] nacer, manar (agua, de un",manantial),29,43,1,ZAPOTECO_ESPAÑOL,BIB003_PICKETT_VOCABULARIO,2007_FIFTH_ELECTRONIC,2013_FIFTH_ELECTRONIC_SECOND_VERSION,DOCUMENTED_UNICODE_RECONCILIATION_NOT_BYTE_EXTRACTED_2013,JUCHITAN_HISTORICAL_SOURCE,STRUCTURED_BACKFILL_V0_1
PICKETT-ZE-1452,ridaa,ridaa,ridaa,ridaa,"[""ridaa""]",ENTRY,,,,"infectarse; vaciarse (agua); extenderse al derretirse (gelatina, etc.)",ridaa infectarse; vaciarse (agua);,"extenderse al derretirse (gelatina, etc.)",29,43,1,ZAPOTECO_ESPAÑOL,BIB003_PICKETT_VOCABULARIO,2007_FIFTH_ELECTRONIC,2013_FIFTH_ELECTRONIC_SECOND_VERSION,DOCUMENTED_UNICODE_RECONCILIATION_NOT_BYTE_EXTRACTED_2013,JUCHITAN_HISTORICAL_SOURCE,STRUCTURED_BACKFILL_V0_1
PICKETT-ZE-1453,ridaabi,ridaabi,ridaabi,ridaabi,"[""ridaabi""]",ENTRY,,,[b.b.a],"clavarse, atascarse, encajarse","ridaabi [b.b.a] clavarse, atascarse,",encajarse,29,43,1,ZAPOTECO_ESPAÑOL,BIB003_PICKETT_VOCABULARIO,2007_FIFTH_ELECTRONIC,2013_FIFTH_ELECTRONIC_SECOND_VERSION,DOCUMENTED_UNICODE_RECONCILIATION_NOT_BYTE_EXTRACTED_2013,JUCHITAN_HISTORICAL_SOURCE,STRUCTURED_BACKFILL_V0_1
PICKETT-ZE-1454,ridaabi’,ridaabi’,ridaabiꞌ,ridaabiꞌ,"[""ridaabiꞌ""]",ENTRY,,,,sobarse,ridaabi’ sobarse,,29,43,1,ZAPOTECO_ESPAÑOL,BIB003_PICKETT_VOCABULARIO,2007_FIFTH_ELECTRONIC,2013_FIFTH_ELECTRONIC_SECOND_VERSION,DOCUMENTED_UNICODE_RECONCILIATION_NOT_BYTE_EXTRACTED_2013,JUCHITAN_HISTORICAL_SOURCE,STRUCTURED_BACKFILL_V0_1
PICKETT-ZE-1455,ridachi,ridachi,ridachi,ridachi,"[""ridachi""]",ENTRY,,,[b.b.a],reducirse,ridachi [b.b.a] reducirse,,29,43,1,ZAPOTECO_ESPAÑOL,BIB003_PICKETT_VOCABULARIO,2007_FIFTH_ELECTRONIC,2013_FIFTH_ELECTRONIC_SECOND_VERSION,DOCUMENTED_UNICODE_RECONCILIATION_NOT_BYTE_EXTRACTED_2013,JUCHITAN_HISTORICAL_SOURCE,STRUCTURED_BACKFILL_V0_1
PICKETT-ZE-1456,ridaagu’,ridaagu’,ridaaguꞌ,ridaaguꞌ,"[""ridaaguꞌ""]",ENTRY,,,,"cerrarse; privarse, desmayarse","ridaagu’ cerrarse; privarse, desmayarse",,29,43,1,ZAPOTECO_ESPAÑOL,BIB003_PICKETT_VOCABULARIO,2007_FIFTH_ELECTRONIC,2013_FIFTH_ELECTRONIC_SECOND_VERSION,DOCUMENTED_UNICODE_RECONCILIATION_NOT_BYTE_EXTRACTED_2013,JUCHITAN_HISTORICAL_SOURCE,STRUCTURED_BACKFILL_V0_1
PICKETT-ZE-1457,ridaœe,ridaḻe,ridaḻe,ridaḻe,"[""ridaḻe""]",ENTRY,,,[b.b.a],"multiplicarse, reproducirse, aumentarse","ridaœe [b.b.a] multiplicarse, reproducirse,",aumentarse,29,43,1,ZAPOTECO_ESPAÑOL,BIB003_PICKETT_VOCABULARIO,2007_FIFTH_ELECTRONIC,2013_FIFTH_ELECTRONIC_SECOND_VERSION,DOCUMENTED_UNICODE_RECONCILIATION_NOT_BYTE_EXTRACTED_2013,JUCHITAN_HISTORICAL_SOURCE,STRUCTURED_BACKFILL_V0_1
PICKETT-ZE-1458,rida’na’,rida’na’,ridaꞌnaꞌ,ridaꞌnaꞌ,"[""ridaꞌnaꞌ""]",ENTRY,,,,"tocarse, tentarse","rida’na’ tocarse, tentarse",,29,43,1,ZAPOTECO_ESPAÑOL,BIB003_PICKETT_VOCABULARIO,2007_FIFTH_ELECTRONIC,2013_FIFTH_ELECTRONIC_SECOND_VERSION,DOCUMENTED_UNICODE_RECONCILIATION_NOT_BYTE_EXTRACTED_2013,JUCHITAN_HISTORICAL_SOURCE,STRUCTURED_BACKFILL_V0_1
PICKETT-ZE-1459,ridaañe,ridaañe,ridaañe,ridaañe,"[""ridaañe""]",ENTRY,,,[b.b.a],escarbarse,ridaañe [b.b.a] escarbarse,,29,43,1,ZAPOTECO_ESPAÑOL,BIB003_PICKETT_VOCABULARIO,2007_FIFTH_ELECTRONIC,2013_FIFTH_ELECTRONIC_SECOND_VERSION,DOCUMENTED_UNICODE_RECONCILIATION_NOT_BYTE_EXTRACTED_2013,JUCHITAN_HISTORICAL_SOURCE,STRUCTURED_BACKFILL_V0_1
PICKETT-ZE-1460,ridaapa,ridaapa,ridaapa,ridaapa,"[""ridaapa""]",ENTRY,,,[b.b.a],"golpearse, le pegan con la mano; tejerse","ridaapa [b.b.a] golpearse, le pegan con la",mano; tejerse,29,43,1,ZAPOTECO_ESPAÑOL,BIB003_PICKETT_VOCABULARIO,2007_FIFTH_ELECTRONIC,2013_FIFTH_ELECTRONIC_SECOND_VERSION,DOCUMENTED_UNICODE_RECONCILIATION_NOT_BYTE_EXTRACTED_2013,JUCHITAN_HISTORICAL_SOURCE,STRUCTURED_BACKFILL_V0_1
PICKETT-ZE-1461,ridaapi,ridaapi,ridaapi,ridaapi,"[""ridaapi""]",ENTRY,,,[b.b.a],acarrearse,ridaapi [b.b.a] acarrearse,,29,43,1,ZAPOTECO_ESPAÑOL,BIB003_PICKETT_VOCABULARIO,2007_FIFTH_ELECTRONIC,2013_FIFTH_ELECTRONIC_SECOND_VERSION,DOCUMENTED_UNICODE_RECONCILIATION_NOT_BYTE_EXTRACTED_2013,JUCHITAN_HISTORICAL_SOURCE,STRUCTURED_BACKFILL_V0_1
PICKETT-ZE-1462,ridiiba’,ridiiba’,ridiibaꞌ,ridiibaꞌ,"[""ridiibaꞌ""]",ENTRY,,,,"coserse, bordarse","ridiiba’ coserse, bordarse",,29,43,1,ZAPOTECO_ESPAÑOL,BIB003_PICKETT_VOCABULARIO,2007_FIFTH_ELECTRONIC,2013_FIFTH_ELECTRONIC_SECOND_VERSION,DOCUMENTED_UNICODE_RECONCILIATION_NOT_BYTE_EXTRACTED_2013,JUCHITAN_HISTORICAL_SOURCE,STRUCTURED_BACKFILL_V0_1
PICKETT-ZE-1463,ridi’di’,ridi’di’,ridiꞌdiꞌ,ridiꞌdiꞌ,"[""ridiꞌdiꞌ""]",ENTRY,,(v-intr),,"pasar, atravesar (uno mismo)","ridi’di’ (v-intr) pasar, atravesar (uno",mismo),29,43,1,ZAPOTECO_ESPAÑOL,BIB003_PICKETT_VOCABULARIO,2007_FIFTH_ELECTRONIC,2013_FIFTH_ELECTRONIC_SECOND_VERSION,DOCUMENTED_UNICODE_RECONCILIATION_NOT_BYTE_EXTRACTED_2013,JUCHITAN_HISTORICAL_SOURCE,STRUCTURED_BACKFILL_V0_1
PICKETT-ZE-1464,rididi laaga’,rididi laaga’,rididi laagaꞌ,rididi laagaꞌ,"[""rididi laagaꞌ""]",SUBENTRY,ridiꞌdiꞌ,,,pasar de largo,rididi laaga’ pasar de largo,,29,43,1,ZAPOTECO_ESPAÑOL,BIB003_PICKETT_VOCABULARIO,2007_FIFTH_ELECTRONIC,2013_FIFTH_ELECTRONIC_SECOND_VERSION,DOCUMENTED_UNICODE_RECONCILIATION_NOT_BYTE_EXTRACTED_2013,JUCHITAN_HISTORICAL_SOURCE,STRUCTURED_BACKFILL_V0_1
PICKETT-ZE-1465,ridié,ridié,ridié,ridié,"[""ridié""]",ENTRY,,,,"oprimirse, apretarse","ridié oprimirse, apretarse",,29,43,1,ZAPOTECO_ESPAÑOL,BIB003_PICKETT_VOCABULARIO,2007_FIFTH_ELECTRONIC,2013_FIFTH_ELECTRONIC_SECOND_VERSION,DOCUMENTED_UNICODE_RECONCILIATION_NOT_BYTE_EXTRACTED_2013,JUCHITAN_HISTORICAL_SOURCE,STRUCTURED_BACKFILL_V0_1
PICKETT-ZE-1466,ridiee,ridiee,ridiee,ridiee,"[""ridiee""]",ENTRY,,,,pintarse,ridiee pintarse,,29,43,1,ZAPOTECO_ESPAÑOL,BIB003_PICKETT_VOCABULARIO,2007_FIFTH_ELECTRONIC,2013_FIFTH_ELECTRONIC_SECOND_VERSION,DOCUMENTED_UNICODE_RECONCILIATION_NOT_BYTE_EXTRACTED_2013,JUCHITAN_HISTORICAL_SOURCE,STRUCTURED_BACKFILL_V0_1
PICKETT-ZE-1467,ridinde,ridinde,ridinde,ridinde,"[""ridinde""]",ENTRY,,,[b.b.a],pelear,ridinde [b.b.a] pelear,,29,43,1,ZAPOTECO_ESPAÑOL,BIB003_PICKETT_VOCABULARIO,2007_FIFTH_ELECTRONIC,2013_FIFTH_ELECTRONIC_SECOND_VERSION,DOCUMENTED_UNICODE_RECONCILIATION_NOT_BYTE_EXTRACTED_2013,JUCHITAN_HISTORICAL_SOURCE,STRUCTURED_BACKFILL_V0_1
PICKETT-ZE-1468,ridinde né,ridinde né,ridinde né,ridinde né,"[""ridinde né""]",SUBENTRY,ridinde,,,regañar,ridinde né [b-a] regañar,,29,43,1,ZAPOTECO_ESPAÑOL,BIB003_PICKETT_VOCABULARIO,2007_FIFTH_ELECTRONIC,2013_FIFTH_ELECTRONIC_SECOND_VERSION,DOCUMENTED_UNICODE_RECONCILIATION_NOT_BYTE_EXTRACTED_2013,JUCHITAN_HISTORICAL_SOURCE,STRUCTURED_BACKFILL_V0_1
PICKETT-ZE-1469,ridiiñe,ridiiñe,ridiiñe,ridiiñe,"[""ridiiñe""]",ENTRY,,,[b.b.a],pegarle a alguien,ridiiñe [b.b.a] pegarle a alguien,,29,43,1,ZAPOTECO_ESPAÑOL,BIB003_PICKETT_VOCABULARIO,2007_FIFTH_ELECTRONIC,2013_FIFTH_ELECTRONIC_SECOND_VERSION,DOCUMENTED_UNICODE_RECONCILIATION_NOT_BYTE_EXTRACTED_2013,JUCHITAN_HISTORICAL_SOURCE,STRUCTURED_BACKFILL_V0_1
PICKETT-ZE-1470,ridiiñe’,ridiiñe’,ridiiñeꞌ,ridiiñeꞌ,"[""ridiiñeꞌ""]",ENTRY,,,,ser prestado,ridiiñe’ ser prestado,,29,43,1,ZAPOTECO_ESPAÑOL,BIB003_PICKETT_VOCABULARIO,2007_FIFTH_ELECTRONIC,2013_FIFTH_ELECTRONIC_SECOND_VERSION,DOCUMENTED_UNICODE_RECONCILIATION_NOT_BYTE_EXTRACTED_2013,JUCHITAN_HISTORICAL_SOURCE,STRUCTURED_BACKFILL_V0_1
PICKETT-ZE-1471,ridó’,ridó’,ridóꞌ,ridóꞌ,"[""ridóꞌ""]",ENTRY,,,,amansarse,ridó’ amansarse,,29,43,1,ZAPOTECO_ESPAÑOL,BIB003_PICKETT_VOCABULARIO,2007_FIFTH_ELECTRONIC,2013_FIFTH_ELECTRONIC_SECOND_VERSION,DOCUMENTED_UNICODE_RECONCILIATION_NOT_BYTE_EXTRACTED_2013,JUCHITAN_HISTORICAL_SOURCE,STRUCTURED_BACKFILL_V0_1
PICKETT-ZE-1472,ridoo,ridoo,ridoo,ridoo,"[""ridoo""]",ENTRY,,,,venderse,ridoo venderse,,29,43,1,ZAPOTECO_ESPAÑOL,BIB003_PICKETT_VOCABULARIO,2007_FIFTH_ELECTRONIC,2013_FIFTH_ELECTRONIC_SECOND_VERSION,DOCUMENTED_UNICODE_RECONCILIATION_NOT_BYTE_EXTRACTED_2013,JUCHITAN_HISTORICAL_SOURCE,STRUCTURED_BACKFILL_V0_1
PICKETT-ZE-1473,ridopa,ridopa,ridopa,ridopa,"[""ridopa""]",ENTRY,,,[b.b.a],recogerse; encogerse; enrollarse; reunirse,ridopa [b.b.a] recogerse; encogerse;,enrollarse; reunirse,29,43,1,ZAPOTECO_ESPAÑOL,BIB003_PICKETT_VOCABULARIO,2007_FIFTH_ELECTRONIC,2013_FIFTH_ELECTRONIC_SECOND_VERSION,DOCUMENTED_UNICODE_RECONCILIATION_NOT_BYTE_EXTRACTED_2013,JUCHITAN_HISTORICAL_SOURCE,STRUCTURED_BACKFILL_V0_1
PICKETT-ZE-1474,ridopa cabe,ridopa cabe,ridopa cabe,ridopa cabe,"[""ridopa cabe""]",SUBENTRY,ridopa,,,se reunen,ridopa cabe [b.b.al-b.a] se reunen,,29,43,1,ZAPOTECO_ESPAÑOL,BIB003_PICKETT_VOCABULARIO,2007_FIFTH_ELECTRONIC,2013_FIFTH_ELECTRONIC_SECOND_VERSION,DOCUMENTED_UNICODE_RECONCILIATION_NOT_BYTE_EXTRACTED_2013,JUCHITAN_HISTORICAL_SOURCE,STRUCTURED_BACKFILL_V0_1
PICKETT-ZE-1475,ridopa lú,ridopa lú,ridopa lú,ridopa lú,"[""ridopa lú""]",SUBENTRY,ridopa,,,"juntarse, amontonarse, ahorrarse","ridopa lú [b-al] juntarse, amontonarse,",ahorrarse,29,43,1,ZAPOTECO_ESPAÑOL,BIB003_PICKETT_VOCABULARIO,2007_FIFTH_ELECTRONIC,2013_FIFTH_ELECTRONIC_SECOND_VERSION,DOCUMENTED_UNICODE_RECONCILIATION_NOT_BYTE_EXTRACTED_2013,JUCHITAN_HISTORICAL_SOURCE,STRUCTURED_BACKFILL_V0_1
PICKETT-ZE-1476,ridu’ba’,ridu’ba’,riduꞌbaꞌ,riduꞌbaꞌ,"[""riduꞌbaꞌ""]",ENTRY,,,,acarrearse; fumarse,ridu’ba’ acarrearse; fumarse,,29,43,1,ZAPOTECO_ESPAÑOL,BIB003_PICKETT_VOCABULARIO,2007_FIFTH_ELECTRONIC,2013_FIFTH_ELECTRONIC_SECOND_VERSION,DOCUMENTED_UNICODE_RECONCILIATION_NOT_BYTE_EXTRACTED_2013,JUCHITAN_HISTORICAL_SOURCE,STRUCTURED_BACKFILL_V0_1
PICKETT-ZE-1477,riduuba’,riduuba’,riduubaꞌ,riduubaꞌ,"[""riduubaꞌ""]",ENTRY,,,,arrimarse,riduuba’ arrimarse,,29,43,1,ZAPOTECO_ESPAÑOL,BIB003_PICKETT_VOCABULARIO,2007_FIFTH_ELECTRONIC,2013_FIFTH_ELECTRONIC_SECOND_VERSION,DOCUMENTED_UNICODE_RECONCILIATION_NOT_BYTE_EXTRACTED_2013,JUCHITAN_HISTORICAL_SOURCE,STRUCTURED_BACKFILL_V0_1
PICKETT-ZE-1478,riduba yu,riduba yu,riduba yu,riduba yu,"[""riduba yu""]",SUBENTRY,riduubaꞌ,(v-intr),,"arrastrar, jalarle","riduba yu (v-intr) arrastrar, jalarle",,29,43,1,ZAPOTECO_ESPAÑOL,BIB003_PICKETT_VOCABULARIO,2007_FIFTH_ELECTRONIC,2013_FIFTH_ELECTRONIC_SECOND_VERSION,DOCUMENTED_UNICODE_RECONCILIATION_NOT_BYTE_EXTRACTED_2013,JUCHITAN_HISTORICAL_SOURCE,STRUCTURED_BACKFILL_V0_1
PICKETT-ZE-1479,ridubi,ridubi,ridubi,ridubi,"[""ridubi""]",ENTRY,,,,"gastarse, acabarse","ridubi gastarse, acabarse",,29,43,1,ZAPOTECO_ESPAÑOL,BIB003_PICKETT_VOCABULARIO,2007_FIFTH_ELECTRONIC,2013_FIFTH_ELECTRONIC_SECOND_VERSION,DOCUMENTED_UNICODE_RECONCILIATION_NOT_BYTE_EXTRACTED_2013,JUCHITAN_HISTORICAL_SOURCE,STRUCTURED_BACKFILL_V0_1
PICKETT-ZE-1480,riduuna dxiibi,riduuna dxiibi,riduuna dxiibi,riduuna dxiibi,"[""riduuna dxiibi""]",ENTRY,,,[b-a],ir a curarse de espanto,riduuna dxiibi [b-a] ir a curarse de,espanto,29,43,1,ZAPOTECO_ESPAÑOL,BIB003_PICKETT_VOCABULARIO,2007_FIFTH_ELECTRONIC,2013_FIFTH_ELECTRONIC_SECOND_VERSION,DOCUMENTED_UNICODE_RECONCILIATION_NOT_BYTE_EXTRACTED_2013,JUCHITAN_HISTORICAL_SOURCE,STRUCTURED_BACKFILL_V0_1
PICKETT-ZE-1481,riduuñe,riduuñe,riduuñe,riduuñe,"[""riduuñe""]",ENTRY,,,[b.b.a],rascarse,riduuñe [b.b.a] rascarse,,29,43,1,ZAPOTECO_ESPAÑOL,BIB003_PICKETT_VOCABULARIO,2007_FIFTH_ELECTRONIC,2013_FIFTH_ELECTRONIC_SECOND_VERSION,DOCUMENTED_UNICODE_RECONCILIATION_NOT_BYTE_EXTRACTED_2013,JUCHITAN_HISTORICAL_SOURCE,STRUCTURED_BACKFILL_V0_1
PICKETT-ZE-1482,riduxhu,riduxhu,riduxhu,riduxhu,"[""riduxhu""]",ENTRY,,,,afilarse,riduxhu afilarse,,29,43,2,ZAPOTECO_ESPAÑOL,BIB003_PICKETT_VOCABULARIO,2007_FIFTH_ELECTRONIC,2013_FIFTH_ELECTRONIC_SECOND_VERSION,DOCUMENTED_UNICODE_RECONCILIATION_NOT_BYTE_EXTRACTED_2013,JUCHITAN_HISTORICAL_SOURCE,STRUCTURED_BACKFILL_V0_1
PICKETT-ZE-1483,riduxhu,riduxhu,riduxhu,riduxhu,"[""riduxhu""]",ENTRY,,,[b.b.a],ladrar,riduxhu [b.b.a] ladrar,,29,43,2,ZAPOTECO_ESPAÑOL,BIB003_PICKETT_VOCABULARIO,2007_FIFTH_ELECTRONIC,2013_FIFTH_ELECTRONIC_SECOND_VERSION,DOCUMENTED_UNICODE_RECONCILIATION_NOT_BYTE_EXTRACTED_2013,JUCHITAN_HISTORICAL_SOURCE,STRUCTURED_BACKFILL_V0_1
PICKETT-ZE-1484,ridxá,ridxá,ridxá,ridxá,"[""ridxá""]",ENTRY,,,,llenarse,ridxá llenarse,,29,43,2,ZAPOTECO_ESPAÑOL,BIB003_PICKETT_VOCABULARIO,2007_FIFTH_ELECTRONIC,2013_FIFTH_ELECTRONIC_SECOND_VERSION,DOCUMENTED_UNICODE_RECONCILIATION_NOT_BYTE_EXTRACTED_2013,JUCHITAN_HISTORICAL_SOURCE,STRUCTURED_BACKFILL_V0_1
PICKETT-ZE-1485,ridxá gui,ridxá gui,ridxá gui,ridxá gui,"[""ridxá gui""]",SUBENTRY,ridxá,,,"hincharse, inflamarse","ridxá gui hincharse, inflamarse",,29,43,2,ZAPOTECO_ESPAÑOL,BIB003_PICKETT_VOCABULARIO,2007_FIFTH_ELECTRONIC,2013_FIFTH_ELECTRONIC_SECOND_VERSION,DOCUMENTED_UNICODE_RECONCILIATION_NOT_BYTE_EXTRACTED_2013,JUCHITAN_HISTORICAL_SOURCE,STRUCTURED_BACKFILL_V0_1
PICKETT-ZE-1486,ridxaa,ridxaa,ridxaa,ridxaa,"[""ridxaa""]",ENTRY,,,,cambiarse,ridxaa cambiarse,,29,43,2,ZAPOTECO_ESPAÑOL,BIB003_PICKETT_VOCABULARIO,2007_FIFTH_ELECTRONIC,2013_FIFTH_ELECTRONIC_SECOND_VERSION,DOCUMENTED_UNICODE_RECONCILIATION_NOT_BYTE_EXTRACTED_2013,JUCHITAN_HISTORICAL_SOURCE,STRUCTURED_BACKFILL_V0_1
PICKETT-ZE-1487,ridxaa,ridxaa,ridxaa,ridxaa,"[""ridxaa""]",ENTRY,,,[b.a],"recalentarse, entibiarse","ridxaa [b.a] recalentarse, entibiarse",,29,43,2,ZAPOTECO_ESPAÑOL,BIB003_PICKETT_VOCABULARIO,2007_FIFTH_ELECTRONIC,2013_FIFTH_ELECTRONIC_SECOND_VERSION,DOCUMENTED_UNICODE_RECONCILIATION_NOT_BYTE_EXTRACTED_2013,JUCHITAN_HISTORICAL_SOURCE,STRUCTURED_BACKFILL_V0_1
PICKETT-ZE-1488,ridxaga,ridxaga,ridxaga,ridxaga,"[""ridxaga""]",ENTRY,,,,cansarse,ridxaga cansarse,,29,43,2,ZAPOTECO_ESPAÑOL,BIB003_PICKETT_VOCABULARIO,2007_FIFTH_ELECTRONIC,2013_FIFTH_ELECTRONIC_SECOND_VERSION,DOCUMENTED_UNICODE_RECONCILIATION_NOT_BYTE_EXTRACTED_2013,JUCHITAN_HISTORICAL_SOURCE,STRUCTURED_BACKFILL_V0_1
PICKETT-ZE-1489,ridxaga xcaanda’,ridxaga xcaanda’,ridxaga xcaandaꞌ,ridxaga xcaandaꞌ,"[""ridxaga xcaandaꞌ""]",SUBENTRY,ridxaga,,,bostezar,ridxaga xcaanda’ [b-al.b] bostezar,,29,43,2,ZAPOTECO_ESPAÑOL,BIB003_PICKETT_VOCABULARIO,2007_FIFTH_ELECTRONIC,2013_FIFTH_ELECTRONIC_SECOND_VERSION,DOCUMENTED_UNICODE_RECONCILIATION_NOT_BYTE_EXTRACTED_2013,JUCHITAN_HISTORICAL_SOURCE,STRUCTURED_BACKFILL_V0_1
PICKETT-ZE-1490,ridxaaga,ridxaaga,ridxaaga,ridxaaga,"[""ridxaaga""]",ENTRY,,,[b.b.a],juntarse; llevarse bien; le queda (por ej.: ropa),ridxaaga [b.b.a] juntarse; llevarse bien; le,queda (por ej.: ropa),29,43,2,ZAPOTECO_ESPAÑOL,BIB003_PICKETT_VOCABULARIO,2007_FIFTH_ELECTRONIC,2013_FIFTH_ELECTRONIC_SECOND_VERSION,DOCUMENTED_UNICODE_RECONCILIATION_NOT_BYTE_EXTRACTED_2013,JUCHITAN_HISTORICAL_SOURCE,STRUCTURED_BACKFILL_V0_1
PICKETT-ZE-1491,ridxaga lú,ridxaga lú,ridxaga lú,ridxaga lú,"[""ridxaga lú""]",SUBENTRY,ridxaaga,,,se encuentran (dos personas en la calle),ridxaga lú [b-al] se encuentran (dos,personas en la calle),29,43,2,ZAPOTECO_ESPAÑOL,BIB003_PICKETT_VOCABULARIO,2007_FIFTH_ELECTRONIC,2013_FIFTH_ELECTRONIC_SECOND_VERSION,DOCUMENTED_UNICODE_RECONCILIATION_NOT_BYTE_EXTRACTED_2013,JUCHITAN_HISTORICAL_SOURCE,STRUCTURED_BACKFILL_V0_1
PICKETT-ZE-1492,ridxagayaa,ridxagayaa,ridxagayaa,ridxagayaa,"[""ridxagayaa""]",ENTRY,,,,"admirar, maravillar","ridxagayaa admirar, maravillar",,29,43,2,ZAPOTECO_ESPAÑOL,BIB003_PICKETT_VOCABULARIO,2007_FIFTH_ELECTRONIC,2013_FIFTH_ELECTRONIC_SECOND_VERSION,DOCUMENTED_UNICODE_RECONCILIATION_NOT_BYTE_EXTRACTED_2013,JUCHITAN_HISTORICAL_SOURCE,STRUCTURED_BACKFILL_V0_1
PICKETT-ZE-1493,ridxaahui’,ridxaahui’,ridxaahuiꞌ,ridxaahuiꞌ,"[""ridxaahuiꞌ""]",ENTRY,,,,batirse,ridxaahui’ batirse,,29,43,2,ZAPOTECO_ESPAÑOL,BIB003_PICKETT_VOCABULARIO,2007_FIFTH_ELECTRONIC,2013_FIFTH_ELECTRONIC_SECOND_VERSION,DOCUMENTED_UNICODE_RECONCILIATION_NOT_BYTE_EXTRACTED_2013,JUCHITAN_HISTORICAL_SOURCE,STRUCTURED_BACKFILL_V0_1
PICKETT-ZE-1494,ridxé,ridxé,ridxé,ridxé,"[""ridxé""]",ENTRY,,,,estar inquieto,ridxé estar inquieto,,29,43,2,ZAPOTECO_ESPAÑOL,BIB003_PICKETT_VOCABULARIO,2007_FIFTH_ELECTRONIC,2013_FIFTH_ELECTRONIC_SECOND_VERSION,DOCUMENTED_UNICODE_RECONCILIATION_NOT_BYTE_EXTRACTED_2013,JUCHITAN_HISTORICAL_SOURCE,STRUCTURED_BACKFILL_V0_1
PICKETT-ZE-1495,ridxé ique,ridxé ique,ridxé ique,ridxé ique,"[""ridxé ique""]",SUBENTRY,ridxé,,,"trastornarse, enloquecerse por borrachera, estar alocado","ridxé ique trastornarse, enloquecerse","por borrachera, estar alocado",29,43,2,ZAPOTECO_ESPAÑOL,BIB003_PICKETT_VOCABULARIO,2007_FIFTH_ELECTRONIC,2013_FIFTH_ELECTRONIC_SECOND_VERSION,DOCUMENTED_UNICODE_RECONCILIATION_NOT_BYTE_EXTRACTED_2013,JUCHITAN_HISTORICAL_SOURCE,STRUCTURED_BACKFILL_V0_1
PICKETT-ZE-1496,ridxela,ridxela,ridxela,ridxela,"[""ridxela""]",ENTRY,,,,"encontrar, hallar; encontrarse","ridxela encontrar, hallar; encontrarse",,29,43,2,ZAPOTECO_ESPAÑOL,BIB003_PICKETT_VOCABULARIO,2007_FIFTH_ELECTRONIC,2013_FIFTH_ELECTRONIC_SECOND_VERSION,DOCUMENTED_UNICODE_RECONCILIATION_NOT_BYTE_EXTRACTED_2013,JUCHITAN_HISTORICAL_SOURCE,STRUCTURED_BACKFILL_V0_1
PICKETT-ZE-1497,ridxela saa,ridxela saa,ridxela saa,ridxela saa,"[""ridxela saa""]",SUBENTRY,ridxela,,,"pelear, chocarse","ridxela saa pelear, chocarse",,29,43,2,ZAPOTECO_ESPAÑOL,BIB003_PICKETT_VOCABULARIO,2007_FIFTH_ELECTRONIC,2013_FIFTH_ELECTRONIC_SECOND_VERSION,DOCUMENTED_UNICODE_RECONCILIATION_NOT_BYTE_EXTRACTED_2013,JUCHITAN_HISTORICAL_SOURCE,STRUCTURED_BACKFILL_V0_1
PICKETT-ZE-1498,ridxi,ridxi,ridxi,ridxi,"[""ridxi""]",ENTRY,,,,"voz, grito, ruido de voces","ridxi voz, grito, ruido de voces",,29,43,2,ZAPOTECO_ESPAÑOL,BIB003_PICKETT_VOCABULARIO,2007_FIFTH_ELECTRONIC,2013_FIFTH_ELECTRONIC_SECOND_VERSION,DOCUMENTED_UNICODE_RECONCILIATION_NOT_BYTE_EXTRACTED_2013,JUCHITAN_HISTORICAL_SOURCE,STRUCTURED_BACKFILL_V0_1
PICKETT-ZE-1499,ridxi’,ridxi’,ridxiꞌ,ridxiꞌ,"[""ridxiꞌ""]",ENTRY,,,[b.al],"llorón, chillón","ridxi’ [b.al] llorón, chillón",,29,43,2,ZAPOTECO_ESPAÑOL,BIB003_PICKETT_VOCABULARIO,2007_FIFTH_ELECTRONIC,2013_FIFTH_ELECTRONIC_SECOND_VERSION,DOCUMENTED_UNICODE_RECONCILIATION_NOT_BYTE_EXTRACTED_2013,JUCHITAN_HISTORICAL_SOURCE,STRUCTURED_BACKFILL_V0_1
PICKETT-ZE-1500,ridxí’,ridxí’,ridxíꞌ,ridxíꞌ,"[""ridxíꞌ""]",ENTRY,,,[b.a],de día,ridxí’ [b.a] de día,,29,43,2,ZAPOTECO_ESPAÑOL,BIB003_PICKETT_VOCABULARIO,2007_FIFTH_ELECTRONIC,2013_FIFTH_ELECTRONIC_SECOND_VERSION,DOCUMENTED_UNICODE_RECONCILIATION_NOT_BYTE_EXTRACTED_2013,JUCHITAN_HISTORICAL_SOURCE,STRUCTURED_BACKFILL_V0_1
PICKETT-ZE-1501,ridxii,ridxii,ridxii,ridxii,"[""ridxii""]",ENTRY,,,,"taparse, cubrirse; llenarse","ridxii taparse, cubrirse; llenarse",,29,43,2,ZAPOTECO_ESPAÑOL,BIB003_PICKETT_VOCABULARIO,2007_FIFTH_ELECTRONIC,2013_FIFTH_ELECTRONIC_SECOND_VERSION,DOCUMENTED_UNICODE_RECONCILIATION_NOT_BYTE_EXTRACTED_2013,JUCHITAN_HISTORICAL_SOURCE,STRUCTURED_BACKFILL_V0_1
PICKETT-ZE-1502,ridxi’ba’,ridxi’ba’,ridxiꞌbaꞌ,ridxiꞌbaꞌ,"[""ridxiꞌbaꞌ""]",ENTRY,,,,vomitar,ridxi’ba’ vomitar,,29,43,2,ZAPOTECO_ESPAÑOL,BIB003_PICKETT_VOCABULARIO,2007_FIFTH_ELECTRONIC,2013_FIFTH_ELECTRONIC_SECOND_VERSION,DOCUMENTED_UNICODE_RECONCILIATION_NOT_BYTE_EXTRACTED_2013,JUCHITAN_HISTORICAL_SOURCE,STRUCTURED_BACKFILL_V0_1
PICKETT-ZE-1503,ridxibi,ridxibi,ridxibi,ridxibi,"[""ridxibi""]",ENTRY,,,,"espantarse, asustarse, temer","ridxibi espantarse, asustarse, temer",,29,43,2,ZAPOTECO_ESPAÑOL,BIB003_PICKETT_VOCABULARIO,2007_FIFTH_ELECTRONIC,2013_FIFTH_ELECTRONIC_SECOND_VERSION,DOCUMENTED_UNICODE_RECONCILIATION_NOT_BYTE_EXTRACTED_2013,JUCHITAN_HISTORICAL_SOURCE,STRUCTURED_BACKFILL_V0_1
PICKETT-ZE-1504,ridxiibi’,ridxiibi’,ridxiibiꞌ,ridxiibiꞌ,"[""ridxiibiꞌ""]",ENTRY,,,,alisarse,ridxiibi’ alisarse,,29,43,2,ZAPOTECO_ESPAÑOL,BIB003_PICKETT_VOCABULARIO,2007_FIFTH_ELECTRONIC,2013_FIFTH_ELECTRONIC_SECOND_VERSION,DOCUMENTED_UNICODE_RECONCILIATION_NOT_BYTE_EXTRACTED_2013,JUCHITAN_HISTORICAL_SOURCE,STRUCTURED_BACKFILL_V0_1
PICKETT-ZE-1505,ridxiichi,ridxiichi,ridxiichi,ridxiichi,"[""ridxiichi""]",ENTRY,,,[b.b.a],enojarse,ridxiichi [b.b.a] enojarse,,29,43,2,ZAPOTECO_ESPAÑOL,BIB003_PICKETT_VOCABULARIO,2007_FIFTH_ELECTRONIC,2013_FIFTH_ELECTRONIC_SECOND_VERSION,DOCUMENTED_UNICODE_RECONCILIATION_NOT_BYTE_EXTRACTED_2013,JUCHITAN_HISTORICAL_SOURCE,STRUCTURED_BACKFILL_V0_1
PICKETT-ZE-1506,ridxiña,ridxiña,ridxiña,ridxiña,"[""ridxiña""]",ENTRY,,,,"acercarse, aproximarse","ridxiña acercarse, aproximarse",,29,43,2,ZAPOTECO_ESPAÑOL,BIB003_PICKETT_VOCABULARIO,2007_FIFTH_ELECTRONIC,2013_FIFTH_ELECTRONIC_SECOND_VERSION,DOCUMENTED_UNICODE_RECONCILIATION_NOT_BYTE_EXTRACTED_2013,JUCHITAN_HISTORICAL_SOURCE,STRUCTURED_BACKFILL_V0_1
PICKETT-ZE-1507,ridxiña la’dxi’,ridxiña la’dxi’,ridxiña laꞌdxiꞌ,ridxiña laꞌdxiꞌ,"[""ridxiña laꞌdxiꞌ""]",SUBENTRY,ridxiña,,,"no poder dormirse, estar inquieto","ridxiña la’dxi’ no poder dormirse, estar",inquieto,29,43,2,ZAPOTECO_ESPAÑOL,BIB003_PICKETT_VOCABULARIO,2007_FIFTH_ELECTRONIC,2013_FIFTH_ELECTRONIC_SECOND_VERSION,DOCUMENTED_UNICODE_RECONCILIATION_NOT_BYTE_EXTRACTED_2013,JUCHITAN_HISTORICAL_SOURCE,STRUCTURED_BACKFILL_V0_1
PICKETT-ZE-1508,ridxuí’,ridxuí’,ridxuíꞌ,ridxuíꞌ,"[""ridxuíꞌ""]",ENTRY,,,,quemarse (persona),ridxuí’ quemarse (persona),,29,43,2,ZAPOTECO_ESPAÑOL,BIB003_PICKETT_VOCABULARIO,2007_FIFTH_ELECTRONIC,2013_FIFTH_ELECTRONIC_SECOND_VERSION,DOCUMENTED_UNICODE_RECONCILIATION_NOT_BYTE_EXTRACTED_2013,JUCHITAN_HISTORICAL_SOURCE,STRUCTURED_BACKFILL_V0_1
PICKETT-ZE-1509,ridxuuni’,ridxuuni’,ridxuuniꞌ,ridxuuniꞌ,"[""ridxuuniꞌ""]",ENTRY,,,,gotear; freirse,ridxuuni’ gotear; freirse,,29,43,2,ZAPOTECO_ESPAÑOL,BIB003_PICKETT_VOCABULARIO,2007_FIFTH_ELECTRONIC,2013_FIFTH_ELECTRONIC_SECOND_VERSION,DOCUMENTED_UNICODE_RECONCILIATION_NOT_BYTE_EXTRACTED_2013,JUCHITAN_HISTORICAL_SOURCE,STRUCTURED_BACKFILL_V0_1
PICKETT-ZE-1510,ridxunu,ridxunu,ridxunu,ridxunu,"[""ridxunu""]",ENTRY,,,,"escasear, escasearse","ridxunu escasear, escasearse",,29,43,2,ZAPOTECO_ESPAÑOL,BIB003_PICKETT_VOCABULARIO,2007_FIFTH_ELECTRONIC,2013_FIFTH_ELECTRONIC_SECOND_VERSION,DOCUMENTED_UNICODE_RECONCILIATION_NOT_BYTE_EXTRACTED_2013,JUCHITAN_HISTORICAL_SOURCE,STRUCTURED_BACKFILL_V0_1
PICKETT-ZE-1511,rie,rie,rie,rie,"[""rie""]",ENTRY,,,,ir,rie ir,,29,43,2,ZAPOTECO_ESPAÑOL,BIB003_PICKETT_VOCABULARIO,2007_FIFTH_ELECTRONIC,2013_FIFTH_ELECTRONIC_SECOND_VERSION,DOCUMENTED_UNICODE_RECONCILIATION_NOT_BYTE_EXTRACTED_2013,JUCHITAN_HISTORICAL_SOURCE,STRUCTURED_BACKFILL_V0_1
PICKETT-ZE-1512,rie guuze’,rie guuze’,rie guuzeꞌ,rie guuzeꞌ,"[""rie guuzeꞌ""]",SUBENTRY,rie,,,ir de cacería o de pesca,rie guuze’ ir de cacería o de pesca,,29,43,2,ZAPOTECO_ESPAÑOL,BIB003_PICKETT_VOCABULARIO,2007_FIFTH_ELECTRONIC,2013_FIFTH_ELECTRONIC_SECOND_VERSION,DOCUMENTED_UNICODE_RECONCILIATION_NOT_BYTE_EXTRACTED_2013,JUCHITAN_HISTORICAL_SOURCE,STRUCTURED_BACKFILL_V0_1
PICKETT-ZE-1513,rieche’,rieche’,riecheꞌ,riecheꞌ,"[""riecheꞌ""]",ENTRY,,,[b.al],alegrarse,rieche’ [b.al] alegrarse,,29,43,2,ZAPOTECO_ESPAÑOL,BIB003_PICKETT_VOCABULARIO,2007_FIFTH_ELECTRONIC,2013_FIFTH_ELECTRONIC_SECOND_VERSION,DOCUMENTED_UNICODE_RECONCILIATION_NOT_BYTE_EXTRACTED_2013,JUCHITAN_HISTORICAL_SOURCE,STRUCTURED_BACKFILL_V0_1
PICKETT-ZE-1514,rieechu’,rieechu’,rieechuꞌ,rieechuꞌ,"[""rieechuꞌ""]",ENTRY,,,,doblarse,rieechu’ doblarse,,29,43,2,ZAPOTECO_ESPAÑOL,BIB003_PICKETT_VOCABULARIO,2007_FIFTH_ELECTRONIC,2013_FIFTH_ELECTRONIC_SECOND_VERSION,DOCUMENTED_UNICODE_RECONCILIATION_NOT_BYTE_EXTRACTED_2013,JUCHITAN_HISTORICAL_SOURCE,STRUCTURED_BACKFILL_V0_1
PICKETT-ZE-1515,rieegu’,rieegu’,rieeguꞌ,rieeguꞌ,"[""rieeguꞌ""]",ENTRY,,,,desmayarse; cerrarse,rieegu’ desmayarse; cerrarse,,29,43,2,ZAPOTECO_ESPAÑOL,BIB003_PICKETT_VOCABULARIO,2007_FIFTH_ELECTRONIC,2013_FIFTH_ELECTRONIC_SECOND_VERSION,DOCUMENTED_UNICODE_RECONCILIATION_NOT_BYTE_EXTRACTED_2013,JUCHITAN_HISTORICAL_SOURCE,STRUCTURED_BACKFILL_V0_1
PICKETT-ZE-1516,riegu yoo,riegu yoo,riegu yoo,riegu yoo,"[""riegu yoo""]",SUBENTRY,rieeguꞌ,,,"encarcelarse, encerrarse","riegu yoo encarcelarse, encerrarse",,29,43,2,ZAPOTECO_ESPAÑOL,BIB003_PICKETT_VOCABULARIO,2007_FIFTH_ELECTRONIC,2013_FIFTH_ELECTRONIC_SECOND_VERSION,DOCUMENTED_UNICODE_RECONCILIATION_NOT_BYTE_EXTRACTED_2013,JUCHITAN_HISTORICAL_SOURCE,STRUCTURED_BACKFILL_V0_1
PICKETT-ZE-1517,"rieœe’, riaœe’","rieḻe’, riaḻe’","rieḻeꞌ, riaḻeꞌ",rieḻeꞌ,"[""rieḻeꞌ"", ""riaḻeꞌ""]",ENTRY,,,[b.al],"abrirse (Se aplica a flores. En el tiempo pasado, se aplica también a heridas bieḻe’, biaḻe’.)","rieœe’, riaœe’ [b.al] abrirse (Se aplica a","flores. En el tiempo pasado, se aplica también a heridas bieœe’, biaœe’.)",29,43,2,ZAPOTECO_ESPAÑOL,BIB003_PICKETT_VOCABULARIO,2007_FIFTH_ELECTRONIC,2013_FIFTH_ELECTRONIC_SECOND_VERSION,DOCUMENTED_UNICODE_RECONCILIATION_NOT_BYTE_EXTRACTED_2013,JUCHITAN_HISTORICAL_SOURCE,STRUCTURED_BACKFILL_V0_1
PICKETT-ZE-1518,riene,riene,riene,riene,"[""riene""]",ENTRY,,,,entender,riene entender,,29,43,2,ZAPOTECO_ESPAÑOL,BIB003_PICKETT_VOCABULARIO,2007_FIFTH_ELECTRONIC,2013_FIFTH_ELECTRONIC_SECOND_VERSION,DOCUMENTED_UNICODE_RECONCILIATION_NOT_BYTE_EXTRACTED_2013,JUCHITAN_HISTORICAL_SOURCE,STRUCTURED_BACKFILL_V0_1
PICKETT-ZE-1519,"ÿieenque, ÿenque","ṟieenque, ṟenque","ṟieenque, ṟenque",ṟieenque,"[""ṟieenque"", ""ṟenque""]",ENTRY,,,[a]; [a],vueltas,"ÿieenque [a], ÿenque [a] vueltas",,29,43,2,ZAPOTECO_ESPAÑOL,BIB003_PICKETT_VOCABULARIO,2007_FIFTH_ELECTRONIC,2013_FIFTH_ELECTRONIC_SECOND_VERSION,DOCUMENTED_UNICODE_RECONCILIATION_NOT_BYTE_EXTRACTED_2013,JUCHITAN_HISTORICAL_SOURCE,STRUCTURED_BACKFILL_V0_1
PICKETT-ZE-1520,rieeque’,rieeque’,rieequeꞌ,rieequeꞌ,"[""rieequeꞌ""]",ENTRY,,,,"menearse, girarse, dar vueltas, moverse","rieeque’ menearse, girarse, dar vueltas,",moverse,30,44,1,ZAPOTECO_ESPAÑOL,BIB003_PICKETT_VOCABULARIO,2007_FIFTH_ELECTRONIC,2013_FIFTH_ELECTRONIC_SECOND_VERSION,DOCUMENTED_UNICODE_RECONCILIATION_NOT_BYTE_EXTRACTED_2013,JUCHITAN_HISTORICAL_SOURCE,STRUCTURED_BACKFILL_V0_1
PICKETT-ZE-1521,riete,riete,riete,riete,"[""riete""]",ENTRY,,,,"bajarse; mencionarse; desteñirse, despintar; hospedarse","riete bajarse; mencionarse; desteñirse,",despintar; hospedarse,30,44,1,ZAPOTECO_ESPAÑOL,BIB003_PICKETT_VOCABULARIO,2007_FIFTH_ELECTRONIC,2013_FIFTH_ELECTRONIC_SECOND_VERSION,DOCUMENTED_UNICODE_RECONCILIATION_NOT_BYTE_EXTRACTED_2013,JUCHITAN_HISTORICAL_SOURCE,STRUCTURED_BACKFILL_V0_1
PICKETT-ZE-1522,riete nala’dxi’,riete nala’dxi’,riete nalaꞌdxiꞌ,riete nalaꞌdxiꞌ,"[""riete nalaꞌdxiꞌ""]",SUBENTRY,riete,,,"acordarse, recordarse","riete nala’dxi’ acordarse, recordarse",,30,44,1,ZAPOTECO_ESPAÑOL,BIB003_PICKETT_VOCABULARIO,2007_FIFTH_ELECTRONIC,2013_FIFTH_ELECTRONIC_SECOND_VERSION,DOCUMENTED_UNICODE_RECONCILIATION_NOT_BYTE_EXTRACTED_2013,JUCHITAN_HISTORICAL_SOURCE,STRUCTURED_BACKFILL_V0_1
PICKETT-ZE-1523,riga,riga,riga,riga,"[""riga""]",ENTRY,,,,cáscara,riga cáscara,,30,44,1,ZAPOTECO_ESPAÑOL,BIB003_PICKETT_VOCABULARIO,2007_FIFTH_ELECTRONIC,2013_FIFTH_ELECTRONIC_SECOND_VERSION,DOCUMENTED_UNICODE_RECONCILIATION_NOT_BYTE_EXTRACTED_2013,JUCHITAN_HISTORICAL_SOURCE,STRUCTURED_BACKFILL_V0_1
PICKETT-ZE-1524,riga mbio’xho’,riga mbio’xho’,riga mbioꞌxhoꞌ,riga mbioꞌxhoꞌ,"[""riga mbioꞌxhoꞌ""]",SUBENTRY,riga,,,máscara,riga mbio’xho’ [b-al.b] máscara,,30,44,1,ZAPOTECO_ESPAÑOL,BIB003_PICKETT_VOCABULARIO,2007_FIFTH_ELECTRONIC,2013_FIFTH_ELECTRONIC_SECOND_VERSION,DOCUMENTED_UNICODE_RECONCILIATION_NOT_BYTE_EXTRACTED_2013,JUCHITAN_HISTORICAL_SOURCE,STRUCTURED_BACKFILL_V0_1
PICKETT-ZE-1525,rigá,rigá,rigá,rigá,"[""rigá""]",ENTRY,,,,"cortarse, rasurarse","rigá cortarse, rasurarse",,30,44,1,ZAPOTECO_ESPAÑOL,BIB003_PICKETT_VOCABULARIO,2007_FIFTH_ELECTRONIC,2013_FIFTH_ELECTRONIC_SECOND_VERSION,DOCUMENTED_UNICODE_RECONCILIATION_NOT_BYTE_EXTRACTED_2013,JUCHITAN_HISTORICAL_SOURCE,STRUCTURED_BACKFILL_V0_1
PICKETT-ZE-1526,rigaa,rigaa,rigaa,rigaa,"[""rigaa""]",ENTRY,,,,"estirarse, alargarse; crecer (plantas)","rigaa estirarse, alargarse; crecer (plantas)",,30,44,1,ZAPOTECO_ESPAÑOL,BIB003_PICKETT_VOCABULARIO,2007_FIFTH_ELECTRONIC,2013_FIFTH_ELECTRONIC_SECOND_VERSION,DOCUMENTED_UNICODE_RECONCILIATION_NOT_BYTE_EXTRACTED_2013,JUCHITAN_HISTORICAL_SOURCE,STRUCTURED_BACKFILL_V0_1
PICKETT-ZE-1527,rigaa,rigaa,rigaa,rigaa,"[""rigaa""]",ENTRY,,,,vaciar (agua),rigaa vaciar (agua),,30,44,1,ZAPOTECO_ESPAÑOL,BIB003_PICKETT_VOCABULARIO,2007_FIFTH_ELECTRONIC,2013_FIFTH_ELECTRONIC_SECOND_VERSION,DOCUMENTED_UNICODE_RECONCILIATION_NOT_BYTE_EXTRACTED_2013,JUCHITAN_HISTORICAL_SOURCE,STRUCTURED_BACKFILL_V0_1
PICKETT-ZE-1528,rigaa,rigaa,rigaa,rigaa,"[""rigaa""]",ENTRY,,,[b.a],prenderse,rigaa [b.a] prenderse,,30,44,1,ZAPOTECO_ESPAÑOL,BIB003_PICKETT_VOCABULARIO,2007_FIFTH_ELECTRONIC,2013_FIFTH_ELECTRONIC_SECOND_VERSION,DOCUMENTED_UNICODE_RECONCILIATION_NOT_BYTE_EXTRACTED_2013,JUCHITAN_HISTORICAL_SOURCE,STRUCTURED_BACKFILL_V0_1
PICKETT-ZE-1529,rigaba’,rigaba’,rigabaꞌ,rigabaꞌ,"[""rigabaꞌ""]",ENTRY,,,[b.b.al],contarse,rigaba’ [b.b.al] contarse,,30,44,1,ZAPOTECO_ESPAÑOL,BIB003_PICKETT_VOCABULARIO,2007_FIFTH_ELECTRONIC,2013_FIFTH_ELECTRONIC_SECOND_VERSION,DOCUMENTED_UNICODE_RECONCILIATION_NOT_BYTE_EXTRACTED_2013,JUCHITAN_HISTORICAL_SOURCE,STRUCTURED_BACKFILL_V0_1
PICKETT-ZE-1530,rigaabi’,rigaabi’,rigaabiꞌ,rigaabiꞌ,"[""rigaabiꞌ""]",ENTRY,,,,sobar,rigaabi’ sobar,,30,44,1,ZAPOTECO_ESPAÑOL,BIB003_PICKETT_VOCABULARIO,2007_FIFTH_ELECTRONIC,2013_FIFTH_ELECTRONIC_SECOND_VERSION,DOCUMENTED_UNICODE_RECONCILIATION_NOT_BYTE_EXTRACTED_2013,JUCHITAN_HISTORICAL_SOURCE,STRUCTURED_BACKFILL_V0_1
PICKETT-ZE-1531,rigaache,rigaache,rigaache,rigaache,"[""rigaache""]",ENTRY,,,[b.b.a],"machucarse, machacarse; magullarse","rigaache [b.b.a] machucarse, machacarse;",magullarse,30,44,1,ZAPOTECO_ESPAÑOL,BIB003_PICKETT_VOCABULARIO,2007_FIFTH_ELECTRONIC,2013_FIFTH_ELECTRONIC_SECOND_VERSION,DOCUMENTED_UNICODE_RECONCILIATION_NOT_BYTE_EXTRACTED_2013,JUCHITAN_HISTORICAL_SOURCE,STRUCTURED_BACKFILL_V0_1
PICKETT-ZE-1532,rigaachi’,rigaachi’,rigaachiꞌ,rigaachiꞌ,"[""rigaachiꞌ""]",ENTRY,,,,"enterrarse; esconderse, quedar escondido","rigaachi’ enterrarse; esconderse, quedar",escondido,30,44,1,ZAPOTECO_ESPAÑOL,BIB003_PICKETT_VOCABULARIO,2007_FIFTH_ELECTRONIC,2013_FIFTH_ELECTRONIC_SECOND_VERSION,DOCUMENTED_UNICODE_RECONCILIATION_NOT_BYTE_EXTRACTED_2013,JUCHITAN_HISTORICAL_SOURCE,STRUCTURED_BACKFILL_V0_1
PICKETT-ZE-1533,riga’na’,riga’na’,rigaꞌnaꞌ,rigaꞌnaꞌ,"[""rigaꞌnaꞌ""]",ENTRY,,,,"tocar, tentar","riga’na’ tocar, tentar",,30,44,1,ZAPOTECO_ESPAÑOL,BIB003_PICKETT_VOCABULARIO,2007_FIFTH_ELECTRONIC,2013_FIFTH_ELECTRONIC_SECOND_VERSION,DOCUMENTED_UNICODE_RECONCILIATION_NOT_BYTE_EXTRACTED_2013,JUCHITAN_HISTORICAL_SOURCE,STRUCTURED_BACKFILL_V0_1
PICKETT-ZE-1534,rigaanda’,rigaanda’,rigaandaꞌ,rigaandaꞌ,"[""rigaandaꞌ""]",ENTRY,,,,refrescarse,rigaanda’ refrescarse,,30,44,1,ZAPOTECO_ESPAÑOL,BIB003_PICKETT_VOCABULARIO,2007_FIFTH_ELECTRONIC,2013_FIFTH_ELECTRONIC_SECOND_VERSION,DOCUMENTED_UNICODE_RECONCILIATION_NOT_BYTE_EXTRACTED_2013,JUCHITAN_HISTORICAL_SOURCE,STRUCTURED_BACKFILL_V0_1
PICKETT-ZE-1535,rigani,rigani,rigani,rigani,"[""rigani""]",ENTRY,,,[b.b.a],callarse,rigani [b.b.a] callarse,,30,44,1,ZAPOTECO_ESPAÑOL,BIB003_PICKETT_VOCABULARIO,2007_FIFTH_ELECTRONIC,2013_FIFTH_ELECTRONIC_SECOND_VERSION,DOCUMENTED_UNICODE_RECONCILIATION_NOT_BYTE_EXTRACTED_2013,JUCHITAN_HISTORICAL_SOURCE,STRUCTURED_BACKFILL_V0_1
PICKETT-ZE-1536,riganna,riganna,riganna,riganna,"[""riganna""]",ENTRY,,,[b.b.a],ir a visitar,riganna [b.b.a] ir a visitar,,30,44,1,ZAPOTECO_ESPAÑOL,BIB003_PICKETT_VOCABULARIO,2007_FIFTH_ELECTRONIC,2013_FIFTH_ELECTRONIC_SECOND_VERSION,DOCUMENTED_UNICODE_RECONCILIATION_NOT_BYTE_EXTRACTED_2013,JUCHITAN_HISTORICAL_SOURCE,STRUCTURED_BACKFILL_V0_1
PICKETT-ZE-1537,rigaañe,rigaañe,rigaañe,rigaañe,"[""rigaañe""]",ENTRY,,,[b.b.a],escarbar,rigaañe [b.b.a] escarbar,,30,44,1,ZAPOTECO_ESPAÑOL,BIB003_PICKETT_VOCABULARIO,2007_FIFTH_ELECTRONIC,2013_FIFTH_ELECTRONIC_SECOND_VERSION,DOCUMENTED_UNICODE_RECONCILIATION_NOT_BYTE_EXTRACTED_2013,JUCHITAN_HISTORICAL_SOURCE,STRUCTURED_BACKFILL_V0_1
PICKETT-ZE-1538,rigapa,rigapa,rigapa,rigapa,"[""rigapa""]",ENTRY,,,[b.b.a],"golpear, pegar con la mano; tejer","rigapa [b.b.a] golpear, pegar con la mano;",tejer,30,44,1,ZAPOTECO_ESPAÑOL,BIB003_PICKETT_VOCABULARIO,2007_FIFTH_ELECTRONIC,2013_FIFTH_ELECTRONIC_SECOND_VERSION,DOCUMENTED_UNICODE_RECONCILIATION_NOT_BYTE_EXTRACTED_2013,JUCHITAN_HISTORICAL_SOURCE,STRUCTURED_BACKFILL_V0_1
PICKETT-ZE-1539,rigapi,rigapi,rigapi,rigapi,"[""rigapi""]",ENTRY,,,[b.b.a],"acarrear, agarrar","rigapi [b.b.a] acarrear, agarrar",,30,44,1,ZAPOTECO_ESPAÑOL,BIB003_PICKETT_VOCABULARIO,2007_FIFTH_ELECTRONIC,2013_FIFTH_ELECTRONIC_SECOND_VERSION,DOCUMENTED_UNICODE_RECONCILIATION_NOT_BYTE_EXTRACTED_2013,JUCHITAN_HISTORICAL_SOURCE,STRUCTURED_BACKFILL_V0_1
PICKETT-ZE-1540,rigola,rigola,rigola,rigola,"[""rigola""]",ENTRY,,(s),[al.b.b],"anciano, viejo (con referencia al padre de uno)","rigola [al.b.b] (s) anciano, viejo (con",referencia al padre de uno),30,44,1,ZAPOTECO_ESPAÑOL,BIB003_PICKETT_VOCABULARIO,2007_FIFTH_ELECTRONIC,2013_FIFTH_ELECTRONIC_SECOND_VERSION,DOCUMENTED_UNICODE_RECONCILIATION_NOT_BYTE_EXTRACTED_2013,JUCHITAN_HISTORICAL_SOURCE,STRUCTURED_BACKFILL_V0_1
PICKETT-ZE-1541,riguu,riguu,riguu,riguu,"[""riguu""]",ENTRY,,,,meter,riguu meter,,30,44,1,ZAPOTECO_ESPAÑOL,BIB003_PICKETT_VOCABULARIO,2007_FIFTH_ELECTRONIC,2013_FIFTH_ELECTRONIC_SECOND_VERSION,DOCUMENTED_UNICODE_RECONCILIATION_NOT_BYTE_EXTRACTED_2013,JUCHITAN_HISTORICAL_SOURCE,STRUCTURED_BACKFILL_V0_1
PICKETT-ZE-1542,riguu aníu na’,riguu aníu na’,riguu aníu naꞌ,riguu aníu naꞌ,"[""riguu aníu naꞌ""]",SUBENTRY,riguu,,,ponerse el anillo,riguu aníu na’ [b-b.al-a] ponerse el,anillo,30,44,1,ZAPOTECO_ESPAÑOL,BIB003_PICKETT_VOCABULARIO,2007_FIFTH_ELECTRONIC,2013_FIFTH_ELECTRONIC_SECOND_VERSION,DOCUMENTED_UNICODE_RECONCILIATION_NOT_BYTE_EXTRACTED_2013,JUCHITAN_HISTORICAL_SOURCE,STRUCTURED_BACKFILL_V0_1
PICKETT-ZE-1543,riguu beedxe’,riguu beedxe’,riguu beedxeꞌ,riguu beedxeꞌ,"[""riguu beedxeꞌ""]",SUBENTRY,riguu,,,rugir,riguu beedxe’ rugir,,30,44,1,ZAPOTECO_ESPAÑOL,BIB003_PICKETT_VOCABULARIO,2007_FIFTH_ELECTRONIC,2013_FIFTH_ELECTRONIC_SECOND_VERSION,DOCUMENTED_UNICODE_RECONCILIATION_NOT_BYTE_EXTRACTED_2013,JUCHITAN_HISTORICAL_SOURCE,STRUCTURED_BACKFILL_V0_1
PICKETT-ZE-1544,riguu bia’,riguu bia’,riguu biaꞌ,riguu biaꞌ,"[""riguu biaꞌ""]",SUBENTRY,riguu,,,pesar,riguu bia’ pesar,,30,44,1,ZAPOTECO_ESPAÑOL,BIB003_PICKETT_VOCABULARIO,2007_FIFTH_ELECTRONIC,2013_FIFTH_ELECTRONIC_SECOND_VERSION,DOCUMENTED_UNICODE_RECONCILIATION_NOT_BYTE_EXTRACTED_2013,JUCHITAN_HISTORICAL_SOURCE,STRUCTURED_BACKFILL_V0_1
PICKETT-ZE-1545,riguu bieque,riguu bieque,riguu bieque,riguu bieque,"[""riguu bieque""]",SUBENTRY,riguu,,,torcer,riguu bieque torcer,,30,44,1,ZAPOTECO_ESPAÑOL,BIB003_PICKETT_VOCABULARIO,2007_FIFTH_ELECTRONIC,2013_FIFTH_ELECTRONIC_SECOND_VERSION,DOCUMENTED_UNICODE_RECONCILIATION_NOT_BYTE_EXTRACTED_2013,JUCHITAN_HISTORICAL_SOURCE,STRUCTURED_BACKFILL_V0_1
PICKETT-ZE-1546,riguu biní,riguu biní,riguu biní,riguu biní,"[""riguu biní""]",ENTRY,,,,sembrar maíz,riguu biní sembrar maíz,,30,44,1,ZAPOTECO_ESPAÑOL,BIB003_PICKETT_VOCABULARIO,2007_FIFTH_ELECTRONIC,2013_FIFTH_ELECTRONIC_SECOND_VERSION,DOCUMENTED_UNICODE_RECONCILIATION_NOT_BYTE_EXTRACTED_2013,JUCHITAN_HISTORICAL_SOURCE,STRUCTURED_BACKFILL_V0_1
PICKETT-ZE-1547,riguu chaahui’,riguu chaahui’,riguu chaahuiꞌ,riguu chaahuiꞌ,"[""riguu chaahuiꞌ""]",ENTRY,,,,"ahorrar, guardar","riguu chaahui’ ahorrar, guardar",,30,44,1,ZAPOTECO_ESPAÑOL,BIB003_PICKETT_VOCABULARIO,2007_FIFTH_ELECTRONIC,2013_FIFTH_ELECTRONIC_SECOND_VERSION,DOCUMENTED_UNICODE_RECONCILIATION_NOT_BYTE_EXTRACTED_2013,JUCHITAN_HISTORICAL_SOURCE,STRUCTURED_BACKFILL_V0_1
PICKETT-ZE-1548,riguu di,riguu di,riguu di,riguu di,"[""riguu di""]",SUBENTRY,riguu chaahuiꞌ,,,"maldecir, decir groserías","riguu di [b-a] maldecir, decir groserías",,30,44,1,ZAPOTECO_ESPAÑOL,BIB003_PICKETT_VOCABULARIO,2007_FIFTH_ELECTRONIC,2013_FIFTH_ELECTRONIC_SECOND_VERSION,DOCUMENTED_UNICODE_RECONCILIATION_NOT_BYTE_EXTRACTED_2013,JUCHITAN_HISTORICAL_SOURCE,STRUCTURED_BACKFILL_V0_1
PICKETT-ZE-1549,riguu fluuchi,riguu fluuchi,riguu fluuchi,riguu fluuchi,"[""riguu fluuchi""]",ENTRY,,,,chiflar,riguu fluuchi [b-a] chiflar,,30,44,1,ZAPOTECO_ESPAÑOL,BIB003_PICKETT_VOCABULARIO,2007_FIFTH_ELECTRONIC,2013_FIFTH_ELECTRONIC_SECOND_VERSION,DOCUMENTED_UNICODE_RECONCILIATION_NOT_BYTE_EXTRACTED_2013,JUCHITAN_HISTORICAL_SOURCE,STRUCTURED_BACKFILL_V0_1
PICKETT-ZE-1550,riguu liibi,riguu liibi,riguu liibi,riguu liibi,"[""riguu liibi""]",ENTRY,,,,"torcerse con dolor, gemir, lanzar quejidos","riguu liibi [b-a] torcerse con dolor,","gemir, lanzar quejidos",30,44,1,ZAPOTECO_ESPAÑOL,BIB003_PICKETT_VOCABULARIO,2007_FIFTH_ELECTRONIC,2013_FIFTH_ELECTRONIC_SECOND_VERSION,DOCUMENTED_UNICODE_RECONCILIATION_NOT_BYTE_EXTRACTED_2013,JUCHITAN_HISTORICAL_SOURCE,STRUCTURED_BACKFILL_V0_1
PICKETT-ZE-1551,riguu ndaaya’,riguu ndaaya’,riguu ndaayaꞌ,riguu ndaayaꞌ,"[""riguu ndaayaꞌ""]",ENTRY,,,,bendecir,riguu ndaaya’ bendecir,,30,44,1,ZAPOTECO_ESPAÑOL,BIB003_PICKETT_VOCABULARIO,2007_FIFTH_ELECTRONIC,2013_FIFTH_ELECTRONIC_SECOND_VERSION,DOCUMENTED_UNICODE_RECONCILIATION_NOT_BYTE_EXTRACTED_2013,JUCHITAN_HISTORICAL_SOURCE,STRUCTURED_BACKFILL_V0_1
PICKETT-ZE-1552,riguu nisa,riguu nisa,riguu nisa,riguu nisa,"[""riguu nisa""]",ENTRY,,,,bautizar; remojar,riguu nisa bautizar; remojar,,30,44,1,ZAPOTECO_ESPAÑOL,BIB003_PICKETT_VOCABULARIO,2007_FIFTH_ELECTRONIC,2013_FIFTH_ELECTRONIC_SECOND_VERSION,DOCUMENTED_UNICODE_RECONCILIATION_NOT_BYTE_EXTRACTED_2013,JUCHITAN_HISTORICAL_SOURCE,STRUCTURED_BACKFILL_V0_1
PICKETT-ZE-1553,riguu ñee,riguu ñee,riguu ñee,riguu ñee,"[""riguu ñee""]",SUBENTRY,riguu nisa,,,dar de patadas,riguu ñee dar de patadas,,30,44,1,ZAPOTECO_ESPAÑOL,BIB003_PICKETT_VOCABULARIO,2007_FIFTH_ELECTRONIC,2013_FIFTH_ELECTRONIC_SECOND_VERSION,DOCUMENTED_UNICODE_RECONCILIATION_NOT_BYTE_EXTRACTED_2013,JUCHITAN_HISTORICAL_SOURCE,STRUCTURED_BACKFILL_V0_1
PICKETT-ZE-1554,riguu sombreru ique,riguu sombreru ique,riguu sombreru ique,riguu sombreru ique,"[""riguu sombreru ique""]",SUBENTRY,riguu nisa,,[b-b.a.b-b],ponerse (ponerle) el sombrero,riguu sombreru ique [b-b.a.b-b],ponerse (ponerle) el sombrero,30,44,1,ZAPOTECO_ESPAÑOL,BIB003_PICKETT_VOCABULARIO,2007_FIFTH_ELECTRONIC,2013_FIFTH_ELECTRONIC_SECOND_VERSION,DOCUMENTED_UNICODE_RECONCILIATION_NOT_BYTE_EXTRACTED_2013,JUCHITAN_HISTORICAL_SOURCE,STRUCTURED_BACKFILL_V0_1
PICKETT-ZE-1555,riguu xa ique,riguu xa ique,riguu xa ique,riguu xa ique,"[""riguu xa ique""]",SUBENTRY,,,,preocuparse,riguu xa ique preocuparse,,30,44,2,ZAPOTECO_ESPAÑOL,BIB003_PICKETT_VOCABULARIO,2007_FIFTH_ELECTRONIC,2013_FIFTH_ELECTRONIC_SECOND_VERSION,DOCUMENTED_UNICODE_RECONCILIATION_NOT_BYTE_EXTRACTED_2013,JUCHITAN_HISTORICAL_SOURCE,STRUCTURED_BACKFILL_V0_1
PICKETT-ZE-1556,riguu xizaa,riguu xizaa,riguu xizaa,riguu xizaa,"[""riguu xizaa""]",SUBENTRY,,,,inquietar a alguien,riguu xizaa [b-b.a] inquietar a alguien,,30,44,2,ZAPOTECO_ESPAÑOL,BIB003_PICKETT_VOCABULARIO,2007_FIFTH_ELECTRONIC,2013_FIFTH_ELECTRONIC_SECOND_VERSION,DOCUMENTED_UNICODE_RECONCILIATION_NOT_BYTE_EXTRACTED_2013,JUCHITAN_HISTORICAL_SOURCE,STRUCTURED_BACKFILL_V0_1
PICKETT-ZE-1557,rigu’ba’,rigu’ba’,riguꞌbaꞌ,riguꞌbaꞌ,"[""riguꞌbaꞌ""]",ENTRY,,,,"acarrear; atraer, jalar (por ej.: con imán)","rigu’ba’ acarrear; atraer, jalar (por ej.: con",imán),30,44,2,ZAPOTECO_ESPAÑOL,BIB003_PICKETT_VOCABULARIO,2007_FIFTH_ELECTRONIC,2013_FIFTH_ELECTRONIC_SECOND_VERSION,DOCUMENTED_UNICODE_RECONCILIATION_NOT_BYTE_EXTRACTED_2013,JUCHITAN_HISTORICAL_SOURCE,STRUCTURED_BACKFILL_V0_1
PICKETT-ZE-1558,rigu’ba bi,rigu’ba bi,riguꞌba bi,riguꞌba bi,"[""riguꞌba bi""]",SUBENTRY,riguꞌbaꞌ,,,aspirar,rigu’ba bi aspirar,,30,44,2,ZAPOTECO_ESPAÑOL,BIB003_PICKETT_VOCABULARIO,2007_FIFTH_ELECTRONIC,2013_FIFTH_ELECTRONIC_SECOND_VERSION,DOCUMENTED_UNICODE_RECONCILIATION_NOT_BYTE_EXTRACTED_2013,JUCHITAN_HISTORICAL_SOURCE,STRUCTURED_BACKFILL_V0_1
PICKETT-ZE-1559,riguba xii,riguba xii,riguba xii,riguba xii,"[""riguba xii""]",SUBENTRY,riguꞌbaꞌ,,,"husmear, olfatear","riguba xii husmear, olfatear",,30,44,2,ZAPOTECO_ESPAÑOL,BIB003_PICKETT_VOCABULARIO,2007_FIFTH_ELECTRONIC,2013_FIFTH_ELECTRONIC_SECOND_VERSION,DOCUMENTED_UNICODE_RECONCILIATION_NOT_BYTE_EXTRACTED_2013,JUCHITAN_HISTORICAL_SOURCE,STRUCTURED_BACKFILL_V0_1
PICKETT-ZE-1560,riguba yu,riguba yu,riguba yu,riguba yu,"[""riguba yu""]",SUBENTRY,riguꞌbaꞌ,,,jalar,riguba yu jalar,,30,44,2,ZAPOTECO_ESPAÑOL,BIB003_PICKETT_VOCABULARIO,2007_FIFTH_ELECTRONIC,2013_FIFTH_ELECTRONIC_SECOND_VERSION,DOCUMENTED_UNICODE_RECONCILIATION_NOT_BYTE_EXTRACTED_2013,JUCHITAN_HISTORICAL_SOURCE,STRUCTURED_BACKFILL_V0_1
PICKETT-ZE-1561,rigu’ba’,rigu’ba’,riguꞌbaꞌ,riguꞌbaꞌ,"[""riguꞌbaꞌ""]",ENTRY,,,,fumar,rigu’ba’ fumar,,30,44,2,ZAPOTECO_ESPAÑOL,BIB003_PICKETT_VOCABULARIO,2007_FIFTH_ELECTRONIC,2013_FIFTH_ELECTRONIC_SECOND_VERSION,DOCUMENTED_UNICODE_RECONCILIATION_NOT_BYTE_EXTRACTED_2013,JUCHITAN_HISTORICAL_SOURCE,STRUCTURED_BACKFILL_V0_1
PICKETT-ZE-1562,riguchi,riguchi,riguchi,riguchi,"[""riguchi""]",ENTRY,,,,"hacerse amarillo, amarillarse","riguchi hacerse amarillo, amarillarse",,30,44,2,ZAPOTECO_ESPAÑOL,BIB003_PICKETT_VOCABULARIO,2007_FIFTH_ELECTRONIC,2013_FIFTH_ELECTRONIC_SECOND_VERSION,DOCUMENTED_UNICODE_RECONCILIATION_NOT_BYTE_EXTRACTED_2013,JUCHITAN_HISTORICAL_SOURCE,STRUCTURED_BACKFILL_V0_1
PICKETT-ZE-1563,riguude,riguude,riguude,riguude,"[""riguude""]",ENTRY,,,[b.b.a],"encorvarse, torcerse, agacharse","riguude [b.b.a] encorvarse, torcerse,",agacharse,30,44,2,ZAPOTECO_ESPAÑOL,BIB003_PICKETT_VOCABULARIO,2007_FIFTH_ELECTRONIC,2013_FIFTH_ELECTRONIC_SECOND_VERSION,DOCUMENTED_UNICODE_RECONCILIATION_NOT_BYTE_EXTRACTED_2013,JUCHITAN_HISTORICAL_SOURCE,STRUCTURED_BACKFILL_V0_1
PICKETT-ZE-1564,riguudxi,riguudxi,riguudxi,riguudxi,"[""riguudxi""]",ENTRY,,,[b.b.a],"ablandarse, convencerse","riguudxi [b.b.a] ablandarse, convencerse",,30,44,2,ZAPOTECO_ESPAÑOL,BIB003_PICKETT_VOCABULARIO,2007_FIFTH_ELECTRONIC,2013_FIFTH_ELECTRONIC_SECOND_VERSION,DOCUMENTED_UNICODE_RECONCILIATION_NOT_BYTE_EXTRACTED_2013,JUCHITAN_HISTORICAL_SOURCE,STRUCTURED_BACKFILL_V0_1
PICKETT-ZE-1565,riguii,riguii,riguii,riguii,"[""riguii""]",ENTRY,,,[b.a],"tostarse, dorarse","riguii [b.a] tostarse, dorarse",,30,44,2,ZAPOTECO_ESPAÑOL,BIB003_PICKETT_VOCABULARIO,2007_FIFTH_ELECTRONIC,2013_FIFTH_ELECTRONIC_SECOND_VERSION,DOCUMENTED_UNICODE_RECONCILIATION_NOT_BYTE_EXTRACTED_2013,JUCHITAN_HISTORICAL_SOURCE,STRUCTURED_BACKFILL_V0_1
PICKETT-ZE-1566,riguiba,riguiba,riguiba,riguiba,"[""riguiba""]",ENTRY,,,[b.b.a],"coser, bordar","riguiba [b.b.a] coser, bordar",,30,44,2,ZAPOTECO_ESPAÑOL,BIB003_PICKETT_VOCABULARIO,2007_FIFTH_ELECTRONIC,2013_FIFTH_ELECTRONIC_SECOND_VERSION,DOCUMENTED_UNICODE_RECONCILIATION_NOT_BYTE_EXTRACTED_2013,JUCHITAN_HISTORICAL_SOURCE,STRUCTURED_BACKFILL_V0_1
PICKETT-ZE-1567,rigui’ba’,rigui’ba’,riguiꞌbaꞌ,riguiꞌbaꞌ,"[""riguiꞌbaꞌ""]",ENTRY,,,,"sembrarse; subir, ir hacia arriba, montar","rigui’ba’ sembrarse; subir, ir hacia arriba,",montar,30,44,2,ZAPOTECO_ESPAÑOL,BIB003_PICKETT_VOCABULARIO,2007_FIFTH_ELECTRONIC,2013_FIFTH_ELECTRONIC_SECOND_VERSION,DOCUMENTED_UNICODE_RECONCILIATION_NOT_BYTE_EXTRACTED_2013,JUCHITAN_HISTORICAL_SOURCE,STRUCTURED_BACKFILL_V0_1
PICKETT-ZE-1568,riguibi,riguibi,riguibi,riguibi,"[""riguibi""]",ENTRY,,,,"sacudir, cernir, colar","riguibi sacudir, cernir, colar",,30,44,2,ZAPOTECO_ESPAÑOL,BIB003_PICKETT_VOCABULARIO,2007_FIFTH_ELECTRONIC,2013_FIFTH_ELECTRONIC_SECOND_VERSION,DOCUMENTED_UNICODE_RECONCILIATION_NOT_BYTE_EXTRACTED_2013,JUCHITAN_HISTORICAL_SOURCE,STRUCTURED_BACKFILL_V0_1
PICKETT-ZE-1569,riguibi xhiaa,riguibi xhiaa,riguibi xhiaa,riguibi xhiaa,"[""riguibi xhiaa""]",SUBENTRY,riguibi,,,aletear,riguibi xhiaa aletear,,30,44,2,ZAPOTECO_ESPAÑOL,BIB003_PICKETT_VOCABULARIO,2007_FIFTH_ELECTRONIC,2013_FIFTH_ELECTRONIC_SECOND_VERSION,DOCUMENTED_UNICODE_RECONCILIATION_NOT_BYTE_EXTRACTED_2013,JUCHITAN_HISTORICAL_SOURCE,STRUCTURED_BACKFILL_V0_1
PICKETT-ZE-1570,riguiibi’,riguiibi’,riguiibiꞌ,riguiibiꞌ,"[""riguiibiꞌ""]",ENTRY,,,,lavar,riguiibi’ lavar,,30,44,2,ZAPOTECO_ESPAÑOL,BIB003_PICKETT_VOCABULARIO,2007_FIFTH_ELECTRONIC,2013_FIFTH_ELECTRONIC_SECOND_VERSION,DOCUMENTED_UNICODE_RECONCILIATION_NOT_BYTE_EXTRACTED_2013,JUCHITAN_HISTORICAL_SOURCE,STRUCTURED_BACKFILL_V0_1
PICKETT-ZE-1571,riguiche,riguiche,riguiche,riguiche,"[""riguiche""]",ENTRY,,,,incubar,riguiche incubar,,30,44,2,ZAPOTECO_ESPAÑOL,BIB003_PICKETT_VOCABULARIO,2007_FIFTH_ELECTRONIC,2013_FIFTH_ELECTRONIC_SECOND_VERSION,DOCUMENTED_UNICODE_RECONCILIATION_NOT_BYTE_EXTRACTED_2013,JUCHITAN_HISTORICAL_SOURCE,STRUCTURED_BACKFILL_V0_1
PICKETT-ZE-1572,riguiche,riguiche,riguiche,riguiche,"[""riguiche""]",ENTRY,,,,reventar para producir un chasquido (como ciertas flores silvestres); tronar el chicle; chasquear; castañetear los dedos,riguiche reventar para producir un,chasquido (como ciertas flores silvestres); tronar el chicle; chasquear; castañetear los dedos,30,44,2,ZAPOTECO_ESPAÑOL,BIB003_PICKETT_VOCABULARIO,2007_FIFTH_ELECTRONIC,2013_FIFTH_ELECTRONIC_SECOND_VERSION,DOCUMENTED_UNICODE_RECONCILIATION_NOT_BYTE_EXTRACTED_2013,JUCHITAN_HISTORICAL_SOURCE,STRUCTURED_BACKFILL_V0_1
PICKETT-ZE-1573,riguiche biitu,riguiche biitu,riguiche biitu,riguiche biitu,"[""riguiche biitu""]",SUBENTRY,riguiche,,,retoñar,riguiche biitu [b-b.a] retoñar,,30,44,2,ZAPOTECO_ESPAÑOL,BIB003_PICKETT_VOCABULARIO,2007_FIFTH_ELECTRONIC,2013_FIFTH_ELECTRONIC_SECOND_VERSION,DOCUMENTED_UNICODE_RECONCILIATION_NOT_BYTE_EXTRACTED_2013,JUCHITAN_HISTORICAL_SOURCE,STRUCTURED_BACKFILL_V0_1
PICKETT-ZE-1574,riguiche xiiñi’,riguiche xiiñi’,riguiche xiiñiꞌ,riguiche xiiñiꞌ,"[""riguiche xiiñiꞌ""]",SUBENTRY,riguiche,,,retoñar,riguiche xiiñi’ retoñar,,30,44,2,ZAPOTECO_ESPAÑOL,BIB003_PICKETT_VOCABULARIO,2007_FIFTH_ELECTRONIC,2013_FIFTH_ELECTRONIC_SECOND_VERSION,DOCUMENTED_UNICODE_RECONCILIATION_NOT_BYTE_EXTRACTED_2013,JUCHITAN_HISTORICAL_SOURCE,STRUCTURED_BACKFILL_V0_1
PICKETT-ZE-1575,riguiche,riguiche,riguiche,riguiche,"[""riguiche""]",ENTRY,,,[b.b.a],"tronchar, partir, quebrar; plisar; dar la vuelta","riguiche [b.b.a] tronchar, partir, quebrar;",plisar; dar la vuelta,30,44,2,ZAPOTECO_ESPAÑOL,BIB003_PICKETT_VOCABULARIO,2007_FIFTH_ELECTRONIC,2013_FIFTH_ELECTRONIC_SECOND_VERSION,DOCUMENTED_UNICODE_RECONCILIATION_NOT_BYTE_EXTRACTED_2013,JUCHITAN_HISTORICAL_SOURCE,STRUCTURED_BACKFILL_V0_1
PICKETT-ZE-1576,riguiche bia’,riguiche bia’,riguiche biaꞌ,riguiche biaꞌ,"[""riguiche biaꞌ""]",SUBENTRY,riguiche,,,medir,riguiche bia’ [b-al] medir,,30,44,2,ZAPOTECO_ESPAÑOL,BIB003_PICKETT_VOCABULARIO,2007_FIFTH_ELECTRONIC,2013_FIFTH_ELECTRONIC_SECOND_VERSION,DOCUMENTED_UNICODE_RECONCILIATION_NOT_BYTE_EXTRACTED_2013,JUCHITAN_HISTORICAL_SOURCE,STRUCTURED_BACKFILL_V0_1
PICKETT-ZE-1577,riguiichi’,riguiichi’,riguiichiꞌ,riguiichiꞌ,"[""riguiichiꞌ""]",ENTRY,,,,apretarse,riguiichi’ apretarse,,30,44,2,ZAPOTECO_ESPAÑOL,BIB003_PICKETT_VOCABULARIO,2007_FIFTH_ELECTRONIC,2013_FIFTH_ELECTRONIC_SECOND_VERSION,DOCUMENTED_UNICODE_RECONCILIATION_NOT_BYTE_EXTRACTED_2013,JUCHITAN_HISTORICAL_SOURCE,STRUCTURED_BACKFILL_V0_1
PICKETT-ZE-1578,riguiide,riguiide,riguiide,riguiide,"[""riguiide""]",ENTRY,,,[b.b.a],"agujerear, perforar","riguiide [b.b.a] agujerear, perforar",,30,44,2,ZAPOTECO_ESPAÑOL,BIB003_PICKETT_VOCABULARIO,2007_FIFTH_ELECTRONIC,2013_FIFTH_ELECTRONIC_SECOND_VERSION,DOCUMENTED_UNICODE_RECONCILIATION_NOT_BYTE_EXTRACTED_2013,JUCHITAN_HISTORICAL_SOURCE,STRUCTURED_BACKFILL_V0_1
PICKETT-ZE-1579,riguiidi’,riguiidi’,riguiidiꞌ,riguiidiꞌ,"[""riguiidiꞌ""]",ENTRY,,,,pegarse,riguiidi’ pegarse,,30,44,2,ZAPOTECO_ESPAÑOL,BIB003_PICKETT_VOCABULARIO,2007_FIFTH_ELECTRONIC,2013_FIFTH_ELECTRONIC_SECOND_VERSION,DOCUMENTED_UNICODE_RECONCILIATION_NOT_BYTE_EXTRACTED_2013,JUCHITAN_HISTORICAL_SOURCE,STRUCTURED_BACKFILL_V0_1
PICKETT-ZE-1580,riguiidxi,riguiidxi,riguiidxi,riguiidxi,"[""riguiidxi""]",ENTRY,,,[b.b.a],abrazar,riguiidxi [b.b.a] abrazar,,30,44,2,ZAPOTECO_ESPAÑOL,BIB003_PICKETT_VOCABULARIO,2007_FIFTH_ELECTRONIC,2013_FIFTH_ELECTRONIC_SECOND_VERSION,DOCUMENTED_UNICODE_RECONCILIATION_NOT_BYTE_EXTRACTED_2013,JUCHITAN_HISTORICAL_SOURCE,STRUCTURED_BACKFILL_V0_1
PICKETT-ZE-1581,riguié,riguié,riguié,riguié,"[""riguié""]",ENTRY,,,,apretar con las manos,riguié apretar con las manos,,30,44,2,ZAPOTECO_ESPAÑOL,BIB003_PICKETT_VOCABULARIO,2007_FIFTH_ELECTRONIC,2013_FIFTH_ELECTRONIC_SECOND_VERSION,DOCUMENTED_UNICODE_RECONCILIATION_NOT_BYTE_EXTRACTED_2013,JUCHITAN_HISTORICAL_SOURCE,STRUCTURED_BACKFILL_V0_1
PICKETT-ZE-1582,riguiñe,riguiñe,riguiñe,riguiñe,"[""riguiñe""]",ENTRY,,,[b.b.a],"azotar, pegar con la mano o con un objeto","riguiñe [b.b.a] azotar, pegar con la mano o",con un objeto,30,44,2,ZAPOTECO_ESPAÑOL,BIB003_PICKETT_VOCABULARIO,2007_FIFTH_ELECTRONIC,2013_FIFTH_ELECTRONIC_SECOND_VERSION,DOCUMENTED_UNICODE_RECONCILIATION_NOT_BYTE_EXTRACTED_2013,JUCHITAN_HISTORICAL_SOURCE,STRUCTURED_BACKFILL_V0_1
PICKETT-ZE-1583,riguiñe ná’,riguiñe ná’,riguiñe náꞌ,riguiñe náꞌ,"[""riguiñe náꞌ""]",ENTRY,,,,tocar (a la puerta); sonar (probar si un recipiente de barro está en buena condicíon),riguiñe ná’ [b-a] tocar (a la puerta);,sonar (probar si un recipiente de barro está en buena condicíon),30,44,2,ZAPOTECO_ESPAÑOL,BIB003_PICKETT_VOCABULARIO,2007_FIFTH_ELECTRONIC,2013_FIFTH_ELECTRONIC_SECOND_VERSION,DOCUMENTED_UNICODE_RECONCILIATION_NOT_BYTE_EXTRACTED_2013,JUCHITAN_HISTORICAL_SOURCE,STRUCTURED_BACKFILL_V0_1
PICKETT-ZE-1584,riguiñe ntaa,riguiñe ntaa,riguiñe ntaa,riguiñe ntaa,"[""riguiñe ntaa""]",SUBENTRY,riguiñe náꞌ,,,tumbar en el suelo,riguiñe ntaa [b-al] tumbar en el suelo,,30,44,2,ZAPOTECO_ESPAÑOL,BIB003_PICKETT_VOCABULARIO,2007_FIFTH_ELECTRONIC,2013_FIFTH_ELECTRONIC_SECOND_VERSION,DOCUMENTED_UNICODE_RECONCILIATION_NOT_BYTE_EXTRACTED_2013,JUCHITAN_HISTORICAL_SOURCE,STRUCTURED_BACKFILL_V0_1
PICKETT-ZE-1585,riguiñe yu,riguiñe yu,riguiñe yu,riguiñe yu,"[""riguiñe yu""]",SUBENTRY,riguiñe náꞌ,,,criticar el trabajo de alguien,riguiñe yu [b-al] criticar el trabajo de,alguien,30,44,2,ZAPOTECO_ESPAÑOL,BIB003_PICKETT_VOCABULARIO,2007_FIFTH_ELECTRONIC,2013_FIFTH_ELECTRONIC_SECOND_VERSION,DOCUMENTED_UNICODE_RECONCILIATION_NOT_BYTE_EXTRACTED_2013,JUCHITAN_HISTORICAL_SOURCE,STRUCTURED_BACKFILL_V0_1
PICKETT-ZE-1586,riguiiñe’,riguiiñe’,riguiiñeꞌ,riguiiñeꞌ,"[""riguiiñeꞌ""]",ENTRY,,,,pedir prestado,riguiiñe’ pedir prestado,,30,44,2,ZAPOTECO_ESPAÑOL,BIB003_PICKETT_VOCABULARIO,2007_FIFTH_ELECTRONIC,2013_FIFTH_ELECTRONIC_SECOND_VERSION,DOCUMENTED_UNICODE_RECONCILIATION_NOT_BYTE_EXTRACTED_2013,JUCHITAN_HISTORICAL_SOURCE,STRUCTURED_BACKFILL_V0_1
PICKETT-ZE-1587,riguiru,riguiru,riguiru,riguiru,"[""riguiru""]",ENTRY,,,,pellizcar,riguiru pellizcar,,30,44,2,ZAPOTECO_ESPAÑOL,BIB003_PICKETT_VOCABULARIO,2007_FIFTH_ELECTRONIC,2013_FIFTH_ELECTRONIC_SECOND_VERSION,DOCUMENTED_UNICODE_RECONCILIATION_NOT_BYTE_EXTRACTED_2013,JUCHITAN_HISTORICAL_SOURCE,STRUCTURED_BACKFILL_V0_1
PICKETT-ZE-1588,riguite,riguite,riguite,riguite,"[""riguite""]",ENTRY,,,,"jugar, engañar","riguite jugar, engañar",,31,45,1,ZAPOTECO_ESPAÑOL,BIB003_PICKETT_VOCABULARIO,2007_FIFTH_ELECTRONIC,2013_FIFTH_ELECTRONIC_SECOND_VERSION,DOCUMENTED_UNICODE_RECONCILIATION_NOT_BYTE_EXTRACTED_2013,JUCHITAN_HISTORICAL_SOURCE,STRUCTURED_BACKFILL_V0_1
PICKETT-ZE-1589,riguixe,riguixe,riguixe,riguixe,"[""riguixe""]",ENTRY,,,,"pagar, cubrir (una cuenta); alquilar (pagar el alquiler)","riguixe pagar, cubrir (una cuenta); alquilar",(pagar el alquiler),31,45,1,ZAPOTECO_ESPAÑOL,BIB003_PICKETT_VOCABULARIO,2007_FIFTH_ELECTRONIC,2013_FIFTH_ELECTRONIC_SECOND_VERSION,DOCUMENTED_UNICODE_RECONCILIATION_NOT_BYTE_EXTRACTED_2013,JUCHITAN_HISTORICAL_SOURCE,STRUCTURED_BACKFILL_V0_1
PICKETT-ZE-1590,riguixhe,riguixhe,riguixhe,riguixhe,"[""riguixhe""]",ENTRY,,,,"poner, acostar; componer (canciones, etc.)","riguixhe poner, acostar; componer","(canciones, etc.)",31,45,1,ZAPOTECO_ESPAÑOL,BIB003_PICKETT_VOCABULARIO,2007_FIFTH_ELECTRONIC,2013_FIFTH_ELECTRONIC_SECOND_VERSION,DOCUMENTED_UNICODE_RECONCILIATION_NOT_BYTE_EXTRACTED_2013,JUCHITAN_HISTORICAL_SOURCE,STRUCTURED_BACKFILL_V0_1
PICKETT-ZE-1591,riguixhená,riguixhená,riguixhená,riguixhená,"[""riguixhená""]",SUBENTRY,riguixhe,,,"alertar, advertir, informar o avisar de un daño o perjuicio","riguixhená alertar, advertir, informar o",avisar de un daño o perjuicio,31,45,1,ZAPOTECO_ESPAÑOL,BIB003_PICKETT_VOCABULARIO,2007_FIFTH_ELECTRONIC,2013_FIFTH_ELECTRONIC_SECOND_VERSION,DOCUMENTED_UNICODE_RECONCILIATION_NOT_BYTE_EXTRACTED_2013,JUCHITAN_HISTORICAL_SOURCE,STRUCTURED_BACKFILL_V0_1
PICKETT-ZE-1592,riguiizi’,riguiizi’,riguiiziꞌ,riguiiziꞌ,"[""riguiiziꞌ""]",ENTRY,,,,repartir,riguiizi’ repartir,,31,45,1,ZAPOTECO_ESPAÑOL,BIB003_PICKETT_VOCABULARIO,2007_FIFTH_ELECTRONIC,2013_FIFTH_ELECTRONIC_SECOND_VERSION,DOCUMENTED_UNICODE_RECONCILIATION_NOT_BYTE_EXTRACTED_2013,JUCHITAN_HISTORICAL_SOURCE,STRUCTURED_BACKFILL_V0_1
PICKETT-ZE-1593,riguundu’,riguundu’,riguunduꞌ,riguunduꞌ,"[""riguunduꞌ""]",ENTRY,,,,marchitarse,riguundu’ marchitarse,,31,45,1,ZAPOTECO_ESPAÑOL,BIB003_PICKETT_VOCABULARIO,2007_FIFTH_ELECTRONIC,2013_FIFTH_ELECTRONIC_SECOND_VERSION,DOCUMENTED_UNICODE_RECONCILIATION_NOT_BYTE_EXTRACTED_2013,JUCHITAN_HISTORICAL_SOURCE,STRUCTURED_BACKFILL_V0_1
PICKETT-ZE-1594,riguñe,riguñe,riguñe,riguñe,"[""riguñe""]",ENTRY,,,,lazarse,riguñe lazarse,,31,45,1,ZAPOTECO_ESPAÑOL,BIB003_PICKETT_VOCABULARIO,2007_FIFTH_ELECTRONIC,2013_FIFTH_ELECTRONIC_SECOND_VERSION,DOCUMENTED_UNICODE_RECONCILIATION_NOT_BYTE_EXTRACTED_2013,JUCHITAN_HISTORICAL_SOURCE,STRUCTURED_BACKFILL_V0_1
PICKETT-ZE-1595,riguuñe,riguuñe,riguuñe,riguuñe,"[""riguuñe""]",ENTRY,,,[b.b.a],rascar,riguuñe [b.b.a] rascar,,31,45,1,ZAPOTECO_ESPAÑOL,BIB003_PICKETT_VOCABULARIO,2007_FIFTH_ELECTRONIC,2013_FIFTH_ELECTRONIC_SECOND_VERSION,DOCUMENTED_UNICODE_RECONCILIATION_NOT_BYTE_EXTRACTED_2013,JUCHITAN_HISTORICAL_SOURCE,STRUCTURED_BACKFILL_V0_1
PICKETT-ZE-1596,riguza,riguza,riguza,riguza,"[""riguza""]",ENTRY,,,,"tronchar, quebrar","riguza tronchar, quebrar",,31,45,1,ZAPOTECO_ESPAÑOL,BIB003_PICKETT_VOCABULARIO,2007_FIFTH_ELECTRONIC,2013_FIFTH_ELECTRONIC_SECOND_VERSION,DOCUMENTED_UNICODE_RECONCILIATION_NOT_BYTE_EXTRACTED_2013,JUCHITAN_HISTORICAL_SOURCE,STRUCTURED_BACKFILL_V0_1
PICKETT-ZE-1597,rihuaahua’,rihuaahua’,rihuaahuaꞌ,rihuaahuaꞌ,"[""rihuaahuaꞌ""]",ENTRY,,,,"aflojarse, hacerse holgado (ropa)","rihuaahua’ aflojarse, hacerse holgado",(ropa),31,45,1,ZAPOTECO_ESPAÑOL,BIB003_PICKETT_VOCABULARIO,2007_FIFTH_ELECTRONIC,2013_FIFTH_ELECTRONIC_SECOND_VERSION,DOCUMENTED_UNICODE_RECONCILIATION_NOT_BYTE_EXTRACTED_2013,JUCHITAN_HISTORICAL_SOURCE,STRUCTURED_BACKFILL_V0_1
PICKETT-ZE-1598,rihuiini’,rihuiini’,rihuiiniꞌ,rihuiiniꞌ,"[""rihuiiniꞌ""]",ENTRY,,,,"empequeñecerse, reducirse, hacerse chico","rihuiini’ empequeñecerse, reducirse,",hacerse chico,31,45,1,ZAPOTECO_ESPAÑOL,BIB003_PICKETT_VOCABULARIO,2007_FIFTH_ELECTRONIC,2013_FIFTH_ELECTRONIC_SECOND_VERSION,DOCUMENTED_UNICODE_RECONCILIATION_NOT_BYTE_EXTRACTED_2013,JUCHITAN_HISTORICAL_SOURCE,STRUCTURED_BACKFILL_V0_1
PICKETT-ZE-1599,rihuinni,rihuinni,rihuinni,rihuinni,"[""rihuinni""]",ENTRY,,,[b.b.a],"aparecer, vislumbrarse, distinguirse, notarse","rihuinni [b.b.a] aparecer, vislumbrarse,","distinguirse, notarse",31,45,1,ZAPOTECO_ESPAÑOL,BIB003_PICKETT_VOCABULARIO,2007_FIFTH_ELECTRONIC,2013_FIFTH_ELECTRONIC_SECOND_VERSION,DOCUMENTED_UNICODE_RECONCILIATION_NOT_BYTE_EXTRACTED_2013,JUCHITAN_HISTORICAL_SOURCE,STRUCTURED_BACKFILL_V0_1
PICKETT-ZE-1600,rií’,rií’,riíꞌ,riíꞌ,"[""riíꞌ""]",ENTRY,,,[b.a],agriarse (Las dos vocales ií pertenecen a distintas sílabas.),rií’ [b.a] agriarse (Las dos vocales ií,pertenecen a distintas sílabas.),31,45,1,ZAPOTECO_ESPAÑOL,BIB003_PICKETT_VOCABULARIO,2007_FIFTH_ELECTRONIC,2013_FIFTH_ELECTRONIC_SECOND_VERSION,DOCUMENTED_UNICODE_RECONCILIATION_NOT_BYTE_EXTRACTED_2013,JUCHITAN_HISTORICAL_SOURCE,STRUCTURED_BACKFILL_V0_1
PICKETT-ZE-1601,rilá,rilá,rilá,rilá,"[""rilá""]",ENTRY,,,,"salvarse, escapar, librarse","rilá salvarse, escapar, librarse",,31,45,1,ZAPOTECO_ESPAÑOL,BIB003_PICKETT_VOCABULARIO,2007_FIFTH_ELECTRONIC,2013_FIFTH_ELECTRONIC_SECOND_VERSION,DOCUMENTED_UNICODE_RECONCILIATION_NOT_BYTE_EXTRACTED_2013,JUCHITAN_HISTORICAL_SOURCE,STRUCTURED_BACKFILL_V0_1
PICKETT-ZE-1602,rilá,rilá,rilá,rilá,"[""rilá""]",ENTRY,,,[b.a],"empujar con el cuerpo, dar un empellón","rilá [b.a] empujar con el cuerpo, dar un",empellón,31,45,1,ZAPOTECO_ESPAÑOL,BIB003_PICKETT_VOCABULARIO,2007_FIFTH_ELECTRONIC,2013_FIFTH_ELECTRONIC_SECOND_VERSION,DOCUMENTED_UNICODE_RECONCILIATION_NOT_BYTE_EXTRACTED_2013,JUCHITAN_HISTORICAL_SOURCE,STRUCTURED_BACKFILL_V0_1
PICKETT-ZE-1603,rilaa,rilaa,rilaa,rilaa,"[""rilaa""]",ENTRY,,,,soltarse,rilaa soltarse,,31,45,1,ZAPOTECO_ESPAÑOL,BIB003_PICKETT_VOCABULARIO,2007_FIFTH_ELECTRONIC,2013_FIFTH_ELECTRONIC_SECOND_VERSION,DOCUMENTED_UNICODE_RECONCILIATION_NOT_BYTE_EXTRACTED_2013,JUCHITAN_HISTORICAL_SOURCE,STRUCTURED_BACKFILL_V0_1
PICKETT-ZE-1604,rilaa,rilaa,rilaa,rilaa,"[""rilaa""]",ENTRY,,,[b.a],"quebrarse, romperse, partirse","rilaa [b.a] quebrarse, romperse, partirse",,31,45,1,ZAPOTECO_ESPAÑOL,BIB003_PICKETT_VOCABULARIO,2007_FIFTH_ELECTRONIC,2013_FIFTH_ELECTRONIC_SECOND_VERSION,DOCUMENTED_UNICODE_RECONCILIATION_NOT_BYTE_EXTRACTED_2013,JUCHITAN_HISTORICAL_SOURCE,STRUCTURED_BACKFILL_V0_1
PICKETT-ZE-1605,rilaa saa,rilaa saa,rilaa saa,rilaa saa,"[""rilaa saa""]",SUBENTRY,rilaa,,,"apartarse, separarse (amigos o miembros de familia)","rilaa saa [b-al] apartarse, separarse",(amigos o miembros de familia),31,45,1,ZAPOTECO_ESPAÑOL,BIB003_PICKETT_VOCABULARIO,2007_FIFTH_ELECTRONIC,2013_FIFTH_ELECTRONIC_SECOND_VERSION,DOCUMENTED_UNICODE_RECONCILIATION_NOT_BYTE_EXTRACTED_2013,JUCHITAN_HISTORICAL_SOURCE,STRUCTURED_BACKFILL_V0_1
PICKETT-ZE-1606,riladi’,riladi’,riladiꞌ,riladiꞌ,"[""riladiꞌ""]",ENTRY,,,[b.b.al],"despegarse, desprenderse, quitarse","riladi’ [b.b.al] despegarse, desprenderse,",quitarse,31,45,1,ZAPOTECO_ESPAÑOL,BIB003_PICKETT_VOCABULARIO,2007_FIFTH_ELECTRONIC,2013_FIFTH_ELECTRONIC_SECOND_VERSION,DOCUMENTED_UNICODE_RECONCILIATION_NOT_BYTE_EXTRACTED_2013,JUCHITAN_HISTORICAL_SOURCE,STRUCTURED_BACKFILL_V0_1
PICKETT-ZE-1607,riladxi,riladxi,riladxi,riladxi,"[""riladxi""]",ENTRY,,,[b.b.a],"encajarse; corretear, perseguir","riladxi [b.b.a] encajarse; corretear,",perseguir,31,45,1,ZAPOTECO_ESPAÑOL,BIB003_PICKETT_VOCABULARIO,2007_FIFTH_ELECTRONIC,2013_FIFTH_ELECTRONIC_SECOND_VERSION,DOCUMENTED_UNICODE_RECONCILIATION_NOT_BYTE_EXTRACTED_2013,JUCHITAN_HISTORICAL_SOURCE,STRUCTURED_BACKFILL_V0_1
PICKETT-ZE-1608,rilaga,rilaga,rilaga,rilaga,"[""rilaga""]",ENTRY,,,[b.a.b],"hacerse ancho, ensancharse","rilaga [b.a.b] hacerse ancho, ensancharse",,31,45,1,ZAPOTECO_ESPAÑOL,BIB003_PICKETT_VOCABULARIO,2007_FIFTH_ELECTRONIC,2013_FIFTH_ELECTRONIC_SECOND_VERSION,DOCUMENTED_UNICODE_RECONCILIATION_NOT_BYTE_EXTRACTED_2013,JUCHITAN_HISTORICAL_SOURCE,STRUCTURED_BACKFILL_V0_1
PICKETT-ZE-1609,rilaahua,rilaahua,rilaahua,rilaahua,"[""rilaahua""]",ENTRY,,,[b.b.a],inundarse,rilaahua [b.b.a] inundarse,,31,45,1,ZAPOTECO_ESPAÑOL,BIB003_PICKETT_VOCABULARIO,2007_FIFTH_ELECTRONIC,2013_FIFTH_ELECTRONIC_SECOND_VERSION,DOCUMENTED_UNICODE_RECONCILIATION_NOT_BYTE_EXTRACTED_2013,JUCHITAN_HISTORICAL_SOURCE,STRUCTURED_BACKFILL_V0_1
PICKETT-ZE-1610,rilase,rilase,rilase,rilase,"[""rilase""]",ENTRY,,,,adelgazarse,rilase adelgazarse,,31,45,1,ZAPOTECO_ESPAÑOL,BIB003_PICKETT_VOCABULARIO,2007_FIFTH_ELECTRONIC,2013_FIFTH_ELECTRONIC_SECOND_VERSION,DOCUMENTED_UNICODE_RECONCILIATION_NOT_BYTE_EXTRACTED_2013,JUCHITAN_HISTORICAL_SOURCE,STRUCTURED_BACKFILL_V0_1
PICKETT-ZE-1611,rilase la’dxi’,rilase la’dxi’,rilase laꞌdxiꞌ,rilase laꞌdxiꞌ,"[""rilase laꞌdxiꞌ""]",SUBENTRY,rilase,,,compadecer,rilase la’dxi’ compadecer,,31,45,1,ZAPOTECO_ESPAÑOL,BIB003_PICKETT_VOCABULARIO,2007_FIFTH_ELECTRONIC,2013_FIFTH_ELECTRONIC_SECOND_VERSION,DOCUMENTED_UNICODE_RECONCILIATION_NOT_BYTE_EXTRACTED_2013,JUCHITAN_HISTORICAL_SOURCE,STRUCTURED_BACKFILL_V0_1
PICKETT-ZE-1612,rilate,rilate,rilate,rilate,"[""rilate""]",ENTRY,,,,"vaciarse, descargarse","rilate vaciarse, descargarse",,31,45,1,ZAPOTECO_ESPAÑOL,BIB003_PICKETT_VOCABULARIO,2007_FIFTH_ELECTRONIC,2013_FIFTH_ELECTRONIC_SECOND_VERSION,DOCUMENTED_UNICODE_RECONCILIATION_NOT_BYTE_EXTRACTED_2013,JUCHITAN_HISTORICAL_SOURCE,STRUCTURED_BACKFILL_V0_1
PICKETT-ZE-1613,riliibi,riliibi,riliibi,riliibi,"[""riliibi""]",ENTRY,,,[b.b.a],"amarrarse, liarse, atarse","riliibi [b.b.a] amarrarse, liarse, atarse",,31,45,1,ZAPOTECO_ESPAÑOL,BIB003_PICKETT_VOCABULARIO,2007_FIFTH_ELECTRONIC,2013_FIFTH_ELECTRONIC_SECOND_VERSION,DOCUMENTED_UNICODE_RECONCILIATION_NOT_BYTE_EXTRACTED_2013,JUCHITAN_HISTORICAL_SOURCE,STRUCTURED_BACKFILL_V0_1
PICKETT-ZE-1614,riluuba’,riluuba’,riluubaꞌ,riluubaꞌ,"[""riluubaꞌ""]",ENTRY,,,,barrerse,riluuba’ barrerse,,31,45,1,ZAPOTECO_ESPAÑOL,BIB003_PICKETT_VOCABULARIO,2007_FIFTH_ELECTRONIC,2013_FIFTH_ELECTRONIC_SECOND_VERSION,DOCUMENTED_UNICODE_RECONCILIATION_NOT_BYTE_EXTRACTED_2013,JUCHITAN_HISTORICAL_SOURCE,STRUCTURED_BACKFILL_V0_1
PICKETT-ZE-1615,riluxe,riluxe,riluxe,riluxe,"[""riluxe""]",ENTRY,,(v-intr),,"terminar (se), finalizar","riluxe (v-intr) terminar (se), finalizar",,31,45,1,ZAPOTECO_ESPAÑOL,BIB003_PICKETT_VOCABULARIO,2007_FIFTH_ELECTRONIC,2013_FIFTH_ELECTRONIC_SECOND_VERSION,DOCUMENTED_UNICODE_RECONCILIATION_NOT_BYTE_EXTRACTED_2013,JUCHITAN_HISTORICAL_SOURCE,STRUCTURED_BACKFILL_V0_1
PICKETT-ZE-1616,riluuza,riluuza,riluuza,riluuza,"[""riluuza""]",ENTRY,,,[b.b.a],"troncharse, quebrarse","riluuza [b.b.a] troncharse, quebrarse",,31,45,1,ZAPOTECO_ESPAÑOL,BIB003_PICKETT_VOCABULARIO,2007_FIFTH_ELECTRONIC,2013_FIFTH_ELECTRONIC_SECOND_VERSION,DOCUMENTED_UNICODE_RECONCILIATION_NOT_BYTE_EXTRACTED_2013,JUCHITAN_HISTORICAL_SOURCE,STRUCTURED_BACKFILL_V0_1
PICKETT-ZE-1617,rimboolo’,rimboolo’,rimbooloꞌ,rimbooloꞌ,"[""rimbooloꞌ""]",ENTRY,,,,agrandarse o hacerse grande por lo grueso (por ej.: plantas),rimboolo’ agrandarse o hacerse grande por,lo grueso (por ej.: plantas),31,45,1,ZAPOTECO_ESPAÑOL,BIB003_PICKETT_VOCABULARIO,2007_FIFTH_ELECTRONIC,2013_FIFTH_ELECTRONIC_SECOND_VERSION,DOCUMENTED_UNICODE_RECONCILIATION_NOT_BYTE_EXTRACTED_2013,JUCHITAN_HISTORICAL_SOURCE,STRUCTURED_BACKFILL_V0_1
PICKETT-ZE-1618,rimucu,rimucu,rimucu,rimucu,"[""rimucu""]",ENTRY,,,[b.a.b],ensuciarse,rimucu [b.a.b] ensuciarse,,31,45,1,ZAPOTECO_ESPAÑOL,BIB003_PICKETT_VOCABULARIO,2007_FIFTH_ELECTRONIC,2013_FIFTH_ELECTRONIC_SECOND_VERSION,DOCUMENTED_UNICODE_RECONCILIATION_NOT_BYTE_EXTRACTED_2013,JUCHITAN_HISTORICAL_SOURCE,STRUCTURED_BACKFILL_V0_1
PICKETT-ZE-1619,riná,riná,riná,riná,"[""riná""]",ENTRY,,,,"acceder, condescender, querer, estar de acuerdo","riná acceder, condescender, querer, estar de",acuerdo,31,45,2,ZAPOTECO_ESPAÑOL,BIB003_PICKETT_VOCABULARIO,2007_FIFTH_ELECTRONIC,2013_FIFTH_ELECTRONIC_SECOND_VERSION,DOCUMENTED_UNICODE_RECONCILIATION_NOT_BYTE_EXTRACTED_2013,JUCHITAN_HISTORICAL_SOURCE,STRUCTURED_BACKFILL_V0_1
PICKETT-ZE-1620,riná,riná,riná,riná,"[""riná""]",ENTRY,,,[b.a],"tener la facultad de ver, tener vista","riná [b.a] tener la facultad de ver, tener",vista,31,45,2,ZAPOTECO_ESPAÑOL,BIB003_PICKETT_VOCABULARIO,2007_FIFTH_ELECTRONIC,2013_FIFTH_ELECTRONIC_SECOND_VERSION,DOCUMENTED_UNICODE_RECONCILIATION_NOT_BYTE_EXTRACTED_2013,JUCHITAN_HISTORICAL_SOURCE,STRUCTURED_BACKFILL_V0_1
PICKETT-ZE-1621,rinaa,rinaa,rinaa,rinaa,"[""rinaa""]",ENTRY,,,[b.a],hacerse pesado (por ej.: puerco),rinaa [b.a] hacerse pesado (por ej.: puerco),,31,45,2,ZAPOTECO_ESPAÑOL,BIB003_PICKETT_VOCABULARIO,2007_FIFTH_ELECTRONIC,2013_FIFTH_ELECTRONIC_SECOND_VERSION,DOCUMENTED_UNICODE_RECONCILIATION_NOT_BYTE_EXTRACTED_2013,JUCHITAN_HISTORICAL_SOURCE,STRUCTURED_BACKFILL_V0_1
PICKETT-ZE-1622,riná’ yuu,riná’ yuu,rináꞌ yuu,rináꞌ yuu,"[""rináꞌ yuu""]",ENTRY,,,[b-a],oler a orines,riná’ yuu [b-a] oler a orines,,31,45,2,ZAPOTECO_ESPAÑOL,BIB003_PICKETT_VOCABULARIO,2007_FIFTH_ELECTRONIC,2013_FIFTH_ELECTRONIC_SECOND_VERSION,DOCUMENTED_UNICODE_RECONCILIATION_NOT_BYTE_EXTRACTED_2013,JUCHITAN_HISTORICAL_SOURCE,STRUCTURED_BACKFILL_V0_1
PICKETT-ZE-1623,rinaba’,rinaba’,rinabaꞌ,rinabaꞌ,"[""rinabaꞌ""]",ENTRY,,,[b.b.al],pedir,rinaba’ [b.b.al] pedir,,31,45,2,ZAPOTECO_ESPAÑOL,BIB003_PICKETT_VOCABULARIO,2007_FIFTH_ELECTRONIC,2013_FIFTH_ELECTRONIC_SECOND_VERSION,DOCUMENTED_UNICODE_RECONCILIATION_NOT_BYTE_EXTRACTED_2013,JUCHITAN_HISTORICAL_SOURCE,STRUCTURED_BACKFILL_V0_1
PICKETT-ZE-1624,rinaba diidxa’,rinaba diidxa’,rinaba diidxaꞌ,rinaba diidxaꞌ,"[""rinaba diidxaꞌ""]",SUBENTRY,rinabaꞌ,,,preguntar,rinaba diidxa’ [b.b.al-b] preguntar,,31,45,2,ZAPOTECO_ESPAÑOL,BIB003_PICKETT_VOCABULARIO,2007_FIFTH_ELECTRONIC,2013_FIFTH_ELECTRONIC_SECOND_VERSION,DOCUMENTED_UNICODE_RECONCILIATION_NOT_BYTE_EXTRACTED_2013,JUCHITAN_HISTORICAL_SOURCE,STRUCTURED_BACKFILL_V0_1
PICKETT-ZE-1625,rinana,rinana,rinana,rinana,"[""rinana""]",ENTRY,,,[b.b.a],espesar,rinana [b.b.a] espesar,,31,45,2,ZAPOTECO_ESPAÑOL,BIB003_PICKETT_VOCABULARIO,2007_FIFTH_ELECTRONIC,2013_FIFTH_ELECTRONIC_SECOND_VERSION,DOCUMENTED_UNICODE_RECONCILIATION_NOT_BYTE_EXTRACTED_2013,JUCHITAN_HISTORICAL_SOURCE,STRUCTURED_BACKFILL_V0_1
PICKETT-ZE-1626,rinanda,rinanda,rinanda,rinanda,"[""rinanda""]",ENTRY,,,[b.b.a],seguir,rinanda [b.b.a] seguir,,31,45,2,ZAPOTECO_ESPAÑOL,BIB003_PICKETT_VOCABULARIO,2007_FIFTH_ELECTRONIC,2013_FIFTH_ELECTRONIC_SECOND_VERSION,DOCUMENTED_UNICODE_RECONCILIATION_NOT_BYTE_EXTRACTED_2013,JUCHITAN_HISTORICAL_SOURCE,STRUCTURED_BACKFILL_V0_1
PICKETT-ZE-1627,rinaaze,rinaaze,rinaaze,rinaaze,"[""rinaaze""]",ENTRY,,,[b.b.a],"agarrar algo inmóvil, tomar, detener","rinaaze [b.b.a] agarrar algo inmóvil,","tomar, detener",31,45,2,ZAPOTECO_ESPAÑOL,BIB003_PICKETT_VOCABULARIO,2007_FIFTH_ELECTRONIC,2013_FIFTH_ELECTRONIC_SECOND_VERSION,DOCUMENTED_UNICODE_RECONCILIATION_NOT_BYTE_EXTRACTED_2013,JUCHITAN_HISTORICAL_SOURCE,STRUCTURED_BACKFILL_V0_1
PICKETT-ZE-1628,rinaaze’,rinaaze’,rinaazeꞌ,rinaazeꞌ,"[""rinaazeꞌ""]",ENTRY,,,,"agarrar algo o a alguien en movimiento, detener",rinaaze’ agarrar algo o a alguien en,"movimiento, detener",31,45,2,ZAPOTECO_ESPAÑOL,BIB003_PICKETT_VOCABULARIO,2007_FIFTH_ELECTRONIC,2013_FIFTH_ELECTRONIC_SECOND_VERSION,DOCUMENTED_UNICODE_RECONCILIATION_NOT_BYTE_EXTRACTED_2013,JUCHITAN_HISTORICAL_SOURCE,STRUCTURED_BACKFILL_V0_1
PICKETT-ZE-1629,rinaaze benda,rinaaze benda,rinaaze benda,rinaaze benda,"[""rinaaze benda""]",SUBENTRY,rinaazeꞌ,,,pescar,rinaaze benda pescar,,31,45,2,ZAPOTECO_ESPAÑOL,BIB003_PICKETT_VOCABULARIO,2007_FIFTH_ELECTRONIC,2013_FIFTH_ELECTRONIC_SECOND_VERSION,DOCUMENTED_UNICODE_RECONCILIATION_NOT_BYTE_EXTRACTED_2013,JUCHITAN_HISTORICAL_SOURCE,STRUCTURED_BACKFILL_V0_1
PICKETT-ZE-1630,rindá,rindá,rindá,rindá,"[""rindá""]",ENTRY,,,[b.a],"llegar allá, llegar hasta","rindá [b.a] llegar allá, llegar hasta",,31,45,2,ZAPOTECO_ESPAÑOL,BIB003_PICKETT_VOCABULARIO,2007_FIFTH_ELECTRONIC,2013_FIFTH_ELECTRONIC_SECOND_VERSION,DOCUMENTED_UNICODE_RECONCILIATION_NOT_BYTE_EXTRACTED_2013,JUCHITAN_HISTORICAL_SOURCE,STRUCTURED_BACKFILL_V0_1
PICKETT-ZE-1631,rindá’,rindá’,rindáꞌ,rindáꞌ,"[""rindáꞌ""]",ENTRY,,,,oler,rindá’ oler,,31,45,2,ZAPOTECO_ESPAÑOL,BIB003_PICKETT_VOCABULARIO,2007_FIFTH_ELECTRONIC,2013_FIFTH_ELECTRONIC_SECOND_VERSION,DOCUMENTED_UNICODE_RECONCILIATION_NOT_BYTE_EXTRACTED_2013,JUCHITAN_HISTORICAL_SOURCE,STRUCTURED_BACKFILL_V0_1
PICKETT-ZE-1632,rindá’ dxaba’,rindá’ dxaba’,rindáꞌ dxabaꞌ,rindáꞌ dxabaꞌ,"[""rindáꞌ dxabaꞌ""]",SUBENTRY,rindáꞌ,,,"apestar, heder","rindá’ dxaba’ [b-b.al] apestar, heder",,31,45,2,ZAPOTECO_ESPAÑOL,BIB003_PICKETT_VOCABULARIO,2007_FIFTH_ELECTRONIC,2013_FIFTH_ELECTRONIC_SECOND_VERSION,DOCUMENTED_UNICODE_RECONCILIATION_NOT_BYTE_EXTRACTED_2013,JUCHITAN_HISTORICAL_SOURCE,STRUCTURED_BACKFILL_V0_1
PICKETT-ZE-1633,rindá’ lanna’,rindá’ lanna’,rindáꞌ lannaꞌ,rindáꞌ lannaꞌ,"[""rindáꞌ lannaꞌ""]",SUBENTRY,rindáꞌ,,,apestar a pescado o a metal,rindá’ lanna’ [b-b.al] apestar a pescado,o a metal,31,45,2,ZAPOTECO_ESPAÑOL,BIB003_PICKETT_VOCABULARIO,2007_FIFTH_ELECTRONIC,2013_FIFTH_ELECTRONIC_SECOND_VERSION,DOCUMENTED_UNICODE_RECONCILIATION_NOT_BYTE_EXTRACTED_2013,JUCHITAN_HISTORICAL_SOURCE,STRUCTURED_BACKFILL_V0_1
PICKETT-ZE-1634,rindá’ yuudxu’,rindá’ yuudxu’,rindáꞌ yuudxuꞌ,rindáꞌ yuudxuꞌ,"[""rindáꞌ yuudxuꞌ""]",SUBENTRY,rindáꞌ,,,apestar a podrido,rindá’ yuudxu’ apestar a podrido,,31,45,2,ZAPOTECO_ESPAÑOL,BIB003_PICKETT_VOCABULARIO,2007_FIFTH_ELECTRONIC,2013_FIFTH_ELECTRONIC_SECOND_VERSION,DOCUMENTED_UNICODE_RECONCILIATION_NOT_BYTE_EXTRACTED_2013,JUCHITAN_HISTORICAL_SOURCE,STRUCTURED_BACKFILL_V0_1
PICKETT-ZE-1635,rindá’ ixhu’,rindá’ ixhu’,rindáꞌ ixhuꞌ,rindáꞌ ixhuꞌ,"[""rindáꞌ ixhuꞌ""]",SUBENTRY,rindáꞌ,,,apestar a quemado,rindá’ ixhu’ [b-b.al] apestar a quemado,,31,45,2,ZAPOTECO_ESPAÑOL,BIB003_PICKETT_VOCABULARIO,2007_FIFTH_ELECTRONIC,2013_FIFTH_ELECTRONIC_SECOND_VERSION,DOCUMENTED_UNICODE_RECONCILIATION_NOT_BYTE_EXTRACTED_2013,JUCHITAN_HISTORICAL_SOURCE,STRUCTURED_BACKFILL_V0_1
PICKETT-ZE-1636,rindá’ ya’qui’,rindá’ ya’qui’,rindáꞌ yaꞌquiꞌ,rindáꞌ yaꞌquiꞌ,"[""rindáꞌ yaꞌquiꞌ""]",SUBENTRY,rindáꞌ,,,apestar a quemado,rindá’ ya’qui’ apestar a quemado,,31,45,2,ZAPOTECO_ESPAÑOL,BIB003_PICKETT_VOCABULARIO,2007_FIFTH_ELECTRONIC,2013_FIFTH_ELECTRONIC_SECOND_VERSION,DOCUMENTED_UNICODE_RECONCILIATION_NOT_BYTE_EXTRACTED_2013,JUCHITAN_HISTORICAL_SOURCE,STRUCTURED_BACKFILL_V0_1
PICKETT-ZE-1637,rindá’ zizi,rindá’ zizi,rindáꞌ zizi,rindáꞌ zizi,"[""rindáꞌ zizi""]",SUBENTRY,rindáꞌ,,,oler a perfume,rindá’ zizi [b-a] oler a perfume,,31,45,2,ZAPOTECO_ESPAÑOL,BIB003_PICKETT_VOCABULARIO,2007_FIFTH_ELECTRONIC,2013_FIFTH_ELECTRONIC_SECOND_VERSION,DOCUMENTED_UNICODE_RECONCILIATION_NOT_BYTE_EXTRACTED_2013,JUCHITAN_HISTORICAL_SOURCE,STRUCTURED_BACKFILL_V0_1
PICKETT-ZE-1638,rindá’ naxhi,rindá’ naxhi,rindáꞌ naxhi,rindáꞌ naxhi,"[""rindáꞌ naxhi""]",SUBENTRY,rindáꞌ,,,oler bien o agradable,rindá’ naxhi oler bien o agradable,,31,45,2,ZAPOTECO_ESPAÑOL,BIB003_PICKETT_VOCABULARIO,2007_FIFTH_ELECTRONIC,2013_FIFTH_ELECTRONIC_SECOND_VERSION,DOCUMENTED_UNICODE_RECONCILIATION_NOT_BYTE_EXTRACTED_2013,JUCHITAN_HISTORICAL_SOURCE,STRUCTURED_BACKFILL_V0_1
PICKETT-ZE-1639,rindá’ yuu,rindá’ yuu,rindáꞌ yuu,rindáꞌ yuu,"[""rindáꞌ yuu""]",SUBENTRY,rindáꞌ,,,apestar a orines,rindá’ yuu [b-a] apestar a orines,,31,45,2,ZAPOTECO_ESPAÑOL,BIB003_PICKETT_VOCABULARIO,2007_FIFTH_ELECTRONIC,2013_FIFTH_ELECTRONIC_SECOND_VERSION,DOCUMENTED_UNICODE_RECONCILIATION_NOT_BYTE_EXTRACTED_2013,JUCHITAN_HISTORICAL_SOURCE,STRUCTURED_BACKFILL_V0_1
PICKETT-ZE-1640,rindá’,rindá’,rindáꞌ,rindáꞌ,"[""rindáꞌ""]",ENTRY,,,[b.a],amargarse,rindá’ [b.a] amargarse,,31,45,2,ZAPOTECO_ESPAÑOL,BIB003_PICKETT_VOCABULARIO,2007_FIFTH_ELECTRONIC,2013_FIFTH_ELECTRONIC_SECOND_VERSION,DOCUMENTED_UNICODE_RECONCILIATION_NOT_BYTE_EXTRACTED_2013,JUCHITAN_HISTORICAL_SOURCE,STRUCTURED_BACKFILL_V0_1
PICKETT-ZE-1641,rindá’,rindá’,rindáꞌ,rindáꞌ,"[""rindáꞌ""]",ENTRY,,,[b.al],calentarse,rindá’ [b.al] calentarse,,31,45,2,ZAPOTECO_ESPAÑOL,BIB003_PICKETT_VOCABULARIO,2007_FIFTH_ELECTRONIC,2013_FIFTH_ELECTRONIC_SECOND_VERSION,DOCUMENTED_UNICODE_RECONCILIATION_NOT_BYTE_EXTRACTED_2013,JUCHITAN_HISTORICAL_SOURCE,STRUCTURED_BACKFILL_V0_1
PICKETT-ZE-1642,rindaa,rindaa,rindaa,rindaa,"[""rindaa""]",ENTRY,,,,"dilatar, tardarse","rindaa dilatar, tardarse",,31,45,2,ZAPOTECO_ESPAÑOL,BIB003_PICKETT_VOCABULARIO,2007_FIFTH_ELECTRONIC,2013_FIFTH_ELECTRONIC_SECOND_VERSION,DOCUMENTED_UNICODE_RECONCILIATION_NOT_BYTE_EXTRACTED_2013,JUCHITAN_HISTORICAL_SOURCE,STRUCTURED_BACKFILL_V0_1
PICKETT-ZE-1643,rindaa,rindaa,rindaa,rindaa,"[""rindaa""]",ENTRY,,,[b.a],"escarbar, escarbarse, quebrar, romper, partir","rindaa [b.a] escarbar, escarbarse, quebrar,","romper, partir",31,45,2,ZAPOTECO_ESPAÑOL,BIB003_PICKETT_VOCABULARIO,2007_FIFTH_ELECTRONIC,2013_FIFTH_ELECTRONIC_SECOND_VERSION,DOCUMENTED_UNICODE_RECONCILIATION_NOT_BYTE_EXTRACTED_2013,JUCHITAN_HISTORICAL_SOURCE,STRUCTURED_BACKFILL_V0_1
PICKETT-ZE-1644,rindaa ique né,rindaa ique né,rindaa ique né,rindaa ique né,"[""rindaa ique né""]",SUBENTRY,rindaa,,,"pensar en, resolver, tratar de resolver","rindaa ique né [b-al.b-a] pensar en,","resolver, tratar de resolver",31,45,2,ZAPOTECO_ESPAÑOL,BIB003_PICKETT_VOCABULARIO,2007_FIFTH_ELECTRONIC,2013_FIFTH_ELECTRONIC_SECOND_VERSION,DOCUMENTED_UNICODE_RECONCILIATION_NOT_BYTE_EXTRACTED_2013,JUCHITAN_HISTORICAL_SOURCE,STRUCTURED_BACKFILL_V0_1
PICKETT-ZE-1645,rindaa saa,rindaa saa,rindaa saa,rindaa saa,"[""rindaa saa""]",SUBENTRY,rindaa,,,"apartarse, separarse (amigos o miembros de familia)","rindaa saa [b-al] apartarse, separarse",(amigos o miembros de familia),31,45,2,ZAPOTECO_ESPAÑOL,BIB003_PICKETT_VOCABULARIO,2007_FIFTH_ELECTRONIC,2013_FIFTH_ELECTRONIC_SECOND_VERSION,DOCUMENTED_UNICODE_RECONCILIATION_NOT_BYTE_EXTRACTED_2013,JUCHITAN_HISTORICAL_SOURCE,STRUCTURED_BACKFILL_V0_1
PICKETT-ZE-1646,rindaabi’,rindaabi’,rindaabiꞌ,rindaabiꞌ,"[""rindaabiꞌ""]",ENTRY,,(v-intr),,"hervir, hervirse","rindaabi’ (v-intr) hervir, hervirse",,31,45,2,ZAPOTECO_ESPAÑOL,BIB003_PICKETT_VOCABULARIO,2007_FIFTH_ELECTRONIC,2013_FIFTH_ELECTRONIC_SECOND_VERSION,DOCUMENTED_UNICODE_RECONCILIATION_NOT_BYTE_EXTRACTED_2013,JUCHITAN_HISTORICAL_SOURCE,STRUCTURED_BACKFILL_V0_1
PICKETT-ZE-1647,rindadi’,rindadi’,rindadiꞌ,rindadiꞌ,"[""rindadiꞌ""]",ENTRY,,,[b.b.al],"desprender, despegar, quitar","rindadi’ [b.b.al] desprender, despegar,",quitar,31,45,2,ZAPOTECO_ESPAÑOL,BIB003_PICKETT_VOCABULARIO,2007_FIFTH_ELECTRONIC,2013_FIFTH_ELECTRONIC_SECOND_VERSION,DOCUMENTED_UNICODE_RECONCILIATION_NOT_BYTE_EXTRACTED_2013,JUCHITAN_HISTORICAL_SOURCE,STRUCTURED_BACKFILL_V0_1
PICKETT-ZE-1648,rindadi niza,rindadi niza,rindadi niza,rindadi niza,"[""rindadi niza""]",SUBENTRY,rindadiꞌ,,,cosechar,rindadi niza [b.b.al-b] cosechar,,31,45,2,ZAPOTECO_ESPAÑOL,BIB003_PICKETT_VOCABULARIO,2007_FIFTH_ELECTRONIC,2013_FIFTH_ELECTRONIC_SECOND_VERSION,DOCUMENTED_UNICODE_RECONCILIATION_NOT_BYTE_EXTRACTED_2013,JUCHITAN_HISTORICAL_SOURCE,STRUCTURED_BACKFILL_V0_1
PICKETT-ZE-1649,rindani,rindani,rindani,rindani,"[""rindani""]",ENTRY,,,,"crecer, manar; nacer (agua); salir (sol)","rindani crecer, manar; nacer (agua); salir",(sol),31,45,2,ZAPOTECO_ESPAÑOL,BIB003_PICKETT_VOCABULARIO,2007_FIFTH_ELECTRONIC,2013_FIFTH_ELECTRONIC_SECOND_VERSION,DOCUMENTED_UNICODE_RECONCILIATION_NOT_BYTE_EXTRACTED_2013,JUCHITAN_HISTORICAL_SOURCE,STRUCTURED_BACKFILL_V0_1
PICKETT-ZE-1650,rindani,rindani,rindani,rindani,"[""rindani""]",ENTRY,,,[b.b.a],cargar,rindani [b.b.a] cargar,,31,45,2,ZAPOTECO_ESPAÑOL,BIB003_PICKETT_VOCABULARIO,2007_FIFTH_ELECTRONIC,2013_FIFTH_ELECTRONIC_SECOND_VERSION,DOCUMENTED_UNICODE_RECONCILIATION_NOT_BYTE_EXTRACTED_2013,JUCHITAN_HISTORICAL_SOURCE,STRUCTURED_BACKFILL_V0_1
PICKETT-ZE-1651,rindee,rindee,rindee,rindee,"[""rindee""]",ENTRY,,,[b.a],"asemejarse a, parecer(se) a alguién (por parentesco)","rindee [b.a] asemejarse a, parecer(se) a",alguién (por parentesco),31,45,2,ZAPOTECO_ESPAÑOL,BIB003_PICKETT_VOCABULARIO,2007_FIFTH_ELECTRONIC,2013_FIFTH_ELECTRONIC_SECOND_VERSION,DOCUMENTED_UNICODE_RECONCILIATION_NOT_BYTE_EXTRACTED_2013,JUCHITAN_HISTORICAL_SOURCE,STRUCTURED_BACKFILL_V0_1
PICKETT-ZE-1652,rindee neza,rindee neza,rindee neza,rindee neza,"[""rindee neza""]",ENTRY,,,[b-al.b],encaminar,rindee neza [b-al.b] encaminar,,32,46,1,ZAPOTECO_ESPAÑOL,BIB003_PICKETT_VOCABULARIO,2007_FIFTH_ELECTRONIC,2013_FIFTH_ELECTRONIC_SECOND_VERSION,DOCUMENTED_UNICODE_RECONCILIATION_NOT_BYTE_EXTRACTED_2013,JUCHITAN_HISTORICAL_SOURCE,STRUCTURED_BACKFILL_V0_1
PICKETT-ZE-1653,rindete’,rindete’,rindeteꞌ,rindeteꞌ,"[""rindeteꞌ""]",ENTRY,,,[b.b.al],"bajar, descender","rindete’ [b.b.al] bajar, descender",,32,46,1,ZAPOTECO_ESPAÑOL,BIB003_PICKETT_VOCABULARIO,2007_FIFTH_ELECTRONIC,2013_FIFTH_ELECTRONIC_SECOND_VERSION,DOCUMENTED_UNICODE_RECONCILIATION_NOT_BYTE_EXTRACTED_2013,JUCHITAN_HISTORICAL_SOURCE,STRUCTURED_BACKFILL_V0_1
PICKETT-ZE-1654,rindii,rindii,rindii,rindii,"[""rindii""]",ENTRY,,,[b.a],"lamer, chupar","rindii [b.a] lamer, chupar",,32,46,1,ZAPOTECO_ESPAÑOL,BIB003_PICKETT_VOCABULARIO,2007_FIFTH_ELECTRONIC,2013_FIFTH_ELECTRONIC_SECOND_VERSION,DOCUMENTED_UNICODE_RECONCILIATION_NOT_BYTE_EXTRACTED_2013,JUCHITAN_HISTORICAL_SOURCE,STRUCTURED_BACKFILL_V0_1
PICKETT-ZE-1655,rindisa’,rindisa’,rindisaꞌ,rindisaꞌ,"[""rindisaꞌ""]",ENTRY,,,[b.b.al],"levantar, elevar","rindisa’ [b.b.al] levantar, elevar",,32,46,1,ZAPOTECO_ESPAÑOL,BIB003_PICKETT_VOCABULARIO,2007_FIFTH_ELECTRONIC,2013_FIFTH_ELECTRONIC_SECOND_VERSION,DOCUMENTED_UNICODE_RECONCILIATION_NOT_BYTE_EXTRACTED_2013,JUCHITAN_HISTORICAL_SOURCE,STRUCTURED_BACKFILL_V0_1
PICKETT-ZE-1656,riné,riné,riné,riné,"[""riné""]",ENTRY,,,[b.a],llevar,riné [b.a] llevar,,32,46,1,ZAPOTECO_ESPAÑOL,BIB003_PICKETT_VOCABULARIO,2007_FIFTH_ELECTRONIC,2013_FIFTH_ELECTRONIC_SECOND_VERSION,DOCUMENTED_UNICODE_RECONCILIATION_NOT_BYTE_EXTRACTED_2013,JUCHITAN_HISTORICAL_SOURCE,STRUCTURED_BACKFILL_V0_1
PICKETT-ZE-1657,riné’,riné’,rinéꞌ,rinéꞌ,"[""rinéꞌ""]",ENTRY,,,,"embarrarse, untarse, mancharse","riné’ embarrarse, untarse, mancharse",,32,46,1,ZAPOTECO_ESPAÑOL,BIB003_PICKETT_VOCABULARIO,2007_FIFTH_ELECTRONIC,2013_FIFTH_ELECTRONIC_SECOND_VERSION,DOCUMENTED_UNICODE_RECONCILIATION_NOT_BYTE_EXTRACTED_2013,JUCHITAN_HISTORICAL_SOURCE,STRUCTURED_BACKFILL_V0_1
PICKETT-ZE-1658,rinesa,rinesa,rinesa,rinesa,"[""rinesa""]",ENTRY,,,,orinar,rinesa orinar,,32,46,1,ZAPOTECO_ESPAÑOL,BIB003_PICKETT_VOCABULARIO,2007_FIFTH_ELECTRONIC,2013_FIFTH_ELECTRONIC_SECOND_VERSION,DOCUMENTED_UNICODE_RECONCILIATION_NOT_BYTE_EXTRACTED_2013,JUCHITAN_HISTORICAL_SOURCE,STRUCTURED_BACKFILL_V0_1
PICKETT-ZE-1659,ringola,ringola,ringola,ringola,"[""ringola""]",ENTRY,,,,agrandarse,ringola agrandarse,,32,46,1,ZAPOTECO_ESPAÑOL,BIB003_PICKETT_VOCABULARIO,2007_FIFTH_ELECTRONIC,2013_FIFTH_ELECTRONIC_SECOND_VERSION,DOCUMENTED_UNICODE_RECONCILIATION_NOT_BYTE_EXTRACTED_2013,JUCHITAN_HISTORICAL_SOURCE,STRUCTURED_BACKFILL_V0_1
PICKETT-ZE-1660,rini,rini,rini,rini,"[""rini""]",ENTRY,,,,sangre,rini sangre,,32,46,1,ZAPOTECO_ESPAÑOL,BIB003_PICKETT_VOCABULARIO,2007_FIFTH_ELECTRONIC,2013_FIFTH_ELECTRONIC_SECOND_VERSION,DOCUMENTED_UNICODE_RECONCILIATION_NOT_BYTE_EXTRACTED_2013,JUCHITAN_HISTORICAL_SOURCE,STRUCTURED_BACKFILL_V0_1
PICKETT-ZE-1661,riní’,riní’,riníꞌ,riníꞌ,"[""riníꞌ""]",ENTRY,,,,hablar,riní’ hablar,,32,46,1,ZAPOTECO_ESPAÑOL,BIB003_PICKETT_VOCABULARIO,2007_FIFTH_ELECTRONIC,2013_FIFTH_ELECTRONIC_SECOND_VERSION,DOCUMENTED_UNICODE_RECONCILIATION_NOT_BYTE_EXTRACTED_2013,JUCHITAN_HISTORICAL_SOURCE,STRUCTURED_BACKFILL_V0_1
PICKETT-ZE-1662,riní’ binni,riní’ binni,riníꞌ binni,riníꞌ binni,"[""riníꞌ binni""]",ENTRY,,,,criticar a otra gente,riní’ binni [b-b.a] criticar a otra gente,,32,46,1,ZAPOTECO_ESPAÑOL,BIB003_PICKETT_VOCABULARIO,2007_FIFTH_ELECTRONIC,2013_FIFTH_ELECTRONIC_SECOND_VERSION,DOCUMENTED_UNICODE_RECONCILIATION_NOT_BYTE_EXTRACTED_2013,JUCHITAN_HISTORICAL_SOURCE,STRUCTURED_BACKFILL_V0_1
PICKETT-ZE-1663,riní’ dxidxigá,riní’ dxidxigá,riníꞌ dxidxigá,riníꞌ dxidxigá,"[""riníꞌ dxidxigá""]",ENTRY,,,,"cuchichear, susurrar","riní’ dxidxigá [b-b.b.al] cuchichear,",susurrar,32,46,1,ZAPOTECO_ESPAÑOL,BIB003_PICKETT_VOCABULARIO,2007_FIFTH_ELECTRONIC,2013_FIFTH_ELECTRONIC_SECOND_VERSION,DOCUMENTED_UNICODE_RECONCILIATION_NOT_BYTE_EXTRACTED_2013,JUCHITAN_HISTORICAL_SOURCE,STRUCTURED_BACKFILL_V0_1
PICKETT-ZE-1664,riní’ dxiiña’,riní’ dxiiña’,riníꞌ dxiiñaꞌ,riníꞌ dxiiñaꞌ,"[""riníꞌ dxiiñaꞌ""]",SUBENTRY,riníꞌ dxidxigá,,,delirar,riní’ dxiiña’ delirar,,32,46,1,ZAPOTECO_ESPAÑOL,BIB003_PICKETT_VOCABULARIO,2007_FIFTH_ELECTRONIC,2013_FIFTH_ELECTRONIC_SECOND_VERSION,DOCUMENTED_UNICODE_RECONCILIATION_NOT_BYTE_EXTRACTED_2013,JUCHITAN_HISTORICAL_SOURCE,STRUCTURED_BACKFILL_V0_1
PICKETT-ZE-1665,riní’ ique,riní’ ique,riníꞌ ique,riníꞌ ique,"[""riníꞌ ique""]",ENTRY,,,,pensar,riní’ ique pensar,,32,46,1,ZAPOTECO_ESPAÑOL,BIB003_PICKETT_VOCABULARIO,2007_FIFTH_ELECTRONIC,2013_FIFTH_ELECTRONIC_SECOND_VERSION,DOCUMENTED_UNICODE_RECONCILIATION_NOT_BYTE_EXTRACTED_2013,JUCHITAN_HISTORICAL_SOURCE,STRUCTURED_BACKFILL_V0_1
PICKETT-ZE-1666,riní’ xcaanda’,riní’ xcaanda’,riníꞌ xcaandaꞌ,riníꞌ xcaandaꞌ,"[""riníꞌ xcaandaꞌ""]",SUBENTRY,riníꞌ ique,,,soñar,riní’ xcaanda’ soñar,,32,46,1,ZAPOTECO_ESPAÑOL,BIB003_PICKETT_VOCABULARIO,2007_FIFTH_ELECTRONIC,2013_FIFTH_ELECTRONIC_SECOND_VERSION,DOCUMENTED_UNICODE_RECONCILIATION_NOT_BYTE_EXTRACTED_2013,JUCHITAN_HISTORICAL_SOURCE,STRUCTURED_BACKFILL_V0_1
PICKETT-ZE-1667,riniibi,riniibi,riniibi,riniibi,"[""riniibi""]",ENTRY,,,[b.b.a],"moverse, mecerse","riniibi [b.b.a] moverse, mecerse",,32,46,1,ZAPOTECO_ESPAÑOL,BIB003_PICKETT_VOCABULARIO,2007_FIFTH_ELECTRONIC,2013_FIFTH_ELECTRONIC_SECOND_VERSION,DOCUMENTED_UNICODE_RECONCILIATION_NOT_BYTE_EXTRACTED_2013,JUCHITAN_HISTORICAL_SOURCE,STRUCTURED_BACKFILL_V0_1
PICKETT-ZE-1668,riniisi,riniisi,riniisi,riniisi,"[""riniisi""]",ENTRY,,,[b.b.a],"crecer, envejecer","riniisi [b.b.a] crecer, envejecer",,32,46,1,ZAPOTECO_ESPAÑOL,BIB003_PICKETT_VOCABULARIO,2007_FIFTH_ELECTRONIC,2013_FIFTH_ELECTRONIC_SECOND_VERSION,DOCUMENTED_UNICODE_RECONCILIATION_NOT_BYTE_EXTRACTED_2013,JUCHITAN_HISTORICAL_SOURCE,STRUCTURED_BACKFILL_V0_1
PICKETT-ZE-1669,riniti,riniti,riniti,riniti,"[""riniti""]",ENTRY,,,,perderse,riniti perderse,,32,46,1,ZAPOTECO_ESPAÑOL,BIB003_PICKETT_VOCABULARIO,2007_FIFTH_ELECTRONIC,2013_FIFTH_ELECTRONIC_SECOND_VERSION,DOCUMENTED_UNICODE_RECONCILIATION_NOT_BYTE_EXTRACTED_2013,JUCHITAN_HISTORICAL_SOURCE,STRUCTURED_BACKFILL_V0_1
PICKETT-ZE-1670,riniti lú,riniti lú,riniti lú,riniti lú,"[""riniti lú""]",SUBENTRY,riniti,,,"desaparecer, destruirse","riniti lú desaparecer, destruirse",,32,46,1,ZAPOTECO_ESPAÑOL,BIB003_PICKETT_VOCABULARIO,2007_FIFTH_ELECTRONIC,2013_FIFTH_ELECTRONIC_SECOND_VERSION,DOCUMENTED_UNICODE_RECONCILIATION_NOT_BYTE_EXTRACTED_2013,JUCHITAN_HISTORICAL_SOURCE,STRUCTURED_BACKFILL_V0_1
PICKETT-ZE-1671,rinú,rinú,rinú,rinú,"[""rinú""]",ENTRY,,,[b.a],acercarse para ver,rinú [b.a] acercarse para ver,,32,46,1,ZAPOTECO_ESPAÑOL,BIB003_PICKETT_VOCABULARIO,2007_FIFTH_ELECTRONIC,2013_FIFTH_ELECTRONIC_SECOND_VERSION,DOCUMENTED_UNICODE_RECONCILIATION_NOT_BYTE_EXTRACTED_2013,JUCHITAN_HISTORICAL_SOURCE,STRUCTURED_BACKFILL_V0_1
PICKETT-ZE-1672,rionde,rionde,rionde,rionde,"[""rionde""]",ENTRY,,,,gastarse,rionde gastarse,,32,46,1,ZAPOTECO_ESPAÑOL,BIB003_PICKETT_VOCABULARIO,2007_FIFTH_ELECTRONIC,2013_FIFTH_ELECTRONIC_SECOND_VERSION,DOCUMENTED_UNICODE_RECONCILIATION_NOT_BYTE_EXTRACTED_2013,JUCHITAN_HISTORICAL_SOURCE,STRUCTURED_BACKFILL_V0_1
PICKETT-ZE-1673,rio’xho’,rio’xho’,rioꞌxhoꞌ,rioꞌxhoꞌ,"[""rioꞌxhoꞌ""]",ENTRY,,,,envejecerse,rio’xho’ envejecerse,,32,46,1,ZAPOTECO_ESPAÑOL,BIB003_PICKETT_VOCABULARIO,2007_FIFTH_ELECTRONIC,2013_FIFTH_ELECTRONIC_SECOND_VERSION,DOCUMENTED_UNICODE_RECONCILIATION_NOT_BYTE_EXTRACTED_2013,JUCHITAN_HISTORICAL_SOURCE,STRUCTURED_BACKFILL_V0_1
PICKETT-ZE-1674,ripandu,ripandu,ripandu,ripandu,"[""ripandu""]",ENTRY,,,,"enchuecarse, encorvarse","ripandu enchuecarse, encorvarse",,32,46,1,ZAPOTECO_ESPAÑOL,BIB003_PICKETT_VOCABULARIO,2007_FIFTH_ELECTRONIC,2013_FIFTH_ELECTRONIC_SECOND_VERSION,DOCUMENTED_UNICODE_RECONCILIATION_NOT_BYTE_EXTRACTED_2013,JUCHITAN_HISTORICAL_SOURCE,STRUCTURED_BACKFILL_V0_1
PICKETT-ZE-1675,ripapa,ripapa,ripapa,ripapa,"[""ripapa""]",ENTRY,,,,volar,ripapa volar,,32,46,1,ZAPOTECO_ESPAÑOL,BIB003_PICKETT_VOCABULARIO,2007_FIFTH_ELECTRONIC,2013_FIFTH_ELECTRONIC_SECOND_VERSION,DOCUMENTED_UNICODE_RECONCILIATION_NOT_BYTE_EXTRACTED_2013,JUCHITAN_HISTORICAL_SOURCE,STRUCTURED_BACKFILL_V0_1
PICKETT-ZE-1676,ripaapa ruaa,ripaapa ruaa,ripaapa ruaa,ripaapa ruaa,"[""ripaapa ruaa""]",ENTRY,,,,tartamudear,ripaapa ruaa tartamudear,,32,46,1,ZAPOTECO_ESPAÑOL,BIB003_PICKETT_VOCABULARIO,2007_FIFTH_ELECTRONIC,2013_FIFTH_ELECTRONIC_SECOND_VERSION,DOCUMENTED_UNICODE_RECONCILIATION_NOT_BYTE_EXTRACTED_2013,JUCHITAN_HISTORICAL_SOURCE,STRUCTURED_BACKFILL_V0_1
PICKETT-ZE-1677,ripaaxhu,ripaaxhu,ripaaxhu,ripaaxhu,"[""ripaaxhu""]",ENTRY,,,[b.b.a],"abollarse, torcerse, apachurrarse","ripaaxhu [b.b.a] abollarse, torcerse,",apachurrarse,32,46,1,ZAPOTECO_ESPAÑOL,BIB003_PICKETT_VOCABULARIO,2007_FIFTH_ELECTRONIC,2013_FIFTH_ELECTRONIC_SECOND_VERSION,DOCUMENTED_UNICODE_RECONCILIATION_NOT_BYTE_EXTRACTED_2013,JUCHITAN_HISTORICAL_SOURCE,STRUCTURED_BACKFILL_V0_1
PICKETT-ZE-1678,riquichi,riquichi,riquichi,riquichi,"[""riquichi""]",ENTRY,,,,emblanquecerse,riquichi emblanquecerse,,32,46,1,ZAPOTECO_ESPAÑOL,BIB003_PICKETT_VOCABULARIO,2007_FIFTH_ELECTRONIC,2013_FIFTH_ELECTRONIC_SECOND_VERSION,DOCUMENTED_UNICODE_RECONCILIATION_NOT_BYTE_EXTRACTED_2013,JUCHITAN_HISTORICAL_SOURCE,STRUCTURED_BACKFILL_V0_1
PICKETT-ZE-1679,riquiiñe’,riquiiñe’,riquiiñeꞌ,riquiiñeꞌ,"[""riquiiñeꞌ""]",ENTRY,,,,"necesitar, servir","riquiiñe’ necesitar, servir",,32,46,1,ZAPOTECO_ESPAÑOL,BIB003_PICKETT_VOCABULARIO,2007_FIFTH_ELECTRONIC,2013_FIFTH_ELECTRONIC_SECOND_VERSION,DOCUMENTED_UNICODE_RECONCILIATION_NOT_BYTE_EXTRACTED_2013,JUCHITAN_HISTORICAL_SOURCE,STRUCTURED_BACKFILL_V0_1
PICKETT-ZE-1680,riquite la’dxi’,riquite la’dxi’,riquite laꞌdxiꞌ,riquite laꞌdxiꞌ,"[""riquite laꞌdxiꞌ""]",ENTRY,,,[b-al.b],"alegrarse, felicitar","riquite la’dxi’ [b-al.b] alegrarse, felicitar",,32,46,1,ZAPOTECO_ESPAÑOL,BIB003_PICKETT_VOCABULARIO,2007_FIFTH_ELECTRONIC,2013_FIFTH_ELECTRONIC_SECOND_VERSION,DOCUMENTED_UNICODE_RECONCILIATION_NOT_BYTE_EXTRACTED_2013,JUCHITAN_HISTORICAL_SOURCE,STRUCTURED_BACKFILL_V0_1
PICKETT-ZE-1681,rirá,rirá,rirá,rirá,"[""rirá""]",ENTRY,,,,"agotarse, acabarse, consumirse","rirá agotarse, acabarse, consumirse",,32,46,1,ZAPOTECO_ESPAÑOL,BIB003_PICKETT_VOCABULARIO,2007_FIFTH_ELECTRONIC,2013_FIFTH_ELECTRONIC_SECOND_VERSION,DOCUMENTED_UNICODE_RECONCILIATION_NOT_BYTE_EXTRACTED_2013,JUCHITAN_HISTORICAL_SOURCE,STRUCTURED_BACKFILL_V0_1
PICKETT-ZE-1682,riraa,riraa,riraa,riraa,"[""riraa""]",ENTRY,,,[b.a],"rasparse, pelarse","riraa [b.a] rasparse, pelarse",,32,46,1,ZAPOTECO_ESPAÑOL,BIB003_PICKETT_VOCABULARIO,2007_FIFTH_ELECTRONIC,2013_FIFTH_ELECTRONIC_SECOND_VERSION,DOCUMENTED_UNICODE_RECONCILIATION_NOT_BYTE_EXTRACTED_2013,JUCHITAN_HISTORICAL_SOURCE,STRUCTURED_BACKFILL_V0_1
PICKETT-ZE-1683,riracha,riracha,riracha,riracha,"[""riracha""]",ENTRY,,,,despeinarse,riracha despeinarse,,32,46,1,ZAPOTECO_ESPAÑOL,BIB003_PICKETT_VOCABULARIO,2007_FIFTH_ELECTRONIC,2013_FIFTH_ELECTRONIC_SECOND_VERSION,DOCUMENTED_UNICODE_RECONCILIATION_NOT_BYTE_EXTRACTED_2013,JUCHITAN_HISTORICAL_SOURCE,STRUCTURED_BACKFILL_V0_1
PICKETT-ZE-1684,riree,riree,riree,riree,"[""riree""]",ENTRY,,,,"sacarse, quitarse, partir, salir","riree sacarse, quitarse, partir, salir",,32,46,1,ZAPOTECO_ESPAÑOL,BIB003_PICKETT_VOCABULARIO,2007_FIFTH_ELECTRONIC,2013_FIFTH_ELECTRONIC_SECOND_VERSION,DOCUMENTED_UNICODE_RECONCILIATION_NOT_BYTE_EXTRACTED_2013,JUCHITAN_HISTORICAL_SOURCE,STRUCTURED_BACKFILL_V0_1
PICKETT-ZE-1685,riree bieque,riree bieque,riree bieque,riree bieque,"[""riree bieque""]",SUBENTRY,riree,,,desenredarse,riree bieque desenredarse,,32,46,1,ZAPOTECO_ESPAÑOL,BIB003_PICKETT_VOCABULARIO,2007_FIFTH_ELECTRONIC,2013_FIFTH_ELECTRONIC_SECOND_VERSION,DOCUMENTED_UNICODE_RECONCILIATION_NOT_BYTE_EXTRACTED_2013,JUCHITAN_HISTORICAL_SOURCE,STRUCTURED_BACKFILL_V0_1
PICKETT-ZE-1686,riree chu,riree chu,riree chu,riree chu,"[""riree chu""]",SUBENTRY,riree,,,"apartarse, descarriarse","riree chu [b-a] apartarse, descarriarse",,32,46,1,ZAPOTECO_ESPAÑOL,BIB003_PICKETT_VOCABULARIO,2007_FIFTH_ELECTRONIC,2013_FIFTH_ELECTRONIC_SECOND_VERSION,DOCUMENTED_UNICODE_RECONCILIATION_NOT_BYTE_EXTRACTED_2013,JUCHITAN_HISTORICAL_SOURCE,STRUCTURED_BACKFILL_V0_1
PICKETT-ZE-1687,riree chuuchi,riree chuuchi,riree chuuchi,riree chuuchi,"[""riree chuuchi""]",SUBENTRY,riree,,,resbalar,riree chuuchi [b-a] resbalar,,32,46,1,ZAPOTECO_ESPAÑOL,BIB003_PICKETT_VOCABULARIO,2007_FIFTH_ELECTRONIC,2013_FIFTH_ELECTRONIC_SECOND_VERSION,DOCUMENTED_UNICODE_RECONCILIATION_NOT_BYTE_EXTRACTED_2013,JUCHITAN_HISTORICAL_SOURCE,STRUCTURED_BACKFILL_V0_1
PICKETT-ZE-1688,riree chui’,riree chui’,riree chuiꞌ,riree chuiꞌ,"[""riree chuiꞌ""]",SUBENTRY,riree,,,resbalar,riree chui’ resbalar,,32,46,1,ZAPOTECO_ESPAÑOL,BIB003_PICKETT_VOCABULARIO,2007_FIFTH_ELECTRONIC,2013_FIFTH_ELECTRONIC_SECOND_VERSION,DOCUMENTED_UNICODE_RECONCILIATION_NOT_BYTE_EXTRACTED_2013,JUCHITAN_HISTORICAL_SOURCE,STRUCTURED_BACKFILL_V0_1
PICKETT-ZE-1689,riree guuna’,riree guuna’,riree guunaꞌ,riree guunaꞌ,"[""riree guunaꞌ""]",SUBENTRY,riree,,,desecharse,riree guuna’ desecharse,,32,46,1,ZAPOTECO_ESPAÑOL,BIB003_PICKETT_VOCABULARIO,2007_FIFTH_ELECTRONIC,2013_FIFTH_ELECTRONIC_SECOND_VERSION,DOCUMENTED_UNICODE_RECONCILIATION_NOT_BYTE_EXTRACTED_2013,JUCHITAN_HISTORICAL_SOURCE,STRUCTURED_BACKFILL_V0_1
PICKETT-ZE-1690,riree mudu,riree mudu,riree mudu,riree mudu,"[""riree mudu""]",SUBENTRY,riree,,,abotonar (plantas),riree mudu [b-b.a] abotonar (plantas),,32,46,1,ZAPOTECO_ESPAÑOL,BIB003_PICKETT_VOCABULARIO,2007_FIFTH_ELECTRONIC,2013_FIFTH_ELECTRONIC_SECOND_VERSION,DOCUMENTED_UNICODE_RECONCILIATION_NOT_BYTE_EXTRACTED_2013,JUCHITAN_HISTORICAL_SOURCE,STRUCTURED_BACKFILL_V0_1
PICKETT-ZE-1691,riree nanda,riree nanda,riree nanda,riree nanda,"[""riree nanda""]",SUBENTRY,riree,,,"corretear, expulsar, arrojar a alguien de la casa","riree nanda [b-a] corretear, expulsar,",arrojar a alguien de la casa,32,46,1,ZAPOTECO_ESPAÑOL,BIB003_PICKETT_VOCABULARIO,2007_FIFTH_ELECTRONIC,2013_FIFTH_ELECTRONIC_SECOND_VERSION,DOCUMENTED_UNICODE_RECONCILIATION_NOT_BYTE_EXTRACTED_2013,JUCHITAN_HISTORICAL_SOURCE,STRUCTURED_BACKFILL_V0_1
PICKETT-ZE-1692,riree xieque,riree xieque,riree xieque,riree xieque,"[""riree xieque""]",SUBENTRY,riree,,,dar vueltas,riree xieque dar vueltas,,32,46,1,ZAPOTECO_ESPAÑOL,BIB003_PICKETT_VOCABULARIO,2007_FIFTH_ELECTRONIC,2013_FIFTH_ELECTRONIC_SECOND_VERSION,DOCUMENTED_UNICODE_RECONCILIATION_NOT_BYTE_EXTRACTED_2013,JUCHITAN_HISTORICAL_SOURCE,STRUCTURED_BACKFILL_V0_1
PICKETT-ZE-1693,riree yaande,riree yaande,riree yaande,riree yaande,"[""riree yaande""]",SUBENTRY,,,,"caerse, salir corriendo, soltarse","riree yaande [b-a] caerse, salir","corriendo, soltarse",32,46,2,ZAPOTECO_ESPAÑOL,BIB003_PICKETT_VOCABULARIO,2007_FIFTH_ELECTRONIC,2013_FIFTH_ELECTRONIC_SECOND_VERSION,DOCUMENTED_UNICODE_RECONCILIATION_NOT_BYTE_EXTRACTED_2013,JUCHITAN_HISTORICAL_SOURCE,STRUCTURED_BACKFILL_V0_1
PICKETT-ZE-1694,rireeche,rireeche,rireeche,rireeche,"[""rireeche""]",ENTRY,,,[b.b.a],"regarse, esparcirse","rireeche [b.b.a] regarse, esparcirse",,32,46,2,ZAPOTECO_ESPAÑOL,BIB003_PICKETT_VOCABULARIO,2007_FIFTH_ELECTRONIC,2013_FIFTH_ELECTRONIC_SECOND_VERSION,DOCUMENTED_UNICODE_RECONCILIATION_NOT_BYTE_EXTRACTED_2013,JUCHITAN_HISTORICAL_SOURCE,STRUCTURED_BACKFILL_V0_1
PICKETT-ZE-1695,rireche ndase,rireche ndase,rireche ndase,rireche ndase,"[""rireche ndase""]",SUBENTRY,rireeche,,,"descarriarse, dispersarse","rireche ndase descarriarse, dispersarse",,32,46,2,ZAPOTECO_ESPAÑOL,BIB003_PICKETT_VOCABULARIO,2007_FIFTH_ELECTRONIC,2013_FIFTH_ELECTRONIC_SECOND_VERSION,DOCUMENTED_UNICODE_RECONCILIATION_NOT_BYTE_EXTRACTED_2013,JUCHITAN_HISTORICAL_SOURCE,STRUCTURED_BACKFILL_V0_1
PICKETT-ZE-1696,rirenda,rirenda,rirenda,rirenda,"[""rirenda""]",ENTRY,,,[b.b.a],"envolverse, enredarse","rirenda [b.b.a] envolverse, enredarse",,32,46,2,ZAPOTECO_ESPAÑOL,BIB003_PICKETT_VOCABULARIO,2007_FIFTH_ELECTRONIC,2013_FIFTH_ELECTRONIC_SECOND_VERSION,DOCUMENTED_UNICODE_RECONCILIATION_NOT_BYTE_EXTRACTED_2013,JUCHITAN_HISTORICAL_SOURCE,STRUCTURED_BACKFILL_V0_1
PICKETT-ZE-1697,rireza,rireza,rireza,rireza,"[""rireza""]",ENTRY,,,,"rasgarse, romperse, reventarse, rajarse","rireza rasgarse, romperse, reventarse,",rajarse,32,46,2,ZAPOTECO_ESPAÑOL,BIB003_PICKETT_VOCABULARIO,2007_FIFTH_ELECTRONIC,2013_FIFTH_ELECTRONIC_SECOND_VERSION,DOCUMENTED_UNICODE_RECONCILIATION_NOT_BYTE_EXTRACTED_2013,JUCHITAN_HISTORICAL_SOURCE,STRUCTURED_BACKFILL_V0_1
PICKETT-ZE-1698,riri’,riri’,ririꞌ,ririꞌ,"[""ririꞌ""]",ENTRY,,,[b.al],"incivilizado, ignorante","riri’ [b.al] incivilizado, ignorante",,32,46,2,ZAPOTECO_ESPAÑOL,BIB003_PICKETT_VOCABULARIO,2007_FIFTH_ELECTRONIC,2013_FIFTH_ELECTRONIC_SECOND_VERSION,DOCUMENTED_UNICODE_RECONCILIATION_NOT_BYTE_EXTRACTED_2013,JUCHITAN_HISTORICAL_SOURCE,STRUCTURED_BACKFILL_V0_1
PICKETT-ZE-1699,riroo,riroo,riroo,riroo,"[""riroo""]",ENTRY,,,,"engordarse, estar gordo (personas)","riroo engordarse, estar gordo (personas)",,32,46,2,ZAPOTECO_ESPAÑOL,BIB003_PICKETT_VOCABULARIO,2007_FIFTH_ELECTRONIC,2013_FIFTH_ELECTRONIC_SECOND_VERSION,DOCUMENTED_UNICODE_RECONCILIATION_NOT_BYTE_EXTRACTED_2013,JUCHITAN_HISTORICAL_SOURCE,STRUCTURED_BACKFILL_V0_1
PICKETT-ZE-1700,rirooba’,rirooba’,riroobaꞌ,riroobaꞌ,"[""riroobaꞌ""]",ENTRY,,,,agrandarse o hacerse grande por lo grueso,rirooba’ agrandarse o hacerse grande por,lo grueso,32,46,2,ZAPOTECO_ESPAÑOL,BIB003_PICKETT_VOCABULARIO,2007_FIFTH_ELECTRONIC,2013_FIFTH_ELECTRONIC_SECOND_VERSION,DOCUMENTED_UNICODE_RECONCILIATION_NOT_BYTE_EXTRACTED_2013,JUCHITAN_HISTORICAL_SOURCE,STRUCTURED_BACKFILL_V0_1
PICKETT-ZE-1701,riruche,riruche,riruche,riruche,"[""riruche""]",ENTRY,,,,"caerse, tirarse","riruche caerse, tirarse",,32,46,2,ZAPOTECO_ESPAÑOL,BIB003_PICKETT_VOCABULARIO,2007_FIFTH_ELECTRONIC,2013_FIFTH_ELECTRONIC_SECOND_VERSION,DOCUMENTED_UNICODE_RECONCILIATION_NOT_BYTE_EXTRACTED_2013,JUCHITAN_HISTORICAL_SOURCE,STRUCTURED_BACKFILL_V0_1
PICKETT-ZE-1702,riruugu’,riruugu’,riruuguꞌ,riruuguꞌ,"[""riruuguꞌ""]",ENTRY,,,,"cortarse, reventarse","riruugu’ cortarse, reventarse",,32,46,2,ZAPOTECO_ESPAÑOL,BIB003_PICKETT_VOCABULARIO,2007_FIFTH_ELECTRONIC,2013_FIFTH_ELECTRONIC_SECOND_VERSION,DOCUMENTED_UNICODE_RECONCILIATION_NOT_BYTE_EXTRACTED_2013,JUCHITAN_HISTORICAL_SOURCE,STRUCTURED_BACKFILL_V0_1
PICKETT-ZE-1703,riruuxe,riruuxe,riruuxe,riruuxe,"[""riruuxe""]",ENTRY,,,[b.b.a],despedazarse,riruuxe [b.b.a] despedazarse,,32,46,2,ZAPOTECO_ESPAÑOL,BIB003_PICKETT_VOCABULARIO,2007_FIFTH_ELECTRONIC,2013_FIFTH_ELECTRONIC_SECOND_VERSION,DOCUMENTED_UNICODE_RECONCILIATION_NOT_BYTE_EXTRACTED_2013,JUCHITAN_HISTORICAL_SOURCE,STRUCTURED_BACKFILL_V0_1
PICKETT-ZE-1704,riruxhi,riruxhi,riruxhi,riruxhi,"[""riruxhi""]",ENTRY,,,[b.b.a],pelarse,riruxhi [b.b.a] pelarse,,32,46,2,ZAPOTECO_ESPAÑOL,BIB003_PICKETT_VOCABULARIO,2007_FIFTH_ELECTRONIC,2013_FIFTH_ELECTRONIC_SECOND_VERSION,DOCUMENTED_UNICODE_RECONCILIATION_NOT_BYTE_EXTRACTED_2013,JUCHITAN_HISTORICAL_SOURCE,STRUCTURED_BACKFILL_V0_1
PICKETT-ZE-1705,risaca,risaca,risaca,risaca,"[""risaca""]",ENTRY,,,,"costar, valer (personas o cosas); ser caro, ser costoso; engrandecerse (en sentido figurativo)","risaca costar, valer (personas o cosas); ser","caro, ser costoso; engrandecerse (en sentido figurativo)",32,46,2,ZAPOTECO_ESPAÑOL,BIB003_PICKETT_VOCABULARIO,2007_FIFTH_ELECTRONIC,2013_FIFTH_ELECTRONIC_SECOND_VERSION,DOCUMENTED_UNICODE_RECONCILIATION_NOT_BYTE_EXTRACTED_2013,JUCHITAN_HISTORICAL_SOURCE,STRUCTURED_BACKFILL_V0_1
PICKETT-ZE-1706,risisi,risisi,risisi,risisi,"[""risisi""]",ENTRY,,,,aligerarse,risisi aligerarse,,32,46,2,ZAPOTECO_ESPAÑOL,BIB003_PICKETT_VOCABULARIO,2007_FIFTH_ELECTRONIC,2013_FIFTH_ELECTRONIC_SECOND_VERSION,DOCUMENTED_UNICODE_RECONCILIATION_NOT_BYTE_EXTRACTED_2013,JUCHITAN_HISTORICAL_SOURCE,STRUCTURED_BACKFILL_V0_1
PICKETT-ZE-1707,risoo,risoo,risoo,risoo,"[""risoo""]",ENTRY,,,,crecer de altura,risoo crecer de altura,,32,46,2,ZAPOTECO_ESPAÑOL,BIB003_PICKETT_VOCABULARIO,2007_FIFTH_ELECTRONIC,2013_FIFTH_ELECTRONIC_SECOND_VERSION,DOCUMENTED_UNICODE_RECONCILIATION_NOT_BYTE_EXTRACTED_2013,JUCHITAN_HISTORICAL_SOURCE,STRUCTURED_BACKFILL_V0_1
PICKETT-ZE-1708,ritaaba’,ritaaba’,ritaabaꞌ,ritaabaꞌ,"[""ritaabaꞌ""]",ENTRY,,,,"aplastarse, abollarse, apachurrarse","ritaaba’ aplastarse, abollarse, apachurrarse",,32,46,2,ZAPOTECO_ESPAÑOL,BIB003_PICKETT_VOCABULARIO,2007_FIFTH_ELECTRONIC,2013_FIFTH_ELECTRONIC_SECOND_VERSION,DOCUMENTED_UNICODE_RECONCILIATION_NOT_BYTE_EXTRACTED_2013,JUCHITAN_HISTORICAL_SOURCE,STRUCTURED_BACKFILL_V0_1
PICKETT-ZE-1709,ritapi,ritapi,ritapi,ritapi,"[""ritapi""]",ENTRY,,,[b.b.a],,ritapi [b.b.a],,32,46,2,ZAPOTECO_ESPAÑOL,BIB003_PICKETT_VOCABULARIO,2007_FIFTH_ELECTRONIC,2013_FIFTH_ELECTRONIC_SECOND_VERSION,DOCUMENTED_UNICODE_RECONCILIATION_NOT_BYTE_EXTRACTED_2013,JUCHITAN_HISTORICAL_SOURCE,STRUCTURED_BACKFILL_V0_1
PICKETT-ZE-1710,ritapi nisa,ritapi nisa,ritapi nisa,ritapi nisa,"[""ritapi nisa""]",SUBENTRY,ritapi,,,ir a acarrear agua,ritapi nisa [b-al.b] ir a acarrear agua,,32,46,2,ZAPOTECO_ESPAÑOL,BIB003_PICKETT_VOCABULARIO,2007_FIFTH_ELECTRONIC,2013_FIFTH_ELECTRONIC_SECOND_VERSION,DOCUMENTED_UNICODE_RECONCILIATION_NOT_BYTE_EXTRACTED_2013,JUCHITAN_HISTORICAL_SOURCE,STRUCTURED_BACKFILL_V0_1
PICKETT-ZE-1711,ritaata’,ritaata’,ritaataꞌ,ritaataꞌ,"[""ritaataꞌ""]",ENTRY,,,,aflojarse,ritaata’ aflojarse,,32,46,2,ZAPOTECO_ESPAÑOL,BIB003_PICKETT_VOCABULARIO,2007_FIFTH_ELECTRONIC,2013_FIFTH_ELECTRONIC_SECOND_VERSION,DOCUMENTED_UNICODE_RECONCILIATION_NOT_BYTE_EXTRACTED_2013,JUCHITAN_HISTORICAL_SOURCE,STRUCTURED_BACKFILL_V0_1
PICKETT-ZE-1712,rité,rité,rité,rité,"[""rité""]",ENTRY,,,,"decolorar, descolorar, despintar","rité decolorar, descolorar, despintar",,32,46,2,ZAPOTECO_ESPAÑOL,BIB003_PICKETT_VOCABULARIO,2007_FIFTH_ELECTRONIC,2013_FIFTH_ELECTRONIC_SECOND_VERSION,DOCUMENTED_UNICODE_RECONCILIATION_NOT_BYTE_EXTRACTED_2013,JUCHITAN_HISTORICAL_SOURCE,STRUCTURED_BACKFILL_V0_1
PICKETT-ZE-1713,ritipi,ritipi,ritipi,ritipi,"[""ritipi""]",ENTRY,,,,encogerse,ritipi encogerse,,32,46,2,ZAPOTECO_ESPAÑOL,BIB003_PICKETT_VOCABULARIO,2007_FIFTH_ELECTRONIC,2013_FIFTH_ELECTRONIC_SECOND_VERSION,DOCUMENTED_UNICODE_RECONCILIATION_NOT_BYTE_EXTRACTED_2013,JUCHITAN_HISTORICAL_SOURCE,STRUCTURED_BACKFILL_V0_1
PICKETT-ZE-1714,ritoope,ritoope,ritoope,ritoope,"[""ritoope""]",ENTRY,,,[b.b.a],"encanecerse, ponerse canoso","ritoope [b.b.a] encanecerse, ponerse",canoso,32,46,2,ZAPOTECO_ESPAÑOL,BIB003_PICKETT_VOCABULARIO,2007_FIFTH_ELECTRONIC,2013_FIFTH_ELECTRONIC_SECOND_VERSION,DOCUMENTED_UNICODE_RECONCILIATION_NOT_BYTE_EXTRACTED_2013,JUCHITAN_HISTORICAL_SOURCE,STRUCTURED_BACKFILL_V0_1
PICKETT-ZE-1715,ritubi,ritubi,ritubi,ritubi,"[""ritubi""]",ENTRY,,,[b.b.a],"revolcarse, rodar","ritubi [b.b.a] revolcarse, rodar",,32,46,2,ZAPOTECO_ESPAÑOL,BIB003_PICKETT_VOCABULARIO,2007_FIFTH_ELECTRONIC,2013_FIFTH_ELECTRONIC_SECOND_VERSION,DOCUMENTED_UNICODE_RECONCILIATION_NOT_BYTE_EXTRACTED_2013,JUCHITAN_HISTORICAL_SOURCE,STRUCTURED_BACKFILL_V0_1
PICKETT-ZE-1716,rituí lú,rituí lú,rituí lú,rituí lú,"[""rituí lú""]",ENTRY,,,,avergonzarse,rituí lú avergonzarse,,32,46,2,ZAPOTECO_ESPAÑOL,BIB003_PICKETT_VOCABULARIO,2007_FIFTH_ELECTRONIC,2013_FIFTH_ELECTRONIC_SECOND_VERSION,DOCUMENTED_UNICODE_RECONCILIATION_NOT_BYTE_EXTRACTED_2013,JUCHITAN_HISTORICAL_SOURCE,STRUCTURED_BACKFILL_V0_1
PICKETT-ZE-1717,riuu,riuu,riuu,riuu,"[""riuu""]",ENTRY,,,,"entrar, meterse","riuu entrar, meterse",,33,47,1,ZAPOTECO_ESPAÑOL,BIB003_PICKETT_VOCABULARIO,2007_FIFTH_ELECTRONIC,2013_FIFTH_ELECTRONIC_SECOND_VERSION,DOCUMENTED_UNICODE_RECONCILIATION_NOT_BYTE_EXTRACTED_2013,JUCHITAN_HISTORICAL_SOURCE,STRUCTURED_BACKFILL_V0_1
PICKETT-ZE-1718,riuu bia’,riuu bia’,riuu biaꞌ,riuu biaꞌ,"[""riuu biaꞌ""]",SUBENTRY,riuu,,,"pesarse, medir el peso","riuu bia’ pesarse, medir el peso",,33,47,1,ZAPOTECO_ESPAÑOL,BIB003_PICKETT_VOCABULARIO,2007_FIFTH_ELECTRONIC,2013_FIFTH_ELECTRONIC_SECOND_VERSION,DOCUMENTED_UNICODE_RECONCILIATION_NOT_BYTE_EXTRACTED_2013,JUCHITAN_HISTORICAL_SOURCE,STRUCTURED_BACKFILL_V0_1
PICKETT-ZE-1719,riuu bieque,riuu bieque,riuu bieque,riuu bieque,"[""riuu bieque""]",SUBENTRY,riuu,,,torcerse,riuu bieque torcerse,,33,47,1,ZAPOTECO_ESPAÑOL,BIB003_PICKETT_VOCABULARIO,2007_FIFTH_ELECTRONIC,2013_FIFTH_ELECTRONIC_SECOND_VERSION,DOCUMENTED_UNICODE_RECONCILIATION_NOT_BYTE_EXTRACTED_2013,JUCHITAN_HISTORICAL_SOURCE,STRUCTURED_BACKFILL_V0_1
PICKETT-ZE-1720,riuu biní,riuu biní,riuu biní,riuu biní,"[""riuu biní""]",SUBENTRY,riuu,,,sembrar (maíz),riuu biní sembrar (maíz),,33,47,1,ZAPOTECO_ESPAÑOL,BIB003_PICKETT_VOCABULARIO,2007_FIFTH_ELECTRONIC,2013_FIFTH_ELECTRONIC_SECOND_VERSION,DOCUMENTED_UNICODE_RECONCILIATION_NOT_BYTE_EXTRACTED_2013,JUCHITAN_HISTORICAL_SOURCE,STRUCTURED_BACKFILL_V0_1
PICKETT-ZE-1721,riuu chaahui’,riuu chaahui’,riuu chaahuiꞌ,riuu chaahuiꞌ,"[""riuu chaahuiꞌ""]",SUBENTRY,riuu,,,"guardarse, ahorrarse","riuu chaahui’ guardarse, ahorrarse",,33,47,1,ZAPOTECO_ESPAÑOL,BIB003_PICKETT_VOCABULARIO,2007_FIFTH_ELECTRONIC,2013_FIFTH_ELECTRONIC_SECOND_VERSION,DOCUMENTED_UNICODE_RECONCILIATION_NOT_BYTE_EXTRACTED_2013,JUCHITAN_HISTORICAL_SOURCE,STRUCTURED_BACKFILL_V0_1
PICKETT-ZE-1722,"riuu la’dxi’, riula’dxi’","riuu la’dxi’, riula’dxi’","riuu laꞌdxiꞌ, riulaꞌdxiꞌ",riuu laꞌdxiꞌ,"[""riuu laꞌdxiꞌ"", ""riulaꞌdxiꞌ""]",SUBENTRY,riuu,,,"gustar, agradar (es decir: le gusta, le agrada)","riuu la’dxi’, riula’dxi’ gustar, agradar","(es decir: le gusta, le agrada)",33,47,1,ZAPOTECO_ESPAÑOL,BIB003_PICKETT_VOCABULARIO,2007_FIFTH_ELECTRONIC,2013_FIFTH_ELECTRONIC_SECOND_VERSION,DOCUMENTED_UNICODE_RECONCILIATION_NOT_BYTE_EXTRACTED_2013,JUCHITAN_HISTORICAL_SOURCE,STRUCTURED_BACKFILL_V0_1
PICKETT-ZE-1723,riuu le,riuu le,riuu le,riuu le,"[""riuu le""]",SUBENTRY,riuu,,,"repetirse un sonido, tener eco","riuu le [b-a] repetirse un sonido, tener",eco,33,47,1,ZAPOTECO_ESPAÑOL,BIB003_PICKETT_VOCABULARIO,2007_FIFTH_ELECTRONIC,2013_FIFTH_ELECTRONIC_SECOND_VERSION,DOCUMENTED_UNICODE_RECONCILIATION_NOT_BYTE_EXTRACTED_2013,JUCHITAN_HISTORICAL_SOURCE,STRUCTURED_BACKFILL_V0_1
PICKETT-ZE-1724,riuu nisa,riuu nisa,riuu nisa,riuu nisa,"[""riuu nisa""]",SUBENTRY,riuu,,,bautizarse,riuu nisa bautizarse,,33,47,1,ZAPOTECO_ESPAÑOL,BIB003_PICKETT_VOCABULARIO,2007_FIFTH_ELECTRONIC,2013_FIFTH_ELECTRONIC_SECOND_VERSION,DOCUMENTED_UNICODE_RECONCILIATION_NOT_BYTE_EXTRACTED_2013,JUCHITAN_HISTORICAL_SOURCE,STRUCTURED_BACKFILL_V0_1
PICKETT-ZE-1725,riuu stiidxa’,riuu stiidxa’,riuu stiidxaꞌ,riuu stiidxaꞌ,"[""riuu stiidxaꞌ""]",SUBENTRY,riuu,,,casarse por lo civil,riuu stiidxa’ casarse por lo civil,,33,47,1,ZAPOTECO_ESPAÑOL,BIB003_PICKETT_VOCABULARIO,2007_FIFTH_ELECTRONIC,2013_FIFTH_ELECTRONIC_SECOND_VERSION,DOCUMENTED_UNICODE_RECONCILIATION_NOT_BYTE_EXTRACTED_2013,JUCHITAN_HISTORICAL_SOURCE,STRUCTURED_BACKFILL_V0_1
PICKETT-ZE-1726,riuu xii,riuu xii,riuu xii,riuu xii,"[""riuu xii""]",SUBENTRY,riuu,,,"oler, percibir el olor","riuu xii oler, percibir el olor",,33,47,1,ZAPOTECO_ESPAÑOL,BIB003_PICKETT_VOCABULARIO,2007_FIFTH_ELECTRONIC,2013_FIFTH_ELECTRONIC_SECOND_VERSION,DOCUMENTED_UNICODE_RECONCILIATION_NOT_BYTE_EXTRACTED_2013,JUCHITAN_HISTORICAL_SOURCE,STRUCTURED_BACKFILL_V0_1
PICKETT-ZE-1727,riuu xizaa,riuu xizaa,riuu xizaa,riuu xizaa,"[""riuu xizaa""]",SUBENTRY,riuu,,,preocuparse por algo que va a pasar,riuu xizaa [b-b.a] preocuparse por algo,que va a pasar,33,47,1,ZAPOTECO_ESPAÑOL,BIB003_PICKETT_VOCABULARIO,2007_FIFTH_ELECTRONIC,2013_FIFTH_ELECTRONIC_SECOND_VERSION,DOCUMENTED_UNICODE_RECONCILIATION_NOT_BYTE_EXTRACTED_2013,JUCHITAN_HISTORICAL_SOURCE,STRUCTURED_BACKFILL_V0_1
PICKETT-ZE-1728,riuá,riuá,riuá,riuá,"[""riuá""]",ENTRY,,,[b.a],disminuirse,riuá [b.a] disminuirse,,33,47,1,ZAPOTECO_ESPAÑOL,BIB003_PICKETT_VOCABULARIO,2007_FIFTH_ELECTRONIC,2013_FIFTH_ELECTRONIC_SECOND_VERSION,DOCUMENTED_UNICODE_RECONCILIATION_NOT_BYTE_EXTRACTED_2013,JUCHITAN_HISTORICAL_SOURCE,STRUCTURED_BACKFILL_V0_1
PICKETT-ZE-1729,riuá’ ridxi,riuá’ ridxi,riuáꞌ ridxi,riuáꞌ ridxi,"[""riuáꞌ ridxi""]",ENTRY,,,,haber gritería o griterío,riuá’ ridxi haber gritería o griterío,,33,47,1,ZAPOTECO_ESPAÑOL,BIB003_PICKETT_VOCABULARIO,2007_FIFTH_ELECTRONIC,2013_FIFTH_ELECTRONIC_SECOND_VERSION,DOCUMENTED_UNICODE_RECONCILIATION_NOT_BYTE_EXTRACTED_2013,JUCHITAN_HISTORICAL_SOURCE,STRUCTURED_BACKFILL_V0_1
PICKETT-ZE-1730,riuuba’,riuuba’,riuubaꞌ,riuubaꞌ,"[""riuubaꞌ""]",ENTRY,,,,doler,riuuba’ doler,,33,47,1,ZAPOTECO_ESPAÑOL,BIB003_PICKETT_VOCABULARIO,2007_FIFTH_ELECTRONIC,2013_FIFTH_ELECTRONIC_SECOND_VERSION,DOCUMENTED_UNICODE_RECONCILIATION_NOT_BYTE_EXTRACTED_2013,JUCHITAN_HISTORICAL_SOURCE,STRUCTURED_BACKFILL_V0_1
PICKETT-ZE-1731,riu’cha’,riu’cha’,riuꞌchaꞌ,riuꞌchaꞌ,"[""riuꞌchaꞌ""]",ENTRY,,,,"revolverse, mezclarse","riu’cha’ revolverse, mezclarse",,33,47,1,ZAPOTECO_ESPAÑOL,BIB003_PICKETT_VOCABULARIO,2007_FIFTH_ELECTRONIC,2013_FIFTH_ELECTRONIC_SECOND_VERSION,DOCUMENTED_UNICODE_RECONCILIATION_NOT_BYTE_EXTRACTED_2013,JUCHITAN_HISTORICAL_SOURCE,STRUCTURED_BACKFILL_V0_1
PICKETT-ZE-1732,riuuda’,riuuda’,riuudaꞌ,riuudaꞌ,"[""riuudaꞌ""]",ENTRY,,,,trenzarse,riuuda’ trenzarse,,33,47,1,ZAPOTECO_ESPAÑOL,BIB003_PICKETT_VOCABULARIO,2007_FIFTH_ELECTRONIC,2013_FIFTH_ELECTRONIC_SECOND_VERSION,DOCUMENTED_UNICODE_RECONCILIATION_NOT_BYTE_EXTRACTED_2013,JUCHITAN_HISTORICAL_SOURCE,STRUCTURED_BACKFILL_V0_1
PICKETT-ZE-1733,riu’dxu’,riu’dxu’,riuꞌdxuꞌ,riuꞌdxuꞌ,"[""riuꞌdxuꞌ""]",ENTRY,,,,pudrirse,riu’dxu’ pudrirse,,33,47,1,ZAPOTECO_ESPAÑOL,BIB003_PICKETT_VOCABULARIO,2007_FIFTH_ELECTRONIC,2013_FIFTH_ELECTRONIC_SECOND_VERSION,DOCUMENTED_UNICODE_RECONCILIATION_NOT_BYTE_EXTRACTED_2013,JUCHITAN_HISTORICAL_SOURCE,STRUCTURED_BACKFILL_V0_1
PICKETT-ZE-1734,"riula’dxi’, riuu la’dxi’","riula’dxi’, riuu la’dxi’","riulaꞌdxiꞌ, riuu laꞌdxiꞌ",riulaꞌdxiꞌ,"[""riulaꞌdxiꞌ"", ""riuu laꞌdxiꞌ""]",ENTRY,,,,"gustar, agradar (es decir: le gusta, le agrada)","riula’dxi’, riuu la’dxi’ gustar, agradar (es","decir: le gusta, le agrada)",33,47,1,ZAPOTECO_ESPAÑOL,BIB003_PICKETT_VOCABULARIO,2007_FIFTH_ELECTRONIC,2013_FIFTH_ELECTRONIC_SECOND_VERSION,DOCUMENTED_UNICODE_RECONCILIATION_NOT_BYTE_EXTRACTED_2013,JUCHITAN_HISTORICAL_SOURCE,STRUCTURED_BACKFILL_V0_1
PICKETT-ZE-1735,riunda,riunda,riunda,riunda,"[""riunda""]",ENTRY,,,,torcerse,riunda torcerse,,33,47,1,ZAPOTECO_ESPAÑOL,BIB003_PICKETT_VOCABULARIO,2007_FIFTH_ELECTRONIC,2013_FIFTH_ELECTRONIC_SECOND_VERSION,DOCUMENTED_UNICODE_RECONCILIATION_NOT_BYTE_EXTRACTED_2013,JUCHITAN_HISTORICAL_SOURCE,STRUCTURED_BACKFILL_V0_1
PICKETT-ZE-1736,riuunda’,riuunda’,riuundaꞌ,riuundaꞌ,"[""riuundaꞌ""]",ENTRY,,,,"leerse, cantarse","riuunda’ leerse, cantarse",,33,47,1,ZAPOTECO_ESPAÑOL,BIB003_PICKETT_VOCABULARIO,2007_FIFTH_ELECTRONIC,2013_FIFTH_ELECTRONIC_SECOND_VERSION,DOCUMENTED_UNICODE_RECONCILIATION_NOT_BYTE_EXTRACTED_2013,JUCHITAN_HISTORICAL_SOURCE,STRUCTURED_BACKFILL_V0_1
PICKETT-ZE-1737,riuutu’,riuutu’,riuutuꞌ,riuutuꞌ,"[""riuutuꞌ""]",ENTRY,,,,molerse,riuutu’ molerse,,33,47,1,ZAPOTECO_ESPAÑOL,BIB003_PICKETT_VOCABULARIO,2007_FIFTH_ELECTRONIC,2013_FIFTH_ELECTRONIC_SECOND_VERSION,DOCUMENTED_UNICODE_RECONCILIATION_NOT_BYTE_EXTRACTED_2013,JUCHITAN_HISTORICAL_SOURCE,STRUCTURED_BACKFILL_V0_1
PICKETT-ZE-1738,riuxe,riuxe,riuxe,riuxe,"[""riuxe""]",ENTRY,,,,desgastarse,riuxe desgastarse,,33,47,1,ZAPOTECO_ESPAÑOL,BIB003_PICKETT_VOCABULARIO,2007_FIFTH_ELECTRONIC,2013_FIFTH_ELECTRONIC_SECOND_VERSION,DOCUMENTED_UNICODE_RECONCILIATION_NOT_BYTE_EXTRACTED_2013,JUCHITAN_HISTORICAL_SOURCE,STRUCTURED_BACKFILL_V0_1
PICKETT-ZE-1739,rixá,rixá,rixá,rixá,"[""rixá""]",ENTRY,,,,"borrarse, derrumbarse, tumbarse, desbaratarse","rixá borrarse, derrumbarse, tumbarse,",desbaratarse,33,47,1,ZAPOTECO_ESPAÑOL,BIB003_PICKETT_VOCABULARIO,2007_FIFTH_ELECTRONIC,2013_FIFTH_ELECTRONIC_SECOND_VERSION,DOCUMENTED_UNICODE_RECONCILIATION_NOT_BYTE_EXTRACTED_2013,JUCHITAN_HISTORICAL_SOURCE,STRUCTURED_BACKFILL_V0_1
PICKETT-ZE-1740,rixague’,rixague’,rixagueꞌ,rixagueꞌ,"[""rixagueꞌ""]",ENTRY,,,[b.b.al],desatarse,rixague’ [b.b.al] desatarse,,33,47,1,ZAPOTECO_ESPAÑOL,BIB003_PICKETT_VOCABULARIO,2007_FIFTH_ELECTRONIC,2013_FIFTH_ELECTRONIC_SECOND_VERSION,DOCUMENTED_UNICODE_RECONCILIATION_NOT_BYTE_EXTRACTED_2013,JUCHITAN_HISTORICAL_SOURCE,STRUCTURED_BACKFILL_V0_1
PICKETT-ZE-1741,rixaœe’,rixaḻe’,rixaḻeꞌ,rixaḻeꞌ,"[""rixaḻeꞌ""]",ENTRY,,,[b.b.al],"abrirse; apartarse, retirarse, arrimarse","rixaœe’ [b.b.al] abrirse; apartarse, retirarse,",arrimarse,33,47,1,ZAPOTECO_ESPAÑOL,BIB003_PICKETT_VOCABULARIO,2007_FIFTH_ELECTRONIC,2013_FIFTH_ELECTRONIC_SECOND_VERSION,DOCUMENTED_UNICODE_RECONCILIATION_NOT_BYTE_EXTRACTED_2013,JUCHITAN_HISTORICAL_SOURCE,STRUCTURED_BACKFILL_V0_1
PICKETT-ZE-1742,rixana,rixana,rixana,rixana,"[""rixana""]",ENTRY,,,,"dar a luz, parir","rixana dar a luz, parir",,33,47,1,ZAPOTECO_ESPAÑOL,BIB003_PICKETT_VOCABULARIO,2007_FIFTH_ELECTRONIC,2013_FIFTH_ELECTRONIC_SECOND_VERSION,DOCUMENTED_UNICODE_RECONCILIATION_NOT_BYTE_EXTRACTED_2013,JUCHITAN_HISTORICAL_SOURCE,STRUCTURED_BACKFILL_V0_1
PICKETT-ZE-1743,rixaata’,rixaata’,rixaataꞌ,rixaataꞌ,"[""rixaataꞌ""]",ENTRY,,,,aplastarse,rixaata’ aplastarse,,33,47,1,ZAPOTECO_ESPAÑOL,BIB003_PICKETT_VOCABULARIO,2007_FIFTH_ELECTRONIC,2013_FIFTH_ELECTRONIC_SECOND_VERSION,DOCUMENTED_UNICODE_RECONCILIATION_NOT_BYTE_EXTRACTED_2013,JUCHITAN_HISTORICAL_SOURCE,STRUCTURED_BACKFILL_V0_1
PICKETT-ZE-1744,rixedxe’,rixedxe’,rixedxeꞌ,rixedxeꞌ,"[""rixedxeꞌ""]",ENTRY,,,[b.b.al],desatarse,rixedxe’ [b.b.al] desatarse,,33,47,1,ZAPOTECO_ESPAÑOL,BIB003_PICKETT_VOCABULARIO,2007_FIFTH_ELECTRONIC,2013_FIFTH_ELECTRONIC_SECOND_VERSION,DOCUMENTED_UNICODE_RECONCILIATION_NOT_BYTE_EXTRACTED_2013,JUCHITAN_HISTORICAL_SOURCE,STRUCTURED_BACKFILL_V0_1
PICKETT-ZE-1745,rixegue’,rixegue’,rixegueꞌ,rixegueꞌ,"[""rixegueꞌ""]",ENTRY,,,[b.b.al],desatarse,rixegue’ [b.b.al] desatarse,,33,47,1,ZAPOTECO_ESPAÑOL,BIB003_PICKETT_VOCABULARIO,2007_FIFTH_ELECTRONIC,2013_FIFTH_ELECTRONIC_SECOND_VERSION,DOCUMENTED_UNICODE_RECONCILIATION_NOT_BYTE_EXTRACTED_2013,JUCHITAN_HISTORICAL_SOURCE,STRUCTURED_BACKFILL_V0_1
PICKETT-ZE-1746,rixeœe’,rixeḻe’,rixeḻeꞌ,rixeḻeꞌ,"[""rixeḻeꞌ""]",ENTRY,,,[b.b.al],"abrirse; apartarse, retirarse, arrimarse","rixeœe’ [b.b.al] abrirse; apartarse, retirarse,",arrimarse,33,47,1,ZAPOTECO_ESPAÑOL,BIB003_PICKETT_VOCABULARIO,2007_FIFTH_ELECTRONIC,2013_FIFTH_ELECTRONIC_SECOND_VERSION,DOCUMENTED_UNICODE_RECONCILIATION_NOT_BYTE_EXTRACTED_2013,JUCHITAN_HISTORICAL_SOURCE,STRUCTURED_BACKFILL_V0_1
PICKETT-ZE-1747,rixí,rixí,rixí,rixí,"[""rixí""]",ENTRY,,,,ponerse salado,rixí ponerse salado,,33,47,1,ZAPOTECO_ESPAÑOL,BIB003_PICKETT_VOCABULARIO,2007_FIFTH_ELECTRONIC,2013_FIFTH_ELECTRONIC_SECOND_VERSION,DOCUMENTED_UNICODE_RECONCILIATION_NOT_BYTE_EXTRACTED_2013,JUCHITAN_HISTORICAL_SOURCE,STRUCTURED_BACKFILL_V0_1
PICKETT-ZE-1748,rixii,rixii,rixii,rixii,"[""rixii""]",ENTRY,,,,ordeñarse; exprimirse,rixii ordeñarse; exprimirse,,33,47,1,ZAPOTECO_ESPAÑOL,BIB003_PICKETT_VOCABULARIO,2007_FIFTH_ELECTRONIC,2013_FIFTH_ELECTRONIC_SECOND_VERSION,DOCUMENTED_UNICODE_RECONCILIATION_NOT_BYTE_EXTRACTED_2013,JUCHITAN_HISTORICAL_SOURCE,STRUCTURED_BACKFILL_V0_1
PICKETT-ZE-1749,rixii ndaani’,rixii ndaani’,rixii ndaaniꞌ,rixii ndaaniꞌ,"[""rixii ndaaniꞌ""]",SUBENTRY,rixii,,,ceñirse,rixii ndaani’ ceñirse,,33,47,1,ZAPOTECO_ESPAÑOL,BIB003_PICKETT_VOCABULARIO,2007_FIFTH_ELECTRONIC,2013_FIFTH_ELECTRONIC_SECOND_VERSION,DOCUMENTED_UNICODE_RECONCILIATION_NOT_BYTE_EXTRACTED_2013,JUCHITAN_HISTORICAL_SOURCE,STRUCTURED_BACKFILL_V0_1
PICKETT-ZE-1750,rixii,rixii,rixii,rixii,"[""rixii""]",ENTRY,,,[b.a],"tirarse, derramarse (líquidos)","rixii [b.a] tirarse, derramarse (líquidos)",,33,47,1,ZAPOTECO_ESPAÑOL,BIB003_PICKETT_VOCABULARIO,2007_FIFTH_ELECTRONIC,2013_FIFTH_ELECTRONIC_SECOND_VERSION,DOCUMENTED_UNICODE_RECONCILIATION_NOT_BYTE_EXTRACTED_2013,JUCHITAN_HISTORICAL_SOURCE,STRUCTURED_BACKFILL_V0_1
PICKETT-ZE-1751,rixiá,rixiá,rixiá,rixiá,"[""rixiá""]",ENTRY,,,,"borrarse, desbaratarse","rixiá borrarse, desbaratarse",,33,47,1,ZAPOTECO_ESPAÑOL,BIB003_PICKETT_VOCABULARIO,2007_FIFTH_ELECTRONIC,2013_FIFTH_ELECTRONIC_SECOND_VERSION,DOCUMENTED_UNICODE_RECONCILIATION_NOT_BYTE_EXTRACTED_2013,JUCHITAN_HISTORICAL_SOURCE,STRUCTURED_BACKFILL_V0_1
PICKETT-ZE-1752,rixidxi,rixidxi,rixidxi,rixidxi,"[""rixidxi""]",ENTRY,,,,"sonar, hacer ruido; tocarse (instrumento)","rixidxi sonar, hacer ruido; tocarse",(instrumento),33,47,2,ZAPOTECO_ESPAÑOL,BIB003_PICKETT_VOCABULARIO,2007_FIFTH_ELECTRONIC,2013_FIFTH_ELECTRONIC_SECOND_VERSION,DOCUMENTED_UNICODE_RECONCILIATION_NOT_BYTE_EXTRACTED_2013,JUCHITAN_HISTORICAL_SOURCE,STRUCTURED_BACKFILL_V0_1
PICKETT-ZE-1753,rixidxi laa,rixidxi laa,rixidxi laa,rixidxi laa,"[""rixidxi laa""]",SUBENTRY,rixidxi,,,"tronar, sonar hueco","rixidxi laa [b-a] tronar, sonar hueco",,33,47,2,ZAPOTECO_ESPAÑOL,BIB003_PICKETT_VOCABULARIO,2007_FIFTH_ELECTRONIC,2013_FIFTH_ELECTRONIC_SECOND_VERSION,DOCUMENTED_UNICODE_RECONCILIATION_NOT_BYTE_EXTRACTED_2013,JUCHITAN_HISTORICAL_SOURCE,STRUCTURED_BACKFILL_V0_1
PICKETT-ZE-1754,rixié’,rixié’,rixiéꞌ,rixiéꞌ,"[""rixiéꞌ""]",ENTRY,,,[b.al],escasearse; consumirse,rixié’ [b.al] escasearse; consumirse,,33,47,2,ZAPOTECO_ESPAÑOL,BIB003_PICKETT_VOCABULARIO,2007_FIFTH_ELECTRONIC,2013_FIFTH_ELECTRONIC_SECOND_VERSION,DOCUMENTED_UNICODE_RECONCILIATION_NOT_BYTE_EXTRACTED_2013,JUCHITAN_HISTORICAL_SOURCE,STRUCTURED_BACKFILL_V0_1
PICKETT-ZE-1755,rixiñá,rixiñá,rixiñá,rixiñá,"[""rixiñá""]",ENTRY,,,,"ponerse rojo, enrojecer","rixiñá ponerse rojo, enrojecer",,33,47,2,ZAPOTECO_ESPAÑOL,BIB003_PICKETT_VOCABULARIO,2007_FIFTH_ELECTRONIC,2013_FIFTH_ELECTRONIC_SECOND_VERSION,DOCUMENTED_UNICODE_RECONCILIATION_NOT_BYTE_EXTRACTED_2013,JUCHITAN_HISTORICAL_SOURCE,STRUCTURED_BACKFILL_V0_1
PICKETT-ZE-1756,rixiiñe’,rixiiñe’,rixiiñeꞌ,rixiiñeꞌ,"[""rixiiñeꞌ""]",ENTRY,,,,descomponerse,rixiiñe’ descomponerse,,33,47,2,ZAPOTECO_ESPAÑOL,BIB003_PICKETT_VOCABULARIO,2007_FIFTH_ELECTRONIC,2013_FIFTH_ELECTRONIC_SECOND_VERSION,DOCUMENTED_UNICODE_RECONCILIATION_NOT_BYTE_EXTRACTED_2013,JUCHITAN_HISTORICAL_SOURCE,STRUCTURED_BACKFILL_V0_1
PICKETT-ZE-1757,rixuuba’,rixuuba’,rixuubaꞌ,rixuubaꞌ,"[""rixuubaꞌ""]",ENTRY,,,,nadar,rixuuba’ nadar,,33,47,2,ZAPOTECO_ESPAÑOL,BIB003_PICKETT_VOCABULARIO,2007_FIFTH_ELECTRONIC,2013_FIFTH_ELECTRONIC_SECOND_VERSION,DOCUMENTED_UNICODE_RECONCILIATION_NOT_BYTE_EXTRACTED_2013,JUCHITAN_HISTORICAL_SOURCE,STRUCTURED_BACKFILL_V0_1
PICKETT-ZE-1758,rixuba laahua,rixuba laahua,rixuba laahua,rixuba laahua,"[""rixuba laahua""]",SUBENTRY,rixuubaꞌ,,,"flotar, susceptible de flotar","rixuba laahua [b-a] flotar, susceptible",de flotar,33,47,2,ZAPOTECO_ESPAÑOL,BIB003_PICKETT_VOCABULARIO,2007_FIFTH_ELECTRONIC,2013_FIFTH_ELECTRONIC_SECOND_VERSION,DOCUMENTED_UNICODE_RECONCILIATION_NOT_BYTE_EXTRACTED_2013,JUCHITAN_HISTORICAL_SOURCE,STRUCTURED_BACKFILL_V0_1
PICKETT-ZE-1759,rixuuba bere,rixuuba bere,rixuuba bere,rixuuba bere,"[""rixuuba bere""]",ENTRY,,,,empollar,rixuuba bere empollar,,33,47,2,ZAPOTECO_ESPAÑOL,BIB003_PICKETT_VOCABULARIO,2007_FIFTH_ELECTRONIC,2013_FIFTH_ELECTRONIC_SECOND_VERSION,DOCUMENTED_UNICODE_RECONCILIATION_NOT_BYTE_EXTRACTED_2013,JUCHITAN_HISTORICAL_SOURCE,STRUCTURED_BACKFILL_V0_1
PICKETT-ZE-1760,rixuuba niza,rixuuba niza,rixuuba niza,rixuuba niza,"[""rixuuba niza""]",ENTRY,,,,"desgranar la mazorca, desgranarse la mazorca","rixuuba niza desgranar la mazorca,",desgranarse la mazorca,33,47,2,ZAPOTECO_ESPAÑOL,BIB003_PICKETT_VOCABULARIO,2007_FIFTH_ELECTRONIC,2013_FIFTH_ELECTRONIC_SECOND_VERSION,DOCUMENTED_UNICODE_RECONCILIATION_NOT_BYTE_EXTRACTED_2013,JUCHITAN_HISTORICAL_SOURCE,STRUCTURED_BACKFILL_V0_1
PICKETT-ZE-1761,rixubacuiini’,rixubacuiini’,rixubacuiiniꞌ,rixubacuiiniꞌ,"[""rixubacuiiniꞌ""]",ENTRY,,,,"dobladillarse, bastillarse","rixubacuiini’ dobladillarse, bastillarse",,33,47,2,ZAPOTECO_ESPAÑOL,BIB003_PICKETT_VOCABULARIO,2007_FIFTH_ELECTRONIC,2013_FIFTH_ELECTRONIC_SECOND_VERSION,DOCUMENTED_UNICODE_RECONCILIATION_NOT_BYTE_EXTRACTED_2013,JUCHITAN_HISTORICAL_SOURCE,STRUCTURED_BACKFILL_V0_1
PICKETT-ZE-1762,rixubi,rixubi,rixubi,rixubi,"[""rixubi""]",ENTRY,,,,"enchuecarse el cuerpo, frotar, rozar","rixubi enchuecarse el cuerpo, frotar, rozar",,33,47,2,ZAPOTECO_ESPAÑOL,BIB003_PICKETT_VOCABULARIO,2007_FIFTH_ELECTRONIC,2013_FIFTH_ELECTRONIC_SECOND_VERSION,DOCUMENTED_UNICODE_RECONCILIATION_NOT_BYTE_EXTRACTED_2013,JUCHITAN_HISTORICAL_SOURCE,STRUCTURED_BACKFILL_V0_1
PICKETT-ZE-1763,rixubi yu,rixubi yu,rixubi yu,rixubi yu,"[""rixubi yu""]",SUBENTRY,rixubi,(v-tr),,arrastrar,rixubi yu (v-tr) arrastrar,,33,47,2,ZAPOTECO_ESPAÑOL,BIB003_PICKETT_VOCABULARIO,2007_FIFTH_ELECTRONIC,2013_FIFTH_ELECTRONIC_SECOND_VERSION,DOCUMENTED_UNICODE_RECONCILIATION_NOT_BYTE_EXTRACTED_2013,JUCHITAN_HISTORICAL_SOURCE,STRUCTURED_BACKFILL_V0_1
PICKETT-ZE-1764,rixuubi,rixuubi,rixuubi,rixuubi,"[""rixuubi""]",ENTRY,,,[b.b.a],rozarse,rixuubi [b.b.a] rozarse,,33,47,2,ZAPOTECO_ESPAÑOL,BIB003_PICKETT_VOCABULARIO,2007_FIFTH_ELECTRONIC,2013_FIFTH_ELECTRONIC_SECOND_VERSION,DOCUMENTED_UNICODE_RECONCILIATION_NOT_BYTE_EXTRACTED_2013,JUCHITAN_HISTORICAL_SOURCE,STRUCTURED_BACKFILL_V0_1
PICKETT-ZE-1765,rixubi yu,rixubi yu,rixubi yu,rixubi yu,"[""rixubi yu""]",SUBENTRY,rixuubi,(v-intr),[b-al],arrastrar (le arrastran),rixubi yu [b-al] (v-intr) arrastrar (le,arrastran),33,47,2,ZAPOTECO_ESPAÑOL,BIB003_PICKETT_VOCABULARIO,2007_FIFTH_ELECTRONIC,2013_FIFTH_ELECTRONIC_SECOND_VERSION,DOCUMENTED_UNICODE_RECONCILIATION_NOT_BYTE_EXTRACTED_2013,JUCHITAN_HISTORICAL_SOURCE,STRUCTURED_BACKFILL_V0_1
PICKETT-ZE-1766,rixudxi,rixudxi,rixudxi,rixudxi,"[""rixudxi""]",ENTRY,,,,emborracharse,rixudxi emborracharse,,33,47,2,ZAPOTECO_ESPAÑOL,BIB003_PICKETT_VOCABULARIO,2007_FIFTH_ELECTRONIC,2013_FIFTH_ELECTRONIC_SECOND_VERSION,DOCUMENTED_UNICODE_RECONCILIATION_NOT_BYTE_EXTRACTED_2013,JUCHITAN_HISTORICAL_SOURCE,STRUCTURED_BACKFILL_V0_1
PICKETT-ZE-1767,rixuí’,rixuí’,rixuíꞌ,rixuíꞌ,"[""rixuíꞌ""]",ENTRY,,,,comprarse,rixuí’ comprarse,,33,47,2,ZAPOTECO_ESPAÑOL,BIB003_PICKETT_VOCABULARIO,2007_FIFTH_ELECTRONIC,2013_FIFTH_ELECTRONIC_SECOND_VERSION,DOCUMENTED_UNICODE_RECONCILIATION_NOT_BYTE_EXTRACTED_2013,JUCHITAN_HISTORICAL_SOURCE,STRUCTURED_BACKFILL_V0_1
PICKETT-ZE-1768,rixuí’ lú,rixuí’ lú,rixuíꞌ lú,rixuíꞌ lú,"[""rixuíꞌ lú""]",ENTRY,,,,imaginar,rixuí’ lú imaginar,,33,47,2,ZAPOTECO_ESPAÑOL,BIB003_PICKETT_VOCABULARIO,2007_FIFTH_ELECTRONIC,2013_FIFTH_ELECTRONIC_SECOND_VERSION,DOCUMENTED_UNICODE_RECONCILIATION_NOT_BYTE_EXTRACTED_2013,JUCHITAN_HISTORICAL_SOURCE,STRUCTURED_BACKFILL_V0_1
PICKETT-ZE-1769,rixuuna’,rixuuna’,rixuunaꞌ,rixuunaꞌ,"[""rixuunaꞌ""]",ENTRY,,,,"obrar, evacuar, defecar","rixuuna’ obrar, evacuar, defecar",,33,47,2,ZAPOTECO_ESPAÑOL,BIB003_PICKETT_VOCABULARIO,2007_FIFTH_ELECTRONIC,2013_FIFTH_ELECTRONIC_SECOND_VERSION,DOCUMENTED_UNICODE_RECONCILIATION_NOT_BYTE_EXTRACTED_2013,JUCHITAN_HISTORICAL_SOURCE,STRUCTURED_BACKFILL_V0_1
PICKETT-ZE-1770,rixupi,rixupi,rixupi,rixupi,"[""rixupi""]",ENTRY,,,,"chupar, lamer chupando","rixupi chupar, lamer chupando",,33,47,2,ZAPOTECO_ESPAÑOL,BIB003_PICKETT_VOCABULARIO,2007_FIFTH_ELECTRONIC,2013_FIFTH_ELECTRONIC_SECOND_VERSION,DOCUMENTED_UNICODE_RECONCILIATION_NOT_BYTE_EXTRACTED_2013,JUCHITAN_HISTORICAL_SOURCE,STRUCTURED_BACKFILL_V0_1
PICKETT-ZE-1771,rixhaca la’dxi’,rixhaca la’dxi’,rixhaca laꞌdxiꞌ,rixhaca laꞌdxiꞌ,"[""rixhaca laꞌdxiꞌ""]",ENTRY,,,,"aburrirse, fastidiarse, enfadarse","rixhaca la’dxi’ aburrirse, fastidiarse,",enfadarse,33,47,2,ZAPOTECO_ESPAÑOL,BIB003_PICKETT_VOCABULARIO,2007_FIFTH_ELECTRONIC,2013_FIFTH_ELECTRONIC_SECOND_VERSION,DOCUMENTED_UNICODE_RECONCILIATION_NOT_BYTE_EXTRACTED_2013,JUCHITAN_HISTORICAL_SOURCE,STRUCTURED_BACKFILL_V0_1
PICKETT-ZE-1772,rixhinni,rixhinni,rixhinni,rixhinni,"[""rixhinni""]",ENTRY,,,,"hacerse noche, anochecerse","rixhinni hacerse noche, anochecerse",,33,47,2,ZAPOTECO_ESPAÑOL,BIB003_PICKETT_VOCABULARIO,2007_FIFTH_ELECTRONIC,2013_FIFTH_ELECTRONIC_SECOND_VERSION,DOCUMENTED_UNICODE_RECONCILIATION_NOT_BYTE_EXTRACTED_2013,JUCHITAN_HISTORICAL_SOURCE,STRUCTURED_BACKFILL_V0_1
PICKETT-ZE-1773,rixhopa,rixhopa,rixhopa,rixhopa,"[""rixhopa""]",ENTRY,,,[b.b.a],"contraerse, encogerse; encarrujarse","rixhopa [b.b.a] contraerse, encogerse;",encarrujarse,33,47,2,ZAPOTECO_ESPAÑOL,BIB003_PICKETT_VOCABULARIO,2007_FIFTH_ELECTRONIC,2013_FIFTH_ELECTRONIC_SECOND_VERSION,DOCUMENTED_UNICODE_RECONCILIATION_NOT_BYTE_EXTRACTED_2013,JUCHITAN_HISTORICAL_SOURCE,STRUCTURED_BACKFILL_V0_1
PICKETT-ZE-1774,rixhuxhu,rixhuxhu,rixhuxhu,rixhuxhu,"[""rixhuxhu""]",ENTRY,,,[b.b.a],hacerse quebradizo,rixhuxhu [b.b.a] hacerse quebradizo,,33,47,2,ZAPOTECO_ESPAÑOL,BIB003_PICKETT_VOCABULARIO,2007_FIFTH_ELECTRONIC,2013_FIFTH_ELECTRONIC_SECOND_VERSION,DOCUMENTED_UNICODE_RECONCILIATION_NOT_BYTE_EXTRACTED_2013,JUCHITAN_HISTORICAL_SOURCE,STRUCTURED_BACKFILL_V0_1
PICKETT-ZE-1775,riyaase’,riyaase’,riyaaseꞌ,riyaaseꞌ,"[""riyaaseꞌ""]",ENTRY,,,,ennegrecerse,riyaase’ ennegrecerse,,33,47,2,ZAPOTECO_ESPAÑOL,BIB003_PICKETT_VOCABULARIO,2007_FIFTH_ELECTRONIC,2013_FIFTH_ELECTRONIC_SECOND_VERSION,DOCUMENTED_UNICODE_RECONCILIATION_NOT_BYTE_EXTRACTED_2013,JUCHITAN_HISTORICAL_SOURCE,STRUCTURED_BACKFILL_V0_1
PICKETT-ZE-1776,rizá,rizá,rizá,rizá,"[""rizá""]",ENTRY,,,,"caminar, andar, ensartarse","rizá caminar, andar, ensartarse",,33,47,2,ZAPOTECO_ESPAÑOL,BIB003_PICKETT_VOCABULARIO,2007_FIFTH_ELECTRONIC,2013_FIFTH_ELECTRONIC_SECOND_VERSION,DOCUMENTED_UNICODE_RECONCILIATION_NOT_BYTE_EXTRACTED_2013,JUCHITAN_HISTORICAL_SOURCE,STRUCTURED_BACKFILL_V0_1
PICKETT-ZE-1777,rizá begu ique,rizá begu ique,rizá begu ique,rizá begu ique,"[""rizá begu ique""]",SUBENTRY,rizá,,,peinarse,rizá begu ique [b-b-al.b] peinarse,,33,47,2,ZAPOTECO_ESPAÑOL,BIB003_PICKETT_VOCABULARIO,2007_FIFTH_ELECTRONIC,2013_FIFTH_ELECTRONIC_SECOND_VERSION,DOCUMENTED_UNICODE_RECONCILIATION_NOT_BYTE_EXTRACTED_2013,JUCHITAN_HISTORICAL_SOURCE,STRUCTURED_BACKFILL_V0_1
PICKETT-ZE-1778,rizá niru,rizá niru,rizá niru,rizá niru,"[""rizá niru""]",SUBENTRY,rizá,,,caminar adelante,rizá niru [b-a] caminar adelante,,33,47,2,ZAPOTECO_ESPAÑOL,BIB003_PICKETT_VOCABULARIO,2007_FIFTH_ELECTRONIC,2013_FIFTH_ELECTRONIC_SECOND_VERSION,DOCUMENTED_UNICODE_RECONCILIATION_NOT_BYTE_EXTRACTED_2013,JUCHITAN_HISTORICAL_SOURCE,STRUCTURED_BACKFILL_V0_1
PICKETT-ZE-1779,rizá nisa,rizá nisa,rizá nisa,rizá nisa,"[""rizá nisa""]",SUBENTRY,rizá,,,enjuagarse,rizá nisa enjuagarse,,33,47,2,ZAPOTECO_ESPAÑOL,BIB003_PICKETT_VOCABULARIO,2007_FIFTH_ELECTRONIC,2013_FIFTH_ELECTRONIC_SECOND_VERSION,DOCUMENTED_UNICODE_RECONCILIATION_NOT_BYTE_EXTRACTED_2013,JUCHITAN_HISTORICAL_SOURCE,STRUCTURED_BACKFILL_V0_1
PICKETT-ZE-1780,rizá,rizá,rizá,rizá,"[""rizá""]",ENTRY,,,[b.a],ir a pasear,rizá [b.a] ir a pasear,,33,47,2,ZAPOTECO_ESPAÑOL,BIB003_PICKETT_VOCABULARIO,2007_FIFTH_ELECTRONIC,2013_FIFTH_ELECTRONIC_SECOND_VERSION,DOCUMENTED_UNICODE_RECONCILIATION_NOT_BYTE_EXTRACTED_2013,JUCHITAN_HISTORICAL_SOURCE,STRUCTURED_BACKFILL_V0_1
PICKETT-ZE-1781,rizaa,rizaa,rizaa,rizaa,"[""rizaa""]",ENTRY,,,,"completarse, cumplirse","rizaa completarse, cumplirse",,33,47,2,ZAPOTECO_ESPAÑOL,BIB003_PICKETT_VOCABULARIO,2007_FIFTH_ELECTRONIC,2013_FIFTH_ELECTRONIC_SECOND_VERSION,DOCUMENTED_UNICODE_RECONCILIATION_NOT_BYTE_EXTRACTED_2013,JUCHITAN_HISTORICAL_SOURCE,STRUCTURED_BACKFILL_V0_1
PICKETT-ZE-1782,rizaa la’dxi’,rizaa la’dxi’,rizaa laꞌdxiꞌ,rizaa laꞌdxiꞌ,"[""rizaa laꞌdxiꞌ""]",SUBENTRY,rizaa,,,"preocuparse, hacer caso","rizaa la’dxi’ preocuparse, hacer caso",,33,47,2,ZAPOTECO_ESPAÑOL,BIB003_PICKETT_VOCABULARIO,2007_FIFTH_ELECTRONIC,2013_FIFTH_ELECTRONIC_SECOND_VERSION,DOCUMENTED_UNICODE_RECONCILIATION_NOT_BYTE_EXTRACTED_2013,JUCHITAN_HISTORICAL_SOURCE,STRUCTURED_BACKFILL_V0_1
PICKETT-ZE-1783,rizaabi,rizaabi,rizaabi,rizaabi,"[""rizaabi""]",ENTRY,,,[b.b.a],"gustar, agradar","rizaabi [b.b.a] gustar, agradar",,33,47,2,ZAPOTECO_ESPAÑOL,BIB003_PICKETT_VOCABULARIO,2007_FIFTH_ELECTRONIC,2013_FIFTH_ELECTRONIC_SECOND_VERSION,DOCUMENTED_UNICODE_RECONCILIATION_NOT_BYTE_EXTRACTED_2013,JUCHITAN_HISTORICAL_SOURCE,STRUCTURED_BACKFILL_V0_1
PICKETT-ZE-1784,rizabi la’dxi’,rizabi la’dxi’,rizabi laꞌdxiꞌ,rizabi laꞌdxiꞌ,"[""rizabi laꞌdxiꞌ""]",SUBENTRY,rizaabi,,,desear,rizabi la’dxi’ desear,,33,47,2,ZAPOTECO_ESPAÑOL,BIB003_PICKETT_VOCABULARIO,2007_FIFTH_ELECTRONIC,2013_FIFTH_ELECTRONIC_SECOND_VERSION,DOCUMENTED_UNICODE_RECONCILIATION_NOT_BYTE_EXTRACTED_2013,JUCHITAN_HISTORICAL_SOURCE,STRUCTURED_BACKFILL_V0_1
PICKETT-ZE-1785,rizaca,rizaca,rizaca,rizaca,"[""rizaca""]",ENTRY,,,,"felicitar, congratular; dar la bienvenida; condolerse","rizaca felicitar, congratular; dar la",bienvenida; condolerse,33,47,2,ZAPOTECO_ESPAÑOL,BIB003_PICKETT_VOCABULARIO,2007_FIFTH_ELECTRONIC,2013_FIFTH_ELECTRONIC_SECOND_VERSION,DOCUMENTED_UNICODE_RECONCILIATION_NOT_BYTE_EXTRACTED_2013,JUCHITAN_HISTORICAL_SOURCE,STRUCTURED_BACKFILL_V0_1
PICKETT-ZE-1786,rizaaca lú,rizaaca lú,rizaaca lú,rizaaca lú,"[""rizaaca lú""]",ENTRY,,,[b-al],"le acontece, le sucede","rizaaca lú [b-al] le acontece, le sucede",,33,47,2,ZAPOTECO_ESPAÑOL,BIB003_PICKETT_VOCABULARIO,2007_FIFTH_ELECTRONIC,2013_FIFTH_ELECTRONIC_SECOND_VERSION,DOCUMENTED_UNICODE_RECONCILIATION_NOT_BYTE_EXTRACTED_2013,JUCHITAN_HISTORICAL_SOURCE,STRUCTURED_BACKFILL_V0_1
PICKETT-ZE-1787,rizee,rizee,rizee,rizee,"[""rizee""]",ENTRY,,(v-intr),,regar,rizee (v-intr) regar,,33,47,2,ZAPOTECO_ESPAÑOL,BIB003_PICKETT_VOCABULARIO,2007_FIFTH_ELECTRONIC,2013_FIFTH_ELECTRONIC_SECOND_VERSION,DOCUMENTED_UNICODE_RECONCILIATION_NOT_BYTE_EXTRACTED_2013,JUCHITAN_HISTORICAL_SOURCE,STRUCTURED_BACKFILL_V0_1
PICKETT-ZE-1788,rizee lú,rizee lú,rizee lú,rizee lú,"[""rizee lú""]",SUBENTRY,rizee,,,adornar el marquesote,rizee lú adornar el marquesote,,33,47,2,ZAPOTECO_ESPAÑOL,BIB003_PICKETT_VOCABULARIO,2007_FIFTH_ELECTRONIC,2013_FIFTH_ELECTRONIC_SECOND_VERSION,DOCUMENTED_UNICODE_RECONCILIATION_NOT_BYTE_EXTRACTED_2013,JUCHITAN_HISTORICAL_SOURCE,STRUCTURED_BACKFILL_V0_1
PICKETT-ZE-1789,rizí’,rizí’,rizíꞌ,rizíꞌ,"[""rizíꞌ""]",ENTRY,,,,comprar,rizí’ comprar,,34,48,1,ZAPOTECO_ESPAÑOL,BIB003_PICKETT_VOCABULARIO,2007_FIFTH_ELECTRONIC,2013_FIFTH_ELECTRONIC_SECOND_VERSION,DOCUMENTED_UNICODE_RECONCILIATION_NOT_BYTE_EXTRACTED_2013,JUCHITAN_HISTORICAL_SOURCE,STRUCTURED_BACKFILL_V0_1
PICKETT-ZE-1790,rizii la’dxi’,rizii la’dxi’,rizii laꞌdxiꞌ,rizii laꞌdxiꞌ,"[""rizii laꞌdxiꞌ""]",ENTRY,,,,descansar,rizii la’dxi’ descansar,,34,48,1,ZAPOTECO_ESPAÑOL,BIB003_PICKETT_VOCABULARIO,2007_FIFTH_ELECTRONIC,2013_FIFTH_ELECTRONIC_SECOND_VERSION,DOCUMENTED_UNICODE_RECONCILIATION_NOT_BYTE_EXTRACTED_2013,JUCHITAN_HISTORICAL_SOURCE,STRUCTURED_BACKFILL_V0_1
PICKETT-ZE-1791,riziaa,riziaa,riziaa,riziaa,"[""riziaa""]",ENTRY,,,,lastimarse,riziaa lastimarse,,34,48,1,ZAPOTECO_ESPAÑOL,BIB003_PICKETT_VOCABULARIO,2007_FIFTH_ELECTRONIC,2013_FIFTH_ELECTRONIC_SECOND_VERSION,DOCUMENTED_UNICODE_RECONCILIATION_NOT_BYTE_EXTRACTED_2013,JUCHITAN_HISTORICAL_SOURCE,STRUCTURED_BACKFILL_V0_1
PICKETT-ZE-1792,riziidi’,riziidi’,riziidiꞌ,riziidiꞌ,"[""riziidiꞌ""]",ENTRY,,,,aprender,riziidi’ aprender,,34,48,1,ZAPOTECO_ESPAÑOL,BIB003_PICKETT_VOCABULARIO,2007_FIFTH_ELECTRONIC,2013_FIFTH_ELECTRONIC_SECOND_VERSION,DOCUMENTED_UNICODE_RECONCILIATION_NOT_BYTE_EXTRACTED_2013,JUCHITAN_HISTORICAL_SOURCE,STRUCTURED_BACKFILL_V0_1
PICKETT-ZE-1793,riziñe,riziñe,riziñe,riziñe,"[""riziñe""]",ENTRY,,,,"molestar, estorbar","riziñe molestar, estorbar",,34,48,1,ZAPOTECO_ESPAÑOL,BIB003_PICKETT_VOCABULARIO,2007_FIFTH_ELECTRONIC,2013_FIFTH_ELECTRONIC_SECOND_VERSION,DOCUMENTED_UNICODE_RECONCILIATION_NOT_BYTE_EXTRACTED_2013,JUCHITAN_HISTORICAL_SOURCE,STRUCTURED_BACKFILL_V0_1
PICKETT-ZE-1794,rizulú,rizulú,rizulú,rizulú,"[""rizulú""]",ENTRY,,,,suponer,rizulú suponer,,34,48,1,ZAPOTECO_ESPAÑOL,BIB003_PICKETT_VOCABULARIO,2007_FIFTH_ELECTRONIC,2013_FIFTH_ELECTRONIC_SECOND_VERSION,DOCUMENTED_UNICODE_RECONCILIATION_NOT_BYTE_EXTRACTED_2013,JUCHITAN_HISTORICAL_SOURCE,STRUCTURED_BACKFILL_V0_1
PICKETT-ZE-1795,"rizuxibi, ruzuxibi","rizuxibi, ruzuxibi","rizuxibi, ruzuxibi",rizuxibi,"[""rizuxibi"", ""ruzuxibi""]",ENTRY,,,,"hincarse, arrodillarse, postrarse de hinojos","rizuxibi, ruzuxibi hincarse, arrodillarse,",postrarse de hinojos,34,48,1,ZAPOTECO_ESPAÑOL,BIB003_PICKETT_VOCABULARIO,2007_FIFTH_ELECTRONIC,2013_FIFTH_ELECTRONIC_SECOND_VERSION,DOCUMENTED_UNICODE_RECONCILIATION_NOT_BYTE_EXTRACTED_2013,JUCHITAN_HISTORICAL_SOURCE,STRUCTURED_BACKFILL_V0_1
PICKETT-ZE-1796,ro,ro,ro,ro,"[""ro""]",ENTRY,,,,comer,ro comer,,34,48,1,ZAPOTECO_ESPAÑOL,BIB003_PICKETT_VOCABULARIO,2007_FIFTH_ELECTRONIC,2013_FIFTH_ELECTRONIC_SECOND_VERSION,DOCUMENTED_UNICODE_RECONCILIATION_NOT_BYTE_EXTRACTED_2013,JUCHITAN_HISTORICAL_SOURCE,STRUCTURED_BACKFILL_V0_1
PICKETT-ZE-1797,ro bixidu’,ro bixidu’,ro bixiduꞌ,ro bixiduꞌ,"[""ro bixiduꞌ""]",SUBENTRY,ro,,,besar,ro bixidu’ [b-b.b.al] besar,,34,48,1,ZAPOTECO_ESPAÑOL,BIB003_PICKETT_VOCABULARIO,2007_FIFTH_ELECTRONIC,2013_FIFTH_ELECTRONIC_SECOND_VERSION,DOCUMENTED_UNICODE_RECONCILIATION_NOT_BYTE_EXTRACTED_2013,JUCHITAN_HISTORICAL_SOURCE,STRUCTURED_BACKFILL_V0_1
PICKETT-ZE-1798,ro la’na’,ro la’na’,ro laꞌnaꞌ,ro laꞌnaꞌ,"[""ro laꞌnaꞌ""]",SUBENTRY,ro,,,"morder con astucia, solapadamente","ro la’na’ morder con astucia,",solapadamente,34,48,1,ZAPOTECO_ESPAÑOL,BIB003_PICKETT_VOCABULARIO,2007_FIFTH_ELECTRONIC,2013_FIFTH_ELECTRONIC_SECOND_VERSION,DOCUMENTED_UNICODE_RECONCILIATION_NOT_BYTE_EXTRACTED_2013,JUCHITAN_HISTORICAL_SOURCE,STRUCTURED_BACKFILL_V0_1
PICKETT-ZE-1799,ro xhi,ro xhi,ro xhi,ro xhi,"[""ro xhi""]",SUBENTRY,ro,,,cenar,ro xhi [b-a] cenar,,34,48,1,ZAPOTECO_ESPAÑOL,BIB003_PICKETT_VOCABULARIO,2007_FIFTH_ELECTRONIC,2013_FIFTH_ELECTRONIC_SECOND_VERSION,DOCUMENTED_UNICODE_RECONCILIATION_NOT_BYTE_EXTRACTED_2013,JUCHITAN_HISTORICAL_SOURCE,STRUCTURED_BACKFILL_V0_1
PICKETT-ZE-1800,ro yaa,ro yaa,ro yaa,ro yaa,"[""ro yaa""]",SUBENTRY,ro,,,morder,ro yaa morder,,34,48,1,ZAPOTECO_ESPAÑOL,BIB003_PICKETT_VOCABULARIO,2007_FIFTH_ELECTRONIC,2013_FIFTH_ELECTRONIC_SECOND_VERSION,DOCUMENTED_UNICODE_RECONCILIATION_NOT_BYTE_EXTRACTED_2013,JUCHITAN_HISTORICAL_SOURCE,STRUCTURED_BACKFILL_V0_1
PICKETT-ZE-1801,ru,ru,ru,ru,"[""ru""]",ENTRY,,,,tos,ru tos,,34,48,1,ZAPOTECO_ESPAÑOL,BIB003_PICKETT_VOCABULARIO,2007_FIFTH_ELECTRONIC,2013_FIFTH_ELECTRONIC_SECOND_VERSION,DOCUMENTED_UNICODE_RECONCILIATION_NOT_BYTE_EXTRACTED_2013,JUCHITAN_HISTORICAL_SOURCE,STRUCTURED_BACKFILL_V0_1
PICKETT-ZE-1802,rua’,rua’,ruaꞌ,ruaꞌ,"[""ruaꞌ""]",ENTRY,,,,"cargar, llevar","rua’ cargar, llevar",,34,48,1,ZAPOTECO_ESPAÑOL,BIB003_PICKETT_VOCABULARIO,2007_FIFTH_ELECTRONIC,2013_FIFTH_ELECTRONIC_SECOND_VERSION,DOCUMENTED_UNICODE_RECONCILIATION_NOT_BYTE_EXTRACTED_2013,JUCHITAN_HISTORICAL_SOURCE,STRUCTURED_BACKFILL_V0_1
PICKETT-ZE-1803,ruaa,ruaa,ruaa,ruaa,"[""ruaa""]",ENTRY,,,,"boca; orilla, borde","ruaa boca; orilla, borde",,34,48,1,ZAPOTECO_ESPAÑOL,BIB003_PICKETT_VOCABULARIO,2007_FIFTH_ELECTRONIC,2013_FIFTH_ELECTRONIC_SECOND_VERSION,DOCUMENTED_UNICODE_RECONCILIATION_NOT_BYTE_EXTRACTED_2013,JUCHITAN_HISTORICAL_SOURCE,STRUCTURED_BACKFILL_V0_1
PICKETT-ZE-1804,ruaa paapa’,ruaa paapa’,ruaa paapaꞌ,ruaa paapaꞌ,"[""ruaa paapaꞌ""]",SUBENTRY,ruaa,,,tartamudo,ruaa paapa’ tartamudo,,34,48,1,ZAPOTECO_ESPAÑOL,BIB003_PICKETT_VOCABULARIO,2007_FIFTH_ELECTRONIC,2013_FIFTH_ELECTRONIC_SECOND_VERSION,DOCUMENTED_UNICODE_RECONCILIATION_NOT_BYTE_EXTRACTED_2013,JUCHITAN_HISTORICAL_SOURCE,STRUCTURED_BACKFILL_V0_1
PICKETT-ZE-1805,ruba,ruba,ruba,ruba,"[""ruba""]",ENTRY,,,,"tenate, tompiate","ruba tenate, tompiate",,34,48,1,ZAPOTECO_ESPAÑOL,BIB003_PICKETT_VOCABULARIO,2007_FIFTH_ELECTRONIC,2013_FIFTH_ELECTRONIC_SECOND_VERSION,DOCUMENTED_UNICODE_RECONCILIATION_NOT_BYTE_EXTRACTED_2013,JUCHITAN_HISTORICAL_SOURCE,STRUCTURED_BACKFILL_V0_1
PICKETT-ZE-1806,rucá,rucá,rucá,rucá,"[""rucá""]",ENTRY,,,,"detener, detenerse, atascarse","rucá detener, detenerse, atascarse",,34,48,1,ZAPOTECO_ESPAÑOL,BIB003_PICKETT_VOCABULARIO,2007_FIFTH_ELECTRONIC,2013_FIFTH_ELECTRONIC_SECOND_VERSION,DOCUMENTED_UNICODE_RECONCILIATION_NOT_BYTE_EXTRACTED_2013,JUCHITAN_HISTORICAL_SOURCE,STRUCTURED_BACKFILL_V0_1
PICKETT-ZE-1807,rucaa,rucaa,rucaa,rucaa,"[""rucaa""]",ENTRY,,,,"escribir; poner (botón); pegar, fijar","rucaa escribir; poner (botón); pegar, fijar",,34,48,1,ZAPOTECO_ESPAÑOL,BIB003_PICKETT_VOCABULARIO,2007_FIFTH_ELECTRONIC,2013_FIFTH_ELECTRONIC_SECOND_VERSION,DOCUMENTED_UNICODE_RECONCILIATION_NOT_BYTE_EXTRACTED_2013,JUCHITAN_HISTORICAL_SOURCE,STRUCTURED_BACKFILL_V0_1
PICKETT-ZE-1808,rucaa bi,rucaa bi,rucaa bi,rucaa bi,"[""rucaa bi""]",SUBENTRY,rucaa,,,rajar,rucaa bi rajar,,34,48,1,ZAPOTECO_ESPAÑOL,BIB003_PICKETT_VOCABULARIO,2007_FIFTH_ELECTRONIC,2013_FIFTH_ELECTRONIC_SECOND_VERSION,DOCUMENTED_UNICODE_RECONCILIATION_NOT_BYTE_EXTRACTED_2013,JUCHITAN_HISTORICAL_SOURCE,STRUCTURED_BACKFILL_V0_1
PICKETT-ZE-1809,rucaa bieque,rucaa bieque,rucaa bieque,rucaa bieque,"[""rucaa bieque""]",SUBENTRY,rucaa,,,torcer,rucaa bieque torcer,,34,48,1,ZAPOTECO_ESPAÑOL,BIB003_PICKETT_VOCABULARIO,2007_FIFTH_ELECTRONIC,2013_FIFTH_ELECTRONIC_SECOND_VERSION,DOCUMENTED_UNICODE_RECONCILIATION_NOT_BYTE_EXTRACTED_2013,JUCHITAN_HISTORICAL_SOURCE,STRUCTURED_BACKFILL_V0_1
PICKETT-ZE-1810,rucaa diaga,rucaa diaga,rucaa diaga,rucaa diaga,"[""rucaa diaga""]",ENTRY,,,,escuchar,rucaa diaga escuchar,,34,48,1,ZAPOTECO_ESPAÑOL,BIB003_PICKETT_VOCABULARIO,2007_FIFTH_ELECTRONIC,2013_FIFTH_ELECTRONIC_SECOND_VERSION,DOCUMENTED_UNICODE_RECONCILIATION_NOT_BYTE_EXTRACTED_2013,JUCHITAN_HISTORICAL_SOURCE,STRUCTURED_BACKFILL_V0_1
PICKETT-ZE-1811,"rucaa guela guidi ñee, rucaa zapatu","rucaa guela guidi ñee, rucaa zapatu","rucaa guela guidi ñee, rucaa zapatu",rucaa guela guidi ñee,"[""rucaa guela guidi ñee"", ""rucaa zapatu""]",ENTRY,,,,,"rucaa guela guidi ñee, rucaa zapatu",,34,48,1,ZAPOTECO_ESPAÑOL,BIB003_PICKETT_VOCABULARIO,2007_FIFTH_ELECTRONIC,2013_FIFTH_ELECTRONIC_SECOND_VERSION,DOCUMENTED_UNICODE_RECONCILIATION_NOT_BYTE_EXTRACTED_2013,JUCHITAN_HISTORICAL_SOURCE,STRUCTURED_BACKFILL_V0_1
PICKETT-ZE-1812,ñee,ñee,ñee,ñee,"[""ñee""]",SUBENTRY,"rucaa guela guidi ñee, rucaa zapatu",,,ponerse (ponerle) los huaraches o zapatos,ñee ponerse (ponerle) los huaraches o,zapatos,34,48,1,ZAPOTECO_ESPAÑOL,BIB003_PICKETT_VOCABULARIO,2007_FIFTH_ELECTRONIC,2013_FIFTH_ELECTRONIC_SECOND_VERSION,DOCUMENTED_UNICODE_RECONCILIATION_NOT_BYTE_EXTRACTED_2013,JUCHITAN_HISTORICAL_SOURCE,STRUCTURED_BACKFILL_V0_1
PICKETT-ZE-1813,rucaa gui,rucaa gui,rucaa gui,rucaa gui,"[""rucaa gui""]",SUBENTRY,"rucaa guela guidi ñee, rucaa zapatu",,,"encender, hacer arder","rucaa gui encender, hacer arder",,34,48,1,ZAPOTECO_ESPAÑOL,BIB003_PICKETT_VOCABULARIO,2007_FIFTH_ELECTRONIC,2013_FIFTH_ELECTRONIC_SECOND_VERSION,DOCUMENTED_UNICODE_RECONCILIATION_NOT_BYTE_EXTRACTED_2013,JUCHITAN_HISTORICAL_SOURCE,STRUCTURED_BACKFILL_V0_1
PICKETT-ZE-1814,rucaa gui’chi’,rucaa gui’chi’,rucaa guiꞌchiꞌ,rucaa guiꞌchiꞌ,"[""rucaa guiꞌchiꞌ""]",SUBENTRY,"rucaa guela guidi ñee, rucaa zapatu",,,escribir,rucaa gui’chi’ escribir,,34,48,1,ZAPOTECO_ESPAÑOL,BIB003_PICKETT_VOCABULARIO,2007_FIFTH_ELECTRONIC,2013_FIFTH_ELECTRONIC_SECOND_VERSION,DOCUMENTED_UNICODE_RECONCILIATION_NOT_BYTE_EXTRACTED_2013,JUCHITAN_HISTORICAL_SOURCE,STRUCTURED_BACKFILL_V0_1
PICKETT-ZE-1815,rucaa inyección,rucaa inyección,rucaa inyección,rucaa inyección,"[""rucaa inyección""]",SUBENTRY,"rucaa guela guidi ñee, rucaa zapatu",,,inyectar,rucaa inyección [b-b.b.al] inyectar,,34,48,1,ZAPOTECO_ESPAÑOL,BIB003_PICKETT_VOCABULARIO,2007_FIFTH_ELECTRONIC,2013_FIFTH_ELECTRONIC_SECOND_VERSION,DOCUMENTED_UNICODE_RECONCILIATION_NOT_BYTE_EXTRACTED_2013,JUCHITAN_HISTORICAL_SOURCE,STRUCTURED_BACKFILL_V0_1
PICKETT-ZE-1816,rucaa la’dxi’,rucaa la’dxi’,rucaa laꞌdxiꞌ,rucaa laꞌdxiꞌ,"[""rucaa laꞌdxiꞌ""]",SUBENTRY,"rucaa guela guidi ñee, rucaa zapatu",,,empeñarse,rucaa la’dxi’ empeñarse,,34,48,1,ZAPOTECO_ESPAÑOL,BIB003_PICKETT_VOCABULARIO,2007_FIFTH_ELECTRONIC,2013_FIFTH_ELECTRONIC_SECOND_VERSION,DOCUMENTED_UNICODE_RECONCILIATION_NOT_BYTE_EXTRACTED_2013,JUCHITAN_HISTORICAL_SOURCE,STRUCTURED_BACKFILL_V0_1
PICKETT-ZE-1817,rucaa ná’,rucaa ná’,rucaa náꞌ,rucaa náꞌ,"[""rucaa náꞌ""]",SUBENTRY,"rucaa guela guidi ñee, rucaa zapatu",,,"empujar, detener","rucaa ná’ [b-a] empujar, detener",,34,48,1,ZAPOTECO_ESPAÑOL,BIB003_PICKETT_VOCABULARIO,2007_FIFTH_ELECTRONIC,2013_FIFTH_ELECTRONIC_SECOND_VERSION,DOCUMENTED_UNICODE_RECONCILIATION_NOT_BYTE_EXTRACTED_2013,JUCHITAN_HISTORICAL_SOURCE,STRUCTURED_BACKFILL_V0_1
PICKETT-ZE-1818,rucaa ridxi,rucaa ridxi,rucaa ridxi,rucaa ridxi,"[""rucaa ridxi""]",SUBENTRY,"rucaa guela guidi ñee, rucaa zapatu",,,llamar a gritos,rucaa ridxi llamar a gritos,,34,48,1,ZAPOTECO_ESPAÑOL,BIB003_PICKETT_VOCABULARIO,2007_FIFTH_ELECTRONIC,2013_FIFTH_ELECTRONIC_SECOND_VERSION,DOCUMENTED_UNICODE_RECONCILIATION_NOT_BYTE_EXTRACTED_2013,JUCHITAN_HISTORICAL_SOURCE,STRUCTURED_BACKFILL_V0_1
PICKETT-ZE-1819,rucaabi,rucaabi,rucaabi,rucaabi,"[""rucaabi""]",ENTRY,,,[b.b.a],"encargar, pedir","rucaabi [b.b.a] encargar, pedir",,34,48,1,ZAPOTECO_ESPAÑOL,BIB003_PICKETT_VOCABULARIO,2007_FIFTH_ELECTRONIC,2013_FIFTH_ELECTRONIC_SECOND_VERSION,DOCUMENTED_UNICODE_RECONCILIATION_NOT_BYTE_EXTRACTED_2013,JUCHITAN_HISTORICAL_SOURCE,STRUCTURED_BACKFILL_V0_1
PICKETT-ZE-1820,rucaache,rucaache,rucaache,rucaache,"[""rucaache""]",ENTRY,,,[b.b.a],"machacar, machucar, magullar","rucaache [b.b.a] machacar, machucar,",magullar,34,48,1,ZAPOTECO_ESPAÑOL,BIB003_PICKETT_VOCABULARIO,2007_FIFTH_ELECTRONIC,2013_FIFTH_ELECTRONIC_SECOND_VERSION,DOCUMENTED_UNICODE_RECONCILIATION_NOT_BYTE_EXTRACTED_2013,JUCHITAN_HISTORICAL_SOURCE,STRUCTURED_BACKFILL_V0_1
PICKETT-ZE-1821,rucaachi’,rucaachi’,rucaachiꞌ,rucaachiꞌ,"[""rucaachiꞌ""]",ENTRY,,,,esconder; enterrar,rucaachi’ esconder; enterrar,,34,48,2,ZAPOTECO_ESPAÑOL,BIB003_PICKETT_VOCABULARIO,2007_FIFTH_ELECTRONIC,2013_FIFTH_ELECTRONIC_SECOND_VERSION,DOCUMENTED_UNICODE_RECONCILIATION_NOT_BYTE_EXTRACTED_2013,JUCHITAN_HISTORICAL_SOURCE,STRUCTURED_BACKFILL_V0_1
PICKETT-ZE-1822,rucaachi gue’tu’,rucaachi gue’tu’,rucaachi gueꞌtuꞌ,rucaachi gueꞌtuꞌ,"[""rucaachi gueꞌtuꞌ""]",SUBENTRY,rucaachiꞌ,,,enterrar,rucaachi gue’tu’ enterrar,,34,48,2,ZAPOTECO_ESPAÑOL,BIB003_PICKETT_VOCABULARIO,2007_FIFTH_ELECTRONIC,2013_FIFTH_ELECTRONIC_SECOND_VERSION,DOCUMENTED_UNICODE_RECONCILIATION_NOT_BYTE_EXTRACTED_2013,JUCHITAN_HISTORICAL_SOURCE,STRUCTURED_BACKFILL_V0_1
PICKETT-ZE-1823,rucachi lú,rucachi lú,rucachi lú,rucachi lú,"[""rucachi lú""]",SUBENTRY,rucaachiꞌ,,,esconderse,rucachi lú esconderse,,34,48,2,ZAPOTECO_ESPAÑOL,BIB003_PICKETT_VOCABULARIO,2007_FIFTH_ELECTRONIC,2013_FIFTH_ELECTRONIC_SECOND_VERSION,DOCUMENTED_UNICODE_RECONCILIATION_NOT_BYTE_EXTRACTED_2013,JUCHITAN_HISTORICAL_SOURCE,STRUCTURED_BACKFILL_V0_1
PICKETT-ZE-1824,rucaachi scuela,rucaachi scuela,rucaachi scuela,rucaachi scuela,"[""rucaachi scuela""]",SUBENTRY,rucaachiꞌ,,,"faltar a la escuela, irse de pinta",rucaachi scuela [b-a.b] faltar a la,"escuela, irse de pinta",34,48,2,ZAPOTECO_ESPAÑOL,BIB003_PICKETT_VOCABULARIO,2007_FIFTH_ELECTRONIC,2013_FIFTH_ELECTRONIC_SECOND_VERSION,DOCUMENTED_UNICODE_RECONCILIATION_NOT_BYTE_EXTRACTED_2013,JUCHITAN_HISTORICAL_SOURCE,STRUCTURED_BACKFILL_V0_1
PICKETT-ZE-1825,rucana ruaa,rucana ruaa,rucana ruaa,rucana ruaa,"[""rucana ruaa""]",ENTRY,,,,hablar con acento,rucana ruaa hablar con acento,,34,48,2,ZAPOTECO_ESPAÑOL,BIB003_PICKETT_VOCABULARIO,2007_FIFTH_ELECTRONIC,2013_FIFTH_ELECTRONIC_SECOND_VERSION,DOCUMENTED_UNICODE_RECONCILIATION_NOT_BYTE_EXTRACTED_2013,JUCHITAN_HISTORICAL_SOURCE,STRUCTURED_BACKFILL_V0_1
PICKETT-ZE-1826,rucuaagu,rucuaagu,rucuaagu,rucuaagu,"[""rucuaagu""]",ENTRY,,,[b.b.a],"disparar bala, cazar","rucuaagu [b.b.a] disparar bala, cazar",,34,48,2,ZAPOTECO_ESPAÑOL,BIB003_PICKETT_VOCABULARIO,2007_FIFTH_ELECTRONIC,2013_FIFTH_ELECTRONIC_SECOND_VERSION,DOCUMENTED_UNICODE_RECONCILIATION_NOT_BYTE_EXTRACTED_2013,JUCHITAN_HISTORICAL_SOURCE,STRUCTURED_BACKFILL_V0_1
PICKETT-ZE-1827,rucuaani’,rucuaani’,rucuaaniꞌ,rucuaaniꞌ,"[""rucuaaniꞌ""]",ENTRY,,,,despertar,rucuaani’ despertar,,34,48,2,ZAPOTECO_ESPAÑOL,BIB003_PICKETT_VOCABULARIO,2007_FIFTH_ELECTRONIC,2013_FIFTH_ELECTRONIC_SECOND_VERSION,DOCUMENTED_UNICODE_RECONCILIATION_NOT_BYTE_EXTRACTED_2013,JUCHITAN_HISTORICAL_SOURCE,STRUCTURED_BACKFILL_V0_1
PICKETT-ZE-1828,rucua’qui’,rucua’qui’,rucuaꞌquiꞌ,rucuaꞌquiꞌ,"[""rucuaꞌquiꞌ""]",ENTRY,,,,"vestir a alguien, poner, ponerle ropa a alguien","rucua’qui’ vestir a alguien, poner, ponerle",ropa a alguien,34,48,2,ZAPOTECO_ESPAÑOL,BIB003_PICKETT_VOCABULARIO,2007_FIFTH_ELECTRONIC,2013_FIFTH_ELECTRONIC_SECOND_VERSION,DOCUMENTED_UNICODE_RECONCILIATION_NOT_BYTE_EXTRACTED_2013,JUCHITAN_HISTORICAL_SOURCE,STRUCTURED_BACKFILL_V0_1
PICKETT-ZE-1829,rucuude,rucuude,rucuude,rucuude,"[""rucuude""]",ENTRY,,,[b.b.a],"encorvar, torcer","rucuude [b.b.a] encorvar, torcer",,34,48,2,ZAPOTECO_ESPAÑOL,BIB003_PICKETT_VOCABULARIO,2007_FIFTH_ELECTRONIC,2013_FIFTH_ELECTRONIC_SECOND_VERSION,DOCUMENTED_UNICODE_RECONCILIATION_NOT_BYTE_EXTRACTED_2013,JUCHITAN_HISTORICAL_SOURCE,STRUCTURED_BACKFILL_V0_1
PICKETT-ZE-1830,rucuudxi,rucuudxi,rucuudxi,rucuudxi,"[""rucuudxi""]",ENTRY,,,[b.b.a],"suavizar, ablandar; convencer, quitarle fortaleza","rucuudxi [b.b.a] suavizar, ablandar;","convencer, quitarle fortaleza",34,48,2,ZAPOTECO_ESPAÑOL,BIB003_PICKETT_VOCABULARIO,2007_FIFTH_ELECTRONIC,2013_FIFTH_ELECTRONIC_SECOND_VERSION,DOCUMENTED_UNICODE_RECONCILIATION_NOT_BYTE_EXTRACTED_2013,JUCHITAN_HISTORICAL_SOURCE,STRUCTURED_BACKFILL_V0_1
PICKETT-ZE-1831,rucué,rucué,rucué,rucué,"[""rucué""]",ENTRY,,,,,rucué,,34,48,2,ZAPOTECO_ESPAÑOL,BIB003_PICKETT_VOCABULARIO,2007_FIFTH_ELECTRONIC,2013_FIFTH_ELECTRONIC_SECOND_VERSION,DOCUMENTED_UNICODE_RECONCILIATION_NOT_BYTE_EXTRACTED_2013,JUCHITAN_HISTORICAL_SOURCE,STRUCTURED_BACKFILL_V0_1
PICKETT-ZE-1832,rucué ñee yaa,rucué ñee yaa,rucué ñee yaa,rucué ñee yaa,"[""rucué ñee yaa""]",SUBENTRY,rucué,,,cocer maíz para atole,rucué ñee yaa cocer maíz para atole,,34,48,2,ZAPOTECO_ESPAÑOL,BIB003_PICKETT_VOCABULARIO,2007_FIFTH_ELECTRONIC,2013_FIFTH_ELECTRONIC_SECOND_VERSION,DOCUMENTED_UNICODE_RECONCILIATION_NOT_BYTE_EXTRACTED_2013,JUCHITAN_HISTORICAL_SOURCE,STRUCTURED_BACKFILL_V0_1
PICKETT-ZE-1833,rucué xubaande’,rucué xubaande’,rucué xubaandeꞌ,rucué xubaandeꞌ,"[""rucué xubaandeꞌ""]",SUBENTRY,rucué,,,cocer maíz para pozol,rucué xubaande’ cocer maíz para pozol,,34,48,2,ZAPOTECO_ESPAÑOL,BIB003_PICKETT_VOCABULARIO,2007_FIFTH_ELECTRONIC,2013_FIFTH_ELECTRONIC_SECOND_VERSION,DOCUMENTED_UNICODE_RECONCILIATION_NOT_BYTE_EXTRACTED_2013,JUCHITAN_HISTORICAL_SOURCE,STRUCTURED_BACKFILL_V0_1
PICKETT-ZE-1834,rucueeza,rucueeza,rucueeza,rucueeza,"[""rucueeza""]",ENTRY,,,[b.b.a],detener,rucueeza [b.b.a] detener,,34,48,2,ZAPOTECO_ESPAÑOL,BIB003_PICKETT_VOCABULARIO,2007_FIFTH_ELECTRONIC,2013_FIFTH_ELECTRONIC_SECOND_VERSION,DOCUMENTED_UNICODE_RECONCILIATION_NOT_BYTE_EXTRACTED_2013,JUCHITAN_HISTORICAL_SOURCE,STRUCTURED_BACKFILL_V0_1
PICKETT-ZE-1835,rucuí,rucuí,rucuí,rucuí,"[""rucuí""]",ENTRY,,,,"edificar, construir (edificios); asentar, sentar, amontonar","rucuí edificar, construir (edificios);","asentar, sentar, amontonar",34,48,2,ZAPOTECO_ESPAÑOL,BIB003_PICKETT_VOCABULARIO,2007_FIFTH_ELECTRONIC,2013_FIFTH_ELECTRONIC_SECOND_VERSION,DOCUMENTED_UNICODE_RECONCILIATION_NOT_BYTE_EXTRACTED_2013,JUCHITAN_HISTORICAL_SOURCE,STRUCTURED_BACKFILL_V0_1
PICKETT-ZE-1836,rucuí ndani,rucuí ndani,rucuí ndani,rucuí ndani,"[""rucuí ndani""]",SUBENTRY,rucuí,,,amontonar,rucuí ndani [b-a.b] amontonar,,34,48,2,ZAPOTECO_ESPAÑOL,BIB003_PICKETT_VOCABULARIO,2007_FIFTH_ELECTRONIC,2013_FIFTH_ELECTRONIC_SECOND_VERSION,DOCUMENTED_UNICODE_RECONCILIATION_NOT_BYTE_EXTRACTED_2013,JUCHITAN_HISTORICAL_SOURCE,STRUCTURED_BACKFILL_V0_1
PICKETT-ZE-1837,rucuiidxi’,rucuiidxi’,rucuiidxiꞌ,rucuiidxiꞌ,"[""rucuiidxiꞌ""]",ENTRY,,,,"agotar, consumir, secar (líquido)","rucuiidxi’ agotar, consumir, secar (líquido)",,34,48,2,ZAPOTECO_ESPAÑOL,BIB003_PICKETT_VOCABULARIO,2007_FIFTH_ELECTRONIC,2013_FIFTH_ELECTRONIC_SECOND_VERSION,DOCUMENTED_UNICODE_RECONCILIATION_NOT_BYTE_EXTRACTED_2013,JUCHITAN_HISTORICAL_SOURCE,STRUCTURED_BACKFILL_V0_1
PICKETT-ZE-1838,rucuñe,rucuñe,rucuñe,rucuñe,"[""rucuñe""]",ENTRY,,,,lazar,rucuñe lazar,,34,48,2,ZAPOTECO_ESPAÑOL,BIB003_PICKETT_VOCABULARIO,2007_FIFTH_ELECTRONIC,2013_FIFTH_ELECTRONIC_SECOND_VERSION,DOCUMENTED_UNICODE_RECONCILIATION_NOT_BYTE_EXTRACTED_2013,JUCHITAN_HISTORICAL_SOURCE,STRUCTURED_BACKFILL_V0_1
PICKETT-ZE-1839,ruchá,ruchá,ruchá,ruchá,"[""ruchá""]",ENTRY,,,,"echar, llenar","ruchá echar, llenar",,34,48,2,ZAPOTECO_ESPAÑOL,BIB003_PICKETT_VOCABULARIO,2007_FIFTH_ELECTRONIC,2013_FIFTH_ELECTRONIC_SECOND_VERSION,DOCUMENTED_UNICODE_RECONCILIATION_NOT_BYTE_EXTRACTED_2013,JUCHITAN_HISTORICAL_SOURCE,STRUCTURED_BACKFILL_V0_1
PICKETT-ZE-1840,ruchá bi,ruchá bi,ruchá bi,ruchá bi,"[""ruchá bi""]",SUBENTRY,ruchá,,,soplar,ruchá bi soplar,,34,48,2,ZAPOTECO_ESPAÑOL,BIB003_PICKETT_VOCABULARIO,2007_FIFTH_ELECTRONIC,2013_FIFTH_ELECTRONIC_SECOND_VERSION,DOCUMENTED_UNICODE_RECONCILIATION_NOT_BYTE_EXTRACTED_2013,JUCHITAN_HISTORICAL_SOURCE,STRUCTURED_BACKFILL_V0_1
PICKETT-ZE-1841,ruchá gui,ruchá gui,ruchá gui,ruchá gui,"[""ruchá gui""]",SUBENTRY,ruchá,,,"hinchar, inflamar","ruchá gui hinchar, inflamar",,34,48,2,ZAPOTECO_ESPAÑOL,BIB003_PICKETT_VOCABULARIO,2007_FIFTH_ELECTRONIC,2013_FIFTH_ELECTRONIC_SECOND_VERSION,DOCUMENTED_UNICODE_RECONCILIATION_NOT_BYTE_EXTRACTED_2013,JUCHITAN_HISTORICAL_SOURCE,STRUCTURED_BACKFILL_V0_1
PICKETT-ZE-1842,ruchá ná’,ruchá ná’,ruchá náꞌ,ruchá náꞌ,"[""ruchá náꞌ""]",SUBENTRY,ruchá,,,"arrebatar, agarrar","ruchá ná’ [b-a] arrebatar, agarrar",,34,48,2,ZAPOTECO_ESPAÑOL,BIB003_PICKETT_VOCABULARIO,2007_FIFTH_ELECTRONIC,2013_FIFTH_ELECTRONIC_SECOND_VERSION,DOCUMENTED_UNICODE_RECONCILIATION_NOT_BYTE_EXTRACTED_2013,JUCHITAN_HISTORICAL_SOURCE,STRUCTURED_BACKFILL_V0_1
PICKETT-ZE-1843,ruchá xhinni,ruchá xhinni,ruchá xhinni,ruchá xhinni,"[""ruchá xhinni""]",SUBENTRY,ruchá,,,escupir,ruchá xhinni [b-a] escupir,,34,48,2,ZAPOTECO_ESPAÑOL,BIB003_PICKETT_VOCABULARIO,2007_FIFTH_ELECTRONIC,2013_FIFTH_ELECTRONIC_SECOND_VERSION,DOCUMENTED_UNICODE_RECONCILIATION_NOT_BYTE_EXTRACTED_2013,JUCHITAN_HISTORICAL_SOURCE,STRUCTURED_BACKFILL_V0_1
PICKETT-ZE-1844,ruchaa,ruchaa,ruchaa,ruchaa,"[""ruchaa""]",ENTRY,,,,cambiar,ruchaa cambiar,,34,48,2,ZAPOTECO_ESPAÑOL,BIB003_PICKETT_VOCABULARIO,2007_FIFTH_ELECTRONIC,2013_FIFTH_ELECTRONIC_SECOND_VERSION,DOCUMENTED_UNICODE_RECONCILIATION_NOT_BYTE_EXTRACTED_2013,JUCHITAN_HISTORICAL_SOURCE,STRUCTURED_BACKFILL_V0_1
PICKETT-ZE-1845,ruchaa,ruchaa,ruchaa,ruchaa,"[""ruchaa""]",ENTRY,,,[b.a],"recalentar, entibiar; limpiar","ruchaa [b.a] recalentar, entibiar; limpiar",,34,48,2,ZAPOTECO_ESPAÑOL,BIB003_PICKETT_VOCABULARIO,2007_FIFTH_ELECTRONIC,2013_FIFTH_ELECTRONIC_SECOND_VERSION,DOCUMENTED_UNICODE_RECONCILIATION_NOT_BYTE_EXTRACTED_2013,JUCHITAN_HISTORICAL_SOURCE,STRUCTURED_BACKFILL_V0_1
PICKETT-ZE-1846,ru’cha’,ru’cha’,ruꞌchaꞌ,ruꞌchaꞌ,"[""ruꞌchaꞌ""]",ENTRY,,,,"bañarse (se aplica a mujeres, incluyendo la cabellera)","ru’cha’ bañarse (se aplica a mujeres,",incluyendo la cabellera),34,48,2,ZAPOTECO_ESPAÑOL,BIB003_PICKETT_VOCABULARIO,2007_FIFTH_ELECTRONIC,2013_FIFTH_ELECTRONIC_SECOND_VERSION,DOCUMENTED_UNICODE_RECONCILIATION_NOT_BYTE_EXTRACTED_2013,JUCHITAN_HISTORICAL_SOURCE,STRUCTURED_BACKFILL_V0_1
PICKETT-ZE-1847,ruchaaga,ruchaaga,ruchaaga,ruchaaga,"[""ruchaaga""]",ENTRY,,,[b.b.a],"juntar, cooperar, comparar, añadir","ruchaaga [b.b.a] juntar, cooperar,","comparar, añadir",34,48,2,ZAPOTECO_ESPAÑOL,BIB003_PICKETT_VOCABULARIO,2007_FIFTH_ELECTRONIC,2013_FIFTH_ELECTRONIC_SECOND_VERSION,DOCUMENTED_UNICODE_RECONCILIATION_NOT_BYTE_EXTRACTED_2013,JUCHITAN_HISTORICAL_SOURCE,STRUCTURED_BACKFILL_V0_1
PICKETT-ZE-1848,ruchaga lú,ruchaga lú,ruchaga lú,ruchaga lú,"[""ruchaga lú""]",SUBENTRY,ruchaaga,,,"recibir a una persona, dar la bienvenida","ruchaga lú recibir a una persona, dar la",bienvenida,34,48,2,ZAPOTECO_ESPAÑOL,BIB003_PICKETT_VOCABULARIO,2007_FIFTH_ELECTRONIC,2013_FIFTH_ELECTRONIC_SECOND_VERSION,DOCUMENTED_UNICODE_RECONCILIATION_NOT_BYTE_EXTRACTED_2013,JUCHITAN_HISTORICAL_SOURCE,STRUCTURED_BACKFILL_V0_1
PICKETT-ZE-1849,ruchaga ruaa,ruchaga ruaa,ruchaga ruaa,ruchaga ruaa,"[""ruchaga ruaa""]",SUBENTRY,ruchaaga,,,"chismear, hablar mal de otra persona","ruchaga ruaa chismear, hablar mal de",otra persona,34,48,2,ZAPOTECO_ESPAÑOL,BIB003_PICKETT_VOCABULARIO,2007_FIFTH_ELECTRONIC,2013_FIFTH_ELECTRONIC_SECOND_VERSION,DOCUMENTED_UNICODE_RECONCILIATION_NOT_BYTE_EXTRACTED_2013,JUCHITAN_HISTORICAL_SOURCE,STRUCTURED_BACKFILL_V0_1
PICKETT-ZE-1850,ruchaahui’,ruchaahui’,ruchaahuiꞌ,ruchaahuiꞌ,"[""ruchaahuiꞌ""]",ENTRY,,,,batir,ruchaahui’ batir,,34,48,2,ZAPOTECO_ESPAÑOL,BIB003_PICKETT_VOCABULARIO,2007_FIFTH_ELECTRONIC,2013_FIFTH_ELECTRONIC_SECOND_VERSION,DOCUMENTED_UNICODE_RECONCILIATION_NOT_BYTE_EXTRACTED_2013,JUCHITAN_HISTORICAL_SOURCE,STRUCTURED_BACKFILL_V0_1
PICKETT-ZE-1851,ruchaazi’,ruchaazi’,ruchaaziꞌ,ruchaaziꞌ,"[""ruchaaziꞌ""]",ENTRY,,,,"meter, sumergir, hundir, penetrar","ruchaazi’ meter, sumergir, hundir, penetrar",,34,48,2,ZAPOTECO_ESPAÑOL,BIB003_PICKETT_VOCABULARIO,2007_FIFTH_ELECTRONIC,2013_FIFTH_ELECTRONIC_SECOND_VERSION,DOCUMENTED_UNICODE_RECONCILIATION_NOT_BYTE_EXTRACTED_2013,JUCHITAN_HISTORICAL_SOURCE,STRUCTURED_BACKFILL_V0_1
PICKETT-ZE-1852,ruché,ruché,ruché,ruché,"[""ruché""]",ENTRY,,,,,ruché,,34,48,2,ZAPOTECO_ESPAÑOL,BIB003_PICKETT_VOCABULARIO,2007_FIFTH_ELECTRONIC,2013_FIFTH_ELECTRONIC_SECOND_VERSION,DOCUMENTED_UNICODE_RECONCILIATION_NOT_BYTE_EXTRACTED_2013,JUCHITAN_HISTORICAL_SOURCE,STRUCTURED_BACKFILL_V0_1
PICKETT-ZE-1853,ruché ique,ruché ique,ruché ique,ruché ique,"[""ruché ique""]",SUBENTRY,ruché,,,"trastornar, enloquecer por droga o bebida","ruché ique trastornar, enloquecer por",droga o bebida,34,48,2,ZAPOTECO_ESPAÑOL,BIB003_PICKETT_VOCABULARIO,2007_FIFTH_ELECTRONIC,2013_FIFTH_ELECTRONIC_SECOND_VERSION,DOCUMENTED_UNICODE_RECONCILIATION_NOT_BYTE_EXTRACTED_2013,JUCHITAN_HISTORICAL_SOURCE,STRUCTURED_BACKFILL_V0_1
PICKETT-ZE-1854,ruché lú,ruché lú,ruché lú,ruché lú,"[""ruché lú""]",SUBENTRY,ruché,,,"marear, atarantar","ruché lú marear, atarantar",,34,48,2,ZAPOTECO_ESPAÑOL,BIB003_PICKETT_VOCABULARIO,2007_FIFTH_ELECTRONIC,2013_FIFTH_ELECTRONIC_SECOND_VERSION,DOCUMENTED_UNICODE_RECONCILIATION_NOT_BYTE_EXTRACTED_2013,JUCHITAN_HISTORICAL_SOURCE,STRUCTURED_BACKFILL_V0_1
PICKETT-ZE-1855,ruchee,ruchee,ruchee,ruchee,"[""ruchee""]",ENTRY,,,,"equivocarse, hacer equivocarse","ruchee equivocarse, hacer equivocarse",,34,48,2,ZAPOTECO_ESPAÑOL,BIB003_PICKETT_VOCABULARIO,2007_FIFTH_ELECTRONIC,2013_FIFTH_ELECTRONIC_SECOND_VERSION,DOCUMENTED_UNICODE_RECONCILIATION_NOT_BYTE_EXTRACTED_2013,JUCHITAN_HISTORICAL_SOURCE,STRUCTURED_BACKFILL_V0_1
PICKETT-ZE-1856,rucheeche,rucheeche,rucheeche,rucheeche,"[""rucheeche""]",ENTRY,,,[b.b.a],"regar, esparcir","rucheeche [b.b.a] regar, esparcir",,35,49,1,ZAPOTECO_ESPAÑOL,BIB003_PICKETT_VOCABULARIO,2007_FIFTH_ELECTRONIC,2013_FIFTH_ELECTRONIC_SECOND_VERSION,DOCUMENTED_UNICODE_RECONCILIATION_NOT_BYTE_EXTRACTED_2013,JUCHITAN_HISTORICAL_SOURCE,STRUCTURED_BACKFILL_V0_1
PICKETT-ZE-1857,rucheche ndase,rucheche ndase,rucheche ndase,rucheche ndase,"[""rucheche ndase""]",SUBENTRY,rucheeche,,,"dispersar, esparcir","rucheche ndase [b-al.b] dispersar,",esparcir,35,49,1,ZAPOTECO_ESPAÑOL,BIB003_PICKETT_VOCABULARIO,2007_FIFTH_ELECTRONIC,2013_FIFTH_ELECTRONIC_SECOND_VERSION,DOCUMENTED_UNICODE_RECONCILIATION_NOT_BYTE_EXTRACTED_2013,JUCHITAN_HISTORICAL_SOURCE,STRUCTURED_BACKFILL_V0_1
PICKETT-ZE-1858,rucheela’,rucheela’,rucheelaꞌ,rucheelaꞌ,"[""rucheelaꞌ""]",ENTRY,,,,casar,rucheela’ casar,,35,49,1,ZAPOTECO_ESPAÑOL,BIB003_PICKETT_VOCABULARIO,2007_FIFTH_ELECTRONIC,2013_FIFTH_ELECTRONIC_SECOND_VERSION,DOCUMENTED_UNICODE_RECONCILIATION_NOT_BYTE_EXTRACTED_2013,JUCHITAN_HISTORICAL_SOURCE,STRUCTURED_BACKFILL_V0_1
PICKETT-ZE-1859,ruchelani’di’,ruchelani’di’,ruchelaniꞌdiꞌ,ruchelaniꞌdiꞌ,"[""ruchelaniꞌdiꞌ""]",ENTRY,,,[b.b.b.al.b],provocar disgusto,ruchelani’di’ [b.b.b.al.b] provocar,disgusto,35,49,1,ZAPOTECO_ESPAÑOL,BIB003_PICKETT_VOCABULARIO,2007_FIFTH_ELECTRONIC,2013_FIFTH_ELECTRONIC_SECOND_VERSION,DOCUMENTED_UNICODE_RECONCILIATION_NOT_BYTE_EXTRACTED_2013,JUCHITAN_HISTORICAL_SOURCE,STRUCTURED_BACKFILL_V0_1
PICKETT-ZE-1860,ruchenda,ruchenda,ruchenda,ruchenda,"[""ruchenda""]",ENTRY,,,[b.b.a],"enredar, envolver","ruchenda [b.b.a] enredar, envolver",,35,49,1,ZAPOTECO_ESPAÑOL,BIB003_PICKETT_VOCABULARIO,2007_FIFTH_ELECTRONIC,2013_FIFTH_ELECTRONIC_SECOND_VERSION,DOCUMENTED_UNICODE_RECONCILIATION_NOT_BYTE_EXTRACTED_2013,JUCHITAN_HISTORICAL_SOURCE,STRUCTURED_BACKFILL_V0_1
PICKETT-ZE-1861,ruchenda ñee,ruchenda ñee,ruchenda ñee,ruchenda ñee,"[""ruchenda ñee""]",SUBENTRY,ruchenda,,,tropezar,ruchenda ñee [b-al] tropezar,,35,49,1,ZAPOTECO_ESPAÑOL,BIB003_PICKETT_VOCABULARIO,2007_FIFTH_ELECTRONIC,2013_FIFTH_ELECTRONIC_SECOND_VERSION,DOCUMENTED_UNICODE_RECONCILIATION_NOT_BYTE_EXTRACTED_2013,JUCHITAN_HISTORICAL_SOURCE,STRUCTURED_BACKFILL_V0_1
PICKETT-ZE-1862,ruchii,ruchii,ruchii,ruchii,"[""ruchii""]",ENTRY,,,,"llenar, tapar, cubrir","ruchii llenar, tapar, cubrir",,35,49,1,ZAPOTECO_ESPAÑOL,BIB003_PICKETT_VOCABULARIO,2007_FIFTH_ELECTRONIC,2013_FIFTH_ELECTRONIC_SECOND_VERSION,DOCUMENTED_UNICODE_RECONCILIATION_NOT_BYTE_EXTRACTED_2013,JUCHITAN_HISTORICAL_SOURCE,STRUCTURED_BACKFILL_V0_1
PICKETT-ZE-1863,ÿuuchi,ṟuuchi,ṟuuchi,ṟuuchi,"[""ṟuuchi""]",ENTRY,,,[a],"cortadura (se hace en algunas frutas, el pescado, etc.)",ÿuuchi [a] cortadura (se hace en algunas,"frutas, el pescado, etc.)",35,49,1,ZAPOTECO_ESPAÑOL,BIB003_PICKETT_VOCABULARIO,2007_FIFTH_ELECTRONIC,2013_FIFTH_ELECTRONIC_SECOND_VERSION,DOCUMENTED_UNICODE_RECONCILIATION_NOT_BYTE_EXTRACTED_2013,JUCHITAN_HISTORICAL_SOURCE,STRUCTURED_BACKFILL_V0_1
PICKETT-ZE-1864,ruchiá,ruchiá,ruchiá,ruchiá,"[""ruchiá""]",ENTRY,,,,"desbaratar, apartar, desenvolver, descoser, deshacer","ruchiá desbaratar, apartar, desenvolver,","descoser, deshacer",35,49,1,ZAPOTECO_ESPAÑOL,BIB003_PICKETT_VOCABULARIO,2007_FIFTH_ELECTRONIC,2013_FIFTH_ELECTRONIC_SECOND_VERSION,DOCUMENTED_UNICODE_RECONCILIATION_NOT_BYTE_EXTRACTED_2013,JUCHITAN_HISTORICAL_SOURCE,STRUCTURED_BACKFILL_V0_1
PICKETT-ZE-1865,ruchiaa,ruchiaa,ruchiaa,ruchiaa,"[""ruchiaa""]",ENTRY,,,[b.a],"extender, tender","ruchiaa [b.a] extender, tender",,35,49,1,ZAPOTECO_ESPAÑOL,BIB003_PICKETT_VOCABULARIO,2007_FIFTH_ELECTRONIC,2013_FIFTH_ELECTRONIC_SECOND_VERSION,DOCUMENTED_UNICODE_RECONCILIATION_NOT_BYTE_EXTRACTED_2013,JUCHITAN_HISTORICAL_SOURCE,STRUCTURED_BACKFILL_V0_1
PICKETT-ZE-1866,ruchiacha,ruchiacha,ruchiacha,ruchiacha,"[""ruchiacha""]",ENTRY,,,,"salpicar, desordenar, agitar","ruchiacha salpicar, desordenar, agitar",,35,49,1,ZAPOTECO_ESPAÑOL,BIB003_PICKETT_VOCABULARIO,2007_FIFTH_ELECTRONIC,2013_FIFTH_ELECTRONIC_SECOND_VERSION,DOCUMENTED_UNICODE_RECONCILIATION_NOT_BYTE_EXTRACTED_2013,JUCHITAN_HISTORICAL_SOURCE,STRUCTURED_BACKFILL_V0_1
PICKETT-ZE-1867,ruchibi,ruchibi,ruchibi,ruchibi,"[""ruchibi""]",ENTRY,,,,"espantar, asustar","ruchibi espantar, asustar",,35,49,1,ZAPOTECO_ESPAÑOL,BIB003_PICKETT_VOCABULARIO,2007_FIFTH_ELECTRONIC,2013_FIFTH_ELECTRONIC_SECOND_VERSION,DOCUMENTED_UNICODE_RECONCILIATION_NOT_BYTE_EXTRACTED_2013,JUCHITAN_HISTORICAL_SOURCE,STRUCTURED_BACKFILL_V0_1
PICKETT-ZE-1868,ruchiichi,ruchiichi,ruchiichi,ruchiichi,"[""ruchiichi""]",ENTRY,,,[b.b.a],"enojar, molestar","ruchiichi [b.b.a] enojar, molestar",,35,49,1,ZAPOTECO_ESPAÑOL,BIB003_PICKETT_VOCABULARIO,2007_FIFTH_ELECTRONIC,2013_FIFTH_ELECTRONIC_SECOND_VERSION,DOCUMENTED_UNICODE_RECONCILIATION_NOT_BYTE_EXTRACTED_2013,JUCHITAN_HISTORICAL_SOURCE,STRUCTURED_BACKFILL_V0_1
PICKETT-ZE-1869,ruchidxi laya,ruchidxi laya,ruchidxi laya,ruchidxi laya,"[""ruchidxi laya""]",ENTRY,,,,destemplar los dientes,ruchidxi laya destemplar los dientes,,35,49,1,ZAPOTECO_ESPAÑOL,BIB003_PICKETT_VOCABULARIO,2007_FIFTH_ELECTRONIC,2013_FIFTH_ELECTRONIC_SECOND_VERSION,DOCUMENTED_UNICODE_RECONCILIATION_NOT_BYTE_EXTRACTED_2013,JUCHITAN_HISTORICAL_SOURCE,STRUCTURED_BACKFILL_V0_1
PICKETT-ZE-1870,ruchiña,ruchiña,ruchiña,ruchiña,"[""ruchiña""]",ENTRY,,,,acercar,ruchiña acercar,,35,49,1,ZAPOTECO_ESPAÑOL,BIB003_PICKETT_VOCABULARIO,2007_FIFTH_ELECTRONIC,2013_FIFTH_ELECTRONIC_SECOND_VERSION,DOCUMENTED_UNICODE_RECONCILIATION_NOT_BYTE_EXTRACTED_2013,JUCHITAN_HISTORICAL_SOURCE,STRUCTURED_BACKFILL_V0_1
PICKETT-ZE-1871,ruchiiña’,ruchiiña’,ruchiiñaꞌ,ruchiiñaꞌ,"[""ruchiiñaꞌ""]",ENTRY,,,,"molestar, estorbar","ruchiiña’ molestar, estorbar",,35,49,1,ZAPOTECO_ESPAÑOL,BIB003_PICKETT_VOCABULARIO,2007_FIFTH_ELECTRONIC,2013_FIFTH_ELECTRONIC_SECOND_VERSION,DOCUMENTED_UNICODE_RECONCILIATION_NOT_BYTE_EXTRACTED_2013,JUCHITAN_HISTORICAL_SOURCE,STRUCTURED_BACKFILL_V0_1
PICKETT-ZE-1872,ruchuche,ruchuche,ruchuche,ruchuche,"[""ruchuche""]",ENTRY,,,,"tirar al suelo, azotar","ruchuche tirar al suelo, azotar",,35,49,1,ZAPOTECO_ESPAÑOL,BIB003_PICKETT_VOCABULARIO,2007_FIFTH_ELECTRONIC,2013_FIFTH_ELECTRONIC_SECOND_VERSION,DOCUMENTED_UNICODE_RECONCILIATION_NOT_BYTE_EXTRACTED_2013,JUCHITAN_HISTORICAL_SOURCE,STRUCTURED_BACKFILL_V0_1
PICKETT-ZE-1873,ruchuugu’,ruchuugu’,ruchuuguꞌ,ruchuuguꞌ,"[""ruchuuguꞌ""]",ENTRY,,,,"cortar, reventar","ruchuugu’ cortar, reventar",,35,49,1,ZAPOTECO_ESPAÑOL,BIB003_PICKETT_VOCABULARIO,2007_FIFTH_ELECTRONIC,2013_FIFTH_ELECTRONIC_SECOND_VERSION,DOCUMENTED_UNICODE_RECONCILIATION_NOT_BYTE_EXTRACTED_2013,JUCHITAN_HISTORICAL_SOURCE,STRUCTURED_BACKFILL_V0_1
PICKETT-ZE-1874,ruchuuni’,ruchuuni’,ruchuuniꞌ,ruchuuniꞌ,"[""ruchuuniꞌ""]",ENTRY,,,,freir,ruchuuni’ freir,,35,49,1,ZAPOTECO_ESPAÑOL,BIB003_PICKETT_VOCABULARIO,2007_FIFTH_ELECTRONIC,2013_FIFTH_ELECTRONIC_SECOND_VERSION,DOCUMENTED_UNICODE_RECONCILIATION_NOT_BYTE_EXTRACTED_2013,JUCHITAN_HISTORICAL_SOURCE,STRUCTURED_BACKFILL_V0_1
PICKETT-ZE-1875,ruchuxhi,ruchuxhi,ruchuxhi,ruchuxhi,"[""ruchuxhi""]",ENTRY,,,[b.b.a],"pelar, mondar","ruchuxhi [b.b.a] pelar, mondar",,35,49,1,ZAPOTECO_ESPAÑOL,BIB003_PICKETT_VOCABULARIO,2007_FIFTH_ELECTRONIC,2013_FIFTH_ELECTRONIC_SECOND_VERSION,DOCUMENTED_UNICODE_RECONCILIATION_NOT_BYTE_EXTRACTED_2013,JUCHITAN_HISTORICAL_SOURCE,STRUCTURED_BACKFILL_V0_1
PICKETT-ZE-1876,rudii,rudii,rudii,rudii,"[""rudii""]",ENTRY,,,,dar,rudii dar,,35,49,1,ZAPOTECO_ESPAÑOL,BIB003_PICKETT_VOCABULARIO,2007_FIFTH_ELECTRONIC,2013_FIFTH_ELECTRONIC_SECOND_VERSION,DOCUMENTED_UNICODE_RECONCILIATION_NOT_BYTE_EXTRACTED_2013,JUCHITAN_HISTORICAL_SOURCE,STRUCTURED_BACKFILL_V0_1
PICKETT-ZE-1877,rudii doo,rudii doo,rudii doo,rudii doo,"[""rudii doo""]",SUBENTRY,rudii,,,soltar la cuerda; consentir,rudii doo soltar la cuerda; consentir,,35,49,1,ZAPOTECO_ESPAÑOL,BIB003_PICKETT_VOCABULARIO,2007_FIFTH_ELECTRONIC,2013_FIFTH_ELECTRONIC_SECOND_VERSION,DOCUMENTED_UNICODE_RECONCILIATION_NOT_BYTE_EXTRACTED_2013,JUCHITAN_HISTORICAL_SOURCE,STRUCTURED_BACKFILL_V0_1
PICKETT-ZE-1878,rudié,rudié,rudié,rudié,"[""rudié""]",ENTRY,,,,"apretar, oprimir","rudié apretar, oprimir",,35,49,1,ZAPOTECO_ESPAÑOL,BIB003_PICKETT_VOCABULARIO,2007_FIFTH_ELECTRONIC,2013_FIFTH_ELECTRONIC_SECOND_VERSION,DOCUMENTED_UNICODE_RECONCILIATION_NOT_BYTE_EXTRACTED_2013,JUCHITAN_HISTORICAL_SOURCE,STRUCTURED_BACKFILL_V0_1
PICKETT-ZE-1879,rudu,rudu,rudu,rudu,"[""rudu""]",ENTRY,,,[b.a],"dar punzada, punzar, cornear (animales)","rudu [b.a] dar punzada, punzar, cornear",(animales),35,49,1,ZAPOTECO_ESPAÑOL,BIB003_PICKETT_VOCABULARIO,2007_FIFTH_ELECTRONIC,2013_FIFTH_ELECTRONIC_SECOND_VERSION,DOCUMENTED_UNICODE_RECONCILIATION_NOT_BYTE_EXTRACTED_2013,JUCHITAN_HISTORICAL_SOURCE,STRUCTURED_BACKFILL_V0_1
PICKETT-ZE-1880,rudxeela,rudxeela,rudxeela,rudxeela,"[""rudxeela""]",ENTRY,,,[b.b.a],tener compromiso o noviazgo,rudxeela [b.b.a] tener compromiso o,noviazgo,35,49,1,ZAPOTECO_ESPAÑOL,BIB003_PICKETT_VOCABULARIO,2007_FIFTH_ELECTRONIC,2013_FIFTH_ELECTRONIC_SECOND_VERSION,DOCUMENTED_UNICODE_RECONCILIATION_NOT_BYTE_EXTRACTED_2013,JUCHITAN_HISTORICAL_SOURCE,STRUCTURED_BACKFILL_V0_1
PICKETT-ZE-1881,rudxii,rudxii,rudxii,rudxii,"[""rudxii""]",ENTRY,,,,"rechazar, devolver, dar cambio","rudxii rechazar, devolver, dar cambio",,35,49,1,ZAPOTECO_ESPAÑOL,BIB003_PICKETT_VOCABULARIO,2007_FIFTH_ELECTRONIC,2013_FIFTH_ELECTRONIC_SECOND_VERSION,DOCUMENTED_UNICODE_RECONCILIATION_NOT_BYTE_EXTRACTED_2013,JUCHITAN_HISTORICAL_SOURCE,STRUCTURED_BACKFILL_V0_1
PICKETT-ZE-1882,rudxii lú,rudxii lú,rudxii lú,rudxii lú,"[""rudxii lú""]",SUBENTRY,rudxii,,,voltearse; enfrentarse,rudxii lú voltearse; enfrentarse,,35,49,1,ZAPOTECO_ESPAÑOL,BIB003_PICKETT_VOCABULARIO,2007_FIFTH_ELECTRONIC,2013_FIFTH_ELECTRONIC_SECOND_VERSION,DOCUMENTED_UNICODE_RECONCILIATION_NOT_BYTE_EXTRACTED_2013,JUCHITAN_HISTORICAL_SOURCE,STRUCTURED_BACKFILL_V0_1
PICKETT-ZE-1883,rudxiiba’,rudxiiba’,rudxiibaꞌ,rudxiibaꞌ,"[""rudxiibaꞌ""]",ENTRY,,,,sembrar; subir a otro,rudxiiba’ sembrar; subir a otro,,35,49,1,ZAPOTECO_ESPAÑOL,BIB003_PICKETT_VOCABULARIO,2007_FIFTH_ELECTRONIC,2013_FIFTH_ELECTRONIC_SECOND_VERSION,DOCUMENTED_UNICODE_RECONCILIATION_NOT_BYTE_EXTRACTED_2013,JUCHITAN_HISTORICAL_SOURCE,STRUCTURED_BACKFILL_V0_1
PICKETT-ZE-1884,rudxiee,rudxiee,rudxiee,rudxiee,"[""rudxiee""]",ENTRY,,,,"remover con algún objeto, revolver","rudxiee remover con algún objeto, revolver",,35,49,1,ZAPOTECO_ESPAÑOL,BIB003_PICKETT_VOCABULARIO,2007_FIFTH_ELECTRONIC,2013_FIFTH_ELECTRONIC_SECOND_VERSION,DOCUMENTED_UNICODE_RECONCILIATION_NOT_BYTE_EXTRACTED_2013,JUCHITAN_HISTORICAL_SOURCE,STRUCTURED_BACKFILL_V0_1
PICKETT-ZE-1885,rudxiee ná’,rudxiee ná’,rudxiee náꞌ,rudxiee náꞌ,"[""rudxiee náꞌ""]",SUBENTRY,rudxiee,,,"remover con la mano por ej.: la masa escudriñar, buscar, registrar a una persona",rudxiee ná’ [b-a] remover con la mano,"por ej.: la masa escudriñar, buscar, registrar a una persona",35,49,1,ZAPOTECO_ESPAÑOL,BIB003_PICKETT_VOCABULARIO,2007_FIFTH_ELECTRONIC,2013_FIFTH_ELECTRONIC_SECOND_VERSION,DOCUMENTED_UNICODE_RECONCILIATION_NOT_BYTE_EXTRACTED_2013,JUCHITAN_HISTORICAL_SOURCE,STRUCTURED_BACKFILL_V0_1
PICKETT-ZE-1886,rudxiga’,rudxiga’,rudxigaꞌ,rudxigaꞌ,"[""rudxigaꞌ""]",ENTRY,,,[b.b.al],"encajar, meter","rudxiga’ [b.b.al] encajar, meter",,35,49,1,ZAPOTECO_ESPAÑOL,BIB003_PICKETT_VOCABULARIO,2007_FIFTH_ELECTRONIC,2013_FIFTH_ELECTRONIC_SECOND_VERSION,DOCUMENTED_UNICODE_RECONCILIATION_NOT_BYTE_EXTRACTED_2013,JUCHITAN_HISTORICAL_SOURCE,STRUCTURED_BACKFILL_V0_1
PICKETT-ZE-1887,rudxigueta’,rudxigueta’,rudxiguetaꞌ,rudxiguetaꞌ,"[""rudxiguetaꞌ""]",ENTRY,,,[b.b.b.al],"hacer volver, devolver","rudxigueta’ [b.b.b.al] hacer volver,",devolver,35,49,1,ZAPOTECO_ESPAÑOL,BIB003_PICKETT_VOCABULARIO,2007_FIFTH_ELECTRONIC,2013_FIFTH_ELECTRONIC_SECOND_VERSION,DOCUMENTED_UNICODE_RECONCILIATION_NOT_BYTE_EXTRACTED_2013,JUCHITAN_HISTORICAL_SOURCE,STRUCTURED_BACKFILL_V0_1
PICKETT-ZE-1888,rudxigueta lú,rudxigueta lú,rudxigueta lú,rudxigueta lú,"[""rudxigueta lú""]",SUBENTRY,rudxiguetaꞌ,,,voltear la cara,rudxigueta lú [b.b.b.al-b] voltear la,cara,35,49,1,ZAPOTECO_ESPAÑOL,BIB003_PICKETT_VOCABULARIO,2007_FIFTH_ELECTRONIC,2013_FIFTH_ELECTRONIC_SECOND_VERSION,DOCUMENTED_UNICODE_RECONCILIATION_NOT_BYTE_EXTRACTED_2013,JUCHITAN_HISTORICAL_SOURCE,STRUCTURED_BACKFILL_V0_1
PICKETT-ZE-1889,rudxuí’,rudxuí’,rudxuíꞌ,rudxuíꞌ,"[""rudxuíꞌ""]",ENTRY,,,,"quemar a una persona, hacer sentir la sensación del calor intenso","rudxuí’ quemar a una persona, hacer sentir",la sensación del calor intenso,35,49,2,ZAPOTECO_ESPAÑOL,BIB003_PICKETT_VOCABULARIO,2007_FIFTH_ELECTRONIC,2013_FIFTH_ELECTRONIC_SECOND_VERSION,DOCUMENTED_UNICODE_RECONCILIATION_NOT_BYTE_EXTRACTED_2013,JUCHITAN_HISTORICAL_SOURCE,STRUCTURED_BACKFILL_V0_1
PICKETT-ZE-1890,ÿueeda,ṟueeda,ṟueeda,ṟueeda,"[""ṟueeda""]",ENTRY,,,[a],rueda,ÿueeda [a] rueda,,35,49,2,ZAPOTECO_ESPAÑOL,BIB003_PICKETT_VOCABULARIO,2007_FIFTH_ELECTRONIC,2013_FIFTH_ELECTRONIC_SECOND_VERSION,DOCUMENTED_UNICODE_RECONCILIATION_NOT_BYTE_EXTRACTED_2013,JUCHITAN_HISTORICAL_SOURCE,STRUCTURED_BACKFILL_V0_1
PICKETT-ZE-1891,rugá,rugá,rugá,rugá,"[""rugá""]",ENTRY,,,,"cortar, rasurar, adular, barbear","rugá cortar, rasurar, adular, barbear",,35,49,2,ZAPOTECO_ESPAÑOL,BIB003_PICKETT_VOCABULARIO,2007_FIFTH_ELECTRONIC,2013_FIFTH_ELECTRONIC_SECOND_VERSION,DOCUMENTED_UNICODE_RECONCILIATION_NOT_BYTE_EXTRACTED_2013,JUCHITAN_HISTORICAL_SOURCE,STRUCTURED_BACKFILL_V0_1
PICKETT-ZE-1892,rugaba’,rugaba’,rugabaꞌ,rugabaꞌ,"[""rugabaꞌ""]",ENTRY,,,[b.b.al],contar,rugaba’ [b.b.al] contar,,35,49,2,ZAPOTECO_ESPAÑOL,BIB003_PICKETT_VOCABULARIO,2007_FIFTH_ELECTRONIC,2013_FIFTH_ELECTRONIC_SECOND_VERSION,DOCUMENTED_UNICODE_RECONCILIATION_NOT_BYTE_EXTRACTED_2013,JUCHITAN_HISTORICAL_SOURCE,STRUCTURED_BACKFILL_V0_1
PICKETT-ZE-1893,rugacu,rugacu,rugacu,rugacu,"[""rugacu""]",ENTRY,,,,vestir o poner ropa a alguien,rugacu vestir o poner ropa a alguien,,35,49,2,ZAPOTECO_ESPAÑOL,BIB003_PICKETT_VOCABULARIO,2007_FIFTH_ELECTRONIC,2013_FIFTH_ELECTRONIC_SECOND_VERSION,DOCUMENTED_UNICODE_RECONCILIATION_NOT_BYTE_EXTRACTED_2013,JUCHITAN_HISTORICAL_SOURCE,STRUCTURED_BACKFILL_V0_1
PICKETT-ZE-1894,rugadxe,rugadxe,rugadxe,rugadxe,"[""rugadxe""]",ENTRY,,,,mojar,rugadxe mojar,,35,49,2,ZAPOTECO_ESPAÑOL,BIB003_PICKETT_VOCABULARIO,2007_FIFTH_ELECTRONIC,2013_FIFTH_ELECTRONIC_SECOND_VERSION,DOCUMENTED_UNICODE_RECONCILIATION_NOT_BYTE_EXTRACTED_2013,JUCHITAN_HISTORICAL_SOURCE,STRUCTURED_BACKFILL_V0_1
PICKETT-ZE-1895,rugadxi,rugadxi,rugadxi,rugadxi,"[""rugadxi""]",ENTRY,,,,dar de mamar,rugadxi dar de mamar,,35,49,2,ZAPOTECO_ESPAÑOL,BIB003_PICKETT_VOCABULARIO,2007_FIFTH_ELECTRONIC,2013_FIFTH_ELECTRONIC_SECOND_VERSION,DOCUMENTED_UNICODE_RECONCILIATION_NOT_BYTE_EXTRACTED_2013,JUCHITAN_HISTORICAL_SOURCE,STRUCTURED_BACKFILL_V0_1
PICKETT-ZE-1896,ruga’ga’,ruga’ga’,rugaꞌgaꞌ,rugaꞌgaꞌ,"[""rugaꞌgaꞌ""]",ENTRY,,,,atorar,ruga’ga’ atorar,,35,49,2,ZAPOTECO_ESPAÑOL,BIB003_PICKETT_VOCABULARIO,2007_FIFTH_ELECTRONIC,2013_FIFTH_ELECTRONIC_SECOND_VERSION,DOCUMENTED_UNICODE_RECONCILIATION_NOT_BYTE_EXTRACTED_2013,JUCHITAN_HISTORICAL_SOURCE,STRUCTURED_BACKFILL_V0_1
PICKETT-ZE-1897,rugaagui’,rugaagui’,rugaaguiꞌ,rugaaguiꞌ,"[""rugaaguiꞌ""]",ENTRY,,,,"cocer, asar","rugaagui’ cocer, asar",,35,49,2,ZAPOTECO_ESPAÑOL,BIB003_PICKETT_VOCABULARIO,2007_FIFTH_ELECTRONIC,2013_FIFTH_ELECTRONIC_SECOND_VERSION,DOCUMENTED_UNICODE_RECONCILIATION_NOT_BYTE_EXTRACTED_2013,JUCHITAN_HISTORICAL_SOURCE,STRUCTURED_BACKFILL_V0_1
PICKETT-ZE-1898,rugahui,rugahui,rugahui,rugahui,"[""rugahui""]",ENTRY,,,[b.b.a],"echar, aventar (especialmente a agua y polvo); vestir a una mujer con enagua, ponerle enagua","rugahui [b.b.a] echar, aventar","(especialmente a agua y polvo); vestir a una mujer con enagua, ponerle enagua",35,49,2,ZAPOTECO_ESPAÑOL,BIB003_PICKETT_VOCABULARIO,2007_FIFTH_ELECTRONIC,2013_FIFTH_ELECTRONIC_SECOND_VERSION,DOCUMENTED_UNICODE_RECONCILIATION_NOT_BYTE_EXTRACTED_2013,JUCHITAN_HISTORICAL_SOURCE,STRUCTURED_BACKFILL_V0_1
PICKETT-ZE-1899,rugaanda,rugaanda,rugaanda,rugaanda,"[""rugaanda""]",ENTRY,,,[b.b.a],"alcanzar; colgar, ponerle collar; provocar disgusto","rugaanda [b.b.a] alcanzar; colgar, ponerle",collar; provocar disgusto,35,49,2,ZAPOTECO_ESPAÑOL,BIB003_PICKETT_VOCABULARIO,2007_FIFTH_ELECTRONIC,2013_FIFTH_ELECTRONIC_SECOND_VERSION,DOCUMENTED_UNICODE_RECONCILIATION_NOT_BYTE_EXTRACTED_2013,JUCHITAN_HISTORICAL_SOURCE,STRUCTURED_BACKFILL_V0_1
PICKETT-ZE-1900,rugapa diuxi,rugapa diuxi,rugapa diuxi,rugapa diuxi,"[""rugapa diuxi""]",ENTRY,,,[b-al.b],saludar,rugapa diuxi [b-al.b] saludar,,35,49,2,ZAPOTECO_ESPAÑOL,BIB003_PICKETT_VOCABULARIO,2007_FIFTH_ELECTRONIC,2013_FIFTH_ELECTRONIC_SECOND_VERSION,DOCUMENTED_UNICODE_RECONCILIATION_NOT_BYTE_EXTRACTED_2013,JUCHITAN_HISTORICAL_SOURCE,STRUCTURED_BACKFILL_V0_1
PICKETT-ZE-1901,rugaasa’,rugaasa’,rugaasaꞌ,rugaasaꞌ,"[""rugaasaꞌ""]",ENTRY,,,,"meter algo con presión, encajar","rugaasa’ meter algo con presión, encajar",,35,49,2,ZAPOTECO_ESPAÑOL,BIB003_PICKETT_VOCABULARIO,2007_FIFTH_ELECTRONIC,2013_FIFTH_ELECTRONIC_SECOND_VERSION,DOCUMENTED_UNICODE_RECONCILIATION_NOT_BYTE_EXTRACTED_2013,JUCHITAN_HISTORICAL_SOURCE,STRUCTURED_BACKFILL_V0_1
PICKETT-ZE-1902,ruga’ta’,ruga’ta’,rugaꞌtaꞌ,rugaꞌtaꞌ,"[""rugaꞌtaꞌ""]",ENTRY,,,,acostar,ruga’ta’ acostar,,35,49,2,ZAPOTECO_ESPAÑOL,BIB003_PICKETT_VOCABULARIO,2007_FIFTH_ELECTRONIC,2013_FIFTH_ELECTRONIC_SECOND_VERSION,DOCUMENTED_UNICODE_RECONCILIATION_NOT_BYTE_EXTRACTED_2013,JUCHITAN_HISTORICAL_SOURCE,STRUCTURED_BACKFILL_V0_1
PICKETT-ZE-1903,rugaze,rugaze,rugaze,rugaze,"[""rugaze""]",ENTRY,,,,"bañar; azotar, pegar con un objeto","rugaze bañar; azotar, pegar con un objeto",,35,49,2,ZAPOTECO_ESPAÑOL,BIB003_PICKETT_VOCABULARIO,2007_FIFTH_ELECTRONIC,2013_FIFTH_ELECTRONIC_SECOND_VERSION,DOCUMENTED_UNICODE_RECONCILIATION_NOT_BYTE_EXTRACTED_2013,JUCHITAN_HISTORICAL_SOURCE,STRUCTURED_BACKFILL_V0_1
PICKETT-ZE-1904,rugaze ñee,rugaze ñee,rugaze ñee,rugaze ñee,"[""rugaze ñee""]",SUBENTRY,rugaze,,,dar patadas,rugaze ñee dar patadas,,35,49,2,ZAPOTECO_ESPAÑOL,BIB003_PICKETT_VOCABULARIO,2007_FIFTH_ELECTRONIC,2013_FIFTH_ELECTRONIC_SECOND_VERSION,DOCUMENTED_UNICODE_RECONCILIATION_NOT_BYTE_EXTRACTED_2013,JUCHITAN_HISTORICAL_SOURCE,STRUCTURED_BACKFILL_V0_1
PICKETT-ZE-1905,ruguá’,ruguá’,ruguáꞌ,ruguáꞌ,"[""ruguáꞌ""]",ENTRY,,,,hacer cargar,ruguá’ hacer cargar,,35,49,2,ZAPOTECO_ESPAÑOL,BIB003_PICKETT_VOCABULARIO,2007_FIFTH_ELECTRONIC,2013_FIFTH_ELECTRONIC_SECOND_VERSION,DOCUMENTED_UNICODE_RECONCILIATION_NOT_BYTE_EXTRACTED_2013,JUCHITAN_HISTORICAL_SOURCE,STRUCTURED_BACKFILL_V0_1
PICKETT-ZE-1906,ruguá’ ridxi,ruguá’ ridxi,ruguáꞌ ridxi,ruguáꞌ ridxi,"[""ruguáꞌ ridxi""]",ENTRY,,,,gritar (personas),ruguá’ ridxi gritar (personas),,35,49,2,ZAPOTECO_ESPAÑOL,BIB003_PICKETT_VOCABULARIO,2007_FIFTH_ELECTRONIC,2013_FIFTH_ELECTRONIC_SECOND_VERSION,DOCUMENTED_UNICODE_RECONCILIATION_NOT_BYTE_EXTRACTED_2013,JUCHITAN_HISTORICAL_SOURCE,STRUCTURED_BACKFILL_V0_1
PICKETT-ZE-1907,ruguucha’,ruguucha’,ruguuchaꞌ,ruguuchaꞌ,"[""ruguuchaꞌ""]",ENTRY,,,,"revolver, mezclar; bañar (se aplica a mujeres, incluyendo la cabellera)","ruguucha’ revolver, mezclar; bañar (se","aplica a mujeres, incluyendo la cabellera)",35,49,2,ZAPOTECO_ESPAÑOL,BIB003_PICKETT_VOCABULARIO,2007_FIFTH_ELECTRONIC,2013_FIFTH_ELECTRONIC_SECOND_VERSION,DOCUMENTED_UNICODE_RECONCILIATION_NOT_BYTE_EXTRACTED_2013,JUCHITAN_HISTORICAL_SOURCE,STRUCTURED_BACKFILL_V0_1
PICKETT-ZE-1908,ruguuda’,ruguuda’,ruguudaꞌ,ruguudaꞌ,"[""ruguudaꞌ""]",ENTRY,,,,"trenzar (el cabello, las patas de la iguana)","ruguuda’ trenzar (el cabello, las patas de",la iguana),35,49,2,ZAPOTECO_ESPAÑOL,BIB003_PICKETT_VOCABULARIO,2007_FIFTH_ELECTRONIC,2013_FIFTH_ELECTRONIC_SECOND_VERSION,DOCUMENTED_UNICODE_RECONCILIATION_NOT_BYTE_EXTRACTED_2013,JUCHITAN_HISTORICAL_SOURCE,STRUCTURED_BACKFILL_V0_1
PICKETT-ZE-1909,rugué’,rugué’,ruguéꞌ,ruguéꞌ,"[""ruguéꞌ""]",ENTRY,,,,"dar de beber, dar de tomar","rugué’ dar de beber, dar de tomar",,35,49,2,ZAPOTECO_ESPAÑOL,BIB003_PICKETT_VOCABULARIO,2007_FIFTH_ELECTRONIC,2013_FIFTH_ELECTRONIC_SECOND_VERSION,DOCUMENTED_UNICODE_RECONCILIATION_NOT_BYTE_EXTRACTED_2013,JUCHITAN_HISTORICAL_SOURCE,STRUCTURED_BACKFILL_V0_1
PICKETT-ZE-1910,rui’ diidxa’,rui’ diidxa’,ruiꞌ diidxaꞌ,ruiꞌ diidxaꞌ,"[""ruiꞌ diidxaꞌ""]",ENTRY,,,,platicar,rui’ diidxa’ platicar,,35,49,2,ZAPOTECO_ESPAÑOL,BIB003_PICKETT_VOCABULARIO,2007_FIFTH_ELECTRONIC,2013_FIFTH_ELECTRONIC_SECOND_VERSION,DOCUMENTED_UNICODE_RECONCILIATION_NOT_BYTE_EXTRACTED_2013,JUCHITAN_HISTORICAL_SOURCE,STRUCTURED_BACKFILL_V0_1
PICKETT-ZE-1911,ÿuidu,ṟuidu,ṟuidu,ṟuidu,"[""ṟuidu""]",ENTRY,,,[a.b],ruido,ÿuidu [a.b] ruido,,35,49,2,ZAPOTECO_ESPAÑOL,BIB003_PICKETT_VOCABULARIO,2007_FIFTH_ELECTRONIC,2013_FIFTH_ELECTRONIC_SECOND_VERSION,DOCUMENTED_UNICODE_RECONCILIATION_NOT_BYTE_EXTRACTED_2013,JUCHITAN_HISTORICAL_SOURCE,STRUCTURED_BACKFILL_V0_1
PICKETT-ZE-1912,rulá,rulá,rulá,rulá,"[""rulá""]",ENTRY,,,,"salvar, librar, escapar, hacer escaparse","rulá salvar, librar, escapar, hacer escaparse",,35,49,2,ZAPOTECO_ESPAÑOL,BIB003_PICKETT_VOCABULARIO,2007_FIFTH_ELECTRONIC,2013_FIFTH_ELECTRONIC_SECOND_VERSION,DOCUMENTED_UNICODE_RECONCILIATION_NOT_BYTE_EXTRACTED_2013,JUCHITAN_HISTORICAL_SOURCE,STRUCTURED_BACKFILL_V0_1
PICKETT-ZE-1913,rulaa,rulaa,rulaa,rulaa,"[""rulaa""]",ENTRY,,,,"tirar, lanzar","rulaa tirar, lanzar",,35,49,2,ZAPOTECO_ESPAÑOL,BIB003_PICKETT_VOCABULARIO,2007_FIFTH_ELECTRONIC,2013_FIFTH_ELECTRONIC_SECOND_VERSION,DOCUMENTED_UNICODE_RECONCILIATION_NOT_BYTE_EXTRACTED_2013,JUCHITAN_HISTORICAL_SOURCE,STRUCTURED_BACKFILL_V0_1
PICKETT-ZE-1914,rulaa ná’,rulaa ná’,rulaa náꞌ,rulaa náꞌ,"[""rulaa náꞌ""]",SUBENTRY,rulaa,,,empujar con las manos,rulaa ná’ [b-a] empujar con las manos,,35,49,2,ZAPOTECO_ESPAÑOL,BIB003_PICKETT_VOCABULARIO,2007_FIFTH_ELECTRONIC,2013_FIFTH_ELECTRONIC_SECOND_VERSION,DOCUMENTED_UNICODE_RECONCILIATION_NOT_BYTE_EXTRACTED_2013,JUCHITAN_HISTORICAL_SOURCE,STRUCTURED_BACKFILL_V0_1
PICKETT-ZE-1915,rulabi,rulabi,rulabi,rulabi,"[""rulabi""]",ENTRY,,,,hacer caso,rulabi hacer caso,,35,49,2,ZAPOTECO_ESPAÑOL,BIB003_PICKETT_VOCABULARIO,2007_FIFTH_ELECTRONIC,2013_FIFTH_ELECTRONIC_SECOND_VERSION,DOCUMENTED_UNICODE_RECONCILIATION_NOT_BYTE_EXTRACTED_2013,JUCHITAN_HISTORICAL_SOURCE,STRUCTURED_BACKFILL_V0_1
PICKETT-ZE-1916,rulaadxi’,rulaadxi’,rulaadxiꞌ,rulaadxiꞌ,"[""rulaadxiꞌ""]",ENTRY,,,,encajar,rulaadxi’ encajar,,35,49,2,ZAPOTECO_ESPAÑOL,BIB003_PICKETT_VOCABULARIO,2007_FIFTH_ELECTRONIC,2013_FIFTH_ELECTRONIC_SECOND_VERSION,DOCUMENTED_UNICODE_RECONCILIATION_NOT_BYTE_EXTRACTED_2013,JUCHITAN_HISTORICAL_SOURCE,STRUCTURED_BACKFILL_V0_1
PICKETT-ZE-1917,"rulidxi, rulidxe","rulidxi, rulidxe","rulidxi, rulidxe",rulidxi,"[""rulidxi"", ""rulidxe""]",ENTRY,,,,"aconsejar, corregir, llamar la atención","rulidxi, rulidxe aconsejar, corregir, llamar",la atención,35,49,2,ZAPOTECO_ESPAÑOL,BIB003_PICKETT_VOCABULARIO,2007_FIFTH_ELECTRONIC,2013_FIFTH_ELECTRONIC_SECOND_VERSION,DOCUMENTED_UNICODE_RECONCILIATION_NOT_BYTE_EXTRACTED_2013,JUCHITAN_HISTORICAL_SOURCE,STRUCTURED_BACKFILL_V0_1
PICKETT-ZE-1918,ruluí’,ruluí’,ruluíꞌ,ruluíꞌ,"[""ruluíꞌ""]",ENTRY,,,,"parecer(se) a; enseñar, mostrar","ruluí’ parecer(se) a; enseñar, mostrar",,35,49,2,ZAPOTECO_ESPAÑOL,BIB003_PICKETT_VOCABULARIO,2007_FIFTH_ELECTRONIC,2013_FIFTH_ELECTRONIC_SECOND_VERSION,DOCUMENTED_UNICODE_RECONCILIATION_NOT_BYTE_EXTRACTED_2013,JUCHITAN_HISTORICAL_SOURCE,STRUCTURED_BACKFILL_V0_1
PICKETT-ZE-1919,ruluí la’dxi’,ruluí la’dxi’,ruluí laꞌdxiꞌ,ruluí laꞌdxiꞌ,"[""ruluí laꞌdxiꞌ""]",SUBENTRY,ruluíꞌ,,,"desear, inclinar a creer","ruluí la’dxi’ desear, inclinar a creer",,35,49,2,ZAPOTECO_ESPAÑOL,BIB003_PICKETT_VOCABULARIO,2007_FIFTH_ELECTRONIC,2013_FIFTH_ELECTRONIC_SECOND_VERSION,DOCUMENTED_UNICODE_RECONCILIATION_NOT_BYTE_EXTRACTED_2013,JUCHITAN_HISTORICAL_SOURCE,STRUCTURED_BACKFILL_V0_1
PICKETT-ZE-1920,runa,runa,runa,runa,"[""runa""]",ENTRY,,,,obedecer,runa obedecer,,35,49,2,ZAPOTECO_ESPAÑOL,BIB003_PICKETT_VOCABULARIO,2007_FIFTH_ELECTRONIC,2013_FIFTH_ELECTRONIC_SECOND_VERSION,DOCUMENTED_UNICODE_RECONCILIATION_NOT_BYTE_EXTRACTED_2013,JUCHITAN_HISTORICAL_SOURCE,STRUCTURED_BACKFILL_V0_1
PICKETT-ZE-1921,"runa, runa diaga","runa, runa diaga","runa, runa diaga",runa,"[""runa"", ""runa diaga""]",ENTRY,,,,oír,"runa, runa diaga oír",,35,49,2,ZAPOTECO_ESPAÑOL,BIB003_PICKETT_VOCABULARIO,2007_FIFTH_ELECTRONIC,2013_FIFTH_ELECTRONIC_SECOND_VERSION,DOCUMENTED_UNICODE_RECONCILIATION_NOT_BYTE_EXTRACTED_2013,JUCHITAN_HISTORICAL_SOURCE,STRUCTURED_BACKFILL_V0_1
PICKETT-ZE-1922,ruuna’,ruuna’,ruunaꞌ,ruunaꞌ,"[""ruunaꞌ""]",ENTRY,,,,llorar,ruuna’ llorar,,35,49,2,ZAPOTECO_ESPAÑOL,BIB003_PICKETT_VOCABULARIO,2007_FIFTH_ELECTRONIC,2013_FIFTH_ELECTRONIC_SECOND_VERSION,DOCUMENTED_UNICODE_RECONCILIATION_NOT_BYTE_EXTRACTED_2013,JUCHITAN_HISTORICAL_SOURCE,STRUCTURED_BACKFILL_V0_1
PICKETT-ZE-1923,ruuna la’dxi’,ruuna la’dxi’,ruuna laꞌdxiꞌ,ruuna laꞌdxiꞌ,"[""ruuna laꞌdxiꞌ""]",SUBENTRY,ruunaꞌ,,,llorar con mucho sentimiento,ruuna la’dxi’ llorar con mucho,sentimiento,35,49,2,ZAPOTECO_ESPAÑOL,BIB003_PICKETT_VOCABULARIO,2007_FIFTH_ELECTRONIC,2013_FIFTH_ELECTRONIC_SECOND_VERSION,DOCUMENTED_UNICODE_RECONCILIATION_NOT_BYTE_EXTRACTED_2013,JUCHITAN_HISTORICAL_SOURCE,STRUCTURED_BACKFILL_V0_1
PICKETT-ZE-1924,runda,runda,runda,runda,"[""runda""]",ENTRY,,,,torcer,runda torcer,,35,49,2,ZAPOTECO_ESPAÑOL,BIB003_PICKETT_VOCABULARIO,2007_FIFTH_ELECTRONIC,2013_FIFTH_ELECTRONIC_SECOND_VERSION,DOCUMENTED_UNICODE_RECONCILIATION_NOT_BYTE_EXTRACTED_2013,JUCHITAN_HISTORICAL_SOURCE,STRUCTURED_BACKFILL_V0_1
PICKETT-ZE-1925,rundaa,rundaa,rundaa,rundaa,"[""rundaa""]",ENTRY,,,,"soltar; aventar, tirar","rundaa soltar; aventar, tirar",,36,50,1,ZAPOTECO_ESPAÑOL,BIB003_PICKETT_VOCABULARIO,2007_FIFTH_ELECTRONIC,2013_FIFTH_ELECTRONIC_SECOND_VERSION,DOCUMENTED_UNICODE_RECONCILIATION_NOT_BYTE_EXTRACTED_2013,JUCHITAN_HISTORICAL_SOURCE,STRUCTURED_BACKFILL_V0_1
PICKETT-ZE-1926,ruunda’,ruunda’,ruundaꞌ,ruundaꞌ,"[""ruundaꞌ""]",ENTRY,,,,"leer, estudiar; cantar","ruunda’ leer, estudiar; cantar",,36,50,1,ZAPOTECO_ESPAÑOL,BIB003_PICKETT_VOCABULARIO,2007_FIFTH_ELECTRONIC,2013_FIFTH_ELECTRONIC_SECOND_VERSION,DOCUMENTED_UNICODE_RECONCILIATION_NOT_BYTE_EXTRACTED_2013,JUCHITAN_HISTORICAL_SOURCE,STRUCTURED_BACKFILL_V0_1
PICKETT-ZE-1927,rundaacha’,rundaacha’,rundaachaꞌ,rundaachaꞌ,"[""rundaachaꞌ""]",ENTRY,,,,soltar,rundaacha’ soltar,,36,50,1,ZAPOTECO_ESPAÑOL,BIB003_PICKETT_VOCABULARIO,2007_FIFTH_ELECTRONIC,2013_FIFTH_ELECTRONIC_SECOND_VERSION,DOCUMENTED_UNICODE_RECONCILIATION_NOT_BYTE_EXTRACTED_2013,JUCHITAN_HISTORICAL_SOURCE,STRUCTURED_BACKFILL_V0_1
PICKETT-ZE-1928,rundaachi’,rundaachi’,rundaachiꞌ,rundaachiꞌ,"[""rundaachiꞌ""]",ENTRY,,,,"espiar, observar","rundaachi’ espiar, observar",,36,50,1,ZAPOTECO_ESPAÑOL,BIB003_PICKETT_VOCABULARIO,2007_FIFTH_ELECTRONIC,2013_FIFTH_ELECTRONIC_SECOND_VERSION,DOCUMENTED_UNICODE_RECONCILIATION_NOT_BYTE_EXTRACTED_2013,JUCHITAN_HISTORICAL_SOURCE,STRUCTURED_BACKFILL_V0_1
PICKETT-ZE-1929,rundaahua,rundaahua,rundaahua,rundaahua,"[""rundaahua""]",ENTRY,,,[b.b.a],inundar,rundaahua [b.b.a] inundar,,36,50,1,ZAPOTECO_ESPAÑOL,BIB003_PICKETT_VOCABULARIO,2007_FIFTH_ELECTRONIC,2013_FIFTH_ELECTRONIC_SECOND_VERSION,DOCUMENTED_UNICODE_RECONCILIATION_NOT_BYTE_EXTRACTED_2013,JUCHITAN_HISTORICAL_SOURCE,STRUCTURED_BACKFILL_V0_1
PICKETT-ZE-1930,rundaani,rundaani,rundaani,rundaani,"[""rundaani""]",ENTRY,,,[b.b.a],brotar (líquidos),rundaani [b.b.a] brotar (líquidos),,36,50,1,ZAPOTECO_ESPAÑOL,BIB003_PICKETT_VOCABULARIO,2007_FIFTH_ELECTRONIC,2013_FIFTH_ELECTRONIC_SECOND_VERSION,DOCUMENTED_UNICODE_RECONCILIATION_NOT_BYTE_EXTRACTED_2013,JUCHITAN_HISTORICAL_SOURCE,STRUCTURED_BACKFILL_V0_1
PICKETT-ZE-1931,rundapi’,rundapi’,rundapiꞌ,rundapiꞌ,"[""rundapiꞌ""]",ENTRY,,,[b.b.al],subir (cosa),rundapi’ [b.b.al] subir (cosa),,36,50,1,ZAPOTECO_ESPAÑOL,BIB003_PICKETT_VOCABULARIO,2007_FIFTH_ELECTRONIC,2013_FIFTH_ELECTRONIC_SECOND_VERSION,DOCUMENTED_UNICODE_RECONCILIATION_NOT_BYTE_EXTRACTED_2013,JUCHITAN_HISTORICAL_SOURCE,STRUCTURED_BACKFILL_V0_1
PICKETT-ZE-1932,rundapi xii,rundapi xii,rundapi xii,rundapi xii,"[""rundapi xii""]",SUBENTRY,rundapiꞌ,,,"husmear, olfatear (se aplica exclusivamente a animales que olfatean algo con nariz arriba)","rundapi xii [b.b.al-b] husmear, olfatear",(se aplica exclusivamente a animales que olfatean algo con nariz arriba),36,50,1,ZAPOTECO_ESPAÑOL,BIB003_PICKETT_VOCABULARIO,2007_FIFTH_ELECTRONIC,2013_FIFTH_ELECTRONIC_SECOND_VERSION,DOCUMENTED_UNICODE_RECONCILIATION_NOT_BYTE_EXTRACTED_2013,JUCHITAN_HISTORICAL_SOURCE,STRUCTURED_BACKFILL_V0_1
PICKETT-ZE-1933,rundaate’,rundaate’,rundaateꞌ,rundaateꞌ,"[""rundaateꞌ""]",ENTRY,,,,"vaciar, descargar","rundaate’ vaciar, descargar",,36,50,1,ZAPOTECO_ESPAÑOL,BIB003_PICKETT_VOCABULARIO,2007_FIFTH_ELECTRONIC,2013_FIFTH_ELECTRONIC_SECOND_VERSION,DOCUMENTED_UNICODE_RECONCILIATION_NOT_BYTE_EXTRACTED_2013,JUCHITAN_HISTORICAL_SOURCE,STRUCTURED_BACKFILL_V0_1
PICKETT-ZE-1934,rundiibi,rundiibi,rundiibi,rundiibi,"[""rundiibi""]",ENTRY,,,[b.b.a],"amarrar, atar, liar","rundiibi [b.b.a] amarrar, atar, liar",,36,50,1,ZAPOTECO_ESPAÑOL,BIB003_PICKETT_VOCABULARIO,2007_FIFTH_ELECTRONIC,2013_FIFTH_ELECTRONIC_SECOND_VERSION,DOCUMENTED_UNICODE_RECONCILIATION_NOT_BYTE_EXTRACTED_2013,JUCHITAN_HISTORICAL_SOURCE,STRUCTURED_BACKFILL_V0_1
PICKETT-ZE-1935,runduuba’,runduuba’,runduubaꞌ,runduubaꞌ,"[""runduubaꞌ""]",ENTRY,,,,barrer,runduuba’ barrer,,36,50,1,ZAPOTECO_ESPAÑOL,BIB003_PICKETT_VOCABULARIO,2007_FIFTH_ELECTRONIC,2013_FIFTH_ELECTRONIC_SECOND_VERSION,DOCUMENTED_UNICODE_RECONCILIATION_NOT_BYTE_EXTRACTED_2013,JUCHITAN_HISTORICAL_SOURCE,STRUCTURED_BACKFILL_V0_1
PICKETT-ZE-1936,rundubi,rundubi,rundubi,rundubi,"[""rundubi""]",ENTRY,,,[b.b.a],"soplar, insuflar","rundubi [b.b.a] soplar, insuflar",,36,50,1,ZAPOTECO_ESPAÑOL,BIB003_PICKETT_VOCABULARIO,2007_FIFTH_ELECTRONIC,2013_FIFTH_ELECTRONIC_SECOND_VERSION,DOCUMENTED_UNICODE_RECONCILIATION_NOT_BYTE_EXTRACTED_2013,JUCHITAN_HISTORICAL_SOURCE,STRUCTURED_BACKFILL_V0_1
PICKETT-ZE-1937,runduuxe’,runduuxe’,runduuxeꞌ,runduuxeꞌ,"[""runduuxeꞌ""]",ENTRY,,(v-tr),,"terminar, acabar, destruir, finalizar","runduuxe’ (v-tr) terminar, acabar, destruir,",finalizar,36,50,1,ZAPOTECO_ESPAÑOL,BIB003_PICKETT_VOCABULARIO,2007_FIFTH_ELECTRONIC,2013_FIFTH_ELECTRONIC_SECOND_VERSION,DOCUMENTED_UNICODE_RECONCILIATION_NOT_BYTE_EXTRACTED_2013,JUCHITAN_HISTORICAL_SOURCE,STRUCTURED_BACKFILL_V0_1
PICKETT-ZE-1938,runé’,runé’,runéꞌ,runéꞌ,"[""runéꞌ""]",ENTRY,,,,"embarrar, untar, manchar","runé’ embarrar, untar, manchar",,36,50,1,ZAPOTECO_ESPAÑOL,BIB003_PICKETT_VOCABULARIO,2007_FIFTH_ELECTRONIC,2013_FIFTH_ELECTRONIC_SECOND_VERSION,DOCUMENTED_UNICODE_RECONCILIATION_NOT_BYTE_EXTRACTED_2013,JUCHITAN_HISTORICAL_SOURCE,STRUCTURED_BACKFILL_V0_1
PICKETT-ZE-1939,runi,runi,runi,runi,"[""runi""]",ENTRY,,,,"hacer, construir, fabricar","runi hacer, construir, fabricar",,36,50,1,ZAPOTECO_ESPAÑOL,BIB003_PICKETT_VOCABULARIO,2007_FIFTH_ELECTRONIC,2013_FIFTH_ELECTRONIC_SECOND_VERSION,DOCUMENTED_UNICODE_RECONCILIATION_NOT_BYTE_EXTRACTED_2013,JUCHITAN_HISTORICAL_SOURCE,STRUCTURED_BACKFILL_V0_1
PICKETT-ZE-1940,runi cre,runi cre,runi cre,runi cre,"[""runi cre""]",SUBENTRY,runi,,,creer,runi cre [b-al] creer,,36,50,1,ZAPOTECO_ESPAÑOL,BIB003_PICKETT_VOCABULARIO,2007_FIFTH_ELECTRONIC,2013_FIFTH_ELECTRONIC_SECOND_VERSION,DOCUMENTED_UNICODE_RECONCILIATION_NOT_BYTE_EXTRACTED_2013,JUCHITAN_HISTORICAL_SOURCE,STRUCTURED_BACKFILL_V0_1
PICKETT-ZE-1941,runi chaahui’,runi chaahui’,runi chaahuiꞌ,runi chaahuiꞌ,"[""runi chaahuiꞌ""]",ENTRY,,,,"arreglar, componer, reparar","runi chaahui’ arreglar, componer,",reparar,36,50,1,ZAPOTECO_ESPAÑOL,BIB003_PICKETT_VOCABULARIO,2007_FIFTH_ELECTRONIC,2013_FIFTH_ELECTRONIC_SECOND_VERSION,DOCUMENTED_UNICODE_RECONCILIATION_NOT_BYTE_EXTRACTED_2013,JUCHITAN_HISTORICAL_SOURCE,STRUCTURED_BACKFILL_V0_1
PICKETT-ZE-1942,runi dé,runi dé,runi dé,runi dé,"[""runi dé""]",SUBENTRY,runi chaahuiꞌ,,,"pulverizar, despedazar","runi dé pulverizar, despedazar",,36,50,1,ZAPOTECO_ESPAÑOL,BIB003_PICKETT_VOCABULARIO,2007_FIFTH_ELECTRONIC,2013_FIFTH_ELECTRONIC_SECOND_VERSION,DOCUMENTED_UNICODE_RECONCILIATION_NOT_BYTE_EXTRACTED_2013,JUCHITAN_HISTORICAL_SOURCE,STRUCTURED_BACKFILL_V0_1
PICKETT-ZE-1943,runi dxiiña’,runi dxiiña’,runi dxiiñaꞌ,runi dxiiñaꞌ,"[""runi dxiiñaꞌ""]",SUBENTRY,runi chaahuiꞌ,,,trabajar,runi dxiiña’ trabajar,,36,50,1,ZAPOTECO_ESPAÑOL,BIB003_PICKETT_VOCABULARIO,2007_FIFTH_ELECTRONIC,2013_FIFTH_ELECTRONIC_SECOND_VERSION,DOCUMENTED_UNICODE_RECONCILIATION_NOT_BYTE_EXTRACTED_2013,JUCHITAN_HISTORICAL_SOURCE,STRUCTURED_BACKFILL_V0_1
PICKETT-ZE-1944,runi endaró,runi endaró,runi endaró,runi endaró,"[""runi endaró""]",SUBENTRY,runi chaahuiꞌ,,,"preparar la comida, guisar","runi endaró preparar la comida, guisar",,36,50,1,ZAPOTECO_ESPAÑOL,BIB003_PICKETT_VOCABULARIO,2007_FIFTH_ELECTRONIC,2013_FIFTH_ELECTRONIC_SECOND_VERSION,DOCUMENTED_UNICODE_RECONCILIATION_NOT_BYTE_EXTRACTED_2013,JUCHITAN_HISTORICAL_SOURCE,STRUCTURED_BACKFILL_V0_1
PICKETT-ZE-1945,runi imbite,runi imbite,runi imbite,runi imbite,"[""runi imbite""]",SUBENTRY,runi chaahuiꞌ,,,fingir hacer una cosa,runi imbite [b-b.a.b] fingir hacer una,cosa,36,50,1,ZAPOTECO_ESPAÑOL,BIB003_PICKETT_VOCABULARIO,2007_FIFTH_ELECTRONIC,2013_FIFTH_ELECTRONIC_SECOND_VERSION,DOCUMENTED_UNICODE_RECONCILIATION_NOT_BYTE_EXTRACTED_2013,JUCHITAN_HISTORICAL_SOURCE,STRUCTURED_BACKFILL_V0_1
PICKETT-ZE-1946,runiná,runiná,runiná,runiná,"[""runiná""]",ENTRY,,,,"lastimar, ofender, herir","runiná lastimar, ofender, herir",,36,50,1,ZAPOTECO_ESPAÑOL,BIB003_PICKETT_VOCABULARIO,2007_FIFTH_ELECTRONIC,2013_FIFTH_ELECTRONIC_SECOND_VERSION,DOCUMENTED_UNICODE_RECONCILIATION_NOT_BYTE_EXTRACTED_2013,JUCHITAN_HISTORICAL_SOURCE,STRUCTURED_BACKFILL_V0_1
PICKETT-ZE-1947,runi purá,runi purá,runi purá,runi purá,"[""runi purá""]",SUBENTRY,runiná,,,apurar,runi purá [b-b.al] apurar,,36,50,1,ZAPOTECO_ESPAÑOL,BIB003_PICKETT_VOCABULARIO,2007_FIFTH_ELECTRONIC,2013_FIFTH_ELECTRONIC_SECOND_VERSION,DOCUMENTED_UNICODE_RECONCILIATION_NOT_BYTE_EXTRACTED_2013,JUCHITAN_HISTORICAL_SOURCE,STRUCTURED_BACKFILL_V0_1
PICKETT-ZE-1948,runi ruaa,runi ruaa,runi ruaa,runi ruaa,"[""runi ruaa""]",SUBENTRY,runiná,,,imitar el modo de hablar,runi ruaa imitar el modo de hablar,,36,50,1,ZAPOTECO_ESPAÑOL,BIB003_PICKETT_VOCABULARIO,2007_FIFTH_ELECTRONIC,2013_FIFTH_ELECTRONIC_SECOND_VERSION,DOCUMENTED_UNICODE_RECONCILIATION_NOT_BYTE_EXTRACTED_2013,JUCHITAN_HISTORICAL_SOURCE,STRUCTURED_BACKFILL_V0_1
PICKETT-ZE-1949,runi yaya,runi yaya,runi yaya,runi yaya,"[""runi yaya""]",SUBENTRY,runiná,,,"dispersar, agitar, alarmar","runi yaya [b-b.a] dispersar, agitar,",alarmar,36,50,1,ZAPOTECO_ESPAÑOL,BIB003_PICKETT_VOCABULARIO,2007_FIFTH_ELECTRONIC,2013_FIFTH_ELECTRONIC_SECOND_VERSION,DOCUMENTED_UNICODE_RECONCILIATION_NOT_BYTE_EXTRACTED_2013,JUCHITAN_HISTORICAL_SOURCE,STRUCTURED_BACKFILL_V0_1
PICKETT-ZE-1950,runi bigú,runi bigú,runi bigú,runi bigú,"[""runi bigú""]",ENTRY,,,[b-b.a],pulverizar,runi bigú [b-b.a] pulverizar,,36,50,1,ZAPOTECO_ESPAÑOL,BIB003_PICKETT_VOCABULARIO,2007_FIFTH_ELECTRONIC,2013_FIFTH_ELECTRONIC_SECOND_VERSION,DOCUMENTED_UNICODE_RECONCILIATION_NOT_BYTE_EXTRACTED_2013,JUCHITAN_HISTORICAL_SOURCE,STRUCTURED_BACKFILL_V0_1
PICKETT-ZE-1951,runi manchar,runi manchar,runi manchar,runi manchar,"[""runi manchar""]",ENTRY,,,,manchar,runi manchar manchar,,36,50,1,ZAPOTECO_ESPAÑOL,BIB003_PICKETT_VOCABULARIO,2007_FIFTH_ELECTRONIC,2013_FIFTH_ELECTRONIC_SECOND_VERSION,DOCUMENTED_UNICODE_RECONCILIATION_NOT_BYTE_EXTRACTED_2013,JUCHITAN_HISTORICAL_SOURCE,STRUCTURED_BACKFILL_V0_1
PICKETT-ZE-1952,runi mandar,runi mandar,runi mandar,runi mandar,"[""runi mandar""]",ENTRY,,,[b-b.al],"mandar, ordenar","runi mandar [b-b.al] mandar, ordenar",,36,50,1,ZAPOTECO_ESPAÑOL,BIB003_PICKETT_VOCABULARIO,2007_FIFTH_ELECTRONIC,2013_FIFTH_ELECTRONIC_SECOND_VERSION,DOCUMENTED_UNICODE_RECONCILIATION_NOT_BYTE_EXTRACTED_2013,JUCHITAN_HISTORICAL_SOURCE,STRUCTURED_BACKFILL_V0_1
PICKETT-ZE-1953,runi ridxi,runi ridxi,runi ridxi,runi ridxi,"[""runi ridxi""]",ENTRY,,,,chillar,runi ridxi chillar,,36,50,1,ZAPOTECO_ESPAÑOL,BIB003_PICKETT_VOCABULARIO,2007_FIFTH_ELECTRONIC,2013_FIFTH_ELECTRONIC_SECOND_VERSION,DOCUMENTED_UNICODE_RECONCILIATION_NOT_BYTE_EXTRACTED_2013,JUCHITAN_HISTORICAL_SOURCE,STRUCTURED_BACKFILL_V0_1
PICKETT-ZE-1954,runiibi,runiibi,runiibi,runiibi,"[""runiibi""]",ENTRY,,,[b.b.a],"mover, mecer","runiibi [b.b.a] mover, mecer",,36,50,1,ZAPOTECO_ESPAÑOL,BIB003_PICKETT_VOCABULARIO,2007_FIFTH_ELECTRONIC,2013_FIFTH_ELECTRONIC_SECOND_VERSION,DOCUMENTED_UNICODE_RECONCILIATION_NOT_BYTE_EXTRACTED_2013,JUCHITAN_HISTORICAL_SOURCE,STRUCTURED_BACKFILL_V0_1
PICKETT-ZE-1955,runibiá’,runibiá’,runibiáꞌ,runibiáꞌ,"[""runibiáꞌ""]",ENTRY,,,,"conocer, reconocer","runibiá’ conocer, reconocer",,36,50,1,ZAPOTECO_ESPAÑOL,BIB003_PICKETT_VOCABULARIO,2007_FIFTH_ELECTRONIC,2013_FIFTH_ELECTRONIC_SECOND_VERSION,DOCUMENTED_UNICODE_RECONCILIATION_NOT_BYTE_EXTRACTED_2013,JUCHITAN_HISTORICAL_SOURCE,STRUCTURED_BACKFILL_V0_1
PICKETT-ZE-1956,runiidxi,runiidxi,runiidxi,runiidxi,"[""runiidxi""]",ENTRY,,,[b.b.a],zambullirse,runiidxi [b.b.a] zambullirse,,36,50,1,ZAPOTECO_ESPAÑOL,BIB003_PICKETT_VOCABULARIO,2007_FIFTH_ELECTRONIC,2013_FIFTH_ELECTRONIC_SECOND_VERSION,DOCUMENTED_UNICODE_RECONCILIATION_NOT_BYTE_EXTRACTED_2013,JUCHITAN_HISTORICAL_SOURCE,STRUCTURED_BACKFILL_V0_1
PICKETT-ZE-1957,runiná,runiná,runiná,runiná,"[""runiná""]",ENTRY,,,,herir,runiná herir,,36,50,1,ZAPOTECO_ESPAÑOL,BIB003_PICKETT_VOCABULARIO,2007_FIFTH_ELECTRONIC,2013_FIFTH_ELECTRONIC_SECOND_VERSION,DOCUMENTED_UNICODE_RECONCILIATION_NOT_BYTE_EXTRACTED_2013,JUCHITAN_HISTORICAL_SOURCE,STRUCTURED_BACKFILL_V0_1
PICKETT-ZE-1958,runiipi,runiipi,runiipi,runiipi,"[""runiipi""]",ENTRY,,,[b.b.a],"oler, olfatear","runiipi [b.b.a] oler, olfatear",,36,50,1,ZAPOTECO_ESPAÑOL,BIB003_PICKETT_VOCABULARIO,2007_FIFTH_ELECTRONIC,2013_FIFTH_ELECTRONIC_SECOND_VERSION,DOCUMENTED_UNICODE_RECONCILIATION_NOT_BYTE_EXTRACTED_2013,JUCHITAN_HISTORICAL_SOURCE,STRUCTURED_BACKFILL_V0_1
PICKETT-ZE-1959,runiti,runiti,runiti,runiti,"[""runiti""]",ENTRY,,,,"perder, extraviar; fijarse en la ausencia de algo o alguien","runiti perder, extraviar; fijarse en la",ausencia de algo o alguien,36,50,1,ZAPOTECO_ESPAÑOL,BIB003_PICKETT_VOCABULARIO,2007_FIFTH_ELECTRONIC,2013_FIFTH_ELECTRONIC_SECOND_VERSION,DOCUMENTED_UNICODE_RECONCILIATION_NOT_BYTE_EXTRACTED_2013,JUCHITAN_HISTORICAL_SOURCE,STRUCTURED_BACKFILL_V0_1
PICKETT-ZE-1960,runiti lú,runiti lú,runiti lú,runiti lú,"[""runiti lú""]",SUBENTRY,runiti,,,destruir,runiti lú destruir,,36,50,1,ZAPOTECO_ESPAÑOL,BIB003_PICKETT_VOCABULARIO,2007_FIFTH_ELECTRONIC,2013_FIFTH_ELECTRONIC_SECOND_VERSION,DOCUMENTED_UNICODE_RECONCILIATION_NOT_BYTE_EXTRACTED_2013,JUCHITAN_HISTORICAL_SOURCE,STRUCTURED_BACKFILL_V0_1
PICKETT-ZE-1961,ruqueta,ruqueta,ruqueta,ruqueta,"[""ruqueta""]",ENTRY,,,,aventar con enojo,ruqueta aventar con enojo,,36,50,1,ZAPOTECO_ESPAÑOL,BIB003_PICKETT_VOCABULARIO,2007_FIFTH_ELECTRONIC,2013_FIFTH_ELECTRONIC_SECOND_VERSION,DOCUMENTED_UNICODE_RECONCILIATION_NOT_BYTE_EXTRACTED_2013,JUCHITAN_HISTORICAL_SOURCE,STRUCTURED_BACKFILL_V0_1
PICKETT-ZE-1962,ruquii,ruquii,ruquii,ruquii,"[""ruquii""]",ENTRY,,,[b.a],"tostar, dorar, hornear, asar","ruquii [b.a] tostar, dorar, hornear, asar",,36,50,2,ZAPOTECO_ESPAÑOL,BIB003_PICKETT_VOCABULARIO,2007_FIFTH_ELECTRONIC,2013_FIFTH_ELECTRONIC_SECOND_VERSION,DOCUMENTED_UNICODE_RECONCILIATION_NOT_BYTE_EXTRACTED_2013,JUCHITAN_HISTORICAL_SOURCE,STRUCTURED_BACKFILL_V0_1
PICKETT-ZE-1963,ruquichi,ruquichi,ruquichi,ruquichi,"[""ruquichi""]",ENTRY,,,,emblanquecerse,ruquichi emblanquecerse,,36,50,2,ZAPOTECO_ESPAÑOL,BIB003_PICKETT_VOCABULARIO,2007_FIFTH_ELECTRONIC,2013_FIFTH_ELECTRONIC_SECOND_VERSION,DOCUMENTED_UNICODE_RECONCILIATION_NOT_BYTE_EXTRACTED_2013,JUCHITAN_HISTORICAL_SOURCE,STRUCTURED_BACKFILL_V0_1
PICKETT-ZE-1964,ruquiichi’,ruquiichi’,ruquiichiꞌ,ruquiichiꞌ,"[""ruquiichiꞌ""]",ENTRY,,,,apretar (persona); picar (insecto),ruquiichi’ apretar (persona); picar,(insecto),36,50,2,ZAPOTECO_ESPAÑOL,BIB003_PICKETT_VOCABULARIO,2007_FIFTH_ELECTRONIC,2013_FIFTH_ELECTRONIC_SECOND_VERSION,DOCUMENTED_UNICODE_RECONCILIATION_NOT_BYTE_EXTRACTED_2013,JUCHITAN_HISTORICAL_SOURCE,STRUCTURED_BACKFILL_V0_1
PICKETT-ZE-1965,ruquiidi’,ruquiidi’,ruquiidiꞌ,ruquiidiꞌ,"[""ruquiidiꞌ""]",ENTRY,,,,"pegar, juntar, anexar (con goma)","ruquiidi’ pegar, juntar, anexar (con goma)",,36,50,2,ZAPOTECO_ESPAÑOL,BIB003_PICKETT_VOCABULARIO,2007_FIFTH_ELECTRONIC,2013_FIFTH_ELECTRONIC_SECOND_VERSION,DOCUMENTED_UNICODE_RECONCILIATION_NOT_BYTE_EXTRACTED_2013,JUCHITAN_HISTORICAL_SOURCE,STRUCTURED_BACKFILL_V0_1
PICKETT-ZE-1966,ruquidxa,ruquidxa,ruquidxa,ruquidxa,"[""ruquidxa""]",ENTRY,,,[b.a.b],"atontar, embotar, debilitar","ruquidxa [b.a.b] atontar, embotar,",debilitar,36,50,2,ZAPOTECO_ESPAÑOL,BIB003_PICKETT_VOCABULARIO,2007_FIFTH_ELECTRONIC,2013_FIFTH_ELECTRONIC_SECOND_VERSION,DOCUMENTED_UNICODE_RECONCILIATION_NOT_BYTE_EXTRACTED_2013,JUCHITAN_HISTORICAL_SOURCE,STRUCTURED_BACKFILL_V0_1
PICKETT-ZE-1967,ruquidxi,ruquidxi,ruquidxi,ruquidxi,"[""ruquidxi""]",ENTRY,,,[b.b.a],"macizar, formar una masa compacta, apisonar","ruquidxi [b.b.a] macizar, formar una masa","compacta, apisonar",36,50,2,ZAPOTECO_ESPAÑOL,BIB003_PICKETT_VOCABULARIO,2007_FIFTH_ELECTRONIC,2013_FIFTH_ELECTRONIC_SECOND_VERSION,DOCUMENTED_UNICODE_RECONCILIATION_NOT_BYTE_EXTRACTED_2013,JUCHITAN_HISTORICAL_SOURCE,STRUCTURED_BACKFILL_V0_1
PICKETT-ZE-1968,ruquiidxi,ruquiidxi,ruquiidxi,ruquiidxi,"[""ruquiidxi""]",ENTRY,,,[b.b.a],"insistir, convencer a alguien que acepte algo","ruquiidxi [b.b.a] insistir, convencer a",alguien que acepte algo,36,50,2,ZAPOTECO_ESPAÑOL,BIB003_PICKETT_VOCABULARIO,2007_FIFTH_ELECTRONIC,2013_FIFTH_ELECTRONIC_SECOND_VERSION,DOCUMENTED_UNICODE_RECONCILIATION_NOT_BYTE_EXTRACTED_2013,JUCHITAN_HISTORICAL_SOURCE,STRUCTURED_BACKFILL_V0_1
PICKETT-ZE-1969,ruquiinde,ruquiinde,ruquiinde,ruquiinde,"[""ruquiinde""]",ENTRY,,,[b.b.a],"azuzar, tentar (inducir), comprometer","ruquiinde [b.b.a] azuzar, tentar (inducir),",comprometer,36,50,2,ZAPOTECO_ESPAÑOL,BIB003_PICKETT_VOCABULARIO,2007_FIFTH_ELECTRONIC,2013_FIFTH_ELECTRONIC_SECOND_VERSION,DOCUMENTED_UNICODE_RECONCILIATION_NOT_BYTE_EXTRACTED_2013,JUCHITAN_HISTORICAL_SOURCE,STRUCTURED_BACKFILL_V0_1
PICKETT-ZE-1970,ruquiinde la’dxi’,ruquiinde la’dxi’,ruquiinde laꞌdxiꞌ,ruquiinde laꞌdxiꞌ,"[""ruquiinde laꞌdxiꞌ""]",SUBENTRY,ruquiinde,,,desear,ruquiinde la’dxi’ [b-al.b] desear,,36,50,2,ZAPOTECO_ESPAÑOL,BIB003_PICKETT_VOCABULARIO,2007_FIFTH_ELECTRONIC,2013_FIFTH_ELECTRONIC_SECOND_VERSION,DOCUMENTED_UNICODE_RECONCILIATION_NOT_BYTE_EXTRACTED_2013,JUCHITAN_HISTORICAL_SOURCE,STRUCTURED_BACKFILL_V0_1
PICKETT-ZE-1971,ruquixe,ruquixe,ruquixe,ruquixe,"[""ruquixe""]",ENTRY,,,,"desquitar; alquilar; cobrar, prestar dinero (con interés)","ruquixe desquitar; alquilar; cobrar, prestar",dinero (con interés),36,50,2,ZAPOTECO_ESPAÑOL,BIB003_PICKETT_VOCABULARIO,2007_FIFTH_ELECTRONIC,2013_FIFTH_ELECTRONIC_SECOND_VERSION,DOCUMENTED_UNICODE_RECONCILIATION_NOT_BYTE_EXTRACTED_2013,JUCHITAN_HISTORICAL_SOURCE,STRUCTURED_BACKFILL_V0_1
PICKETT-ZE-1972,ruraa,ruraa,ruraa,ruraa,"[""ruraa""]",ENTRY,,,[b.a],"raspar, pelar","ruraa [b.a] raspar, pelar",,36,50,2,ZAPOTECO_ESPAÑOL,BIB003_PICKETT_VOCABULARIO,2007_FIFTH_ELECTRONIC,2013_FIFTH_ELECTRONIC_SECOND_VERSION,DOCUMENTED_UNICODE_RECONCILIATION_NOT_BYTE_EXTRACTED_2013,JUCHITAN_HISTORICAL_SOURCE,STRUCTURED_BACKFILL_V0_1
PICKETT-ZE-1973,rurú,rurú,rurú,rurú,"[""rurú""]",ENTRY,,,,toser,rurú toser,,36,50,2,ZAPOTECO_ESPAÑOL,BIB003_PICKETT_VOCABULARIO,2007_FIFTH_ELECTRONIC,2013_FIFTH_ELECTRONIC_SECOND_VERSION,DOCUMENTED_UNICODE_RECONCILIATION_NOT_BYTE_EXTRACTED_2013,JUCHITAN_HISTORICAL_SOURCE,STRUCTURED_BACKFILL_V0_1
PICKETT-ZE-1974,ruruba,ruruba,ruruba,ruruba,"[""ruruba""]",ENTRY,,,[b.b.a],rociar; tostar (granos),ruruba [b.b.a] rociar; tostar (granos),,36,50,2,ZAPOTECO_ESPAÑOL,BIB003_PICKETT_VOCABULARIO,2007_FIFTH_ELECTRONIC,2013_FIFTH_ELECTRONIC_SECOND_VERSION,DOCUMENTED_UNICODE_RECONCILIATION_NOT_BYTE_EXTRACTED_2013,JUCHITAN_HISTORICAL_SOURCE,STRUCTURED_BACKFILL_V0_1
PICKETT-ZE-1975,ruruuxha’,ruruuxha’,ruruuxhaꞌ,ruruuxhaꞌ,"[""ruruuxhaꞌ""]",ENTRY,,,,jalar,ruruuxha’ jalar,,36,50,2,ZAPOTECO_ESPAÑOL,BIB003_PICKETT_VOCABULARIO,2007_FIFTH_ELECTRONIC,2013_FIFTH_ELECTRONIC_SECOND_VERSION,DOCUMENTED_UNICODE_RECONCILIATION_NOT_BYTE_EXTRACTED_2013,JUCHITAN_HISTORICAL_SOURCE,STRUCTURED_BACKFILL_V0_1
PICKETT-ZE-1976,rusá,rusá,rusá,rusá,"[""rusá""]",ENTRY,,,,"manejar, hacer caminar","rusá manejar, hacer caminar",,36,50,2,ZAPOTECO_ESPAÑOL,BIB003_PICKETT_VOCABULARIO,2007_FIFTH_ELECTRONIC,2013_FIFTH_ELECTRONIC_SECOND_VERSION,DOCUMENTED_UNICODE_RECONCILIATION_NOT_BYTE_EXTRACTED_2013,JUCHITAN_HISTORICAL_SOURCE,STRUCTURED_BACKFILL_V0_1
PICKETT-ZE-1977,rusaa,rusaa,rusaa,rusaa,"[""rusaa""]",ENTRY,,,,"completar, cumplir","rusaa completar, cumplir",,36,50,2,ZAPOTECO_ESPAÑOL,BIB003_PICKETT_VOCABULARIO,2007_FIFTH_ELECTRONIC,2013_FIFTH_ELECTRONIC_SECOND_VERSION,DOCUMENTED_UNICODE_RECONCILIATION_NOT_BYTE_EXTRACTED_2013,JUCHITAN_HISTORICAL_SOURCE,STRUCTURED_BACKFILL_V0_1
PICKETT-ZE-1978,rusaba,rusaba,rusaba,rusaba,"[""rusaba""]",ENTRY,,,,"dejar caer, tirar, tumbar","rusaba dejar caer, tirar, tumbar",,36,50,2,ZAPOTECO_ESPAÑOL,BIB003_PICKETT_VOCABULARIO,2007_FIFTH_ELECTRONIC,2013_FIFTH_ELECTRONIC_SECOND_VERSION,DOCUMENTED_UNICODE_RECONCILIATION_NOT_BYTE_EXTRACTED_2013,JUCHITAN_HISTORICAL_SOURCE,STRUCTURED_BACKFILL_V0_1
PICKETT-ZE-1979,rusa’bi’,rusa’bi’,rusaꞌbiꞌ,rusaꞌbiꞌ,"[""rusaꞌbiꞌ""]",ENTRY,,,[b.al.b],"tirar (lo inútil, desechos)","rusa’bi’ [b.al.b] tirar (lo inútil, desechos)",,36,50,2,ZAPOTECO_ESPAÑOL,BIB003_PICKETT_VOCABULARIO,2007_FIFTH_ELECTRONIC,2013_FIFTH_ELECTRONIC_SECOND_VERSION,DOCUMENTED_UNICODE_RECONCILIATION_NOT_BYTE_EXTRACTED_2013,JUCHITAN_HISTORICAL_SOURCE,STRUCTURED_BACKFILL_V0_1
PICKETT-ZE-1980,rusaana,rusaana,rusaana,rusaana,"[""rusaana""]",ENTRY,,,[b.b.a],"dejar, abandonar","rusaana [b.b.a] dejar, abandonar",,36,50,2,ZAPOTECO_ESPAÑOL,BIB003_PICKETT_VOCABULARIO,2007_FIFTH_ELECTRONIC,2013_FIFTH_ELECTRONIC_SECOND_VERSION,DOCUMENTED_UNICODE_RECONCILIATION_NOT_BYTE_EXTRACTED_2013,JUCHITAN_HISTORICAL_SOURCE,STRUCTURED_BACKFILL_V0_1
PICKETT-ZE-1981,ruseegu’,ruseegu’,ruseeguꞌ,ruseeguꞌ,"[""ruseeguꞌ""]",ENTRY,,,,cerrar,ruseegu’ cerrar,,36,50,2,ZAPOTECO_ESPAÑOL,BIB003_PICKETT_VOCABULARIO,2007_FIFTH_ELECTRONIC,2013_FIFTH_ELECTRONIC_SECOND_VERSION,DOCUMENTED_UNICODE_RECONCILIATION_NOT_BYTE_EXTRACTED_2013,JUCHITAN_HISTORICAL_SOURCE,STRUCTURED_BACKFILL_V0_1
PICKETT-ZE-1982,rusegu yoo,rusegu yoo,rusegu yoo,rusegu yoo,"[""rusegu yoo""]",SUBENTRY,ruseeguꞌ,,,"encarcelar, encerrar","rusegu yoo encarcelar, encerrar",,36,50,2,ZAPOTECO_ESPAÑOL,BIB003_PICKETT_VOCABULARIO,2007_FIFTH_ELECTRONIC,2013_FIFTH_ELECTRONIC_SECOND_VERSION,DOCUMENTED_UNICODE_RECONCILIATION_NOT_BYTE_EXTRACTED_2013,JUCHITAN_HISTORICAL_SOURCE,STRUCTURED_BACKFILL_V0_1
PICKETT-ZE-1983,ruseenda’,ruseenda’,ruseendaꞌ,ruseendaꞌ,"[""ruseendaꞌ""]",ENTRY,,,,"mandar, enviar","ruseenda’ mandar, enviar",,36,50,2,ZAPOTECO_ESPAÑOL,BIB003_PICKETT_VOCABULARIO,2007_FIFTH_ELECTRONIC,2013_FIFTH_ELECTRONIC_SECOND_VERSION,DOCUMENTED_UNICODE_RECONCILIATION_NOT_BYTE_EXTRACTED_2013,JUCHITAN_HISTORICAL_SOURCE,STRUCTURED_BACKFILL_V0_1
PICKETT-ZE-1984,ruseenda tidxi,ruseenda tidxi,ruseenda tidxi,ruseenda tidxi,"[""ruseenda tidxi""]",SUBENTRY,ruseendaꞌ,,,avisar,ruseenda tidxi [b-a] avisar,,36,50,2,ZAPOTECO_ESPAÑOL,BIB003_PICKETT_VOCABULARIO,2007_FIFTH_ELECTRONIC,2013_FIFTH_ELECTRONIC_SECOND_VERSION,DOCUMENTED_UNICODE_RECONCILIATION_NOT_BYTE_EXTRACTED_2013,JUCHITAN_HISTORICAL_SOURCE,STRUCTURED_BACKFILL_V0_1
PICKETT-ZE-1985,rusiá,rusiá,rusiá,rusiá,"[""rusiá""]",ENTRY,,,,"deshacer, disolver, fundir","rusiá deshacer, disolver, fundir",,36,50,2,ZAPOTECO_ESPAÑOL,BIB003_PICKETT_VOCABULARIO,2007_FIFTH_ELECTRONIC,2013_FIFTH_ELECTRONIC_SECOND_VERSION,DOCUMENTED_UNICODE_RECONCILIATION_NOT_BYTE_EXTRACTED_2013,JUCHITAN_HISTORICAL_SOURCE,STRUCTURED_BACKFILL_V0_1
PICKETT-ZE-1986,rusiá,rusiá,rusiá,rusiá,"[""rusiá""]",ENTRY,,,[b.a],"limpiar, asear, descombrar","rusiá [b.a] limpiar, asear, descombrar",,36,50,2,ZAPOTECO_ESPAÑOL,BIB003_PICKETT_VOCABULARIO,2007_FIFTH_ELECTRONIC,2013_FIFTH_ELECTRONIC_SECOND_VERSION,DOCUMENTED_UNICODE_RECONCILIATION_NOT_BYTE_EXTRACTED_2013,JUCHITAN_HISTORICAL_SOURCE,STRUCTURED_BACKFILL_V0_1
PICKETT-ZE-1987,rusiaa,rusiaa,rusiaa,rusiaa,"[""rusiaa""]",ENTRY,,,,"acostumbrar, hacer hallarse; lastimar","rusiaa acostumbrar, hacer hallarse; lastimar",,36,50,2,ZAPOTECO_ESPAÑOL,BIB003_PICKETT_VOCABULARIO,2007_FIFTH_ELECTRONIC,2013_FIFTH_ELECTRONIC_SECOND_VERSION,DOCUMENTED_UNICODE_RECONCILIATION_NOT_BYTE_EXTRACTED_2013,JUCHITAN_HISTORICAL_SOURCE,STRUCTURED_BACKFILL_V0_1
PICKETT-ZE-1988,rusiaa,rusiaa,rusiaa,rusiaa,"[""rusiaa""]",ENTRY,,,[b.a],hacer bailar,rusiaa [b.a] hacer bailar,,36,50,2,ZAPOTECO_ESPAÑOL,BIB003_PICKETT_VOCABULARIO,2007_FIFTH_ELECTRONIC,2013_FIFTH_ELECTRONIC_SECOND_VERSION,DOCUMENTED_UNICODE_RECONCILIATION_NOT_BYTE_EXTRACTED_2013,JUCHITAN_HISTORICAL_SOURCE,STRUCTURED_BACKFILL_V0_1
PICKETT-ZE-1989,rusiaabi’,rusiaabi’,rusiaabiꞌ,rusiaabiꞌ,"[""rusiaabiꞌ""]",ENTRY,,,,"pudrir, debilitar","rusiaabi’ pudrir, debilitar",,36,50,2,ZAPOTECO_ESPAÑOL,BIB003_PICKETT_VOCABULARIO,2007_FIFTH_ELECTRONIC,2013_FIFTH_ELECTRONIC_SECOND_VERSION,DOCUMENTED_UNICODE_RECONCILIATION_NOT_BYTE_EXTRACTED_2013,JUCHITAN_HISTORICAL_SOURCE,STRUCTURED_BACKFILL_V0_1
PICKETT-ZE-1990,rusiaca,rusiaca,rusiaca,rusiaca,"[""rusiaca""]",ENTRY,,,,ahuecar,rusiaca ahuecar,,36,50,2,ZAPOTECO_ESPAÑOL,BIB003_PICKETT_VOCABULARIO,2007_FIFTH_ELECTRONIC,2013_FIFTH_ELECTRONIC_SECOND_VERSION,DOCUMENTED_UNICODE_RECONCILIATION_NOT_BYTE_EXTRACTED_2013,JUCHITAN_HISTORICAL_SOURCE,STRUCTURED_BACKFILL_V0_1
PICKETT-ZE-1991,rusiaca dxita,rusiaca dxita,rusiaca dxita,rusiaca dxita,"[""rusiaca dxita""]",SUBENTRY,rusiaca,,,enflaquecer,rusiaca dxita enflaquecer,,36,50,2,ZAPOTECO_ESPAÑOL,BIB003_PICKETT_VOCABULARIO,2007_FIFTH_ELECTRONIC,2013_FIFTH_ELECTRONIC_SECOND_VERSION,DOCUMENTED_UNICODE_RECONCILIATION_NOT_BYTE_EXTRACTED_2013,JUCHITAN_HISTORICAL_SOURCE,STRUCTURED_BACKFILL_V0_1
PICKETT-ZE-1992,rusiacha,rusiacha,rusiacha,rusiacha,"[""rusiacha""]",ENTRY,,,,arrugar (por ej.: el agua hace que se arrugan las manos al estar sumergidas largo tiempo en ella),rusiacha arrugar (por ej.: el agua hace que,se arrugan las manos al estar sumergidas largo tiempo en ella),36,50,2,ZAPOTECO_ESPAÑOL,BIB003_PICKETT_VOCABULARIO,2007_FIFTH_ELECTRONIC,2013_FIFTH_ELECTRONIC_SECOND_VERSION,DOCUMENTED_UNICODE_RECONCILIATION_NOT_BYTE_EXTRACTED_2013,JUCHITAN_HISTORICAL_SOURCE,STRUCTURED_BACKFILL_V0_1
PICKETT-ZE-1993,rusiaadxa’,rusiaadxa’,rusiaadxaꞌ,rusiaadxaꞌ,"[""rusiaadxaꞌ""]",ENTRY,,,,hacer que haga falta,rusiaadxa’ hacer que haga falta,,36,50,2,ZAPOTECO_ESPAÑOL,BIB003_PICKETT_VOCABULARIO,2007_FIFTH_ELECTRONIC,2013_FIFTH_ELECTRONIC_SECOND_VERSION,DOCUMENTED_UNICODE_RECONCILIATION_NOT_BYTE_EXTRACTED_2013,JUCHITAN_HISTORICAL_SOURCE,STRUCTURED_BACKFILL_V0_1
PICKETT-ZE-1994,rusiana,rusiana,rusiana,rusiana,"[""rusiana""]",ENTRY,,,,provocar ardor,rusiana provocar ardor,,36,50,2,ZAPOTECO_ESPAÑOL,BIB003_PICKETT_VOCABULARIO,2007_FIFTH_ELECTRONIC,2013_FIFTH_ELECTRONIC_SECOND_VERSION,DOCUMENTED_UNICODE_RECONCILIATION_NOT_BYTE_EXTRACTED_2013,JUCHITAN_HISTORICAL_SOURCE,STRUCTURED_BACKFILL_V0_1
PICKETT-ZE-1995,rusianda,rusianda,rusianda,rusianda,"[""rusianda""]",ENTRY,,,,"enfriar; curar, sanar","rusianda enfriar; curar, sanar",,36,50,2,ZAPOTECO_ESPAÑOL,BIB003_PICKETT_VOCABULARIO,2007_FIFTH_ELECTRONIC,2013_FIFTH_ELECTRONIC_SECOND_VERSION,DOCUMENTED_UNICODE_RECONCILIATION_NOT_BYTE_EXTRACTED_2013,JUCHITAN_HISTORICAL_SOURCE,STRUCTURED_BACKFILL_V0_1
PICKETT-ZE-1996,rusiaanda’,rusiaanda’,rusiaandaꞌ,rusiaandaꞌ,"[""rusiaandaꞌ""]",ENTRY,,,,olvidar,rusiaanda’ olvidar,,36,50,2,ZAPOTECO_ESPAÑOL,BIB003_PICKETT_VOCABULARIO,2007_FIFTH_ELECTRONIC,2013_FIFTH_ELECTRONIC_SECOND_VERSION,DOCUMENTED_UNICODE_RECONCILIATION_NOT_BYTE_EXTRACTED_2013,JUCHITAN_HISTORICAL_SOURCE,STRUCTURED_BACKFILL_V0_1
PICKETT-ZE-1997,rusiaani’,rusiaani’,rusiaaniꞌ,rusiaaniꞌ,"[""rusiaaniꞌ""]",ENTRY,,,,aclarar,rusiaani’ aclarar,,36,50,2,ZAPOTECO_ESPAÑOL,BIB003_PICKETT_VOCABULARIO,2007_FIFTH_ELECTRONIC,2013_FIFTH_ELECTRONIC_SECOND_VERSION,DOCUMENTED_UNICODE_RECONCILIATION_NOT_BYTE_EXTRACTED_2013,JUCHITAN_HISTORICAL_SOURCE,STRUCTURED_BACKFILL_V0_1
PICKETT-ZE-1998,rusiaapa,rusiaapa,rusiaapa,rusiaapa,"[""rusiaapa""]",ENTRY,,,[b.b.a],cubrir o tapar por completo,rusiaapa [b.b.a] cubrir o tapar por,completo,37,51,1,ZAPOTECO_ESPAÑOL,BIB003_PICKETT_VOCABULARIO,2007_FIFTH_ELECTRONIC,2013_FIFTH_ELECTRONIC_SECOND_VERSION,DOCUMENTED_UNICODE_RECONCILIATION_NOT_BYTE_EXTRACTED_2013,JUCHITAN_HISTORICAL_SOURCE,STRUCTURED_BACKFILL_V0_1
PICKETT-ZE-1999,rusiati nisa,rusiati nisa,rusiati nisa,rusiati nisa,"[""rusiati nisa""]",ENTRY,,,[b-al.b],provocar sed,rusiati nisa [b-al.b] provocar sed,,37,51,1,ZAPOTECO_ESPAÑOL,BIB003_PICKETT_VOCABULARIO,2007_FIFTH_ELECTRONIC,2013_FIFTH_ELECTRONIC_SECOND_VERSION,DOCUMENTED_UNICODE_RECONCILIATION_NOT_BYTE_EXTRACTED_2013,JUCHITAN_HISTORICAL_SOURCE,STRUCTURED_BACKFILL_V0_1
PICKETT-ZE-2000,rusiaya,rusiaya,rusiaya,rusiaya,"[""rusiaya""]",ENTRY,,,,"dispersar, esparcir","rusiaya dispersar, esparcir",,37,51,1,ZAPOTECO_ESPAÑOL,BIB003_PICKETT_VOCABULARIO,2007_FIFTH_ELECTRONIC,2013_FIFTH_ELECTRONIC_SECOND_VERSION,DOCUMENTED_UNICODE_RECONCILIATION_NOT_BYTE_EXTRACTED_2013,JUCHITAN_HISTORICAL_SOURCE,STRUCTURED_BACKFILL_V0_1
PICKETT-ZE-2001,rusibaba,rusibaba,rusibaba,rusibaba,"[""rusibaba""]",ENTRY,,,,producir comezón,rusibaba producir comezón,,37,51,1,ZAPOTECO_ESPAÑOL,BIB003_PICKETT_VOCABULARIO,2007_FIFTH_ELECTRONIC,2013_FIFTH_ELECTRONIC_SECOND_VERSION,DOCUMENTED_UNICODE_RECONCILIATION_NOT_BYTE_EXTRACTED_2013,JUCHITAN_HISTORICAL_SOURCE,STRUCTURED_BACKFILL_V0_1
PICKETT-ZE-2002,rusibani,rusibani,rusibani,rusibani,"[""rusibani""]",ENTRY,,,[b.b.b.a],resucitar,rusibani [b.b.b.a] resucitar,,37,51,1,ZAPOTECO_ESPAÑOL,BIB003_PICKETT_VOCABULARIO,2007_FIFTH_ELECTRONIC,2013_FIFTH_ELECTRONIC_SECOND_VERSION,DOCUMENTED_UNICODE_RECONCILIATION_NOT_BYTE_EXTRACTED_2013,JUCHITAN_HISTORICAL_SOURCE,STRUCTURED_BACKFILL_V0_1
PICKETT-ZE-2003,rusibé’,rusibé’,rusibéꞌ,rusibéꞌ,"[""rusibéꞌ""]",ENTRY,,,[b.b.a],angostar,rusibé’ [b.b.a] angostar,,37,51,1,ZAPOTECO_ESPAÑOL,BIB003_PICKETT_VOCABULARIO,2007_FIFTH_ELECTRONIC,2013_FIFTH_ELECTRONIC_SECOND_VERSION,DOCUMENTED_UNICODE_RECONCILIATION_NOT_BYTE_EXTRACTED_2013,JUCHITAN_HISTORICAL_SOURCE,STRUCTURED_BACKFILL_V0_1
PICKETT-ZE-2004,rusicuaata diaga,rusicuaata diaga,rusicuaata diaga,rusicuaata diaga,"[""rusicuaata diaga""]",ENTRY,,,,"asordar, ensordecer","rusicuaata diaga asordar, ensordecer",,37,51,1,ZAPOTECO_ESPAÑOL,BIB003_PICKETT_VOCABULARIO,2007_FIFTH_ELECTRONIC,2013_FIFTH_ELECTRONIC_SECOND_VERSION,DOCUMENTED_UNICODE_RECONCILIATION_NOT_BYTE_EXTRACTED_2013,JUCHITAN_HISTORICAL_SOURCE,STRUCTURED_BACKFILL_V0_1
PICKETT-ZE-2005,rusicuuxhu’,rusicuuxhu’,rusicuuxhuꞌ,rusicuuxhuꞌ,"[""rusicuuxhuꞌ""]",ENTRY,,,,arrugar,rusicuuxhu’ arrugar,,37,51,1,ZAPOTECO_ESPAÑOL,BIB003_PICKETT_VOCABULARIO,2007_FIFTH_ELECTRONIC,2013_FIFTH_ELECTRONIC_SECOND_VERSION,DOCUMENTED_UNICODE_RECONCILIATION_NOT_BYTE_EXTRACTED_2013,JUCHITAN_HISTORICAL_SOURCE,STRUCTURED_BACKFILL_V0_1
PICKETT-ZE-2006,rusichaaba’,rusichaaba’,rusichaabaꞌ,rusichaabaꞌ,"[""rusichaabaꞌ""]",ENTRY,,,,"hacer perezoso, hacer flojo","rusichaaba’ hacer perezoso, hacer flojo",,37,51,1,ZAPOTECO_ESPAÑOL,BIB003_PICKETT_VOCABULARIO,2007_FIFTH_ELECTRONIC,2013_FIFTH_ELECTRONIC_SECOND_VERSION,DOCUMENTED_UNICODE_RECONCILIATION_NOT_BYTE_EXTRACTED_2013,JUCHITAN_HISTORICAL_SOURCE,STRUCTURED_BACKFILL_V0_1
PICKETT-ZE-2007,rusichaacha’,rusichaacha’,rusichaachaꞌ,rusichaachaꞌ,"[""rusichaachaꞌ""]",ENTRY,,,,aflojar,rusichaacha’ aflojar,,37,51,1,ZAPOTECO_ESPAÑOL,BIB003_PICKETT_VOCABULARIO,2007_FIFTH_ELECTRONIC,2013_FIFTH_ELECTRONIC_SECOND_VERSION,DOCUMENTED_UNICODE_RECONCILIATION_NOT_BYTE_EXTRACTED_2013,JUCHITAN_HISTORICAL_SOURCE,STRUCTURED_BACKFILL_V0_1
PICKETT-ZE-2008,rusichesa,rusichesa,rusichesa,rusichesa,"[""rusichesa""]",ENTRY,,,,"hacer brincar, hacer saltar","rusichesa hacer brincar, hacer saltar",,37,51,1,ZAPOTECO_ESPAÑOL,BIB003_PICKETT_VOCABULARIO,2007_FIFTH_ELECTRONIC,2013_FIFTH_ELECTRONIC_SECOND_VERSION,DOCUMENTED_UNICODE_RECONCILIATION_NOT_BYTE_EXTRACTED_2013,JUCHITAN_HISTORICAL_SOURCE,STRUCTURED_BACKFILL_V0_1
PICKETT-ZE-2009,rusichonga,rusichonga,rusichonga,rusichonga,"[""rusichonga""]",ENTRY,,,,"endurecer, atiesar, entiesar","rusichonga endurecer, atiesar, entiesar",,37,51,1,ZAPOTECO_ESPAÑOL,BIB003_PICKETT_VOCABULARIO,2007_FIFTH_ELECTRONIC,2013_FIFTH_ELECTRONIC_SECOND_VERSION,DOCUMENTED_UNICODE_RECONCILIATION_NOT_BYTE_EXTRACTED_2013,JUCHITAN_HISTORICAL_SOURCE,STRUCTURED_BACKFILL_V0_1
PICKETT-ZE-2010,rusichucu,rusichucu,rusichucu,rusichucu,"[""rusichucu""]",ENTRY,,,,acortar,rusichucu acortar,,37,51,1,ZAPOTECO_ESPAÑOL,BIB003_PICKETT_VOCABULARIO,2007_FIFTH_ELECTRONIC,2013_FIFTH_ELECTRONIC_SECOND_VERSION,DOCUMENTED_UNICODE_RECONCILIATION_NOT_BYTE_EXTRACTED_2013,JUCHITAN_HISTORICAL_SOURCE,STRUCTURED_BACKFILL_V0_1
PICKETT-ZE-2011,rusichuundu’,rusichuundu’,rusichuunduꞌ,rusichuunduꞌ,"[""rusichuunduꞌ""]",ENTRY,,,,"anublar, eclipsar, oscurecer, enturbiar la vista","rusichuundu’ anublar, eclipsar, oscurecer,",enturbiar la vista,37,51,1,ZAPOTECO_ESPAÑOL,BIB003_PICKETT_VOCABULARIO,2007_FIFTH_ELECTRONIC,2013_FIFTH_ELECTRONIC_SECOND_VERSION,DOCUMENTED_UNICODE_RECONCILIATION_NOT_BYTE_EXTRACTED_2013,JUCHITAN_HISTORICAL_SOURCE,STRUCTURED_BACKFILL_V0_1
PICKETT-ZE-2012,rusiidi’,rusiidi’,rusiidiꞌ,rusiidiꞌ,"[""rusiidiꞌ""]",ENTRY,,,,"enseñar, instruir","rusiidi’ enseñar, instruir",,37,51,1,ZAPOTECO_ESPAÑOL,BIB003_PICKETT_VOCABULARIO,2007_FIFTH_ELECTRONIC,2013_FIFTH_ELECTRONIC_SECOND_VERSION,DOCUMENTED_UNICODE_RECONCILIATION_NOT_BYTE_EXTRACTED_2013,JUCHITAN_HISTORICAL_SOURCE,STRUCTURED_BACKFILL_V0_1
PICKETT-ZE-2013,rusidó’,rusidó’,rusidóꞌ,rusidóꞌ,"[""rusidóꞌ""]",ENTRY,,,,amansar,rusidó’ amansar,,37,51,1,ZAPOTECO_ESPAÑOL,BIB003_PICKETT_VOCABULARIO,2007_FIFTH_ELECTRONIC,2013_FIFTH_ELECTRONIC_SECOND_VERSION,DOCUMENTED_UNICODE_RECONCILIATION_NOT_BYTE_EXTRACTED_2013,JUCHITAN_HISTORICAL_SOURCE,STRUCTURED_BACKFILL_V0_1
PICKETT-ZE-2014,rusidubi,rusidubi,rusidubi,rusidubi,"[""rusidubi""]",ENTRY,,,,"gastar, acabar, consumir","rusidubi gastar, acabar, consumir",,37,51,1,ZAPOTECO_ESPAÑOL,BIB003_PICKETT_VOCABULARIO,2007_FIFTH_ELECTRONIC,2013_FIFTH_ELECTRONIC_SECOND_VERSION,DOCUMENTED_UNICODE_RECONCILIATION_NOT_BYTE_EXTRACTED_2013,JUCHITAN_HISTORICAL_SOURCE,STRUCTURED_BACKFILL_V0_1
PICKETT-ZE-2015,rusidxaga,rusidxaga,rusidxaga,rusidxaga,"[""rusidxaga""]",ENTRY,,,,cansar,rusidxaga cansar,,37,51,1,ZAPOTECO_ESPAÑOL,BIB003_PICKETT_VOCABULARIO,2007_FIFTH_ELECTRONIC,2013_FIFTH_ELECTRONIC_SECOND_VERSION,DOCUMENTED_UNICODE_RECONCILIATION_NOT_BYTE_EXTRACTED_2013,JUCHITAN_HISTORICAL_SOURCE,STRUCTURED_BACKFILL_V0_1
PICKETT-ZE-2016,rusidxi’ba’,rusidxi’ba’,rusidxiꞌbaꞌ,rusidxiꞌbaꞌ,"[""rusidxiꞌbaꞌ""]",ENTRY,,,,hacer vomitar,rusidxi’ba’ hacer vomitar,,37,51,1,ZAPOTECO_ESPAÑOL,BIB003_PICKETT_VOCABULARIO,2007_FIFTH_ELECTRONIC,2013_FIFTH_ELECTRONIC_SECOND_VERSION,DOCUMENTED_UNICODE_RECONCILIATION_NOT_BYTE_EXTRACTED_2013,JUCHITAN_HISTORICAL_SOURCE,STRUCTURED_BACKFILL_V0_1
PICKETT-ZE-2017,rusidxiibi’,rusidxiibi’,rusidxiibiꞌ,rusidxiibiꞌ,"[""rusidxiibiꞌ""]",ENTRY,,,,alisar,rusidxiibi’ alisar,,37,51,1,ZAPOTECO_ESPAÑOL,BIB003_PICKETT_VOCABULARIO,2007_FIFTH_ELECTRONIC,2013_FIFTH_ELECTRONIC_SECOND_VERSION,DOCUMENTED_UNICODE_RECONCILIATION_NOT_BYTE_EXTRACTED_2013,JUCHITAN_HISTORICAL_SOURCE,STRUCTURED_BACKFILL_V0_1
PICKETT-ZE-2018,rusieche’,rusieche’,rusiecheꞌ,rusiecheꞌ,"[""rusiecheꞌ""]",ENTRY,,,[b.b.al],alegrar,rusieche’ [b.b.al] alegrar,,37,51,1,ZAPOTECO_ESPAÑOL,BIB003_PICKETT_VOCABULARIO,2007_FIFTH_ELECTRONIC,2013_FIFTH_ELECTRONIC_SECOND_VERSION,DOCUMENTED_UNICODE_RECONCILIATION_NOT_BYTE_EXTRACTED_2013,JUCHITAN_HISTORICAL_SOURCE,STRUCTURED_BACKFILL_V0_1
PICKETT-ZE-2019,rusiene,rusiene,rusiene,rusiene,"[""rusiene""]",ENTRY,,,,"explicar, instruir, hacer entender","rusiene explicar, instruir, hacer entender",,37,51,1,ZAPOTECO_ESPAÑOL,BIB003_PICKETT_VOCABULARIO,2007_FIFTH_ELECTRONIC,2013_FIFTH_ELECTRONIC_SECOND_VERSION,DOCUMENTED_UNICODE_RECONCILIATION_NOT_BYTE_EXTRACTED_2013,JUCHITAN_HISTORICAL_SOURCE,STRUCTURED_BACKFILL_V0_1
PICKETT-ZE-2020,rusiete nala’dxi’,rusiete nala’dxi’,rusiete nalaꞌdxiꞌ,rusiete nalaꞌdxiꞌ,"[""rusiete nalaꞌdxiꞌ""]",ENTRY,,,,"recordar, acordar","rusiete nala’dxi’ recordar, acordar",,37,51,1,ZAPOTECO_ESPAÑOL,BIB003_PICKETT_VOCABULARIO,2007_FIFTH_ELECTRONIC,2013_FIFTH_ELECTRONIC_SECOND_VERSION,DOCUMENTED_UNICODE_RECONCILIATION_NOT_BYTE_EXTRACTED_2013,JUCHITAN_HISTORICAL_SOURCE,STRUCTURED_BACKFILL_V0_1
PICKETT-ZE-2021,rusigaa,rusigaa,rusigaa,rusigaa,"[""rusigaa""]",ENTRY,,,,"estirar, alargar, hacer crecer (planta)","rusigaa estirar, alargar, hacer crecer",(planta),37,51,1,ZAPOTECO_ESPAÑOL,BIB003_PICKETT_VOCABULARIO,2007_FIFTH_ELECTRONIC,2013_FIFTH_ELECTRONIC_SECOND_VERSION,DOCUMENTED_UNICODE_RECONCILIATION_NOT_BYTE_EXTRACTED_2013,JUCHITAN_HISTORICAL_SOURCE,STRUCTURED_BACKFILL_V0_1
PICKETT-ZE-2022,rusiga’de’,rusiga’de’,rusigaꞌdeꞌ,rusigaꞌdeꞌ,"[""rusigaꞌdeꞌ""]",ENTRY,,,,"dar, regalar, obsequiar","rusiga’de’ dar, regalar, obsequiar",,37,51,1,ZAPOTECO_ESPAÑOL,BIB003_PICKETT_VOCABULARIO,2007_FIFTH_ELECTRONIC,2013_FIFTH_ELECTRONIC_SECOND_VERSION,DOCUMENTED_UNICODE_RECONCILIATION_NOT_BYTE_EXTRACTED_2013,JUCHITAN_HISTORICAL_SOURCE,STRUCTURED_BACKFILL_V0_1
PICKETT-ZE-2023,rusigaanda’,rusigaanda’,rusigaandaꞌ,rusigaandaꞌ,"[""rusigaandaꞌ""]",ENTRY,,,,"refrescar, enfriar","rusigaanda’ refrescar, enfriar",,37,51,1,ZAPOTECO_ESPAÑOL,BIB003_PICKETT_VOCABULARIO,2007_FIFTH_ELECTRONIC,2013_FIFTH_ELECTRONIC_SECOND_VERSION,DOCUMENTED_UNICODE_RECONCILIATION_NOT_BYTE_EXTRACTED_2013,JUCHITAN_HISTORICAL_SOURCE,STRUCTURED_BACKFILL_V0_1
PICKETT-ZE-2024,rusigani,rusigani,rusigani,rusigani,"[""rusigani""]",ENTRY,,,[b.b.b.a],callar,rusigani [b.b.b.a] callar,,37,51,1,ZAPOTECO_ESPAÑOL,BIB003_PICKETT_VOCABULARIO,2007_FIFTH_ELECTRONIC,2013_FIFTH_ELECTRONIC_SECOND_VERSION,DOCUMENTED_UNICODE_RECONCILIATION_NOT_BYTE_EXTRACTED_2013,JUCHITAN_HISTORICAL_SOURCE,STRUCTURED_BACKFILL_V0_1
PICKETT-ZE-2025,rusigapa,rusigapa,rusigapa,rusigapa,"[""rusigapa""]",ENTRY,,,,"encargar, encomendar, poner una cosa al cuidado de alguien","rusigapa encargar, encomendar, poner una",cosa al cuidado de alguien,37,51,1,ZAPOTECO_ESPAÑOL,BIB003_PICKETT_VOCABULARIO,2007_FIFTH_ELECTRONIC,2013_FIFTH_ELECTRONIC_SECOND_VERSION,DOCUMENTED_UNICODE_RECONCILIATION_NOT_BYTE_EXTRACTED_2013,JUCHITAN_HISTORICAL_SOURCE,STRUCTURED_BACKFILL_V0_1
PICKETT-ZE-2026,rusiguchi,rusiguchi,rusiguchi,rusiguchi,"[""rusiguchi""]",ENTRY,,,,"amarillear, hacer amarillo","rusiguchi amarillear, hacer amarillo",,37,51,1,ZAPOTECO_ESPAÑOL,BIB003_PICKETT_VOCABULARIO,2007_FIFTH_ELECTRONIC,2013_FIFTH_ELECTRONIC_SECOND_VERSION,DOCUMENTED_UNICODE_RECONCILIATION_NOT_BYTE_EXTRACTED_2013,JUCHITAN_HISTORICAL_SOURCE,STRUCTURED_BACKFILL_V0_1
PICKETT-ZE-2027,rusiguudxi,rusiguudxi,rusiguudxi,rusiguudxi,"[""rusiguudxi""]",ENTRY,,,[b.b.b.a],ablandar,rusiguudxi [b.b.b.a] ablandar,,37,51,1,ZAPOTECO_ESPAÑOL,BIB003_PICKETT_VOCABULARIO,2007_FIFTH_ELECTRONIC,2013_FIFTH_ELECTRONIC_SECOND_VERSION,DOCUMENTED_UNICODE_RECONCILIATION_NOT_BYTE_EXTRACTED_2013,JUCHITAN_HISTORICAL_SOURCE,STRUCTURED_BACKFILL_V0_1
PICKETT-ZE-2028,rusiguenda,rusiguenda,rusiguenda,rusiguenda,"[""rusiguenda""]",ENTRY,,,,"aceptar, acceder","rusiguenda aceptar, acceder",,37,51,1,ZAPOTECO_ESPAÑOL,BIB003_PICKETT_VOCABULARIO,2007_FIFTH_ELECTRONIC,2013_FIFTH_ELECTRONIC_SECOND_VERSION,DOCUMENTED_UNICODE_RECONCILIATION_NOT_BYTE_EXTRACTED_2013,JUCHITAN_HISTORICAL_SOURCE,STRUCTURED_BACKFILL_V0_1
PICKETT-ZE-2029,rusiguii,rusiguii,rusiguii,rusiguii,"[""rusiguii""]",ENTRY,,,[b.b.a],"engañar, mentir","rusiguii [b.b.a] engañar, mentir",,37,51,1,ZAPOTECO_ESPAÑOL,BIB003_PICKETT_VOCABULARIO,2007_FIFTH_ELECTRONIC,2013_FIFTH_ELECTRONIC_SECOND_VERSION,DOCUMENTED_UNICODE_RECONCILIATION_NOT_BYTE_EXTRACTED_2013,JUCHITAN_HISTORICAL_SOURCE,STRUCTURED_BACKFILL_V0_1
PICKETT-ZE-2030,rusiguuna’,rusiguuna’,rusiguunaꞌ,rusiguunaꞌ,"[""rusiguunaꞌ""]",ENTRY,,,,hacer llorar,rusiguuna’ hacer llorar,,37,51,1,ZAPOTECO_ESPAÑOL,BIB003_PICKETT_VOCABULARIO,2007_FIFTH_ELECTRONIC,2013_FIFTH_ELECTRONIC_SECOND_VERSION,DOCUMENTED_UNICODE_RECONCILIATION_NOT_BYTE_EXTRACTED_2013,JUCHITAN_HISTORICAL_SOURCE,STRUCTURED_BACKFILL_V0_1
PICKETT-ZE-2031,rusiguunda’,rusiguunda’,rusiguundaꞌ,rusiguundaꞌ,"[""rusiguundaꞌ""]",ENTRY,,,,hacer cantar; hacer leer,rusiguunda’ hacer cantar; hacer leer,,37,51,1,ZAPOTECO_ESPAÑOL,BIB003_PICKETT_VOCABULARIO,2007_FIFTH_ELECTRONIC,2013_FIFTH_ELECTRONIC_SECOND_VERSION,DOCUMENTED_UNICODE_RECONCILIATION_NOT_BYTE_EXTRACTED_2013,JUCHITAN_HISTORICAL_SOURCE,STRUCTURED_BACKFILL_V0_1
PICKETT-ZE-2032,rusiguunda gue’tu’,rusiguunda gue’tu’,rusiguunda gueꞌtuꞌ,rusiguunda gueꞌtuꞌ,"[""rusiguunda gueꞌtuꞌ""]",SUBENTRY,rusiguundaꞌ,,,aplicar los últimos auxilios a un moribundo,rusiguunda gue’tu’ aplicar los últimos,auxilios a un moribundo,37,51,1,ZAPOTECO_ESPAÑOL,BIB003_PICKETT_VOCABULARIO,2007_FIFTH_ELECTRONIC,2013_FIFTH_ELECTRONIC_SECOND_VERSION,DOCUMENTED_UNICODE_RECONCILIATION_NOT_BYTE_EXTRACTED_2013,JUCHITAN_HISTORICAL_SOURCE,STRUCTURED_BACKFILL_V0_1
PICKETT-ZE-2033,rusiguundu’,rusiguundu’,rusiguunduꞌ,rusiguunduꞌ,"[""rusiguunduꞌ""]",ENTRY,,,,marchitar,rusiguundu’ marchitar,,37,51,1,ZAPOTECO_ESPAÑOL,BIB003_PICKETT_VOCABULARIO,2007_FIFTH_ELECTRONIC,2013_FIFTH_ELECTRONIC_SECOND_VERSION,DOCUMENTED_UNICODE_RECONCILIATION_NOT_BYTE_EXTRACTED_2013,JUCHITAN_HISTORICAL_SOURCE,STRUCTURED_BACKFILL_V0_1
PICKETT-ZE-2034,rusihuaahua’,rusihuaahua’,rusihuaahuaꞌ,rusihuaahuaꞌ,"[""rusihuaahuaꞌ""]",ENTRY,,,,"aflojar, agrandar, hacer holgado (ropa)","rusihuaahua’ aflojar, agrandar, hacer",holgado (ropa),37,51,1,ZAPOTECO_ESPAÑOL,BIB003_PICKETT_VOCABULARIO,2007_FIFTH_ELECTRONIC,2013_FIFTH_ELECTRONIC_SECOND_VERSION,DOCUMENTED_UNICODE_RECONCILIATION_NOT_BYTE_EXTRACTED_2013,JUCHITAN_HISTORICAL_SOURCE,STRUCTURED_BACKFILL_V0_1
PICKETT-ZE-2035,rusihuati,rusihuati,rusihuati,rusihuati,"[""rusihuati""]",ENTRY,,,[b.b.b.a],atontar,rusihuati [b.b.b.a] atontar,,37,51,2,ZAPOTECO_ESPAÑOL,BIB003_PICKETT_VOCABULARIO,2007_FIFTH_ELECTRONIC,2013_FIFTH_ELECTRONIC_SECOND_VERSION,DOCUMENTED_UNICODE_RECONCILIATION_NOT_BYTE_EXTRACTED_2013,JUCHITAN_HISTORICAL_SOURCE,STRUCTURED_BACKFILL_V0_1
PICKETT-ZE-2036,rusihuiini’,rusihuiini’,rusihuiiniꞌ,rusihuiiniꞌ,"[""rusihuiiniꞌ""]",ENTRY,,,,"empequeñecer, reducir","rusihuiini’ empequeñecer, reducir",,37,51,2,ZAPOTECO_ESPAÑOL,BIB003_PICKETT_VOCABULARIO,2007_FIFTH_ELECTRONIC,2013_FIFTH_ELECTRONIC_SECOND_VERSION,DOCUMENTED_UNICODE_RECONCILIATION_NOT_BYTE_EXTRACTED_2013,JUCHITAN_HISTORICAL_SOURCE,STRUCTURED_BACKFILL_V0_1
PICKETT-ZE-2037,rusihuinni,rusihuinni,rusihuinni,rusihuinni,"[""rusihuinni""]",ENTRY,,,[b.b.b.a],"enseñar, mostrar","rusihuinni [b.b.b.a] enseñar, mostrar",,37,51,2,ZAPOTECO_ESPAÑOL,BIB003_PICKETT_VOCABULARIO,2007_FIFTH_ELECTRONIC,2013_FIFTH_ELECTRONIC_SECOND_VERSION,DOCUMENTED_UNICODE_RECONCILIATION_NOT_BYTE_EXTRACTED_2013,JUCHITAN_HISTORICAL_SOURCE,STRUCTURED_BACKFILL_V0_1
PICKETT-ZE-2038,rusií’,rusií’,rusiíꞌ,rusiíꞌ,"[""rusiíꞌ""]",ENTRY,,,[b.b.a],agriar (Las dos vocales ií pertenecen a distintas sílabas.),rusií’ [b.b.a] agriar (Las dos vocales ií,pertenecen a distintas sílabas.),37,51,2,ZAPOTECO_ESPAÑOL,BIB003_PICKETT_VOCABULARIO,2007_FIFTH_ELECTRONIC,2013_FIFTH_ELECTRONIC_SECOND_VERSION,DOCUMENTED_UNICODE_RECONCILIATION_NOT_BYTE_EXTRACTED_2013,JUCHITAN_HISTORICAL_SOURCE,STRUCTURED_BACKFILL_V0_1
PICKETT-ZE-2039,rusilaga,rusilaga,rusilaga,rusilaga,"[""rusilaga""]",ENTRY,,,[b.b.a.b],"ensanchar, hacer ancho","rusilaga [b.b.a.b] ensanchar, hacer ancho",,37,51,2,ZAPOTECO_ESPAÑOL,BIB003_PICKETT_VOCABULARIO,2007_FIFTH_ELECTRONIC,2013_FIFTH_ELECTRONIC_SECOND_VERSION,DOCUMENTED_UNICODE_RECONCILIATION_NOT_BYTE_EXTRACTED_2013,JUCHITAN_HISTORICAL_SOURCE,STRUCTURED_BACKFILL_V0_1
PICKETT-ZE-2040,rusilase,rusilase,rusilase,rusilase,"[""rusilase""]",ENTRY,,,,adelgazar,rusilase adelgazar,,37,51,2,ZAPOTECO_ESPAÑOL,BIB003_PICKETT_VOCABULARIO,2007_FIFTH_ELECTRONIC,2013_FIFTH_ELECTRONIC_SECOND_VERSION,DOCUMENTED_UNICODE_RECONCILIATION_NOT_BYTE_EXTRACTED_2013,JUCHITAN_HISTORICAL_SOURCE,STRUCTURED_BACKFILL_V0_1
PICKETT-ZE-2041,rusimucu,rusimucu,rusimucu,rusimucu,"[""rusimucu""]",ENTRY,,,[b.b.a.b],"ensuciar, emporcar","rusimucu [b.b.a.b] ensuciar, emporcar",,37,51,2,ZAPOTECO_ESPAÑOL,BIB003_PICKETT_VOCABULARIO,2007_FIFTH_ELECTRONIC,2013_FIFTH_ELECTRONIC_SECOND_VERSION,DOCUMENTED_UNICODE_RECONCILIATION_NOT_BYTE_EXTRACTED_2013,JUCHITAN_HISTORICAL_SOURCE,STRUCTURED_BACKFILL_V0_1
PICKETT-ZE-2042,rusiná,rusiná,rusiná,rusiná,"[""rusiná""]",ENTRY,,,[b.b.a],"hacer ver, dar la vista","rusiná [b.b.a] hacer ver, dar la vista",,37,51,2,ZAPOTECO_ESPAÑOL,BIB003_PICKETT_VOCABULARIO,2007_FIFTH_ELECTRONIC,2013_FIFTH_ELECTRONIC_SECOND_VERSION,DOCUMENTED_UNICODE_RECONCILIATION_NOT_BYTE_EXTRACTED_2013,JUCHITAN_HISTORICAL_SOURCE,STRUCTURED_BACKFILL_V0_1
PICKETT-ZE-2043,rusindá’,rusindá’,rusindáꞌ,rusindáꞌ,"[""rusindáꞌ""]",ENTRY,,,[b.b.a],amargar,rusindá’ [b.b.a] amargar,,37,51,2,ZAPOTECO_ESPAÑOL,BIB003_PICKETT_VOCABULARIO,2007_FIFTH_ELECTRONIC,2013_FIFTH_ELECTRONIC_SECOND_VERSION,DOCUMENTED_UNICODE_RECONCILIATION_NOT_BYTE_EXTRACTED_2013,JUCHITAN_HISTORICAL_SOURCE,STRUCTURED_BACKFILL_V0_1
PICKETT-ZE-2044,rusindá’,rusindá’,rusindáꞌ,rusindáꞌ,"[""rusindáꞌ""]",ENTRY,,,[b.b.al],calentar,rusindá’ [b.b.al] calentar,,37,51,2,ZAPOTECO_ESPAÑOL,BIB003_PICKETT_VOCABULARIO,2007_FIFTH_ELECTRONIC,2013_FIFTH_ELECTRONIC_SECOND_VERSION,DOCUMENTED_UNICODE_RECONCILIATION_NOT_BYTE_EXTRACTED_2013,JUCHITAN_HISTORICAL_SOURCE,STRUCTURED_BACKFILL_V0_1
PICKETT-ZE-2045,rusindaa,rusindaa,rusindaa,rusindaa,"[""rusindaa""]",ENTRY,,,,"aventar, lanzar, tirar","rusindaa aventar, lanzar, tirar",,37,51,2,ZAPOTECO_ESPAÑOL,BIB003_PICKETT_VOCABULARIO,2007_FIFTH_ELECTRONIC,2013_FIFTH_ELECTRONIC_SECOND_VERSION,DOCUMENTED_UNICODE_RECONCILIATION_NOT_BYTE_EXTRACTED_2013,JUCHITAN_HISTORICAL_SOURCE,STRUCTURED_BACKFILL_V0_1
PICKETT-ZE-2046,rusindaabi’,rusindaabi’,rusindaabiꞌ,rusindaabiꞌ,"[""rusindaabiꞌ""]",ENTRY,,(v-tr),,"hervir, poner a hervir","rusindaabi’ (v-tr) hervir, poner a hervir",,37,51,2,ZAPOTECO_ESPAÑOL,BIB003_PICKETT_VOCABULARIO,2007_FIFTH_ELECTRONIC,2013_FIFTH_ELECTRONIC_SECOND_VERSION,DOCUMENTED_UNICODE_RECONCILIATION_NOT_BYTE_EXTRACTED_2013,JUCHITAN_HISTORICAL_SOURCE,STRUCTURED_BACKFILL_V0_1
PICKETT-ZE-2047,rusindaana,rusindaana,rusindaana,rusindaana,"[""rusindaana""]",ENTRY,,,[b.b.b.a],producir hambre,rusindaana [b.b.b.a] producir hambre,,37,51,2,ZAPOTECO_ESPAÑOL,BIB003_PICKETT_VOCABULARIO,2007_FIFTH_ELECTRONIC,2013_FIFTH_ELECTRONIC_SECOND_VERSION,DOCUMENTED_UNICODE_RECONCILIATION_NOT_BYTE_EXTRACTED_2013,JUCHITAN_HISTORICAL_SOURCE,STRUCTURED_BACKFILL_V0_1
PICKETT-ZE-2048,rusinesa,rusinesa,rusinesa,rusinesa,"[""rusinesa""]",ENTRY,,,,hacer orinar,rusinesa hacer orinar,,37,51,2,ZAPOTECO_ESPAÑOL,BIB003_PICKETT_VOCABULARIO,2007_FIFTH_ELECTRONIC,2013_FIFTH_ELECTRONIC_SECOND_VERSION,DOCUMENTED_UNICODE_RECONCILIATION_NOT_BYTE_EXTRACTED_2013,JUCHITAN_HISTORICAL_SOURCE,STRUCTURED_BACKFILL_V0_1
PICKETT-ZE-2049,rusingola,rusingola,rusingola,rusingola,"[""rusingola""]",ENTRY,,,,agrandar,rusingola agrandar,,37,51,2,ZAPOTECO_ESPAÑOL,BIB003_PICKETT_VOCABULARIO,2007_FIFTH_ELECTRONIC,2013_FIFTH_ELECTRONIC_SECOND_VERSION,DOCUMENTED_UNICODE_RECONCILIATION_NOT_BYTE_EXTRACTED_2013,JUCHITAN_HISTORICAL_SOURCE,STRUCTURED_BACKFILL_V0_1
PICKETT-ZE-2050,rusiní’,rusiní’,rusiníꞌ,rusiníꞌ,"[""rusiníꞌ""]",ENTRY,,,,"hacer hablar, obligar a hablar","rusiní’ hacer hablar, obligar a hablar",,37,51,2,ZAPOTECO_ESPAÑOL,BIB003_PICKETT_VOCABULARIO,2007_FIFTH_ELECTRONIC,2013_FIFTH_ELECTRONIC_SECOND_VERSION,DOCUMENTED_UNICODE_RECONCILIATION_NOT_BYTE_EXTRACTED_2013,JUCHITAN_HISTORICAL_SOURCE,STRUCTURED_BACKFILL_V0_1
PICKETT-ZE-2051,rusinigui’ri’,rusinigui’ri’,rusiniguiꞌriꞌ,rusiniguiꞌriꞌ,"[""rusiniguiꞌriꞌ""]",ENTRY,,,,apadrinar,rusinigui’ri’ apadrinar,,37,51,2,ZAPOTECO_ESPAÑOL,BIB003_PICKETT_VOCABULARIO,2007_FIFTH_ELECTRONIC,2013_FIFTH_ELECTRONIC_SECOND_VERSION,DOCUMENTED_UNICODE_RECONCILIATION_NOT_BYTE_EXTRACTED_2013,JUCHITAN_HISTORICAL_SOURCE,STRUCTURED_BACKFILL_V0_1
PICKETT-ZE-2052,rusiniisi,rusiniisi,rusiniisi,rusiniisi,"[""rusiniisi""]",ENTRY,,,[b.b.b.a],"criar, tomar o hacer crecer a un niño bajo su protección","rusiniisi [b.b.b.a] criar, tomar o hacer",crecer a un niño bajo su protección,37,51,2,ZAPOTECO_ESPAÑOL,BIB003_PICKETT_VOCABULARIO,2007_FIFTH_ELECTRONIC,2013_FIFTH_ELECTRONIC_SECOND_VERSION,DOCUMENTED_UNICODE_RECONCILIATION_NOT_BYTE_EXTRACTED_2013,JUCHITAN_HISTORICAL_SOURCE,STRUCTURED_BACKFILL_V0_1
PICKETT-ZE-2053,rusio’xho’,rusio’xho’,rusioꞌxhoꞌ,rusioꞌxhoꞌ,"[""rusioꞌxhoꞌ""]",ENTRY,,,,envejecer,rusio’xho’ envejecer,,37,51,2,ZAPOTECO_ESPAÑOL,BIB003_PICKETT_VOCABULARIO,2007_FIFTH_ELECTRONIC,2013_FIFTH_ELECTRONIC_SECOND_VERSION,DOCUMENTED_UNICODE_RECONCILIATION_NOT_BYTE_EXTRACTED_2013,JUCHITAN_HISTORICAL_SOURCE,STRUCTURED_BACKFILL_V0_1
PICKETT-ZE-2054,rusipandu,rusipandu,rusipandu,rusipandu,"[""rusipandu""]",ENTRY,,,,"enchuecar, encorvar","rusipandu enchuecar, encorvar",,37,51,2,ZAPOTECO_ESPAÑOL,BIB003_PICKETT_VOCABULARIO,2007_FIFTH_ELECTRONIC,2013_FIFTH_ELECTRONIC_SECOND_VERSION,DOCUMENTED_UNICODE_RECONCILIATION_NOT_BYTE_EXTRACTED_2013,JUCHITAN_HISTORICAL_SOURCE,STRUCTURED_BACKFILL_V0_1
PICKETT-ZE-2055,rusipaaxhu,rusipaaxhu,rusipaaxhu,rusipaaxhu,"[""rusipaaxhu""]",ENTRY,,,[b.b.b.a],apachurrar,rusipaaxhu [b.b.b.a] apachurrar,,37,51,2,ZAPOTECO_ESPAÑOL,BIB003_PICKETT_VOCABULARIO,2007_FIFTH_ELECTRONIC,2013_FIFTH_ELECTRONIC_SECOND_VERSION,DOCUMENTED_UNICODE_RECONCILIATION_NOT_BYTE_EXTRACTED_2013,JUCHITAN_HISTORICAL_SOURCE,STRUCTURED_BACKFILL_V0_1
PICKETT-ZE-2056,rusiquichi,rusiquichi,rusiquichi,rusiquichi,"[""rusiquichi""]",ENTRY,,,,emblanquecer,rusiquichi emblanquecer,,37,51,2,ZAPOTECO_ESPAÑOL,BIB003_PICKETT_VOCABULARIO,2007_FIFTH_ELECTRONIC,2013_FIFTH_ELECTRONIC_SECOND_VERSION,DOCUMENTED_UNICODE_RECONCILIATION_NOT_BYTE_EXTRACTED_2013,JUCHITAN_HISTORICAL_SOURCE,STRUCTURED_BACKFILL_V0_1
PICKETT-ZE-2057,rusirá,rusirá,rusirá,rusirá,"[""rusirá""]",ENTRY,,,,"agotar, acabar, gastar, consumir, acabárselo","rusirá agotar, acabar, gastar, consumir,",acabárselo,37,51,2,ZAPOTECO_ESPAÑOL,BIB003_PICKETT_VOCABULARIO,2007_FIFTH_ELECTRONIC,2013_FIFTH_ELECTRONIC_SECOND_VERSION,DOCUMENTED_UNICODE_RECONCILIATION_NOT_BYTE_EXTRACTED_2013,JUCHITAN_HISTORICAL_SOURCE,STRUCTURED_BACKFILL_V0_1
PICKETT-ZE-2058,rusiracha,rusiracha,rusiracha,rusiracha,"[""rusiracha""]",ENTRY,,,,despeinar,rusiracha despeinar,,37,51,2,ZAPOTECO_ESPAÑOL,BIB003_PICKETT_VOCABULARIO,2007_FIFTH_ELECTRONIC,2013_FIFTH_ELECTRONIC_SECOND_VERSION,DOCUMENTED_UNICODE_RECONCILIATION_NOT_BYTE_EXTRACTED_2013,JUCHITAN_HISTORICAL_SOURCE,STRUCTURED_BACKFILL_V0_1
PICKETT-ZE-2059,rusiroo,rusiroo,rusiroo,rusiroo,"[""rusiroo""]",ENTRY,,,,engordar,rusiroo engordar,,37,51,2,ZAPOTECO_ESPAÑOL,BIB003_PICKETT_VOCABULARIO,2007_FIFTH_ELECTRONIC,2013_FIFTH_ELECTRONIC_SECOND_VERSION,DOCUMENTED_UNICODE_RECONCILIATION_NOT_BYTE_EXTRACTED_2013,JUCHITAN_HISTORICAL_SOURCE,STRUCTURED_BACKFILL_V0_1
PICKETT-ZE-2060,rusirooba’,rusirooba’,rusiroobaꞌ,rusiroobaꞌ,"[""rusiroobaꞌ""]",ENTRY,,,,agrandar,rusirooba’ agrandar,,37,51,2,ZAPOTECO_ESPAÑOL,BIB003_PICKETT_VOCABULARIO,2007_FIFTH_ELECTRONIC,2013_FIFTH_ELECTRONIC_SECOND_VERSION,DOCUMENTED_UNICODE_RECONCILIATION_NOT_BYTE_EXTRACTED_2013,JUCHITAN_HISTORICAL_SOURCE,STRUCTURED_BACKFILL_V0_1
PICKETT-ZE-2061,rusiropa,rusiropa,rusiropa,rusiropa,"[""rusiropa""]",ENTRY,,,,repetir,rusiropa repetir,,37,51,2,ZAPOTECO_ESPAÑOL,BIB003_PICKETT_VOCABULARIO,2007_FIFTH_ELECTRONIC,2013_FIFTH_ELECTRONIC_SECOND_VERSION,DOCUMENTED_UNICODE_RECONCILIATION_NOT_BYTE_EXTRACTED_2013,JUCHITAN_HISTORICAL_SOURCE,STRUCTURED_BACKFILL_V0_1
PICKETT-ZE-2062,rusisaca,rusisaca,rusisaca,rusisaca,"[""rusisaca""]",ENTRY,,,,"alabar, engrandecer, encarecer","rusisaca alabar, engrandecer, encarecer",,37,51,2,ZAPOTECO_ESPAÑOL,BIB003_PICKETT_VOCABULARIO,2007_FIFTH_ELECTRONIC,2013_FIFTH_ELECTRONIC_SECOND_VERSION,DOCUMENTED_UNICODE_RECONCILIATION_NOT_BYTE_EXTRACTED_2013,JUCHITAN_HISTORICAL_SOURCE,STRUCTURED_BACKFILL_V0_1
PICKETT-ZE-2063,rusisiaasi’,rusisiaasi’,rusisiaasiꞌ,rusisiaasiꞌ,"[""rusisiaasiꞌ""]",ENTRY,,,,"dormir, hacer dormir","rusisiaasi’ dormir, hacer dormir",,37,51,2,ZAPOTECO_ESPAÑOL,BIB003_PICKETT_VOCABULARIO,2007_FIFTH_ELECTRONIC,2013_FIFTH_ELECTRONIC_SECOND_VERSION,DOCUMENTED_UNICODE_RECONCILIATION_NOT_BYTE_EXTRACTED_2013,JUCHITAN_HISTORICAL_SOURCE,STRUCTURED_BACKFILL_V0_1
PICKETT-ZE-2064,qué rusisiaasi’,qué rusisiaasi’,qué rusisiaasiꞌ,qué rusisiaasiꞌ,"[""qué rusisiaasiꞌ""]",SUBENTRY,rusisiaasiꞌ,,,no deja dormir,qué rusisiaasi’ no deja dormir,,37,51,2,ZAPOTECO_ESPAÑOL,BIB003_PICKETT_VOCABULARIO,2007_FIFTH_ELECTRONIC,2013_FIFTH_ELECTRONIC_SECOND_VERSION,DOCUMENTED_UNICODE_RECONCILIATION_NOT_BYTE_EXTRACTED_2013,JUCHITAN_HISTORICAL_SOURCE,STRUCTURED_BACKFILL_V0_1
PICKETT-ZE-2065,rusisisi,rusisisi,rusisisi,rusisisi,"[""rusisisi""]",ENTRY,,,,aligerar,rusisisi aligerar,,37,51,2,ZAPOTECO_ESPAÑOL,BIB003_PICKETT_VOCABULARIO,2007_FIFTH_ELECTRONIC,2013_FIFTH_ELECTRONIC_SECOND_VERSION,DOCUMENTED_UNICODE_RECONCILIATION_NOT_BYTE_EXTRACTED_2013,JUCHITAN_HISTORICAL_SOURCE,STRUCTURED_BACKFILL_V0_1
PICKETT-ZE-2066,rusisoo,rusisoo,rusisoo,rusisoo,"[""rusisoo""]",ENTRY,,,,hacer crecer de altura,rusisoo hacer crecer de altura,,37,51,2,ZAPOTECO_ESPAÑOL,BIB003_PICKETT_VOCABULARIO,2007_FIFTH_ELECTRONIC,2013_FIFTH_ELECTRONIC_SECOND_VERSION,DOCUMENTED_UNICODE_RECONCILIATION_NOT_BYTE_EXTRACTED_2013,JUCHITAN_HISTORICAL_SOURCE,STRUCTURED_BACKFILL_V0_1
PICKETT-ZE-2067,rusitaaba’,rusitaaba’,rusitaabaꞌ,rusitaabaꞌ,"[""rusitaabaꞌ""]",ENTRY,,,,"aplastar, apachurrar, abollar","rusitaaba’ aplastar, apachurrar, abollar",,37,51,2,ZAPOTECO_ESPAÑOL,BIB003_PICKETT_VOCABULARIO,2007_FIFTH_ELECTRONIC,2013_FIFTH_ELECTRONIC_SECOND_VERSION,DOCUMENTED_UNICODE_RECONCILIATION_NOT_BYTE_EXTRACTED_2013,JUCHITAN_HISTORICAL_SOURCE,STRUCTURED_BACKFILL_V0_1
PICKETT-ZE-2068,rusitaata’,rusitaata’,rusitaataꞌ,rusitaataꞌ,"[""rusitaataꞌ""]",ENTRY,,,,aflojar,rusitaata’ aflojar,,37,51,2,ZAPOTECO_ESPAÑOL,BIB003_PICKETT_VOCABULARIO,2007_FIFTH_ELECTRONIC,2013_FIFTH_ELECTRONIC_SECOND_VERSION,DOCUMENTED_UNICODE_RECONCILIATION_NOT_BYTE_EXTRACTED_2013,JUCHITAN_HISTORICAL_SOURCE,STRUCTURED_BACKFILL_V0_1
PICKETT-ZE-2069,rusitipa,rusitipa,rusitipa,rusitipa,"[""rusitipa""]",ENTRY,,,,"templar, estirar","rusitipa templar, estirar",,37,51,2,ZAPOTECO_ESPAÑOL,BIB003_PICKETT_VOCABULARIO,2007_FIFTH_ELECTRONIC,2013_FIFTH_ELECTRONIC_SECOND_VERSION,DOCUMENTED_UNICODE_RECONCILIATION_NOT_BYTE_EXTRACTED_2013,JUCHITAN_HISTORICAL_SOURCE,STRUCTURED_BACKFILL_V0_1
PICKETT-ZE-2070,rusituí lú,rusituí lú,rusituí lú,rusituí lú,"[""rusituí lú""]",ENTRY,,,,avergonzar,rusituí lú avergonzar,,37,51,2,ZAPOTECO_ESPAÑOL,BIB003_PICKETT_VOCABULARIO,2007_FIFTH_ELECTRONIC,2013_FIFTH_ELECTRONIC_SECOND_VERSION,DOCUMENTED_UNICODE_RECONCILIATION_NOT_BYTE_EXTRACTED_2013,JUCHITAN_HISTORICAL_SOURCE,STRUCTURED_BACKFILL_V0_1
PICKETT-ZE-2071,rusiuuba’,rusiuuba’,rusiuubaꞌ,rusiuubaꞌ,"[""rusiuubaꞌ""]",ENTRY,,,,producir dolor,rusiuuba’ producir dolor,,37,51,2,ZAPOTECO_ESPAÑOL,BIB003_PICKETT_VOCABULARIO,2007_FIFTH_ELECTRONIC,2013_FIFTH_ELECTRONIC_SECOND_VERSION,DOCUMENTED_UNICODE_RECONCILIATION_NOT_BYTE_EXTRACTED_2013,JUCHITAN_HISTORICAL_SOURCE,STRUCTURED_BACKFILL_V0_1
PICKETT-ZE-2072,rusiu’dxu’,rusiu’dxu’,rusiuꞌdxuꞌ,rusiuꞌdxuꞌ,"[""rusiuꞌdxuꞌ""]",ENTRY,,,,pudrir,rusiu’dxu’ pudrir,,37,51,2,ZAPOTECO_ESPAÑOL,BIB003_PICKETT_VOCABULARIO,2007_FIFTH_ELECTRONIC,2013_FIFTH_ELECTRONIC_SECOND_VERSION,DOCUMENTED_UNICODE_RECONCILIATION_NOT_BYTE_EXTRACTED_2013,JUCHITAN_HISTORICAL_SOURCE,STRUCTURED_BACKFILL_V0_1
PICKETT-ZE-2073,rusixidxi,rusixidxi,rusixidxi,rusixidxi,"[""rusixidxi""]",ENTRY,,,[b.b.b.a],hacer reírse,rusixidxi [b.b.b.a] hacer reírse,,37,51,2,ZAPOTECO_ESPAÑOL,BIB003_PICKETT_VOCABULARIO,2007_FIFTH_ELECTRONIC,2013_FIFTH_ELECTRONIC_SECOND_VERSION,DOCUMENTED_UNICODE_RECONCILIATION_NOT_BYTE_EXTRACTED_2013,JUCHITAN_HISTORICAL_SOURCE,STRUCTURED_BACKFILL_V0_1
PICKETT-ZE-2074,rusixiee,rusixiee,rusixiee,rusixiee,"[""rusixiee""]",ENTRY,,,[b.b.a],"dejar desnudo, despojar","rusixiee [b.b.a] dejar desnudo, despojar",,37,51,2,ZAPOTECO_ESPAÑOL,BIB003_PICKETT_VOCABULARIO,2007_FIFTH_ELECTRONIC,2013_FIFTH_ELECTRONIC_SECOND_VERSION,DOCUMENTED_UNICODE_RECONCILIATION_NOT_BYTE_EXTRACTED_2013,JUCHITAN_HISTORICAL_SOURCE,STRUCTURED_BACKFILL_V0_1
PICKETT-ZE-2075,rusixooñe’,rusixooñe’,rusixooñeꞌ,rusixooñeꞌ,"[""rusixooñeꞌ""]",ENTRY,,,,hacer correr,rusixooñe’ hacer correr,,38,52,1,ZAPOTECO_ESPAÑOL,BIB003_PICKETT_VOCABULARIO,2007_FIFTH_ELECTRONIC,2013_FIFTH_ELECTRONIC_SECOND_VERSION,DOCUMENTED_UNICODE_RECONCILIATION_NOT_BYTE_EXTRACTED_2013,JUCHITAN_HISTORICAL_SOURCE,STRUCTURED_BACKFILL_V0_1
PICKETT-ZE-2076,rusixhaca la’dxi’,rusixhaca la’dxi’,rusixhaca laꞌdxiꞌ,rusixhaca laꞌdxiꞌ,"[""rusixhaca laꞌdxiꞌ""]",ENTRY,,,,"aburrir, enfadar, fastidiar","rusixhaca la’dxi’ aburrir, enfadar,",fastidiar,38,52,1,ZAPOTECO_ESPAÑOL,BIB003_PICKETT_VOCABULARIO,2007_FIFTH_ELECTRONIC,2013_FIFTH_ELECTRONIC_SECOND_VERSION,DOCUMENTED_UNICODE_RECONCILIATION_NOT_BYTE_EXTRACTED_2013,JUCHITAN_HISTORICAL_SOURCE,STRUCTURED_BACKFILL_V0_1
PICKETT-ZE-2077,rusixhuuna’,rusixhuuna’,rusixhuunaꞌ,rusixhuunaꞌ,"[""rusixhuunaꞌ""]",ENTRY,,,,hacer defecar,rusixhuuna’ hacer defecar,,38,52,1,ZAPOTECO_ESPAÑOL,BIB003_PICKETT_VOCABULARIO,2007_FIFTH_ELECTRONIC,2013_FIFTH_ELECTRONIC_SECOND_VERSION,DOCUMENTED_UNICODE_RECONCILIATION_NOT_BYTE_EXTRACTED_2013,JUCHITAN_HISTORICAL_SOURCE,STRUCTURED_BACKFILL_V0_1
PICKETT-ZE-2078,rusixhuxhu,rusixhuxhu,rusixhuxhu,rusixhuxhu,"[""rusixhuxhu""]",ENTRY,,,[b.b.b.a],"hacer quebradizo, tostar","rusixhuxhu [b.b.b.a] hacer quebradizo,",tostar,38,52,1,ZAPOTECO_ESPAÑOL,BIB003_PICKETT_VOCABULARIO,2007_FIFTH_ELECTRONIC,2013_FIFTH_ELECTRONIC_SECOND_VERSION,DOCUMENTED_UNICODE_RECONCILIATION_NOT_BYTE_EXTRACTED_2013,JUCHITAN_HISTORICAL_SOURCE,STRUCTURED_BACKFILL_V0_1
PICKETT-ZE-2079,rusiyaase’,rusiyaase’,rusiyaaseꞌ,rusiyaaseꞌ,"[""rusiyaaseꞌ""]",ENTRY,,,,ennegrecer,rusiyaase’ ennegrecer,,38,52,1,ZAPOTECO_ESPAÑOL,BIB003_PICKETT_VOCABULARIO,2007_FIFTH_ELECTRONIC,2013_FIFTH_ELECTRONIC_SECOND_VERSION,DOCUMENTED_UNICODE_RECONCILIATION_NOT_BYTE_EXTRACTED_2013,JUCHITAN_HISTORICAL_SOURCE,STRUCTURED_BACKFILL_V0_1
PICKETT-ZE-2080,rusizeœe’,rusizeḻe’,rusizeḻeꞌ,rusizeḻeꞌ,"[""rusizeḻeꞌ""]",ENTRY,,,[b.b.b.al],hacer eructar,rusizeœe’ [b.b.b.al] hacer eructar,,38,52,1,ZAPOTECO_ESPAÑOL,BIB003_PICKETT_VOCABULARIO,2007_FIFTH_ELECTRONIC,2013_FIFTH_ELECTRONIC_SECOND_VERSION,DOCUMENTED_UNICODE_RECONCILIATION_NOT_BYTE_EXTRACTED_2013,JUCHITAN_HISTORICAL_SOURCE,STRUCTURED_BACKFILL_V0_1
PICKETT-ZE-2081,rusuí’,rusuí’,rusuíꞌ,rusuíꞌ,"[""rusuíꞌ""]",ENTRY,,,,apagar,rusuí’ apagar,,38,52,1,ZAPOTECO_ESPAÑOL,BIB003_PICKETT_VOCABULARIO,2007_FIFTH_ELECTRONIC,2013_FIFTH_ELECTRONIC_SECOND_VERSION,DOCUMENTED_UNICODE_RECONCILIATION_NOT_BYTE_EXTRACTED_2013,JUCHITAN_HISTORICAL_SOURCE,STRUCTURED_BACKFILL_V0_1
PICKETT-ZE-2082,rusunisa,rusunisa,rusunisa,rusunisa,"[""rusunisa""]",ENTRY,,,,hacer sudar,rusunisa hacer sudar,,38,52,1,ZAPOTECO_ESPAÑOL,BIB003_PICKETT_VOCABULARIO,2007_FIFTH_ELECTRONIC,2013_FIFTH_ELECTRONIC_SECOND_VERSION,DOCUMENTED_UNICODE_RECONCILIATION_NOT_BYTE_EXTRACTED_2013,JUCHITAN_HISTORICAL_SOURCE,STRUCTURED_BACKFILL_V0_1
PICKETT-ZE-2083,rusuxibi,rusuxibi,rusuxibi,rusuxibi,"[""rusuxibi""]",ENTRY,,,,"hacer hincarse, arrodillar","rusuxibi hacer hincarse, arrodillar",,38,52,1,ZAPOTECO_ESPAÑOL,BIB003_PICKETT_VOCABULARIO,2007_FIFTH_ELECTRONIC,2013_FIFTH_ELECTRONIC_SECOND_VERSION,DOCUMENTED_UNICODE_RECONCILIATION_NOT_BYTE_EXTRACTED_2013,JUCHITAN_HISTORICAL_SOURCE,STRUCTURED_BACKFILL_V0_1
PICKETT-ZE-2084,rutaabi,rutaabi,rutaabi,rutaabi,"[""rutaabi""]",ENTRY,,,[b.b.a],"clavar, encajar","rutaabi [b.b.a] clavar, encajar",,38,52,1,ZAPOTECO_ESPAÑOL,BIB003_PICKETT_VOCABULARIO,2007_FIFTH_ELECTRONIC,2013_FIFTH_ELECTRONIC_SECOND_VERSION,DOCUMENTED_UNICODE_RECONCILIATION_NOT_BYTE_EXTRACTED_2013,JUCHITAN_HISTORICAL_SOURCE,STRUCTURED_BACKFILL_V0_1
PICKETT-ZE-2085,rutaagu’,rutaagu’,rutaaguꞌ,rutaaguꞌ,"[""rutaaguꞌ""]",ENTRY,,,,cerrar,rutaagu’ cerrar,,38,52,1,ZAPOTECO_ESPAÑOL,BIB003_PICKETT_VOCABULARIO,2007_FIFTH_ELECTRONIC,2013_FIFTH_ELECTRONIC_SECOND_VERSION,DOCUMENTED_UNICODE_RECONCILIATION_NOT_BYTE_EXTRACTED_2013,JUCHITAN_HISTORICAL_SOURCE,STRUCTURED_BACKFILL_V0_1
PICKETT-ZE-2086,rutaœe,rutaḻe,rutaḻe,rutaḻe,"[""rutaḻe""]",ENTRY,,,[b.b.a],"multiplicar, aumentar","rutaœe [b.b.a] multiplicar, aumentar",,38,52,1,ZAPOTECO_ESPAÑOL,BIB003_PICKETT_VOCABULARIO,2007_FIFTH_ELECTRONIC,2013_FIFTH_ELECTRONIC_SECOND_VERSION,DOCUMENTED_UNICODE_RECONCILIATION_NOT_BYTE_EXTRACTED_2013,JUCHITAN_HISTORICAL_SOURCE,STRUCTURED_BACKFILL_V0_1
PICKETT-ZE-2087,ruuti,ruuti,ruuti,ruuti,"[""ruuti""]",ENTRY,,,[b.a],matar,ruuti [b.a] matar,,38,52,1,ZAPOTECO_ESPAÑOL,BIB003_PICKETT_VOCABULARIO,2007_FIFTH_ELECTRONIC,2013_FIFTH_ELECTRONIC_SECOND_VERSION,DOCUMENTED_UNICODE_RECONCILIATION_NOT_BYTE_EXTRACTED_2013,JUCHITAN_HISTORICAL_SOURCE,STRUCTURED_BACKFILL_V0_1
PICKETT-ZE-2088,ruti nati,ruti nati,ruti nati,ruti nati,"[""ruti nati""]",SUBENTRY,ruuti,,,azotar fuerte hasta medio matar,ruti nati [b-a] azotar fuerte hasta medio,matar,38,52,1,ZAPOTECO_ESPAÑOL,BIB003_PICKETT_VOCABULARIO,2007_FIFTH_ELECTRONIC,2013_FIFTH_ELECTRONIC_SECOND_VERSION,DOCUMENTED_UNICODE_RECONCILIATION_NOT_BYTE_EXTRACTED_2013,JUCHITAN_HISTORICAL_SOURCE,STRUCTURED_BACKFILL_V0_1
PICKETT-ZE-2089,ruti xhiee,ruti xhiee,ruti xhiee,ruti xhiee,"[""ruti xhiee""]",SUBENTRY,ruuti,,,"asfixiar, ahogar","ruti xhiee [b-al] asfixiar, ahogar",,38,52,1,ZAPOTECO_ESPAÑOL,BIB003_PICKETT_VOCABULARIO,2007_FIFTH_ELECTRONIC,2013_FIFTH_ELECTRONIC_SECOND_VERSION,DOCUMENTED_UNICODE_RECONCILIATION_NOT_BYTE_EXTRACTED_2013,JUCHITAN_HISTORICAL_SOURCE,STRUCTURED_BACKFILL_V0_1
PICKETT-ZE-2090,ruti zi’,ruti zi’,ruti ziꞌ,ruti ziꞌ,"[""ruti ziꞌ""]",SUBENTRY,ruuti,,,"tener a una persona en la miseria, matar de hambre",ruti zi’ [b-a] tener a una persona en la,"miseria, matar de hambre",38,52,1,ZAPOTECO_ESPAÑOL,BIB003_PICKETT_VOCABULARIO,2007_FIFTH_ELECTRONIC,2013_FIFTH_ELECTRONIC_SECOND_VERSION,DOCUMENTED_UNICODE_RECONCILIATION_NOT_BYTE_EXTRACTED_2013,JUCHITAN_HISTORICAL_SOURCE,STRUCTURED_BACKFILL_V0_1
PICKETT-ZE-2091,rutiidi’,rutiidi’,rutiidiꞌ,rutiidiꞌ,"[""rutiidiꞌ""]",ENTRY,,(v-tr),,"hacer pasar, traspasar","rutiidi’ (v-tr) hacer pasar, traspasar",,38,52,1,ZAPOTECO_ESPAÑOL,BIB003_PICKETT_VOCABULARIO,2007_FIFTH_ELECTRONIC,2013_FIFTH_ELECTRONIC_SECOND_VERSION,DOCUMENTED_UNICODE_RECONCILIATION_NOT_BYTE_EXTRACTED_2013,JUCHITAN_HISTORICAL_SOURCE,STRUCTURED_BACKFILL_V0_1
PICKETT-ZE-2092,rutiee,rutiee,rutiee,rutiee,"[""rutiee""]",ENTRY,,,,pintar,rutiee pintar,,38,52,1,ZAPOTECO_ESPAÑOL,BIB003_PICKETT_VOCABULARIO,2007_FIFTH_ELECTRONIC,2013_FIFTH_ELECTRONIC_SECOND_VERSION,DOCUMENTED_UNICODE_RECONCILIATION_NOT_BYTE_EXTRACTED_2013,JUCHITAN_HISTORICAL_SOURCE,STRUCTURED_BACKFILL_V0_1
PICKETT-ZE-2093,rutinde,rutinde,rutinde,rutinde,"[""rutinde""]",ENTRY,,,[b.b.a],"provocar el pleito, hacer pelear","rutinde [b.b.a] provocar el pleito, hacer",pelear,38,52,1,ZAPOTECO_ESPAÑOL,BIB003_PICKETT_VOCABULARIO,2007_FIFTH_ELECTRONIC,2013_FIFTH_ELECTRONIC_SECOND_VERSION,DOCUMENTED_UNICODE_RECONCILIATION_NOT_BYTE_EXTRACTED_2013,JUCHITAN_HISTORICAL_SOURCE,STRUCTURED_BACKFILL_V0_1
PICKETT-ZE-2094,rutiiñe’,rutiiñe’,rutiiñeꞌ,rutiiñeꞌ,"[""rutiiñeꞌ""]",ENTRY,,,,"prestar, facilitar","rutiiñe’ prestar, facilitar",,38,52,1,ZAPOTECO_ESPAÑOL,BIB003_PICKETT_VOCABULARIO,2007_FIFTH_ELECTRONIC,2013_FIFTH_ELECTRONIC_SECOND_VERSION,DOCUMENTED_UNICODE_RECONCILIATION_NOT_BYTE_EXTRACTED_2013,JUCHITAN_HISTORICAL_SOURCE,STRUCTURED_BACKFILL_V0_1
PICKETT-ZE-2095,rutiipi,rutiipi,rutiipi,rutiipi,"[""rutiipi""]",ENTRY,,,[b.b.a],"chiflar, silbar","rutiipi [b.b.a] chiflar, silbar",,38,52,1,ZAPOTECO_ESPAÑOL,BIB003_PICKETT_VOCABULARIO,2007_FIFTH_ELECTRONIC,2013_FIFTH_ELECTRONIC_SECOND_VERSION,DOCUMENTED_UNICODE_RECONCILIATION_NOT_BYTE_EXTRACTED_2013,JUCHITAN_HISTORICAL_SOURCE,STRUCTURED_BACKFILL_V0_1
PICKETT-ZE-2096,rutiiqui,rutiiqui,rutiiqui,rutiiqui,"[""rutiiqui""]",ENTRY,,,[b.b.a],ponerse de puntillas,rutiiqui [b.b.a] ponerse de puntillas,,38,52,1,ZAPOTECO_ESPAÑOL,BIB003_PICKETT_VOCABULARIO,2007_FIFTH_ELECTRONIC,2013_FIFTH_ELECTRONIC_SECOND_VERSION,DOCUMENTED_UNICODE_RECONCILIATION_NOT_BYTE_EXTRACTED_2013,JUCHITAN_HISTORICAL_SOURCE,STRUCTURED_BACKFILL_V0_1
PICKETT-ZE-2097,rutiixhi,rutiixhi,rutiixhi,rutiixhi,"[""rutiixhi""]",ENTRY,,,[b.b.a],voltear,rutiixhi [b.b.a] voltear,,38,52,1,ZAPOTECO_ESPAÑOL,BIB003_PICKETT_VOCABULARIO,2007_FIFTH_ELECTRONIC,2013_FIFTH_ELECTRONIC_SECOND_VERSION,DOCUMENTED_UNICODE_RECONCILIATION_NOT_BYTE_EXTRACTED_2013,JUCHITAN_HISTORICAL_SOURCE,STRUCTURED_BACKFILL_V0_1
PICKETT-ZE-2098,rutoo,rutoo,rutoo,rutoo,"[""rutoo""]",ENTRY,,,,vender,rutoo vender,,38,52,1,ZAPOTECO_ESPAÑOL,BIB003_PICKETT_VOCABULARIO,2007_FIFTH_ELECTRONIC,2013_FIFTH_ELECTRONIC_SECOND_VERSION,DOCUMENTED_UNICODE_RECONCILIATION_NOT_BYTE_EXTRACTED_2013,JUCHITAN_HISTORICAL_SOURCE,STRUCTURED_BACKFILL_V0_1
PICKETT-ZE-2099,rutopa,rutopa,rutopa,rutopa,"[""rutopa""]",ENTRY,,,[b.b.a],"recoger, reunir, enrollar","rutopa [b.b.a] recoger, reunir, enrollar",,38,52,1,ZAPOTECO_ESPAÑOL,BIB003_PICKETT_VOCABULARIO,2007_FIFTH_ELECTRONIC,2013_FIFTH_ELECTRONIC_SECOND_VERSION,DOCUMENTED_UNICODE_RECONCILIATION_NOT_BYTE_EXTRACTED_2013,JUCHITAN_HISTORICAL_SOURCE,STRUCTURED_BACKFILL_V0_1
PICKETT-ZE-2100,rutopa lú,rutopa lú,rutopa lú,rutopa lú,"[""rutopa lú""]",SUBENTRY,rutopa,,,"ahorrar, acumular, juntar, almacenar, amontonar","rutopa lú [b-al] ahorrar, acumular,","juntar, almacenar, amontonar",38,52,1,ZAPOTECO_ESPAÑOL,BIB003_PICKETT_VOCABULARIO,2007_FIFTH_ELECTRONIC,2013_FIFTH_ELECTRONIC_SECOND_VERSION,DOCUMENTED_UNICODE_RECONCILIATION_NOT_BYTE_EXTRACTED_2013,JUCHITAN_HISTORICAL_SOURCE,STRUCTURED_BACKFILL_V0_1
PICKETT-ZE-2101,ruutu’,ruutu’,ruutuꞌ,ruutuꞌ,"[""ruutuꞌ""]",ENTRY,,,,moler,ruutu’ moler,,38,52,1,ZAPOTECO_ESPAÑOL,BIB003_PICKETT_VOCABULARIO,2007_FIFTH_ELECTRONIC,2013_FIFTH_ELECTRONIC_SECOND_VERSION,DOCUMENTED_UNICODE_RECONCILIATION_NOT_BYTE_EXTRACTED_2013,JUCHITAN_HISTORICAL_SOURCE,STRUCTURED_BACKFILL_V0_1
PICKETT-ZE-2102,rutuuba’,rutuuba’,rutuubaꞌ,rutuubaꞌ,"[""rutuubaꞌ""]",ENTRY,,,,arrimar,rutuuba’ arrimar,,38,52,1,ZAPOTECO_ESPAÑOL,BIB003_PICKETT_VOCABULARIO,2007_FIFTH_ELECTRONIC,2013_FIFTH_ELECTRONIC_SECOND_VERSION,DOCUMENTED_UNICODE_RECONCILIATION_NOT_BYTE_EXTRACTED_2013,JUCHITAN_HISTORICAL_SOURCE,STRUCTURED_BACKFILL_V0_1
PICKETT-ZE-2103,rutubi,rutubi,rutubi,rutubi,"[""rutubi""]",ENTRY,,,[b.b.a],"hacer rodar, revolcar","rutubi [b.b.a] hacer rodar, revolcar",,38,52,1,ZAPOTECO_ESPAÑOL,BIB003_PICKETT_VOCABULARIO,2007_FIFTH_ELECTRONIC,2013_FIFTH_ELECTRONIC_SECOND_VERSION,DOCUMENTED_UNICODE_RECONCILIATION_NOT_BYTE_EXTRACTED_2013,JUCHITAN_HISTORICAL_SOURCE,STRUCTURED_BACKFILL_V0_1
PICKETT-ZE-2104,rutuxhu,rutuxhu,rutuxhu,rutuxhu,"[""rutuxhu""]",ENTRY,,,,afilar,rutuxhu afilar,,38,52,1,ZAPOTECO_ESPAÑOL,BIB003_PICKETT_VOCABULARIO,2007_FIFTH_ELECTRONIC,2013_FIFTH_ELECTRONIC_SECOND_VERSION,DOCUMENTED_UNICODE_RECONCILIATION_NOT_BYTE_EXTRACTED_2013,JUCHITAN_HISTORICAL_SOURCE,STRUCTURED_BACKFILL_V0_1
PICKETT-ZE-2105,rutuxhu,rutuxhu,rutuxhu,rutuxhu,"[""rutuxhu""]",ENTRY,,,[b.b.a],"azuzar, hacer ladrar","rutuxhu [b.b.a] azuzar, hacer ladrar",,38,52,1,ZAPOTECO_ESPAÑOL,BIB003_PICKETT_VOCABULARIO,2007_FIFTH_ELECTRONIC,2013_FIFTH_ELECTRONIC_SECOND_VERSION,DOCUMENTED_UNICODE_RECONCILIATION_NOT_BYTE_EXTRACTED_2013,JUCHITAN_HISTORICAL_SOURCE,STRUCTURED_BACKFILL_V0_1
PICKETT-ZE-2106,ruxidxi,ruxidxi,ruxidxi,ruxidxi,"[""ruxidxi""]",ENTRY,,,[b.b.a],"reír, reírse","ruxidxi [b.b.a] reír, reírse",,38,52,1,ZAPOTECO_ESPAÑOL,BIB003_PICKETT_VOCABULARIO,2007_FIFTH_ELECTRONIC,2013_FIFTH_ELECTRONIC_SECOND_VERSION,DOCUMENTED_UNICODE_RECONCILIATION_NOT_BYTE_EXTRACTED_2013,JUCHITAN_HISTORICAL_SOURCE,STRUCTURED_BACKFILL_V0_1
PICKETT-ZE-2107,ruxooñe’,ruxooñe’,ruxooñeꞌ,ruxooñeꞌ,"[""ruxooñeꞌ""]",ENTRY,,,,"correr, fluir","ruxooñe’ correr, fluir",,38,52,1,ZAPOTECO_ESPAÑOL,BIB003_PICKETT_VOCABULARIO,2007_FIFTH_ELECTRONIC,2013_FIFTH_ELECTRONIC_SECOND_VERSION,DOCUMENTED_UNICODE_RECONCILIATION_NOT_BYTE_EXTRACTED_2013,JUCHITAN_HISTORICAL_SOURCE,STRUCTURED_BACKFILL_V0_1
PICKETT-ZE-2108,ruxubacuiini’,ruxubacuiini’,ruxubacuiiniꞌ,ruxubacuiiniꞌ,"[""ruxubacuiiniꞌ""]",ENTRY,,,,"dobladillar, bastillar, hacer el dobladillo","ruxubacuiini’ dobladillar, bastillar, hacer",el dobladillo,38,52,1,ZAPOTECO_ESPAÑOL,BIB003_PICKETT_VOCABULARIO,2007_FIFTH_ELECTRONIC,2013_FIFTH_ELECTRONIC_SECOND_VERSION,DOCUMENTED_UNICODE_RECONCILIATION_NOT_BYTE_EXTRACTED_2013,JUCHITAN_HISTORICAL_SOURCE,STRUCTURED_BACKFILL_V0_1
PICKETT-ZE-2109,ruxuí’ lú,ruxuí’ lú,ruxuíꞌ lú,ruxuíꞌ lú,"[""ruxuíꞌ lú""]",ENTRY,,,,imaginar,ruxuí’ lú imaginar,,38,52,1,ZAPOTECO_ESPAÑOL,BIB003_PICKETT_VOCABULARIO,2007_FIFTH_ELECTRONIC,2013_FIFTH_ELECTRONIC_SECOND_VERSION,DOCUMENTED_UNICODE_RECONCILIATION_NOT_BYTE_EXTRACTED_2013,JUCHITAN_HISTORICAL_SOURCE,STRUCTURED_BACKFILL_V0_1
PICKETT-ZE-2110,ruxuuxe,ruxuuxe,ruxuuxe,ruxuuxe,"[""ruxuuxe""]",ENTRY,,,[b.b.a],despedazar,ruxuuxe [b.b.a] despedazar,,38,52,1,ZAPOTECO_ESPAÑOL,BIB003_PICKETT_VOCABULARIO,2007_FIFTH_ELECTRONIC,2013_FIFTH_ELECTRONIC_SECOND_VERSION,DOCUMENTED_UNICODE_RECONCILIATION_NOT_BYTE_EXTRACTED_2013,JUCHITAN_HISTORICAL_SOURCE,STRUCTURED_BACKFILL_V0_1
PICKETT-ZE-2111,ruxhá,ruxhá,ruxhá,ruxhá,"[""ruxhá""]",ENTRY,,,,"borrar; derrumbar, tumbar, desbaratar","ruxhá borrar; derrumbar, tumbar,",desbaratar,38,52,2,ZAPOTECO_ESPAÑOL,BIB003_PICKETT_VOCABULARIO,2007_FIFTH_ELECTRONIC,2013_FIFTH_ELECTRONIC_SECOND_VERSION,DOCUMENTED_UNICODE_RECONCILIATION_NOT_BYTE_EXTRACTED_2013,JUCHITAN_HISTORICAL_SOURCE,STRUCTURED_BACKFILL_V0_1
PICKETT-ZE-2112,ruxhague’,ruxhague’,ruxhagueꞌ,ruxhagueꞌ,"[""ruxhagueꞌ""]",ENTRY,,,[b.b.al],desatar,ruxhague’ [b.b.al] desatar,,38,52,2,ZAPOTECO_ESPAÑOL,BIB003_PICKETT_VOCABULARIO,2007_FIFTH_ELECTRONIC,2013_FIFTH_ELECTRONIC_SECOND_VERSION,DOCUMENTED_UNICODE_RECONCILIATION_NOT_BYTE_EXTRACTED_2013,JUCHITAN_HISTORICAL_SOURCE,STRUCTURED_BACKFILL_V0_1
PICKETT-ZE-2113,ruxhaœe’,ruxhaḻe’,ruxhaḻeꞌ,ruxhaḻeꞌ,"[""ruxhaḻeꞌ""]",ENTRY,,,[b.b.al],abrir; arrimar,ruxhaœe’ [b.b.al] abrir; arrimar,,38,52,2,ZAPOTECO_ESPAÑOL,BIB003_PICKETT_VOCABULARIO,2007_FIFTH_ELECTRONIC,2013_FIFTH_ELECTRONIC_SECOND_VERSION,DOCUMENTED_UNICODE_RECONCILIATION_NOT_BYTE_EXTRACTED_2013,JUCHITAN_HISTORICAL_SOURCE,STRUCTURED_BACKFILL_V0_1
PICKETT-ZE-2114,ruxhaata’,ruxhaata’,ruxhaataꞌ,ruxhaataꞌ,"[""ruxhaataꞌ""]",ENTRY,,,,"atropellar, aplastar, poner encima","ruxhaata’ atropellar, aplastar, poner",encima,38,52,2,ZAPOTECO_ESPAÑOL,BIB003_PICKETT_VOCABULARIO,2007_FIFTH_ELECTRONIC,2013_FIFTH_ELECTRONIC_SECOND_VERSION,DOCUMENTED_UNICODE_RECONCILIATION_NOT_BYTE_EXTRACTED_2013,JUCHITAN_HISTORICAL_SOURCE,STRUCTURED_BACKFILL_V0_1
PICKETT-ZE-2115,ruxhaata ñee,ruxhaata ñee,ruxhaata ñee,ruxhaata ñee,"[""ruxhaata ñee""]",SUBENTRY,ruxhaataꞌ,,,"pisar, dar de pisotones","ruxhaata ñee pisar, dar de pisotones",,38,52,2,ZAPOTECO_ESPAÑOL,BIB003_PICKETT_VOCABULARIO,2007_FIFTH_ELECTRONIC,2013_FIFTH_ELECTRONIC_SECOND_VERSION,DOCUMENTED_UNICODE_RECONCILIATION_NOT_BYTE_EXTRACTED_2013,JUCHITAN_HISTORICAL_SOURCE,STRUCTURED_BACKFILL_V0_1
PICKETT-ZE-2116,ruxhaata yuze,ruxhaata yuze,ruxhaata yuze,ruxhaata yuze,"[""ruxhaata yuze""]",SUBENTRY,ruxhaataꞌ,,,encaminar el ganado,ruxhaata yuze [b-a] encaminar el,ganado,38,52,2,ZAPOTECO_ESPAÑOL,BIB003_PICKETT_VOCABULARIO,2007_FIFTH_ELECTRONIC,2013_FIFTH_ELECTRONIC_SECOND_VERSION,DOCUMENTED_UNICODE_RECONCILIATION_NOT_BYTE_EXTRACTED_2013,JUCHITAN_HISTORICAL_SOURCE,STRUCTURED_BACKFILL_V0_1
PICKETT-ZE-2117,ruxhedxe’,ruxhedxe’,ruxhedxeꞌ,ruxhedxeꞌ,"[""ruxhedxeꞌ""]",ENTRY,,,[b.b.al],desatar,ruxhedxe’ [b.b.al] desatar,,38,52,2,ZAPOTECO_ESPAÑOL,BIB003_PICKETT_VOCABULARIO,2007_FIFTH_ELECTRONIC,2013_FIFTH_ELECTRONIC_SECOND_VERSION,DOCUMENTED_UNICODE_RECONCILIATION_NOT_BYTE_EXTRACTED_2013,JUCHITAN_HISTORICAL_SOURCE,STRUCTURED_BACKFILL_V0_1
PICKETT-ZE-2118,ruxhegue’,ruxhegue’,ruxhegueꞌ,ruxhegueꞌ,"[""ruxhegueꞌ""]",ENTRY,,,[b.b.al],desatar,ruxhegue’ [b.b.al] desatar,,38,52,2,ZAPOTECO_ESPAÑOL,BIB003_PICKETT_VOCABULARIO,2007_FIFTH_ELECTRONIC,2013_FIFTH_ELECTRONIC_SECOND_VERSION,DOCUMENTED_UNICODE_RECONCILIATION_NOT_BYTE_EXTRACTED_2013,JUCHITAN_HISTORICAL_SOURCE,STRUCTURED_BACKFILL_V0_1
PICKETT-ZE-2119,ruxheœe’,ruxheḻe’,ruxheḻeꞌ,ruxheḻeꞌ,"[""ruxheḻeꞌ""]",ENTRY,,,[b.b.al],abrir; arrimar,ruxheœe’ [b.b.al] abrir; arrimar,,38,52,2,ZAPOTECO_ESPAÑOL,BIB003_PICKETT_VOCABULARIO,2007_FIFTH_ELECTRONIC,2013_FIFTH_ELECTRONIC_SECOND_VERSION,DOCUMENTED_UNICODE_RECONCILIATION_NOT_BYTE_EXTRACTED_2013,JUCHITAN_HISTORICAL_SOURCE,STRUCTURED_BACKFILL_V0_1
PICKETT-ZE-2120,ruxhexhe,ruxhexhe,ruxhexhe,ruxhexhe,"[""ruxhexhe""]",ENTRY,,,,cacarear,ruxhexhe cacarear,,38,52,2,ZAPOTECO_ESPAÑOL,BIB003_PICKETT_VOCABULARIO,2007_FIFTH_ELECTRONIC,2013_FIFTH_ELECTRONIC_SECOND_VERSION,DOCUMENTED_UNICODE_RECONCILIATION_NOT_BYTE_EXTRACTED_2013,JUCHITAN_HISTORICAL_SOURCE,STRUCTURED_BACKFILL_V0_1
PICKETT-ZE-2121,ruxhii,ruxhii,ruxhii,ruxhii,"[""ruxhii""]",ENTRY,,,,exprimir; ordeñar,ruxhii exprimir; ordeñar,,38,52,2,ZAPOTECO_ESPAÑOL,BIB003_PICKETT_VOCABULARIO,2007_FIFTH_ELECTRONIC,2013_FIFTH_ELECTRONIC_SECOND_VERSION,DOCUMENTED_UNICODE_RECONCILIATION_NOT_BYTE_EXTRACTED_2013,JUCHITAN_HISTORICAL_SOURCE,STRUCTURED_BACKFILL_V0_1
PICKETT-ZE-2122,ruxhii ndaani’,ruxhii ndaani’,ruxhii ndaaniꞌ,ruxhii ndaaniꞌ,"[""ruxhii ndaaniꞌ""]",SUBENTRY,ruxhii,,,ceñir,ruxhii ndaani’ ceñir,,38,52,2,ZAPOTECO_ESPAÑOL,BIB003_PICKETT_VOCABULARIO,2007_FIFTH_ELECTRONIC,2013_FIFTH_ELECTRONIC_SECOND_VERSION,DOCUMENTED_UNICODE_RECONCILIATION_NOT_BYTE_EXTRACTED_2013,JUCHITAN_HISTORICAL_SOURCE,STRUCTURED_BACKFILL_V0_1
PICKETT-ZE-2123,ruxhii xii,ruxhii xii,ruxhii xii,ruxhii xii,"[""ruxhii xii""]",SUBENTRY,ruxhii,,,sonarse (la nariz),ruxhii xii sonarse (la nariz),,38,52,2,ZAPOTECO_ESPAÑOL,BIB003_PICKETT_VOCABULARIO,2007_FIFTH_ELECTRONIC,2013_FIFTH_ELECTRONIC_SECOND_VERSION,DOCUMENTED_UNICODE_RECONCILIATION_NOT_BYTE_EXTRACTED_2013,JUCHITAN_HISTORICAL_SOURCE,STRUCTURED_BACKFILL_V0_1
PICKETT-ZE-2124,ruxhii yanni,ruxhii yanni,ruxhii yanni,ruxhii yanni,"[""ruxhii yanni""]",SUBENTRY,ruxhii,,,ahorcarse (lit.: exprimirse el cuello),ruxhii yanni ahorcarse (lit.: exprimirse,el cuello),38,52,2,ZAPOTECO_ESPAÑOL,BIB003_PICKETT_VOCABULARIO,2007_FIFTH_ELECTRONIC,2013_FIFTH_ELECTRONIC_SECOND_VERSION,DOCUMENTED_UNICODE_RECONCILIATION_NOT_BYTE_EXTRACTED_2013,JUCHITAN_HISTORICAL_SOURCE,STRUCTURED_BACKFILL_V0_1
PICKETT-ZE-2125,ruxhii,ruxhii,ruxhii,ruxhii,"[""ruxhii""]",ENTRY,,,[b.a],"derramar, tirar (líquidos)","ruxhii [b.a] derramar, tirar (líquidos)",,38,52,2,ZAPOTECO_ESPAÑOL,BIB003_PICKETT_VOCABULARIO,2007_FIFTH_ELECTRONIC,2013_FIFTH_ELECTRONIC_SECOND_VERSION,DOCUMENTED_UNICODE_RECONCILIATION_NOT_BYTE_EXTRACTED_2013,JUCHITAN_HISTORICAL_SOURCE,STRUCTURED_BACKFILL_V0_1
PICKETT-ZE-2126,ruxhiá,ruxhiá,ruxhiá,ruxhiá,"[""ruxhiá""]",ENTRY,,,,borrar,ruxhiá borrar,,38,52,2,ZAPOTECO_ESPAÑOL,BIB003_PICKETT_VOCABULARIO,2007_FIFTH_ELECTRONIC,2013_FIFTH_ELECTRONIC_SECOND_VERSION,DOCUMENTED_UNICODE_RECONCILIATION_NOT_BYTE_EXTRACTED_2013,JUCHITAN_HISTORICAL_SOURCE,STRUCTURED_BACKFILL_V0_1
PICKETT-ZE-2127,ruxhiá laya,ruxhiá laya,ruxhiá laya,ruxhiá laya,"[""ruxhiá laya""]",SUBENTRY,ruxhiá,,,pelar los dientes,ruxhiá laya [b-al.b] pelar los dientes,,38,52,2,ZAPOTECO_ESPAÑOL,BIB003_PICKETT_VOCABULARIO,2007_FIFTH_ELECTRONIC,2013_FIFTH_ELECTRONIC_SECOND_VERSION,DOCUMENTED_UNICODE_RECONCILIATION_NOT_BYTE_EXTRACTED_2013,JUCHITAN_HISTORICAL_SOURCE,STRUCTURED_BACKFILL_V0_1
PICKETT-ZE-2128,ruxhiaxi’,ruxhiaxi’,ruxhiaxiꞌ,ruxhiaxiꞌ,"[""ruxhiaxiꞌ""]",ENTRY,,,[b.b.al],estornudar,ruxhiaxi’ [b.b.al] estornudar,,38,52,2,ZAPOTECO_ESPAÑOL,BIB003_PICKETT_VOCABULARIO,2007_FIFTH_ELECTRONIC,2013_FIFTH_ELECTRONIC_SECOND_VERSION,DOCUMENTED_UNICODE_RECONCILIATION_NOT_BYTE_EXTRACTED_2013,JUCHITAN_HISTORICAL_SOURCE,STRUCTURED_BACKFILL_V0_1
PICKETT-ZE-2129,ruxhidxi,ruxhidxi,ruxhidxi,ruxhidxi,"[""ruxhidxi""]",ENTRY,,,,tocar (instrumento),ruxhidxi tocar (instrumento),,38,52,2,ZAPOTECO_ESPAÑOL,BIB003_PICKETT_VOCABULARIO,2007_FIFTH_ELECTRONIC,2013_FIFTH_ELECTRONIC_SECOND_VERSION,DOCUMENTED_UNICODE_RECONCILIATION_NOT_BYTE_EXTRACTED_2013,JUCHITAN_HISTORICAL_SOURCE,STRUCTURED_BACKFILL_V0_1
PICKETT-ZE-2130,ruxhidxi ná’,ruxhidxi ná’,ruxhidxi náꞌ,ruxhidxi náꞌ,"[""ruxhidxi náꞌ""]",SUBENTRY,ruxhidxi,,,tocar (a la puerta),ruxhidxi ná’ [b-a] tocar (a la puerta),,38,52,2,ZAPOTECO_ESPAÑOL,BIB003_PICKETT_VOCABULARIO,2007_FIFTH_ELECTRONIC,2013_FIFTH_ELECTRONIC_SECOND_VERSION,DOCUMENTED_UNICODE_RECONCILIATION_NOT_BYTE_EXTRACTED_2013,JUCHITAN_HISTORICAL_SOURCE,STRUCTURED_BACKFILL_V0_1
PICKETT-ZE-2131,ruxhiiñe’,ruxhiiñe’,ruxhiiñeꞌ,ruxhiiñeꞌ,"[""ruxhiiñeꞌ""]",ENTRY,,,,descomponer,ruxhiiñe’ descomponer,,38,52,2,ZAPOTECO_ESPAÑOL,BIB003_PICKETT_VOCABULARIO,2007_FIFTH_ELECTRONIC,2013_FIFTH_ELECTRONIC_SECOND_VERSION,DOCUMENTED_UNICODE_RECONCILIATION_NOT_BYTE_EXTRACTED_2013,JUCHITAN_HISTORICAL_SOURCE,STRUCTURED_BACKFILL_V0_1
PICKETT-ZE-2132,ruxhirini,ruxhirini,ruxhirini,ruxhirini,"[""ruxhirini""]",ENTRY,,,,almorzar,ruxhirini almorzar,,38,52,2,ZAPOTECO_ESPAÑOL,BIB003_PICKETT_VOCABULARIO,2007_FIFTH_ELECTRONIC,2013_FIFTH_ELECTRONIC_SECOND_VERSION,DOCUMENTED_UNICODE_RECONCILIATION_NOT_BYTE_EXTRACTED_2013,JUCHITAN_HISTORICAL_SOURCE,STRUCTURED_BACKFILL_V0_1
PICKETT-ZE-2133,ruxhuuba bere,ruxhuuba bere,ruxhuuba bere,ruxhuuba bere,"[""ruxhuuba bere""]",ENTRY,,,,empollar,ruxhuuba bere empollar,,38,52,2,ZAPOTECO_ESPAÑOL,BIB003_PICKETT_VOCABULARIO,2007_FIFTH_ELECTRONIC,2013_FIFTH_ELECTRONIC_SECOND_VERSION,DOCUMENTED_UNICODE_RECONCILIATION_NOT_BYTE_EXTRACTED_2013,JUCHITAN_HISTORICAL_SOURCE,STRUCTURED_BACKFILL_V0_1
PICKETT-ZE-2134,ruxhuba donda,ruxhuba donda,ruxhuba donda,ruxhuba donda,"[""ruxhuba donda""]",ENTRY,,,,"confesar, confesarse","ruxhuba donda confesar, confesarse",,38,52,2,ZAPOTECO_ESPAÑOL,BIB003_PICKETT_VOCABULARIO,2007_FIFTH_ELECTRONIC,2013_FIFTH_ELECTRONIC_SECOND_VERSION,DOCUMENTED_UNICODE_RECONCILIATION_NOT_BYTE_EXTRACTED_2013,JUCHITAN_HISTORICAL_SOURCE,STRUCTURED_BACKFILL_V0_1
PICKETT-ZE-2135,ruxhudxi,ruxhudxi,ruxhudxi,ruxhudxi,"[""ruxhudxi""]",ENTRY,,,,emborrachar,ruxhudxi emborrachar,,38,52,2,ZAPOTECO_ESPAÑOL,BIB003_PICKETT_VOCABULARIO,2007_FIFTH_ELECTRONIC,2013_FIFTH_ELECTRONIC_SECOND_VERSION,DOCUMENTED_UNICODE_RECONCILIATION_NOT_BYTE_EXTRACTED_2013,JUCHITAN_HISTORICAL_SOURCE,STRUCTURED_BACKFILL_V0_1
PICKETT-ZE-2136,ruxhuni lú,ruxhuni lú,ruxhuni lú,ruxhuni lú,"[""ruxhuni lú""]",ENTRY,,,,apretar los ojos,ruxhuni lú apretar los ojos,,38,52,2,ZAPOTECO_ESPAÑOL,BIB003_PICKETT_VOCABULARIO,2007_FIFTH_ELECTRONIC,2013_FIFTH_ELECTRONIC_SECOND_VERSION,DOCUMENTED_UNICODE_RECONCILIATION_NOT_BYTE_EXTRACTED_2013,JUCHITAN_HISTORICAL_SOURCE,STRUCTURED_BACKFILL_V0_1
PICKETT-ZE-2137,ruyaa,ruyaa,ruyaa,ruyaa,"[""ruyaa""]",ENTRY,,,[b.a],bailar,ruyaa [b.a] bailar,,38,52,2,ZAPOTECO_ESPAÑOL,BIB003_PICKETT_VOCABULARIO,2007_FIFTH_ELECTRONIC,2013_FIFTH_ELECTRONIC_SECOND_VERSION,DOCUMENTED_UNICODE_RECONCILIATION_NOT_BYTE_EXTRACTED_2013,JUCHITAN_HISTORICAL_SOURCE,STRUCTURED_BACKFILL_V0_1
PICKETT-ZE-2138,ruuya’,ruuya’,ruuyaꞌ,ruuyaꞌ,"[""ruuyaꞌ""]",ENTRY,,,,"mirar, ver","ruuya’ mirar, ver",,38,52,2,ZAPOTECO_ESPAÑOL,BIB003_PICKETT_VOCABULARIO,2007_FIFTH_ELECTRONIC,2013_FIFTH_ELECTRONIC_SECOND_VERSION,DOCUMENTED_UNICODE_RECONCILIATION_NOT_BYTE_EXTRACTED_2013,JUCHITAN_HISTORICAL_SOURCE,STRUCTURED_BACKFILL_V0_1
PICKETT-ZE-2139,ruuya dxi,ruuya dxi,ruuya dxi,ruuya dxi,"[""ruuya dxi""]",SUBENTRY,ruuyaꞌ,,,"fijarse, ver fijamente","ruuya dxi [b-a] fijarse, ver fijamente",,38,52,2,ZAPOTECO_ESPAÑOL,BIB003_PICKETT_VOCABULARIO,2007_FIFTH_ELECTRONIC,2013_FIFTH_ELECTRONIC_SECOND_VERSION,DOCUMENTED_UNICODE_RECONCILIATION_NOT_BYTE_EXTRACTED_2013,JUCHITAN_HISTORICAL_SOURCE,STRUCTURED_BACKFILL_V0_1
PICKETT-ZE-2140,"ruuya la’na’, ruuya tuxhu","ruuya la’na’, ruuya tuxhu","ruuya laꞌnaꞌ, ruuya tuxhu",ruuya laꞌnaꞌ,"[""ruuya laꞌnaꞌ"", ""ruuya tuxhu""]",SUBENTRY,ruuyaꞌ,,,ver con coraje,"ruuya la’na’, ruuya tuxhu ver con",coraje,38,52,2,ZAPOTECO_ESPAÑOL,BIB003_PICKETT_VOCABULARIO,2007_FIFTH_ELECTRONIC,2013_FIFTH_ELECTRONIC_SECOND_VERSION,DOCUMENTED_UNICODE_RECONCILIATION_NOT_BYTE_EXTRACTED_2013,JUCHITAN_HISTORICAL_SOURCE,STRUCTURED_BACKFILL_V0_1
PICKETT-ZE-2141,ruyaana’,ruyaana’,ruyaanaꞌ,ruyaanaꞌ,"[""ruyaanaꞌ""]",ENTRY,,,,"dar de comer, alimentar, mantener","ruyaana’ dar de comer, alimentar,",mantener,38,52,2,ZAPOTECO_ESPAÑOL,BIB003_PICKETT_VOCABULARIO,2007_FIFTH_ELECTRONIC,2013_FIFTH_ELECTRONIC_SECOND_VERSION,DOCUMENTED_UNICODE_RECONCILIATION_NOT_BYTE_EXTRACTED_2013,JUCHITAN_HISTORICAL_SOURCE,STRUCTURED_BACKFILL_V0_1
PICKETT-ZE-2142,ruyubi,ruyubi,ruyubi,ruyubi,"[""ruyubi""]",ENTRY,,,[b.b.a],buscar,ruyubi [b.b.a] buscar,,38,52,2,ZAPOTECO_ESPAÑOL,BIB003_PICKETT_VOCABULARIO,2007_FIFTH_ELECTRONIC,2013_FIFTH_ELECTRONIC_SECOND_VERSION,DOCUMENTED_UNICODE_RECONCILIATION_NOT_BYTE_EXTRACTED_2013,JUCHITAN_HISTORICAL_SOURCE,STRUCTURED_BACKFILL_V0_1
PICKETT-ZE-2143,ruzá’,ruzá’,ruzáꞌ,ruzáꞌ,"[""ruzáꞌ""]",ENTRY,,,,"fabricar, edificar, construir","ruzá’ fabricar, edificar, construir",,38,52,2,ZAPOTECO_ESPAÑOL,BIB003_PICKETT_VOCABULARIO,2007_FIFTH_ELECTRONIC,2013_FIFTH_ELECTRONIC_SECOND_VERSION,DOCUMENTED_UNICODE_RECONCILIATION_NOT_BYTE_EXTRACTED_2013,JUCHITAN_HISTORICAL_SOURCE,STRUCTURED_BACKFILL_V0_1
PICKETT-ZE-2144,ruzaa,ruzaa,ruzaa,ruzaa,"[""ruzaa""]",ENTRY,,,,ensartar,ruzaa ensartar,,38,52,2,ZAPOTECO_ESPAÑOL,BIB003_PICKETT_VOCABULARIO,2007_FIFTH_ELECTRONIC,2013_FIFTH_ELECTRONIC_SECOND_VERSION,DOCUMENTED_UNICODE_RECONCILIATION_NOT_BYTE_EXTRACTED_2013,JUCHITAN_HISTORICAL_SOURCE,STRUCTURED_BACKFILL_V0_1
PICKETT-ZE-2145,ruzaa begu ique,ruzaa begu ique,ruzaa begu ique,ruzaa begu ique,"[""ruzaa begu ique""]",SUBENTRY,ruzaa,,,peinar,ruzaa begu ique [b-b-al.b] peinar,,38,52,2,ZAPOTECO_ESPAÑOL,BIB003_PICKETT_VOCABULARIO,2007_FIFTH_ELECTRONIC,2013_FIFTH_ELECTRONIC_SECOND_VERSION,DOCUMENTED_UNICODE_RECONCILIATION_NOT_BYTE_EXTRACTED_2013,JUCHITAN_HISTORICAL_SOURCE,STRUCTURED_BACKFILL_V0_1
PICKETT-ZE-2146,ruzaa nisa,ruzaa nisa,ruzaa nisa,ruzaa nisa,"[""ruzaa nisa""]",ENTRY,,,,enjuagar,ruzaa nisa enjuagar,,38,52,2,ZAPOTECO_ESPAÑOL,BIB003_PICKETT_VOCABULARIO,2007_FIFTH_ELECTRONIC,2013_FIFTH_ELECTRONIC_SECOND_VERSION,DOCUMENTED_UNICODE_RECONCILIATION_NOT_BYTE_EXTRACTED_2013,JUCHITAN_HISTORICAL_SOURCE,STRUCTURED_BACKFILL_V0_1
PICKETT-ZE-2147,ruzaa xhuga,ruzaa xhuga,ruzaa xhuga,ruzaa xhuga,"[""ruzaa xhuga""]",SUBENTRY,ruzaa nisa,,,arañar,ruzaa xhuga [b-a] arañar,,38,52,2,ZAPOTECO_ESPAÑOL,BIB003_PICKETT_VOCABULARIO,2007_FIFTH_ELECTRONIC,2013_FIFTH_ELECTRONIC_SECOND_VERSION,DOCUMENTED_UNICODE_RECONCILIATION_NOT_BYTE_EXTRACTED_2013,JUCHITAN_HISTORICAL_SOURCE,STRUCTURED_BACKFILL_V0_1
PICKETT-ZE-2148,ÿuzaa,ṟuzaa,ṟuzaa,ṟuzaa,"[""ṟuzaa""]",ENTRY,,,[b.a],sazón,ÿuzaa [b.a] sazón,,39,53,1,ZAPOTECO_ESPAÑOL,BIB003_PICKETT_VOCABULARIO,2007_FIFTH_ELECTRONIC,2013_FIFTH_ELECTRONIC_SECOND_VERSION,DOCUMENTED_UNICODE_RECONCILIATION_NOT_BYTE_EXTRACTED_2013,JUCHITAN_HISTORICAL_SOURCE,STRUCTURED_BACKFILL_V0_1
PICKETT-ZE-2149,ruzaabi’,ruzaabi’,ruzaabiꞌ,ruzaabiꞌ,"[""ruzaabiꞌ""]",ENTRY,,,,deber; mostrar,ruzaabi’ deber; mostrar,,39,53,1,ZAPOTECO_ESPAÑOL,BIB003_PICKETT_VOCABULARIO,2007_FIFTH_ELECTRONIC,2013_FIFTH_ELECTRONIC_SECOND_VERSION,DOCUMENTED_UNICODE_RECONCILIATION_NOT_BYTE_EXTRACTED_2013,JUCHITAN_HISTORICAL_SOURCE,STRUCTURED_BACKFILL_V0_1
PICKETT-ZE-2150,ruzabi diidxa’,ruzabi diidxa’,ruzabi diidxaꞌ,ruzabi diidxaꞌ,"[""ruzabi diidxaꞌ""]",SUBENTRY,ruzaabiꞌ,,,"divulgar, narrar, relatar, propalar","ruzabi diidxa’ divulgar, narrar, relatar,",propalar,39,53,1,ZAPOTECO_ESPAÑOL,BIB003_PICKETT_VOCABULARIO,2007_FIFTH_ELECTRONIC,2013_FIFTH_ELECTRONIC_SECOND_VERSION,DOCUMENTED_UNICODE_RECONCILIATION_NOT_BYTE_EXTRACTED_2013,JUCHITAN_HISTORICAL_SOURCE,STRUCTURED_BACKFILL_V0_1
PICKETT-ZE-2151,ruzabi ná’,ruzabi ná’,ruzabi náꞌ,ruzabi náꞌ,"[""ruzabi náꞌ""]",SUBENTRY,ruzaabiꞌ,,,hacer señas para saludar,ruzabi ná’ [b-a] hacer señas para,saludar,39,53,1,ZAPOTECO_ESPAÑOL,BIB003_PICKETT_VOCABULARIO,2007_FIFTH_ELECTRONIC,2013_FIFTH_ELECTRONIC_SECOND_VERSION,DOCUMENTED_UNICODE_RECONCILIATION_NOT_BYTE_EXTRACTED_2013,JUCHITAN_HISTORICAL_SOURCE,STRUCTURED_BACKFILL_V0_1
PICKETT-ZE-2152,ruzaande’,ruzaande’,ruzaandeꞌ,ruzaandeꞌ,"[""ruzaandeꞌ""]",ENTRY,,,,cocer maíz (para tortillas),ruzaande’ cocer maíz (para tortillas),,39,53,1,ZAPOTECO_ESPAÑOL,BIB003_PICKETT_VOCABULARIO,2007_FIFTH_ELECTRONIC,2013_FIFTH_ELECTRONIC_SECOND_VERSION,DOCUMENTED_UNICODE_RECONCILIATION_NOT_BYTE_EXTRACTED_2013,JUCHITAN_HISTORICAL_SOURCE,STRUCTURED_BACKFILL_V0_1
PICKETT-ZE-2153,ruzaani’,ruzaani’,ruzaaniꞌ,ruzaaniꞌ,"[""ruzaaniꞌ""]",ENTRY,,,,"brillar, alumbrar, alumbrarse","ruzaani’ brillar, alumbrar, alumbrarse",,39,53,1,ZAPOTECO_ESPAÑOL,BIB003_PICKETT_VOCABULARIO,2007_FIFTH_ELECTRONIC,2013_FIFTH_ELECTRONIC_SECOND_VERSION,DOCUMENTED_UNICODE_RECONCILIATION_NOT_BYTE_EXTRACTED_2013,JUCHITAN_HISTORICAL_SOURCE,STRUCTURED_BACKFILL_V0_1
PICKETT-ZE-2154,ruzaaqui’,ruzaaqui’,ruzaaquiꞌ,ruzaaquiꞌ,"[""ruzaaquiꞌ""]",ENTRY,,,,quemar (cosa),ruzaaqui’ quemar (cosa),,39,53,1,ZAPOTECO_ESPAÑOL,BIB003_PICKETT_VOCABULARIO,2007_FIFTH_ELECTRONIC,2013_FIFTH_ELECTRONIC_SECOND_VERSION,DOCUMENTED_UNICODE_RECONCILIATION_NOT_BYTE_EXTRACTED_2013,JUCHITAN_HISTORICAL_SOURCE,STRUCTURED_BACKFILL_V0_1
PICKETT-ZE-2155,ruzee,ruzee,ruzee,ruzee,"[""ruzee""]",ENTRY,,,,regar (agua),ruzee regar (agua),,39,53,1,ZAPOTECO_ESPAÑOL,BIB003_PICKETT_VOCABULARIO,2007_FIFTH_ELECTRONIC,2013_FIFTH_ELECTRONIC_SECOND_VERSION,DOCUMENTED_UNICODE_RECONCILIATION_NOT_BYTE_EXTRACTED_2013,JUCHITAN_HISTORICAL_SOURCE,STRUCTURED_BACKFILL_V0_1
PICKETT-ZE-2156,ruzee lú,ruzee lú,ruzee lú,ruzee lú,"[""ruzee lú""]",ENTRY,,,,persignarse,ruzee lú persignarse,,39,53,1,ZAPOTECO_ESPAÑOL,BIB003_PICKETT_VOCABULARIO,2007_FIFTH_ELECTRONIC,2013_FIFTH_ELECTRONIC_SECOND_VERSION,DOCUMENTED_UNICODE_RECONCILIATION_NOT_BYTE_EXTRACTED_2013,JUCHITAN_HISTORICAL_SOURCE,STRUCTURED_BACKFILL_V0_1
PICKETT-ZE-2157,ruzeechu’,ruzeechu’,ruzeechuꞌ,ruzeechuꞌ,"[""ruzeechuꞌ""]",ENTRY,,,,"doblar, torcer","ruzeechu’ doblar, torcer",,39,53,1,ZAPOTECO_ESPAÑOL,BIB003_PICKETT_VOCABULARIO,2007_FIFTH_ELECTRONIC,2013_FIFTH_ELECTRONIC_SECOND_VERSION,DOCUMENTED_UNICODE_RECONCILIATION_NOT_BYTE_EXTRACTED_2013,JUCHITAN_HISTORICAL_SOURCE,STRUCTURED_BACKFILL_V0_1
PICKETT-ZE-2158,ruzeœe’,ruzeḻe’,ruzeḻeꞌ,ruzeḻeꞌ,"[""ruzeḻeꞌ""]",ENTRY,,,[b.b.al],eructar,ruzeœe’ [b.b.al] eructar,,39,53,1,ZAPOTECO_ESPAÑOL,BIB003_PICKETT_VOCABULARIO,2007_FIFTH_ELECTRONIC,2013_FIFTH_ELECTRONIC_SECOND_VERSION,DOCUMENTED_UNICODE_RECONCILIATION_NOT_BYTE_EXTRACTED_2013,JUCHITAN_HISTORICAL_SOURCE,STRUCTURED_BACKFILL_V0_1
PICKETT-ZE-2159,ruzeeque’,ruzeeque’,ruzeequeꞌ,ruzeequeꞌ,"[""ruzeequeꞌ""]",ENTRY,,,,"dar de vueltas, mover","ruzeeque’ dar de vueltas, mover",,39,53,1,ZAPOTECO_ESPAÑOL,BIB003_PICKETT_VOCABULARIO,2007_FIFTH_ELECTRONIC,2013_FIFTH_ELECTRONIC_SECOND_VERSION,DOCUMENTED_UNICODE_RECONCILIATION_NOT_BYTE_EXTRACTED_2013,JUCHITAN_HISTORICAL_SOURCE,STRUCTURED_BACKFILL_V0_1
PICKETT-ZE-2160,ruzeete’,ruzeete’,ruzeeteꞌ,ruzeeteꞌ,"[""ruzeeteꞌ""]",ENTRY,,,,"mencionar, recordar, hablar de","ruzeete’ mencionar, recordar, hablar de",,39,53,1,ZAPOTECO_ESPAÑOL,BIB003_PICKETT_VOCABULARIO,2007_FIFTH_ELECTRONIC,2013_FIFTH_ELECTRONIC_SECOND_VERSION,DOCUMENTED_UNICODE_RECONCILIATION_NOT_BYTE_EXTRACTED_2013,JUCHITAN_HISTORICAL_SOURCE,STRUCTURED_BACKFILL_V0_1
PICKETT-ZE-2161,"ruzicá, ruzucá","ruzicá, ruzucá","ruzicá, ruzucá",ruzicá,"[""ruzicá"", ""ruzucá""]",ENTRY,,,[b.b.a],apoyar (se) en,"ruzicá, ruzucá [b.b.a] apoyar (se) en",,39,53,1,ZAPOTECO_ESPAÑOL,BIB003_PICKETT_VOCABULARIO,2007_FIFTH_ELECTRONIC,2013_FIFTH_ELECTRONIC_SECOND_VERSION,DOCUMENTED_UNICODE_RECONCILIATION_NOT_BYTE_EXTRACTED_2013,JUCHITAN_HISTORICAL_SOURCE,STRUCTURED_BACKFILL_V0_1
PICKETT-ZE-2162,ruziguenda,ruziguenda,ruziguenda,ruziguenda,"[""ruziguenda""]",ENTRY,,,,"aceptar, acceder","ruziguenda aceptar, acceder",,39,53,1,ZAPOTECO_ESPAÑOL,BIB003_PICKETT_VOCABULARIO,2007_FIFTH_ELECTRONIC,2013_FIFTH_ELECTRONIC_SECOND_VERSION,DOCUMENTED_UNICODE_RECONCILIATION_NOT_BYTE_EXTRACTED_2013,JUCHITAN_HISTORICAL_SOURCE,STRUCTURED_BACKFILL_V0_1
PICKETT-ZE-2163,ruziini’,ruziini’,ruziiniꞌ,ruziiniꞌ,"[""ruziiniꞌ""]",ENTRY,,,,"encapricharse, retobar","ruziini’ encapricharse, retobar",,39,53,1,ZAPOTECO_ESPAÑOL,BIB003_PICKETT_VOCABULARIO,2007_FIFTH_ELECTRONIC,2013_FIFTH_ELECTRONIC_SECOND_VERSION,DOCUMENTED_UNICODE_RECONCILIATION_NOT_BYTE_EXTRACTED_2013,JUCHITAN_HISTORICAL_SOURCE,STRUCTURED_BACKFILL_V0_1
PICKETT-ZE-2164,ruziriqui’,ruziriqui’,ruziriquiꞌ,ruziriquiꞌ,"[""ruziriquiꞌ""]",ENTRY,,,[b.b.b.al],"parar de cabeza, pararse de cabeza","ruziriqui’ [b.b.b.al] parar de cabeza,",pararse de cabeza,39,53,1,ZAPOTECO_ESPAÑOL,BIB003_PICKETT_VOCABULARIO,2007_FIFTH_ELECTRONIC,2013_FIFTH_ELECTRONIC_SECOND_VERSION,DOCUMENTED_UNICODE_RECONCILIATION_NOT_BYTE_EXTRACTED_2013,JUCHITAN_HISTORICAL_SOURCE,STRUCTURED_BACKFILL_V0_1
PICKETT-ZE-2165,ruzuuba diidxa’,ruzuuba diidxa’,ruzuuba diidxaꞌ,ruzuuba diidxaꞌ,"[""ruzuuba diidxaꞌ""]",ENTRY,,,,obedecer,ruzuuba diidxa’ obedecer,,39,53,1,ZAPOTECO_ESPAÑOL,BIB003_PICKETT_VOCABULARIO,2007_FIFTH_ELECTRONIC,2013_FIFTH_ELECTRONIC_SECOND_VERSION,DOCUMENTED_UNICODE_RECONCILIATION_NOT_BYTE_EXTRACTED_2013,JUCHITAN_HISTORICAL_SOURCE,STRUCTURED_BACKFILL_V0_1
PICKETT-ZE-2166,"ruzucá, ruzicá","ruzucá, ruzicá","ruzucá, ruzicá",ruzucá,"[""ruzucá"", ""ruzicá""]",ENTRY,,,[b.b.a]; [b.b.a],apoyar (se) en,"ruzucá [b.b.a], ruzicá [b.b.a] apoyar (se)",en,39,53,1,ZAPOTECO_ESPAÑOL,BIB003_PICKETT_VOCABULARIO,2007_FIFTH_ELECTRONIC,2013_FIFTH_ELECTRONIC_SECOND_VERSION,DOCUMENTED_UNICODE_RECONCILIATION_NOT_BYTE_EXTRACTED_2013,JUCHITAN_HISTORICAL_SOURCE,STRUCTURED_BACKFILL_V0_1
PICKETT-ZE-2167,ruzuchaahui’,ruzuchaahui’,ruzuchaahuiꞌ,ruzuchaahuiꞌ,"[""ruzuchaahuiꞌ""]",ENTRY,,,,"adornar, arreglar (se)","ruzuchaahui’ adornar, arreglar (se)",,39,53,1,ZAPOTECO_ESPAÑOL,BIB003_PICKETT_VOCABULARIO,2007_FIFTH_ELECTRONIC,2013_FIFTH_ELECTRONIC_SECOND_VERSION,DOCUMENTED_UNICODE_RECONCILIATION_NOT_BYTE_EXTRACTED_2013,JUCHITAN_HISTORICAL_SOURCE,STRUCTURED_BACKFILL_V0_1
PICKETT-ZE-2168,"ruzuguaa, ruzuhuaa","ruzuguaa, ruzuhuaa","ruzuguaa, ruzuhuaa",ruzuguaa,"[""ruzuguaa"", ""ruzuhuaa""]",ENTRY,,,,"parar, pararse","ruzuguaa, ruzuhuaa parar, pararse",,39,53,1,ZAPOTECO_ESPAÑOL,BIB003_PICKETT_VOCABULARIO,2007_FIFTH_ELECTRONIC,2013_FIFTH_ELECTRONIC_SECOND_VERSION,DOCUMENTED_UNICODE_RECONCILIATION_NOT_BYTE_EXTRACTED_2013,JUCHITAN_HISTORICAL_SOURCE,STRUCTURED_BACKFILL_V0_1
PICKETT-ZE-2169,"ruzuguaa lu stiidxa’, ruzuhuaa lu stiidxa’","ruzuguaa lu stiidxa’, ruzuhuaa lu stiidxa’","ruzuguaa lu stiidxaꞌ, ruzuhuaa lu stiidxaꞌ",ruzuguaa lu stiidxaꞌ,"[""ruzuguaa lu stiidxaꞌ"", ""ruzuhuaa lu stiidxaꞌ""]",SUBENTRY,"ruzuguaa, ruzuhuaa",,,abogar,"ruzuguaa lu stiidxa’, ruzuhuaa lu stiidxa’ abogar",,39,53,1,ZAPOTECO_ESPAÑOL,BIB003_PICKETT_VOCABULARIO,2007_FIFTH_ELECTRONIC,2013_FIFTH_ELECTRONIC_SECOND_VERSION,DOCUMENTED_UNICODE_RECONCILIATION_NOT_BYTE_EXTRACTED_2013,JUCHITAN_HISTORICAL_SOURCE,STRUCTURED_BACKFILL_V0_1
PICKETT-ZE-2170,ruzugueda,ruzugueda,ruzugueda,ruzugueda,"[""ruzugueda""]",ENTRY,,,,"amontonar, amontonarse","ruzugueda amontonar, amontonarse",,39,53,1,ZAPOTECO_ESPAÑOL,BIB003_PICKETT_VOCABULARIO,2007_FIFTH_ELECTRONIC,2013_FIFTH_ELECTRONIC_SECOND_VERSION,DOCUMENTED_UNICODE_RECONCILIATION_NOT_BYTE_EXTRACTED_2013,JUCHITAN_HISTORICAL_SOURCE,STRUCTURED_BACKFILL_V0_1
PICKETT-ZE-2171,ruzuguenda,ruzuguenda,ruzuguenda,ruzuguenda,"[""ruzuguenda""]",ENTRY,,,,"aceptar, acceder","ruzuguenda aceptar, acceder",,39,53,1,ZAPOTECO_ESPAÑOL,BIB003_PICKETT_VOCABULARIO,2007_FIFTH_ELECTRONIC,2013_FIFTH_ELECTRONIC_SECOND_VERSION,DOCUMENTED_UNICODE_RECONCILIATION_NOT_BYTE_EXTRACTED_2013,JUCHITAN_HISTORICAL_SOURCE,STRUCTURED_BACKFILL_V0_1
PICKETT-ZE-2172,"ruzuhuaa, ruzuguaa","ruzuhuaa, ruzuguaa","ruzuhuaa, ruzuguaa",ruzuhuaa,"[""ruzuhuaa"", ""ruzuguaa""]",ENTRY,,,,"parar, pararse","ruzuhuaa, ruzuguaa parar, pararse",,39,53,1,ZAPOTECO_ESPAÑOL,BIB003_PICKETT_VOCABULARIO,2007_FIFTH_ELECTRONIC,2013_FIFTH_ELECTRONIC_SECOND_VERSION,DOCUMENTED_UNICODE_RECONCILIATION_NOT_BYTE_EXTRACTED_2013,JUCHITAN_HISTORICAL_SOURCE,STRUCTURED_BACKFILL_V0_1
PICKETT-ZE-2173,"ruzuhuaa lu stiidxa’, ruzuguaa lu stiidxa’","ruzuhuaa lu stiidxa’, ruzuguaa lu stiidxa’","ruzuhuaa lu stiidxaꞌ, ruzuguaa lu stiidxaꞌ",ruzuhuaa lu stiidxaꞌ,"[""ruzuhuaa lu stiidxaꞌ"", ""ruzuguaa lu stiidxaꞌ""]",SUBENTRY,"ruzuhuaa, ruzuguaa",,,abogar,"ruzuhuaa lu stiidxa’, ruzuguaa lu stiidxa’ abogar",,39,53,1,ZAPOTECO_ESPAÑOL,BIB003_PICKETT_VOCABULARIO,2007_FIFTH_ELECTRONIC,2013_FIFTH_ELECTRONIC_SECOND_VERSION,DOCUMENTED_UNICODE_RECONCILIATION_NOT_BYTE_EXTRACTED_2013,JUCHITAN_HISTORICAL_SOURCE,STRUCTURED_BACKFILL_V0_1
PICKETT-ZE-2174,ruzuii,ruzuii,ruzuii,ruzuii,"[""ruzuii""]",ENTRY,,,[b.a],masticar; amasar,ruzuii [b.a] masticar; amasar,,39,53,1,ZAPOTECO_ESPAÑOL,BIB003_PICKETT_VOCABULARIO,2007_FIFTH_ELECTRONIC,2013_FIFTH_ELECTRONIC_SECOND_VERSION,DOCUMENTED_UNICODE_RECONCILIATION_NOT_BYTE_EXTRACTED_2013,JUCHITAN_HISTORICAL_SOURCE,STRUCTURED_BACKFILL_V0_1
PICKETT-ZE-2175,ruzuii ruaa,ruzuii ruaa,ruzuii ruaa,ruzuii ruaa,"[""ruzuii ruaa""]",SUBENTRY,ruzuii,,,imitar el modo de hablar,ruzuii ruaa [b-al] imitar el modo de,hablar,39,53,1,ZAPOTECO_ESPAÑOL,BIB003_PICKETT_VOCABULARIO,2007_FIFTH_ELECTRONIC,2013_FIFTH_ELECTRONIC_SECOND_VERSION,DOCUMENTED_UNICODE_RECONCILIATION_NOT_BYTE_EXTRACTED_2013,JUCHITAN_HISTORICAL_SOURCE,STRUCTURED_BACKFILL_V0_1
PICKETT-ZE-2176,ruzuí’ lú,ruzuí’ lú,ruzuíꞌ lú,ruzuíꞌ lú,"[""ruzuíꞌ lú""]",ENTRY,,,,imaginar,ruzuí’ lú imaginar,,39,53,1,ZAPOTECO_ESPAÑOL,BIB003_PICKETT_VOCABULARIO,2007_FIFTH_ELECTRONIC,2013_FIFTH_ELECTRONIC_SECOND_VERSION,DOCUMENTED_UNICODE_RECONCILIATION_NOT_BYTE_EXTRACTED_2013,JUCHITAN_HISTORICAL_SOURCE,STRUCTURED_BACKFILL_V0_1
PICKETT-ZE-2177,ruzulú,ruzulú,ruzulú,ruzulú,"[""ruzulú""]",ENTRY,,,,"imaginar, suponer; empezar, comenzar","ruzulú imaginar, suponer; empezar,",comenzar,39,53,1,ZAPOTECO_ESPAÑOL,BIB003_PICKETT_VOCABULARIO,2007_FIFTH_ELECTRONIC,2013_FIFTH_ELECTRONIC_SECOND_VERSION,DOCUMENTED_UNICODE_RECONCILIATION_NOT_BYTE_EXTRACTED_2013,JUCHITAN_HISTORICAL_SOURCE,STRUCTURED_BACKFILL_V0_1
PICKETT-ZE-2178,ruzu’nda’,ruzu’nda’,ruzuꞌndaꞌ,ruzuꞌndaꞌ,"[""ruzuꞌndaꞌ""]",ENTRY,,,[b.al.b],"aventar, lanzar","ruzu’nda’ [b.al.b] aventar, lanzar",,39,53,1,ZAPOTECO_ESPAÑOL,BIB003_PICKETT_VOCABULARIO,2007_FIFTH_ELECTRONIC,2013_FIFTH_ELECTRONIC_SECOND_VERSION,DOCUMENTED_UNICODE_RECONCILIATION_NOT_BYTE_EXTRACTED_2013,JUCHITAN_HISTORICAL_SOURCE,STRUCTURED_BACKFILL_V0_1
PICKETT-ZE-2179,ruzunisa,ruzunisa,ruzunisa,ruzunisa,"[""ruzunisa""]",ENTRY,,,,sudar,ruzunisa sudar,,39,53,1,ZAPOTECO_ESPAÑOL,BIB003_PICKETT_VOCABULARIO,2007_FIFTH_ELECTRONIC,2013_FIFTH_ELECTRONIC_SECOND_VERSION,DOCUMENTED_UNICODE_RECONCILIATION_NOT_BYTE_EXTRACTED_2013,JUCHITAN_HISTORICAL_SOURCE,STRUCTURED_BACKFILL_V0_1
PICKETT-ZE-2180,"ruzuxibi, rizuxibi","ruzuxibi, rizuxibi","ruzuxibi, rizuxibi",ruzuxibi,"[""ruzuxibi"", ""rizuxibi""]",ENTRY,,,,"hincarse, arrodillarse, postrarse de hinojos","ruzuxibi, rizuxibi hincarse, arrodillarse,",postrarse de hinojos,39,53,1,ZAPOTECO_ESPAÑOL,BIB003_PICKETT_VOCABULARIO,2007_FIFTH_ELECTRONIC,2013_FIFTH_ELECTRONIC_SECOND_VERSION,DOCUMENTED_UNICODE_RECONCILIATION_NOT_BYTE_EXTRACTED_2013,JUCHITAN_HISTORICAL_SOURCE,STRUCTURED_BACKFILL_V0_1
PICKETT-ZE-2181,ryuí,ryuí,ryuí,ryuí,"[""ryuí""]",ENTRY,,,,amasarse,ryuí amasarse,,39,53,1,ZAPOTECO_ESPAÑOL,BIB003_PICKETT_VOCABULARIO,2007_FIFTH_ELECTRONIC,2013_FIFTH_ELECTRONIC_SECOND_VERSION,DOCUMENTED_UNICODE_RECONCILIATION_NOT_BYTE_EXTRACTED_2013,JUCHITAN_HISTORICAL_SOURCE,STRUCTURED_BACKFILL_V0_1
PICKETT-ZE-2182,ryuí’,ryuí’,ryuíꞌ,ryuíꞌ,"[""ryuíꞌ""]",ENTRY,,,,apagarse,ryuí’ apagarse,,39,53,1,ZAPOTECO_ESPAÑOL,BIB003_PICKETT_VOCABULARIO,2007_FIFTH_ELECTRONIC,2013_FIFTH_ELECTRONIC_SECOND_VERSION,DOCUMENTED_UNICODE_RECONCILIATION_NOT_BYTE_EXTRACTED_2013,JUCHITAN_HISTORICAL_SOURCE,STRUCTURED_BACKFILL_V0_1
PICKETT-ZE-2183,saa,saa,saa,saa,"[""saa""]",ENTRY,,,,"música, fiesta","saa música, fiesta",,39,53,2,ZAPOTECO_ESPAÑOL,BIB003_PICKETT_VOCABULARIO,2007_FIFTH_ELECTRONIC,2013_FIFTH_ELECTRONIC_SECOND_VERSION,DOCUMENTED_UNICODE_RECONCILIATION_NOT_BYTE_EXTRACTED_2013,JUCHITAN_HISTORICAL_SOURCE,STRUCTURED_BACKFILL_V0_1
PICKETT-ZE-2184,saca,saca,saca,saca,"[""saca""]",ENTRY,,,,"valor, precio, importancia","saca valor, precio, importancia",,39,53,2,ZAPOTECO_ESPAÑOL,BIB003_PICKETT_VOCABULARIO,2007_FIFTH_ELECTRONIC,2013_FIFTH_ELECTRONIC_SECOND_VERSION,DOCUMENTED_UNICODE_RECONCILIATION_NOT_BYTE_EXTRACTED_2013,JUCHITAN_HISTORICAL_SOURCE,STRUCTURED_BACKFILL_V0_1
PICKETT-ZE-2185,sambo’co’,sambo’co’,samboꞌcoꞌ,samboꞌcoꞌ,"[""samboꞌcoꞌ""]",ENTRY,,,,paperas,sambo’co’ paperas,,39,53,2,ZAPOTECO_ESPAÑOL,BIB003_PICKETT_VOCABULARIO,2007_FIFTH_ELECTRONIC,2013_FIFTH_ELECTRONIC_SECOND_VERSION,DOCUMENTED_UNICODE_RECONCILIATION_NOT_BYTE_EXTRACTED_2013,JUCHITAN_HISTORICAL_SOURCE,STRUCTURED_BACKFILL_V0_1
PICKETT-ZE-2186,San Gerónimo,San Gerónimo,San Gerónimo,San Gerónimo,"[""San Gerónimo""]",ENTRY,,,[b-b.a.b.b],Ixtepec,San Gerónimo [b-b.a.b.b] Ixtepec,,39,53,2,ZAPOTECO_ESPAÑOL,BIB003_PICKETT_VOCABULARIO,2007_FIFTH_ELECTRONIC,2013_FIFTH_ELECTRONIC_SECOND_VERSION,DOCUMENTED_UNICODE_RECONCILIATION_NOT_BYTE_EXTRACTED_2013,JUCHITAN_HISTORICAL_SOURCE,STRUCTURED_BACKFILL_V0_1
PICKETT-ZE-2187,San Juan,San Juan,San Juan,San Juan,"[""San Juan""]",ENTRY,,,[b-al],junio,San Juan [b-al] junio,,39,53,2,ZAPOTECO_ESPAÑOL,BIB003_PICKETT_VOCABULARIO,2007_FIFTH_ELECTRONIC,2013_FIFTH_ELECTRONIC_SECOND_VERSION,DOCUMENTED_UNICODE_RECONCILIATION_NOT_BYTE_EXTRACTED_2013,JUCHITAN_HISTORICAL_SOURCE,STRUCTURED_BACKFILL_V0_1
PICKETT-ZE-2188,Santiaagu’,Santiaagu’,Santiaaguꞌ,Santiaaguꞌ,"[""Santiaaguꞌ""]",ENTRY,,,[b.al.b],julio,Santiaagu’ [b.al.b] julio,,39,53,2,ZAPOTECO_ESPAÑOL,BIB003_PICKETT_VOCABULARIO,2007_FIFTH_ELECTRONIC,2013_FIFTH_ELECTRONIC_SECOND_VERSION,DOCUMENTED_UNICODE_RECONCILIATION_NOT_BYTE_EXTRACTED_2013,JUCHITAN_HISTORICAL_SOURCE,STRUCTURED_BACKFILL_V0_1
PICKETT-ZE-2189,sapandú,sapandú,sapandú,sapandú,"[""sapandú""]",ENTRY,,,,chintul (cierta semilla de la región),sapandú chintul (cierta semilla de la,región),39,53,2,ZAPOTECO_ESPAÑOL,BIB003_PICKETT_VOCABULARIO,2007_FIFTH_ELECTRONIC,2013_FIFTH_ELECTRONIC_SECOND_VERSION,DOCUMENTED_UNICODE_RECONCILIATION_NOT_BYTE_EXTRACTED_2013,JUCHITAN_HISTORICAL_SOURCE,STRUCTURED_BACKFILL_V0_1
PICKETT-ZE-2190,scaadxi,scaadxi,scaadxi,scaadxi,"[""scaadxi""]",ENTRY,,,[a],un poco más,scaadxi [a] un poco más,,39,53,2,ZAPOTECO_ESPAÑOL,BIB003_PICKETT_VOCABULARIO,2007_FIFTH_ELECTRONIC,2013_FIFTH_ELECTRONIC_SECOND_VERSION,DOCUMENTED_UNICODE_RECONCILIATION_NOT_BYTE_EXTRACTED_2013,JUCHITAN_HISTORICAL_SOURCE,STRUCTURED_BACKFILL_V0_1
PICKETT-ZE-2191,scasi,scasi,scasi,scasi,"[""scasi""]",ENTRY,,,,"tal como, parecido, semejante; luego que, tan pronto que","scasi tal como, parecido, semejante; luego","que, tan pronto que",39,53,2,ZAPOTECO_ESPAÑOL,BIB003_PICKETT_VOCABULARIO,2007_FIFTH_ELECTRONIC,2013_FIFTH_ELECTRONIC_SECOND_VERSION,DOCUMENTED_UNICODE_RECONCILIATION_NOT_BYTE_EXTRACTED_2013,JUCHITAN_HISTORICAL_SOURCE,STRUCTURED_BACKFILL_V0_1
PICKETT-ZE-2192,scueœa,scueḻa,scueḻa,scueḻa,"[""scueḻa""]",ENTRY,,,[a.b],escuela,scueœa [a.b] escuela,,39,53,2,ZAPOTECO_ESPAÑOL,BIB003_PICKETT_VOCABULARIO,2007_FIFTH_ELECTRONIC,2013_FIFTH_ELECTRONIC_SECOND_VERSION,DOCUMENTED_UNICODE_RECONCILIATION_NOT_BYTE_EXTRACTED_2013,JUCHITAN_HISTORICAL_SOURCE,STRUCTURED_BACKFILL_V0_1
PICKETT-ZE-2193,seguru,seguru,seguru,seguru,"[""seguru""]",ENTRY,,,[b.a.b],"tal vez, quizá, quizás","seguru [b.a.b] tal vez, quizá, quizás",,39,53,2,ZAPOTECO_ESPAÑOL,BIB003_PICKETT_VOCABULARIO,2007_FIFTH_ELECTRONIC,2013_FIFTH_ELECTRONIC_SECOND_VERSION,DOCUMENTED_UNICODE_RECONCILIATION_NOT_BYTE_EXTRACTED_2013,JUCHITAN_HISTORICAL_SOURCE,STRUCTURED_BACKFILL_V0_1
PICKETT-ZE-2194,semana,semana,semana,semana,"[""semana""]",ENTRY,,,[b.a.b],semana,semana [b.a.b] semana,,39,53,2,ZAPOTECO_ESPAÑOL,BIB003_PICKETT_VOCABULARIO,2007_FIFTH_ELECTRONIC,2013_FIFTH_ELECTRONIC_SECOND_VERSION,DOCUMENTED_UNICODE_RECONCILIATION_NOT_BYTE_EXTRACTED_2013,JUCHITAN_HISTORICAL_SOURCE,STRUCTURED_BACKFILL_V0_1
PICKETT-ZE-2195,semiá,semiá,semiá,semiá,"[""semiá""]",ENTRY,,,[b.al],semilla,semiá [b.al] semilla,,39,53,2,ZAPOTECO_ESPAÑOL,BIB003_PICKETT_VOCABULARIO,2007_FIFTH_ELECTRONIC,2013_FIFTH_ELECTRONIC_SECOND_VERSION,DOCUMENTED_UNICODE_RECONCILIATION_NOT_BYTE_EXTRACTED_2013,JUCHITAN_HISTORICAL_SOURCE,STRUCTURED_BACKFILL_V0_1
PICKETT-ZE-2196,siadó’,siadó’,siadóꞌ,siadóꞌ,"[""siadóꞌ""]",ENTRY,,,[al.b],"por la mañana, en la mañana","siadó’ [al.b] por la mañana, en la mañana",,39,53,2,ZAPOTECO_ESPAÑOL,BIB003_PICKETT_VOCABULARIO,2007_FIFTH_ELECTRONIC,2013_FIFTH_ELECTRONIC_SECOND_VERSION,DOCUMENTED_UNICODE_RECONCILIATION_NOT_BYTE_EXTRACTED_2013,JUCHITAN_HISTORICAL_SOURCE,STRUCTURED_BACKFILL_V0_1
PICKETT-ZE-2197,siadó’ guie’ ru’,siadó’ guie’ ru’,siadóꞌ guieꞌ ruꞌ,siadóꞌ guieꞌ ruꞌ,"[""siadóꞌ guieꞌ ruꞌ""]",SUBENTRY,siadóꞌ,,,amanecer,siadó’ guie’ ru’ [al.b-b-al] amanecer,,39,53,2,ZAPOTECO_ESPAÑOL,BIB003_PICKETT_VOCABULARIO,2007_FIFTH_ELECTRONIC,2013_FIFTH_ELECTRONIC_SECOND_VERSION,DOCUMENTED_UNICODE_RECONCILIATION_NOT_BYTE_EXTRACTED_2013,JUCHITAN_HISTORICAL_SOURCE,STRUCTURED_BACKFILL_V0_1
PICKETT-ZE-2198,siadó’ ro’,siadó’ ro’,siadóꞌ roꞌ,siadóꞌ roꞌ,"[""siadóꞌ roꞌ""]",SUBENTRY,siadóꞌ,,,"en la mañanita, muy temprano en la mañana","siadó’ ro’ [al.b-al] en la mañanita, muy",temprano en la mañana,39,53,2,ZAPOTECO_ESPAÑOL,BIB003_PICKETT_VOCABULARIO,2007_FIFTH_ELECTRONIC,2013_FIFTH_ELECTRONIC_SECOND_VERSION,DOCUMENTED_UNICODE_RECONCILIATION_NOT_BYTE_EXTRACTED_2013,JUCHITAN_HISTORICAL_SOURCE,STRUCTURED_BACKFILL_V0_1
PICKETT-ZE-2199,sica,sica,sica,sica,"[""sica""]",ENTRY,,,,"como; luego que, tan pronto que","sica como; luego que, tan pronto que",,39,53,2,ZAPOTECO_ESPAÑOL,BIB003_PICKETT_VOCABULARIO,2007_FIFTH_ELECTRONIC,2013_FIFTH_ELECTRONIC_SECOND_VERSION,DOCUMENTED_UNICODE_RECONCILIATION_NOT_BYTE_EXTRACTED_2013,JUCHITAN_HISTORICAL_SOURCE,STRUCTURED_BACKFILL_V0_1
PICKETT-ZE-2200,sica ga,sica ga,sica ga,sica ga,"[""sica ga""]",SUBENTRY,sica,,,"tal como, igual, parecido, semejante","sica ga tal como, igual, parecido,",semejante,39,53,2,ZAPOTECO_ESPAÑOL,BIB003_PICKETT_VOCABULARIO,2007_FIFTH_ELECTRONIC,2013_FIFTH_ELECTRONIC_SECOND_VERSION,DOCUMENTED_UNICODE_RECONCILIATION_NOT_BYTE_EXTRACTED_2013,JUCHITAN_HISTORICAL_SOURCE,STRUCTURED_BACKFILL_V0_1
PICKETT-ZE-2201,sica ri’,sica ri’,sica riꞌ,sica riꞌ,"[""sica riꞌ""]",SUBENTRY,sica,,,"así, de esta manera","sica ri’ [b-a] así, de esta manera",,39,53,2,ZAPOTECO_ESPAÑOL,BIB003_PICKETT_VOCABULARIO,2007_FIFTH_ELECTRONIC,2013_FIFTH_ELECTRONIC_SECOND_VERSION,DOCUMENTED_UNICODE_RECONCILIATION_NOT_BYTE_EXTRACTED_2013,JUCHITAN_HISTORICAL_SOURCE,STRUCTURED_BACKFILL_V0_1
PICKETT-ZE-2202,sicarú,sicarú,sicarú,sicarú,"[""sicarú""]",ENTRY,,,[b.b.a],"bonito, lindo, hermoso","sicarú [b.b.a] bonito, lindo, hermoso",,39,53,2,ZAPOTECO_ESPAÑOL,BIB003_PICKETT_VOCABULARIO,2007_FIFTH_ELECTRONIC,2013_FIFTH_ELECTRONIC_SECOND_VERSION,DOCUMENTED_UNICODE_RECONCILIATION_NOT_BYTE_EXTRACTED_2013,JUCHITAN_HISTORICAL_SOURCE,STRUCTURED_BACKFILL_V0_1
PICKETT-ZE-2203,siincu,siincu,siincu,siincu,"[""siincu""]",ENTRY,,,[a],matatena (un juego),siincu [a] matatena (un juego),,39,53,2,ZAPOTECO_ESPAÑOL,BIB003_PICKETT_VOCABULARIO,2007_FIFTH_ELECTRONIC,2013_FIFTH_ELECTRONIC_SECOND_VERSION,DOCUMENTED_UNICODE_RECONCILIATION_NOT_BYTE_EXTRACTED_2013,JUCHITAN_HISTORICAL_SOURCE,STRUCTURED_BACKFILL_V0_1
PICKETT-ZE-2204,soldadu,soldadu,soldadu,soldadu,"[""soldadu""]",ENTRY,,,[b.a.b],soldado,soldadu [b.a.b] soldado,,39,53,2,ZAPOTECO_ESPAÑOL,BIB003_PICKETT_VOCABULARIO,2007_FIFTH_ELECTRONIC,2013_FIFTH_ELECTRONIC_SECOND_VERSION,DOCUMENTED_UNICODE_RECONCILIATION_NOT_BYTE_EXTRACTED_2013,JUCHITAN_HISTORICAL_SOURCE,STRUCTURED_BACKFILL_V0_1
PICKETT-ZE-2205,sombreru,sombreru,sombreru,sombreru,"[""sombreru""]",ENTRY,,,[b.a.b],sombrero (arc.),sombreru [b.a.b] sombrero (arc.),,39,53,2,ZAPOTECO_ESPAÑOL,BIB003_PICKETT_VOCABULARIO,2007_FIFTH_ELECTRONIC,2013_FIFTH_ELECTRONIC_SECOND_VERSION,DOCUMENTED_UNICODE_RECONCILIATION_NOT_BYTE_EXTRACTED_2013,JUCHITAN_HISTORICAL_SOURCE,STRUCTURED_BACKFILL_V0_1
PICKETT-ZE-2206,so’pe’,so’pe’,soꞌpeꞌ,soꞌpeꞌ,"[""soꞌpeꞌ""]",ENTRY,,,[al.b],zopilote,so’pe’ [al.b] zopilote,,39,53,2,ZAPOTECO_ESPAÑOL,BIB003_PICKETT_VOCABULARIO,2007_FIFTH_ELECTRONIC,2013_FIFTH_ELECTRONIC_SECOND_VERSION,DOCUMENTED_UNICODE_RECONCILIATION_NOT_BYTE_EXTRACTED_2013,JUCHITAN_HISTORICAL_SOURCE,STRUCTURED_BACKFILL_V0_1
PICKETT-ZE-2207,sope huela,sope huela,sope huela,sope huela,"[""sope huela""]",SUBENTRY,soꞌpeꞌ,,,zopilote rey,sope huela [al.b-al.b] zopilote rey,,39,53,2,ZAPOTECO_ESPAÑOL,BIB003_PICKETT_VOCABULARIO,2007_FIFTH_ELECTRONIC,2013_FIFTH_ELECTRONIC_SECOND_VERSION,DOCUMENTED_UNICODE_RECONCILIATION_NOT_BYTE_EXTRACTED_2013,JUCHITAN_HISTORICAL_SOURCE,STRUCTURED_BACKFILL_V0_1
PICKETT-ZE-2208,speju,speju,speju,speju,"[""speju""]",ENTRY,,,[a.b],"espejo, vidrio","speju [a.b] espejo, vidrio",,39,53,2,ZAPOTECO_ESPAÑOL,BIB003_PICKETT_VOCABULARIO,2007_FIFTH_ELECTRONIC,2013_FIFTH_ELECTRONIC_SECOND_VERSION,DOCUMENTED_UNICODE_RECONCILIATION_NOT_BYTE_EXTRACTED_2013,JUCHITAN_HISTORICAL_SOURCE,STRUCTURED_BACKFILL_V0_1
PICKETT-ZE-2209,stagabe’ñe’,stagabe’ñe’,stagabeꞌñeꞌ,stagabeꞌñeꞌ,"[""stagabeꞌñeꞌ""]",ENTRY,,,[b.b.al.b],nenúfar,stagabe’ñe’ [b.b.al.b] nenúfar,,39,53,2,ZAPOTECO_ESPAÑOL,BIB003_PICKETT_VOCABULARIO,2007_FIFTH_ELECTRONIC,2013_FIFTH_ELECTRONIC_SECOND_VERSION,DOCUMENTED_UNICODE_RECONCILIATION_NOT_BYTE_EXTRACTED_2013,JUCHITAN_HISTORICAL_SOURCE,STRUCTURED_BACKFILL_V0_1
PICKETT-ZE-2210,staœe,staḻe,staḻe,staḻe,"[""staḻe""]",ENTRY,,,[b.a],"bastante, mucho","staœe [b.a] bastante, mucho",,39,53,2,ZAPOTECO_ESPAÑOL,BIB003_PICKETT_VOCABULARIO,2007_FIFTH_ELECTRONIC,2013_FIFTH_ELECTRONIC_SECOND_VERSION,DOCUMENTED_UNICODE_RECONCILIATION_NOT_BYTE_EXTRACTED_2013,JUCHITAN_HISTORICAL_SOURCE,STRUCTURED_BACKFILL_V0_1
PICKETT-ZE-2211,staani,staani,staani,staani,"[""staani""]",ENTRY,,,[b.a],su huipil,staani [b.a] su huipil,,39,53,2,ZAPOTECO_ESPAÑOL,BIB003_PICKETT_VOCABULARIO,2007_FIFTH_ELECTRONIC,2013_FIFTH_ELECTRONIC_SECOND_VERSION,DOCUMENTED_UNICODE_RECONCILIATION_NOT_BYTE_EXTRACTED_2013,JUCHITAN_HISTORICAL_SOURCE,STRUCTURED_BACKFILL_V0_1
PICKETT-ZE-2212,ste,ste,ste,ste,"[""ste""]",ENTRY,,,,cresas,ste cresas,,39,53,2,ZAPOTECO_ESPAÑOL,BIB003_PICKETT_VOCABULARIO,2007_FIFTH_ELECTRONIC,2013_FIFTH_ELECTRONIC_SECOND_VERSION,DOCUMENTED_UNICODE_RECONCILIATION_NOT_BYTE_EXTRACTED_2013,JUCHITAN_HISTORICAL_SOURCE,STRUCTURED_BACKFILL_V0_1
PICKETT-ZE-2213,sti,sti,sti,sti,"[""sti""]",ENTRY,,,[al],"otro, uno más (partícula que se antepone a los sustantivos)","sti [al] otro, uno más (partícula que se",antepone a los sustantivos),40,54,1,ZAPOTECO_ESPAÑOL,BIB003_PICKETT_VOCABULARIO,2007_FIFTH_ELECTRONIC,2013_FIFTH_ELECTRONIC_SECOND_VERSION,DOCUMENTED_UNICODE_RECONCILIATION_NOT_BYTE_EXTRACTED_2013,JUCHITAN_HISTORICAL_SOURCE,STRUCTURED_BACKFILL_V0_1
PICKETT-ZE-2214,sti ÿatu,sti ṟatu,sti ṟatu,sti ṟatu,"[""sti ṟatu""]",SUBENTRY,sti,,,al rato,sti ÿatu [al-a.b] al rato,,40,54,1,ZAPOTECO_ESPAÑOL,BIB003_PICKETT_VOCABULARIO,2007_FIFTH_ELECTRONIC,2013_FIFTH_ELECTRONIC_SECOND_VERSION,DOCUMENTED_UNICODE_RECONCILIATION_NOT_BYTE_EXTRACTED_2013,JUCHITAN_HISTORICAL_SOURCE,STRUCTURED_BACKFILL_V0_1
PICKETT-ZE-2215,sti tiru,sti tiru,sti tiru,sti tiru,"[""sti tiru""]",SUBENTRY,sti,,,otra vez,sti tiru [al-a.b] otra vez,,40,54,1,ZAPOTECO_ESPAÑOL,BIB003_PICKETT_VOCABULARIO,2007_FIFTH_ELECTRONIC,2013_FIFTH_ELECTRONIC_SECOND_VERSION,DOCUMENTED_UNICODE_RECONCILIATION_NOT_BYTE_EXTRACTED_2013,JUCHITAN_HISTORICAL_SOURCE,STRUCTURED_BACKFILL_V0_1
PICKETT-ZE-2216,sti naaba si,sti naaba si,sti naaba si,sti naaba si,"[""sti naaba si""]",SUBENTRY,sti,,,por poco,sti naaba si [al-b-a] por poco,,40,54,1,ZAPOTECO_ESPAÑOL,BIB003_PICKETT_VOCABULARIO,2007_FIFTH_ELECTRONIC,2013_FIFTH_ELECTRONIC_SECOND_VERSION,DOCUMENTED_UNICODE_RECONCILIATION_NOT_BYTE_EXTRACTED_2013,JUCHITAN_HISTORICAL_SOURCE,STRUCTURED_BACKFILL_V0_1
PICKETT-ZE-2217,"sti’, xti’","sti’, xti’","stiꞌ, xtiꞌ",stiꞌ,"[""stiꞌ"", ""xtiꞌ""]",ENTRY,,,[a],de (forma general de indicar posesión),"sti’, xti’ [a] de (forma general de indicar",posesión),40,54,1,ZAPOTECO_ESPAÑOL,BIB003_PICKETT_VOCABULARIO,2007_FIFTH_ELECTRONIC,2013_FIFTH_ELECTRONIC_SECOND_VERSION,DOCUMENTED_UNICODE_RECONCILIATION_NOT_BYTE_EXTRACTED_2013,JUCHITAN_HISTORICAL_SOURCE,STRUCTURED_BACKFILL_V0_1
PICKETT-ZE-2218,"stibe, xtibe","stibe, xtibe","stibe, xtibe",stibe,"[""stibe"", ""xtibe""]",SUBENTRY,"stiꞌ, xtiꞌ",,,"suyo, de él o de ella (refiriéndose a personas)","stibe, xtibe [a] suyo, de él o de ella",(refiriéndose a personas),40,54,1,ZAPOTECO_ESPAÑOL,BIB003_PICKETT_VOCABULARIO,2007_FIFTH_ELECTRONIC,2013_FIFTH_ELECTRONIC_SECOND_VERSION,DOCUMENTED_UNICODE_RECONCILIATION_NOT_BYTE_EXTRACTED_2013,JUCHITAN_HISTORICAL_SOURCE,STRUCTURED_BACKFILL_V0_1
PICKETT-ZE-2219,"stica’, xtica’","stica’, xtica’","sticaꞌ, xticaꞌ",sticaꞌ,"[""sticaꞌ"", ""xticaꞌ""]",SUBENTRY,"stiꞌ, xtiꞌ",,,"suyo, de ellos o de ellas (refiriéndose a personas)","stica’, xtica’ [a.b] suyo, de ellos o de",ellas (refiriéndose a personas),40,54,1,ZAPOTECO_ESPAÑOL,BIB003_PICKETT_VOCABULARIO,2007_FIFTH_ELECTRONIC,2013_FIFTH_ELECTRONIC_SECOND_VERSION,DOCUMENTED_UNICODE_RECONCILIATION_NOT_BYTE_EXTRACTED_2013,JUCHITAN_HISTORICAL_SOURCE,STRUCTURED_BACKFILL_V0_1
PICKETT-ZE-2220,"stícabe, xtícabe","stícabe, xtícabe","stícabe, xtícabe",stícabe,"[""stícabe"", ""xtícabe""]",SUBENTRY,"stiꞌ, xtiꞌ",,,"suyo, de ellos o de ellas (refiriéndose a personas)","stícabe, xtícabe [a.b.a] suyo, de ellos o",de ellas (refiriéndose a personas),40,54,1,ZAPOTECO_ESPAÑOL,BIB003_PICKETT_VOCABULARIO,2007_FIFTH_ELECTRONIC,2013_FIFTH_ELECTRONIC_SECOND_VERSION,DOCUMENTED_UNICODE_RECONCILIATION_NOT_BYTE_EXTRACTED_2013,JUCHITAN_HISTORICAL_SOURCE,STRUCTURED_BACKFILL_V0_1
PICKETT-ZE-2221,"stícame, xtícame","stícame, xtícame","stícame, xtícame",stícame,"[""stícame"", ""xtícame""]",SUBENTRY,"stiꞌ, xtiꞌ",,,"suyo, de ellos o de ellas (refiriéndose a animales)","stícame, xtícame [a.b.a] suyo, de ellos",o de ellas (refiriéndose a animales),40,54,1,ZAPOTECO_ESPAÑOL,BIB003_PICKETT_VOCABULARIO,2007_FIFTH_ELECTRONIC,2013_FIFTH_ELECTRONIC_SECOND_VERSION,DOCUMENTED_UNICODE_RECONCILIATION_NOT_BYTE_EXTRACTED_2013,JUCHITAN_HISTORICAL_SOURCE,STRUCTURED_BACKFILL_V0_1
PICKETT-ZE-2222,"stícani, xtícani","stícani, xtícani","stícani, xtícani",stícani,"[""stícani"", ""xtícani""]",SUBENTRY,"stiꞌ, xtiꞌ",,,"suyo, de ellos o de ellas (refiriéndose a objetos)","stícani, xtícani [a.b.a] suyo, de ellos o",de ellas (refiriéndose a objetos),40,54,1,ZAPOTECO_ESPAÑOL,BIB003_PICKETT_VOCABULARIO,2007_FIFTH_ELECTRONIC,2013_FIFTH_ELECTRONIC_SECOND_VERSION,DOCUMENTED_UNICODE_RECONCILIATION_NOT_BYTE_EXTRACTED_2013,JUCHITAN_HISTORICAL_SOURCE,STRUCTURED_BACKFILL_V0_1
PICKETT-ZE-2223,"stícanu, xtícanu","stícanu, xtícanu","stícanu, xtícanu",stícanu,"[""stícanu"", ""xtícanu""]",SUBENTRY,"stiꞌ, xtiꞌ",,,"nuestro, nuestra (incluye a las personas con quienes se está hablando)","stícanu, xtícanu [a.b.a] nuestro, nuestra",(incluye a las personas con quienes se está hablando),40,54,1,ZAPOTECO_ESPAÑOL,BIB003_PICKETT_VOCABULARIO,2007_FIFTH_ELECTRONIC,2013_FIFTH_ELECTRONIC_SECOND_VERSION,DOCUMENTED_UNICODE_RECONCILIATION_NOT_BYTE_EXTRACTED_2013,JUCHITAN_HISTORICAL_SOURCE,STRUCTURED_BACKFILL_V0_1
PICKETT-ZE-2224,"stidu, xtidu","stidu, xtidu","stidu, xtidu",stidu,"[""stidu"", ""xtidu""]",SUBENTRY,"stiꞌ, xtiꞌ",,,"nuestro, nuestra (no incluye a las personas con quienes se está hablando)","stidu, xtidu [a] nuestro, nuestra (no",incluye a las personas con quienes se está hablando),40,54,1,ZAPOTECO_ESPAÑOL,BIB003_PICKETT_VOCABULARIO,2007_FIFTH_ELECTRONIC,2013_FIFTH_ELECTRONIC_SECOND_VERSION,DOCUMENTED_UNICODE_RECONCILIATION_NOT_BYTE_EXTRACTED_2013,JUCHITAN_HISTORICAL_SOURCE,STRUCTURED_BACKFILL_V0_1
PICKETT-ZE-2225,"stilu’, xtilu’","stilu’, xtilu’","stiluꞌ, xtiluꞌ",stiluꞌ,"[""stiluꞌ"", ""xtiluꞌ""]",SUBENTRY,"stiꞌ, xtiꞌ",,,"tuyo, suyo, de usted","stilu’, xtilu’ [a.b] tuyo, suyo, de usted",,40,54,1,ZAPOTECO_ESPAÑOL,BIB003_PICKETT_VOCABULARIO,2007_FIFTH_ELECTRONIC,2013_FIFTH_ELECTRONIC_SECOND_VERSION,DOCUMENTED_UNICODE_RECONCILIATION_NOT_BYTE_EXTRACTED_2013,JUCHITAN_HISTORICAL_SOURCE,STRUCTURED_BACKFILL_V0_1
PICKETT-ZE-2226,"stime, xtime","stime, xtime","stime, xtime",stime,"[""stime"", ""xtime""]",SUBENTRY,"stiꞌ, xtiꞌ",,,"suyo, de él o de ella (refiriéndose a animales)","stime, xtime [a] suyo, de él o de ella",(refiriéndose a animales),40,54,1,ZAPOTECO_ESPAÑOL,BIB003_PICKETT_VOCABULARIO,2007_FIFTH_ELECTRONIC,2013_FIFTH_ELECTRONIC_SECOND_VERSION,DOCUMENTED_UNICODE_RECONCILIATION_NOT_BYTE_EXTRACTED_2013,JUCHITAN_HISTORICAL_SOURCE,STRUCTURED_BACKFILL_V0_1
PICKETT-ZE-2227,"stini, xtini","stini, xtini","stini, xtini",stini,"[""stini"", ""xtini""]",SUBENTRY,"stiꞌ, xtiꞌ",,,"suyo, de él o de ella (refiriéndose a objetos)","stini, xtini [a] suyo, de él o de ella",(refiriéndose a objetos),40,54,1,ZAPOTECO_ESPAÑOL,BIB003_PICKETT_VOCABULARIO,2007_FIFTH_ELECTRONIC,2013_FIFTH_ELECTRONIC_SECOND_VERSION,DOCUMENTED_UNICODE_RECONCILIATION_NOT_BYTE_EXTRACTED_2013,JUCHITAN_HISTORICAL_SOURCE,STRUCTURED_BACKFILL_V0_1
PICKETT-ZE-2228,"stini’, xtini’","stini’, xtini’","stiniꞌ, xtiniꞌ",stiniꞌ,"[""stiniꞌ"", ""xtiniꞌ""]",SUBENTRY,"stiꞌ, xtiꞌ",,,"suyo, de él o de ella (refiriéndose a personas, conmiserativamente)","stini’, xtini’ [a.b] suyo, de él o de ella","(refiriéndose a personas, conmiserativamente)",40,54,1,ZAPOTECO_ESPAÑOL,BIB003_PICKETT_VOCABULARIO,2007_FIFTH_ELECTRONIC,2013_FIFTH_ELECTRONIC_SECOND_VERSION,DOCUMENTED_UNICODE_RECONCILIATION_NOT_BYTE_EXTRACTED_2013,JUCHITAN_HISTORICAL_SOURCE,STRUCTURED_BACKFILL_V0_1
PICKETT-ZE-2229,"stinu, xtinu","stinu, xtinu","stinu, xtinu",stinu,"[""stinu"", ""xtinu""]",SUBENTRY,"stiꞌ, xtiꞌ",,,"nuestro, nuestra (incluye a las personas con quienes se está hablando)","stinu, xtinu [a] nuestro, nuestra (incluye",a las personas con quienes se está hablando),40,54,1,ZAPOTECO_ESPAÑOL,BIB003_PICKETT_VOCABULARIO,2007_FIFTH_ELECTRONIC,2013_FIFTH_ELECTRONIC_SECOND_VERSION,DOCUMENTED_UNICODE_RECONCILIATION_NOT_BYTE_EXTRACTED_2013,JUCHITAN_HISTORICAL_SOURCE,STRUCTURED_BACKFILL_V0_1
PICKETT-ZE-2230,"stinne’, xtinne’","stinne’, xtinne’","stinneꞌ, xtinneꞌ",stinneꞌ,"[""stinneꞌ"", ""xtinneꞌ""]",SUBENTRY,"stiꞌ, xtiꞌ",,,"mío, mía","stinne’, xtinne’ [b.al] mío, mía",,40,54,1,ZAPOTECO_ESPAÑOL,BIB003_PICKETT_VOCABULARIO,2007_FIFTH_ELECTRONIC,2013_FIFTH_ELECTRONIC_SECOND_VERSION,DOCUMENTED_UNICODE_RECONCILIATION_NOT_BYTE_EXTRACTED_2013,JUCHITAN_HISTORICAL_SOURCE,STRUCTURED_BACKFILL_V0_1
PICKETT-ZE-2231,"stitu, xtitu","stitu, xtitu","stitu, xtitu",stitu,"[""stitu"", ""xtitu""]",SUBENTRY,"stiꞌ, xtiꞌ",,,"suyo, de ustedes","stitu, xtitu [a] suyo, de ustedes",,40,54,1,ZAPOTECO_ESPAÑOL,BIB003_PICKETT_VOCABULARIO,2007_FIFTH_ELECTRONIC,2013_FIFTH_ELECTRONIC_SECOND_VERSION,DOCUMENTED_UNICODE_RECONCILIATION_NOT_BYTE_EXTRACTED_2013,JUCHITAN_HISTORICAL_SOURCE,STRUCTURED_BACKFILL_V0_1
PICKETT-ZE-2232,"stiu’, xtiu’","stiu’, xtiu’","stiuꞌ, xtiuꞌ",stiuꞌ,"[""stiuꞌ"", ""xtiuꞌ""]",SUBENTRY,"stiꞌ, xtiꞌ",,,"tuyo, suyo, de usted","stiu’, xtiu’ [al] tuyo, suyo, de usted",,40,54,1,ZAPOTECO_ESPAÑOL,BIB003_PICKETT_VOCABULARIO,2007_FIFTH_ELECTRONIC,2013_FIFTH_ELECTRONIC_SECOND_VERSION,DOCUMENTED_UNICODE_RECONCILIATION_NOT_BYTE_EXTRACTED_2013,JUCHITAN_HISTORICAL_SOURCE,STRUCTURED_BACKFILL_V0_1
PICKETT-ZE-2233,"stixe, xtixe","stixe, xtixe","stixe, xtixe",stixe,"[""stixe"", ""xtixe""]",SUBENTRY,"stiꞌ, xtiꞌ",,,"suyo (refiriéndose a niños, arc.)","stixe, xtixe [a] suyo (refiriéndose a","niños, arc.)",40,54,1,ZAPOTECO_ESPAÑOL,BIB003_PICKETT_VOCABULARIO,2007_FIFTH_ELECTRONIC,2013_FIFTH_ELECTRONIC_SECOND_VERSION,DOCUMENTED_UNICODE_RECONCILIATION_NOT_BYTE_EXTRACTED_2013,JUCHITAN_HISTORICAL_SOURCE,STRUCTURED_BACKFILL_V0_1
PICKETT-ZE-2234,stiipi,stiipi,stiipi,stiipi,"[""stiipi""]",ENTRY,,,[a],silbido,stiipi [a] silbido,,40,54,1,ZAPOTECO_ESPAÑOL,BIB003_PICKETT_VOCABULARIO,2007_FIFTH_ELECTRONIC,2013_FIFTH_ELECTRONIC_SECOND_VERSION,DOCUMENTED_UNICODE_RECONCILIATION_NOT_BYTE_EXTRACTED_2013,JUCHITAN_HISTORICAL_SOURCE,STRUCTURED_BACKFILL_V0_1
PICKETT-ZE-2235,stobi,stobi,stobi,stobi,"[""stobi""]",ENTRY,,,[al.b],"otro, uno más","stobi [al.b] otro, uno más",,40,54,1,ZAPOTECO_ESPAÑOL,BIB003_PICKETT_VOCABULARIO,2007_FIFTH_ELECTRONIC,2013_FIFTH_ELECTRONIC_SECOND_VERSION,DOCUMENTED_UNICODE_RECONCILIATION_NOT_BYTE_EXTRACTED_2013,JUCHITAN_HISTORICAL_SOURCE,STRUCTURED_BACKFILL_V0_1
PICKETT-ZE-2236,strompi’pi’,strompi’pi’,strompiꞌpiꞌ,strompiꞌpiꞌ,"[""strompiꞌpiꞌ""]",ENTRY,,,[b.al.b],fruto tierno del pochote,strompi’pi’ [b.al.b] fruto tierno del,pochote,40,54,1,ZAPOTECO_ESPAÑOL,BIB003_PICKETT_VOCABULARIO,2007_FIFTH_ELECTRONIC,2013_FIFTH_ELECTRONIC_SECOND_VERSION,DOCUMENTED_UNICODE_RECONCILIATION_NOT_BYTE_EXTRACTED_2013,JUCHITAN_HISTORICAL_SOURCE,STRUCTURED_BACKFILL_V0_1
PICKETT-ZE-2237,strompo’po’,strompo’po’,strompoꞌpoꞌ,strompoꞌpoꞌ,"[""strompoꞌpoꞌ""]",ENTRY,,,[b.al.b],fruto maduro del pochote,strompo’po’ [b.al.b] fruto maduro del,pochote,40,54,1,ZAPOTECO_ESPAÑOL,BIB003_PICKETT_VOCABULARIO,2007_FIFTH_ELECTRONIC,2013_FIFTH_ELECTRONIC_SECOND_VERSION,DOCUMENTED_UNICODE_RECONCILIATION_NOT_BYTE_EXTRACTED_2013,JUCHITAN_HISTORICAL_SOURCE,STRUCTURED_BACKFILL_V0_1
PICKETT-ZE-2238,stubi,stubi,stubi,stubi,"[""stubi""]",ENTRY,,,[b.a],solo,stubi [b.a] solo,,40,54,2,ZAPOTECO_ESPAÑOL,BIB003_PICKETT_VOCABULARIO,2007_FIFTH_ELECTRONIC,2013_FIFTH_ELECTRONIC_SECOND_VERSION,DOCUMENTED_UNICODE_RECONCILIATION_NOT_BYTE_EXTRACTED_2013,JUCHITAN_HISTORICAL_SOURCE,STRUCTURED_BACKFILL_V0_1
PICKETT-ZE-2239,stuudxi,stuudxi,stuudxi,stuudxi,"[""stuudxi""]",ENTRY,,,[a],"otro poco, un poco más","stuudxi [a] otro poco, un poco más",,40,54,2,ZAPOTECO_ESPAÑOL,BIB003_PICKETT_VOCABULARIO,2007_FIFTH_ELECTRONIC,2013_FIFTH_ELECTRONIC_SECOND_VERSION,DOCUMENTED_UNICODE_RECONCILIATION_NOT_BYTE_EXTRACTED_2013,JUCHITAN_HISTORICAL_SOURCE,STRUCTURED_BACKFILL_V0_1
PICKETT-ZE-2240,stui,stui,stui,stui,"[""stui""]",ENTRY,,,,enfermedad producida por vergüenza extrema,stui enfermedad producida por vergüenza,extrema,40,54,2,ZAPOTECO_ESPAÑOL,BIB003_PICKETT_VOCABULARIO,2007_FIFTH_ELECTRONIC,2013_FIFTH_ELECTRONIC_SECOND_VERSION,DOCUMENTED_UNICODE_RECONCILIATION_NOT_BYTE_EXTRACTED_2013,JUCHITAN_HISTORICAL_SOURCE,STRUCTURED_BACKFILL_V0_1
PICKETT-ZE-2241,suudi,suudi,suudi,suudi,"[""suudi""]",ENTRY,,,[b.a],su enagua,suudi [b.a] su enagua,,40,54,2,ZAPOTECO_ESPAÑOL,BIB003_PICKETT_VOCABULARIO,2007_FIFTH_ELECTRONIC,2013_FIFTH_ELECTRONIC_SECOND_VERSION,DOCUMENTED_UNICODE_RECONCILIATION_NOT_BYTE_EXTRACTED_2013,JUCHITAN_HISTORICAL_SOURCE,STRUCTURED_BACKFILL_V0_1
PICKETT-ZE-2242,sumbidxi,sumbidxi,sumbidxi,sumbidxi,"[""sumbidxi""]",ENTRY,,,[al.a.b],lagartija,sumbidxi [al.a.b] lagartija,,40,54,2,ZAPOTECO_ESPAÑOL,BIB003_PICKETT_VOCABULARIO,2007_FIFTH_ELECTRONIC,2013_FIFTH_ELECTRONIC_SECOND_VERSION,DOCUMENTED_UNICODE_RECONCILIATION_NOT_BYTE_EXTRACTED_2013,JUCHITAN_HISTORICAL_SOURCE,STRUCTURED_BACKFILL_V0_1
PICKETT-ZE-2243,"sumpirinisa, xhumpirinisa","sumpirinisa, xhumpirinisa","sumpirinisa, xhumpirinisa",sumpirinisa,"[""sumpirinisa"", ""xhumpirinisa""]",ENTRY,,,[a.al.al.al.b],"libélula, caballito del diablo","sumpirinisa, xhumpirinisa [a.al.al.al.b]","libélula, caballito del diablo",40,54,2,ZAPOTECO_ESPAÑOL,BIB003_PICKETT_VOCABULARIO,2007_FIFTH_ELECTRONIC,2013_FIFTH_ELECTRONIC_SECOND_VERSION,DOCUMENTED_UNICODE_RECONCILIATION_NOT_BYTE_EXTRACTED_2013,JUCHITAN_HISTORICAL_SOURCE,STRUCTURED_BACKFILL_V0_1
PICKETT-ZE-2244,Ta,Ta,Ta,Ta,"[""Ta""]",ENTRY,,,[al],"Señor (título usado con nombres, por ej.: Ta Betu)","Ta [al] Señor (título usado con nombres,",por ej.: Ta Betu),40,54,2,ZAPOTECO_ESPAÑOL,BIB003_PICKETT_VOCABULARIO,2007_FIFTH_ELECTRONIC,2013_FIFTH_ELECTRONIC_SECOND_VERSION,DOCUMENTED_UNICODE_RECONCILIATION_NOT_BYTE_EXTRACTED_2013,JUCHITAN_HISTORICAL_SOURCE,STRUCTURED_BACKFILL_V0_1
PICKETT-ZE-2245,taburete,taburete,taburete,taburete,"[""taburete""]",ENTRY,,,[b.b.a.b],silla,taburete [b.b.a.b] silla,,40,54,2,ZAPOTECO_ESPAÑOL,BIB003_PICKETT_VOCABULARIO,2007_FIFTH_ELECTRONIC,2013_FIFTH_ELECTRONIC_SECOND_VERSION,DOCUMENTED_UNICODE_RECONCILIATION_NOT_BYTE_EXTRACTED_2013,JUCHITAN_HISTORICAL_SOURCE,STRUCTURED_BACKFILL_V0_1
PICKETT-ZE-2246,taga’na’,taga’na’,tagaꞌnaꞌ,tagaꞌnaꞌ,"[""tagaꞌnaꞌ""]",ENTRY,,,[b.al.b],un tipo de maniático,taga’na’ [b.al.b] un tipo de maniático,,40,54,2,ZAPOTECO_ESPAÑOL,BIB003_PICKETT_VOCABULARIO,2007_FIFTH_ELECTRONIC,2013_FIFTH_ELECTRONIC_SECOND_VERSION,DOCUMENTED_UNICODE_RECONCILIATION_NOT_BYTE_EXTRACTED_2013,JUCHITAN_HISTORICAL_SOURCE,STRUCTURED_BACKFILL_V0_1
PICKETT-ZE-2247,tanguyú,tanguyú,tanguyú,tanguyú,"[""tanguyú""]",ENTRY,,,[a.al.al],muñeca de barro,tanguyú [a.al.al] muñeca de barro,,40,54,2,ZAPOTECO_ESPAÑOL,BIB003_PICKETT_VOCABULARIO,2007_FIFTH_ELECTRONIC,2013_FIFTH_ELECTRONIC_SECOND_VERSION,DOCUMENTED_UNICODE_RECONCILIATION_NOT_BYTE_EXTRACTED_2013,JUCHITAN_HISTORICAL_SOURCE,STRUCTURED_BACKFILL_V0_1
PICKETT-ZE-2248,tapa,tapa,tapa,tapa,"[""tapa""]",ENTRY,,,,cuatro,tapa cuatro,,40,54,2,ZAPOTECO_ESPAÑOL,BIB003_PICKETT_VOCABULARIO,2007_FIFTH_ELECTRONIC,2013_FIFTH_ELECTRONIC_SECOND_VERSION,DOCUMENTED_UNICODE_RECONCILIATION_NOT_BYTE_EXTRACTED_2013,JUCHITAN_HISTORICAL_SOURCE,STRUCTURED_BACKFILL_V0_1
PICKETT-ZE-2249,tapa late gande,tapa late gande,tapa late gande,tapa late gande,"[""tapa late gande""]",SUBENTRY,tapa,,,ochenta,tapa late gande [b-b-b.a] ochenta,,40,54,2,ZAPOTECO_ESPAÑOL,BIB003_PICKETT_VOCABULARIO,2007_FIFTH_ELECTRONIC,2013_FIFTH_ELECTRONIC_SECOND_VERSION,DOCUMENTED_UNICODE_RECONCILIATION_NOT_BYTE_EXTRACTED_2013,JUCHITAN_HISTORICAL_SOURCE,STRUCTURED_BACKFILL_V0_1
PICKETT-ZE-2250,tapa late gande chii,tapa late gande chii,tapa late gande chii,tapa late gande chii,"[""tapa late gande chii""]",SUBENTRY,tapa,,,noventa,tapa late gande chii [b-b-b-al] noventa,,40,54,2,ZAPOTECO_ESPAÑOL,BIB003_PICKETT_VOCABULARIO,2007_FIFTH_ELECTRONIC,2013_FIFTH_ELECTRONIC_SECOND_VERSION,DOCUMENTED_UNICODE_RECONCILIATION_NOT_BYTE_EXTRACTED_2013,JUCHITAN_HISTORICAL_SOURCE,STRUCTURED_BACKFILL_V0_1
PICKETT-ZE-2251,te’,te’,teꞌ,teꞌ,"[""teꞌ""]",ENTRY,,,[a],jiote en la cabeza,te’ [a] jiote en la cabeza,,40,54,2,ZAPOTECO_ESPAÑOL,BIB003_PICKETT_VOCABULARIO,2007_FIFTH_ELECTRONIC,2013_FIFTH_ELECTRONIC_SECOND_VERSION,DOCUMENTED_UNICODE_RECONCILIATION_NOT_BYTE_EXTRACTED_2013,JUCHITAN_HISTORICAL_SOURCE,STRUCTURED_BACKFILL_V0_1
PICKETT-ZE-2252,teœayú,teḻayú,teḻayú,teḻayú,"[""teḻayú""]",ENTRY,,,[al.b.b],madrugada,teœayú [al.b.b] madrugada,,40,54,2,ZAPOTECO_ESPAÑOL,BIB003_PICKETT_VOCABULARIO,2007_FIFTH_ELECTRONIC,2013_FIFTH_ELECTRONIC_SECOND_VERSION,DOCUMENTED_UNICODE_RECONCILIATION_NOT_BYTE_EXTRACTED_2013,JUCHITAN_HISTORICAL_SOURCE,STRUCTURED_BACKFILL_V0_1
PICKETT-ZE-2253,terrenu,terrenu,terrenu,terrenu,"[""terrenu""]",ENTRY,,,[b.a.b],terreno,terrenu [b.a.b] terreno,,40,54,2,ZAPOTECO_ESPAÑOL,BIB003_PICKETT_VOCABULARIO,2007_FIFTH_ELECTRONIC,2013_FIFTH_ELECTRONIC_SECOND_VERSION,DOCUMENTED_UNICODE_RECONCILIATION_NOT_BYTE_EXTRACTED_2013,JUCHITAN_HISTORICAL_SOURCE,STRUCTURED_BACKFILL_V0_1
PICKETT-ZE-2254,ti,ti,ti,ti,"[""ti""]",ENTRY,,,,"un, una (usado con sustantivo, por ej.: ti","ti un, una (usado con sustantivo, por ej.: ti",,40,54,2,ZAPOTECO_ESPAÑOL,BIB003_PICKETT_VOCABULARIO,2007_FIFTH_ELECTRONIC,2013_FIFTH_ELECTRONIC_SECOND_VERSION,DOCUMENTED_UNICODE_RECONCILIATION_NOT_BYTE_EXTRACTED_2013,JUCHITAN_HISTORICAL_SOURCE,STRUCTURED_BACKFILL_V0_1
PICKETT-ZE-2255,nguiiu,nguiiu,nguiiu,nguiiu,"[""nguiiu""]",SUBENTRY,ti,,,"un hombre, ti gunaa una mujer)","nguiiu un hombre, ti gunaa una mujer)",,40,54,2,ZAPOTECO_ESPAÑOL,BIB003_PICKETT_VOCABULARIO,2007_FIFTH_ELECTRONIC,2013_FIFTH_ELECTRONIC_SECOND_VERSION,DOCUMENTED_UNICODE_RECONCILIATION_NOT_BYTE_EXTRACTED_2013,JUCHITAN_HISTORICAL_SOURCE,STRUCTURED_BACKFILL_V0_1
PICKETT-ZE-2256,ti de gaayu’,ti de gaayu’,ti de gaayuꞌ,ti de gaayuꞌ,"[""ti de gaayuꞌ""]",ENTRY,,,,"un quinto, cinco centavos","ti de gaayu’ un quinto, cinco centavos",,40,54,2,ZAPOTECO_ESPAÑOL,BIB003_PICKETT_VOCABULARIO,2007_FIFTH_ELECTRONIC,2013_FIFTH_ELECTRONIC_SECOND_VERSION,DOCUMENTED_UNICODE_RECONCILIATION_NOT_BYTE_EXTRACTED_2013,JUCHITAN_HISTORICAL_SOURCE,STRUCTURED_BACKFILL_V0_1
PICKETT-ZE-2257,ti,ti,ti,ti,"[""ti""]",ENTRY,,,[al],"porque, para que (conjunción subordinante)","ti [al] porque, para que (conjunción",subordinante),41,55,1,ZAPOTECO_ESPAÑOL,BIB003_PICKETT_VOCABULARIO,2007_FIFTH_ELECTRONIC,2013_FIFTH_ELECTRONIC_SECOND_VERSION,DOCUMENTED_UNICODE_RECONCILIATION_NOT_BYTE_EXTRACTED_2013,JUCHITAN_HISTORICAL_SOURCE,STRUCTURED_BACKFILL_V0_1
PICKETT-ZE-2258,ti,ti,ti,ti,"[""ti""]",ENTRY,,,[al],porque,ti [al] porque,,41,55,1,ZAPOTECO_ESPAÑOL,BIB003_PICKETT_VOCABULARIO,2007_FIFTH_ELECTRONIC,2013_FIFTH_ELECTRONIC_SECOND_VERSION,DOCUMENTED_UNICODE_RECONCILIATION_NOT_BYTE_EXTRACTED_2013,JUCHITAN_HISTORICAL_SOURCE,STRUCTURED_BACKFILL_V0_1
PICKETT-ZE-2259,tíœasi,tíḻasi,tíḻasi,tíḻasi,"[""tíḻasi""]",ENTRY,,,[b.b.a],"quizá, quizás, por si acaso, en caso de","tíœasi [b.b.a] quizá, quizás, por si acaso, en",caso de,41,55,1,ZAPOTECO_ESPAÑOL,BIB003_PICKETT_VOCABULARIO,2007_FIFTH_ELECTRONIC,2013_FIFTH_ELECTRONIC_SECOND_VERSION,DOCUMENTED_UNICODE_RECONCILIATION_NOT_BYTE_EXTRACTED_2013,JUCHITAN_HISTORICAL_SOURCE,STRUCTURED_BACKFILL_V0_1
PICKETT-ZE-2260,tini,tini,tini,tini,"[""tini""]",ENTRY,,,,"orín, pátina, trementina","tini orín, pátina, trementina",,41,55,1,ZAPOTECO_ESPAÑOL,BIB003_PICKETT_VOCABULARIO,2007_FIFTH_ELECTRONIC,2013_FIFTH_ELECTRONIC_SECOND_VERSION,DOCUMENTED_UNICODE_RECONCILIATION_NOT_BYTE_EXTRACTED_2013,JUCHITAN_HISTORICAL_SOURCE,STRUCTURED_BACKFILL_V0_1
PICKETT-ZE-2261,"né tini, cá tini, napa tini","né tini, cá tini, napa tini","né tini, cá tini, napa tini",né tini,"[""né tini"", ""cá tini"", ""napa tini""]",SUBENTRY,tini,,[a-b]; [b-al.b],[b-al.b] oxidado,"né tini [a-b], cá tini [b-al.b], napa tini",[b-al.b] oxidado,41,55,1,ZAPOTECO_ESPAÑOL,BIB003_PICKETT_VOCABULARIO,2007_FIFTH_ELECTRONIC,2013_FIFTH_ELECTRONIC_SECOND_VERSION,DOCUMENTED_UNICODE_RECONCILIATION_NOT_BYTE_EXTRACTED_2013,JUCHITAN_HISTORICAL_SOURCE,STRUCTURED_BACKFILL_V0_1
PICKETT-ZE-2262,tiru,tiru,tiru,tiru,"[""tiru""]",ENTRY,,,[a.b],"vez, ocasión","tiru [a.b] vez, ocasión",,41,55,1,ZAPOTECO_ESPAÑOL,BIB003_PICKETT_VOCABULARIO,2007_FIFTH_ELECTRONIC,2013_FIFTH_ELECTRONIC_SECOND_VERSION,DOCUMENTED_UNICODE_RECONCILIATION_NOT_BYTE_EXTRACTED_2013,JUCHITAN_HISTORICAL_SOURCE,STRUCTURED_BACKFILL_V0_1
PICKETT-ZE-2263,ti tiru,ti tiru,ti tiru,ti tiru,"[""ti tiru""]",SUBENTRY,tiru,,,"una vez, una ocasión","ti tiru [b-a.b] una vez, una ocasión",,41,55,1,ZAPOTECO_ESPAÑOL,BIB003_PICKETT_VOCABULARIO,2007_FIFTH_ELECTRONIC,2013_FIFTH_ELECTRONIC_SECOND_VERSION,DOCUMENTED_UNICODE_RECONCILIATION_NOT_BYTE_EXTRACTED_2013,JUCHITAN_HISTORICAL_SOURCE,STRUCTURED_BACKFILL_V0_1
PICKETT-ZE-2264,chupa tiru,chupa tiru,chupa tiru,chupa tiru,"[""chupa tiru""]",SUBENTRY,tiru,,,dos veces,chupa tiru [b-a.b] dos veces,,41,55,1,ZAPOTECO_ESPAÑOL,BIB003_PICKETT_VOCABULARIO,2007_FIFTH_ELECTRONIC,2013_FIFTH_ELECTRONIC_SECOND_VERSION,DOCUMENTED_UNICODE_RECONCILIATION_NOT_BYTE_EXTRACTED_2013,JUCHITAN_HISTORICAL_SOURCE,STRUCTURED_BACKFILL_V0_1
PICKETT-ZE-2265,ti’xhi’,ti’xhi’,tiꞌxhiꞌ,tiꞌxhiꞌ,"[""tiꞌxhiꞌ""]",ENTRY,,,,tronco de un árbol,ti’xhi’ tronco de un árbol,,41,55,1,ZAPOTECO_ESPAÑOL,BIB003_PICKETT_VOCABULARIO,2007_FIFTH_ELECTRONIC,2013_FIFTH_ELECTRONIC_SECOND_VERSION,DOCUMENTED_UNICODE_RECONCILIATION_NOT_BYTE_EXTRACTED_2013,JUCHITAN_HISTORICAL_SOURCE,STRUCTURED_BACKFILL_V0_1
PICKETT-ZE-2266,tobi,tobi,tobi,tobi,"[""tobi""]",ENTRY,,(num),,uno,tobi (num) uno,,41,55,1,ZAPOTECO_ESPAÑOL,BIB003_PICKETT_VOCABULARIO,2007_FIFTH_ELECTRONIC,2013_FIFTH_ELECTRONIC_SECOND_VERSION,DOCUMENTED_UNICODE_RECONCILIATION_NOT_BYTE_EXTRACTED_2013,JUCHITAN_HISTORICAL_SOURCE,STRUCTURED_BACKFILL_V0_1
PICKETT-ZE-2267,tobi si,tobi si,tobi si,tobi si,"[""tobi si""]",SUBENTRY,tobi,,,"uno nada más, uno solo","tobi si [b-a] uno nada más, uno solo",,41,55,1,ZAPOTECO_ESPAÑOL,BIB003_PICKETT_VOCABULARIO,2007_FIFTH_ELECTRONIC,2013_FIFTH_ELECTRONIC_SECOND_VERSION,DOCUMENTED_UNICODE_RECONCILIATION_NOT_BYTE_EXTRACTED_2013,JUCHITAN_HISTORICAL_SOURCE,STRUCTURED_BACKFILL_V0_1
PICKETT-ZE-2268,"raca ca tobi si, nuu ca tobi si","raca ca tobi si, nuu ca tobi si","raca ca tobi si, nuu ca tobi si",raca ca tobi si,"[""raca ca tobi si"", ""nuu ca tobi si""]",SUBENTRY,tobi,,,estar unidos,"raca ca tobi si, nuu ca tobi si estar",unidos,41,55,1,ZAPOTECO_ESPAÑOL,BIB003_PICKETT_VOCABULARIO,2007_FIFTH_ELECTRONIC,2013_FIFTH_ELECTRONIC_SECOND_VERSION,DOCUMENTED_UNICODE_RECONCILIATION_NOT_BYTE_EXTRACTED_2013,JUCHITAN_HISTORICAL_SOURCE,STRUCTURED_BACKFILL_V0_1
PICKETT-ZE-2269,tou’,tou’,touꞌ,touꞌ,"[""touꞌ""]",ENTRY,,,[a],"guajolote, pavo","tou’ [a] guajolote, pavo",,41,55,1,ZAPOTECO_ESPAÑOL,BIB003_PICKETT_VOCABULARIO,2007_FIFTH_ELECTRONIC,2013_FIFTH_ELECTRONIC_SECOND_VERSION,DOCUMENTED_UNICODE_RECONCILIATION_NOT_BYTE_EXTRACTED_2013,JUCHITAN_HISTORICAL_SOURCE,STRUCTURED_BACKFILL_V0_1
PICKETT-ZE-2270,tu,tu,tu,tu,"[""tu""]",ENTRY,,(pro-rel),,"quien, que (personas)","tu (pro-rel) quien, que (personas)",,41,55,1,ZAPOTECO_ESPAÑOL,BIB003_PICKETT_VOCABULARIO,2007_FIFTH_ELECTRONIC,2013_FIFTH_ELECTRONIC_SECOND_VERSION,DOCUMENTED_UNICODE_RECONCILIATION_NOT_BYTE_EXTRACTED_2013,JUCHITAN_HISTORICAL_SOURCE,STRUCTURED_BACKFILL_V0_1
PICKETT-ZE-2271,tu,tu,tu,tu,"[""tu""]",ENTRY,,(pro-int),[a],¿quién?,tu [a] (pro-int) ¿quién?,,41,55,1,ZAPOTECO_ESPAÑOL,BIB003_PICKETT_VOCABULARIO,2007_FIFTH_ELECTRONIC,2013_FIFTH_ELECTRONIC_SECOND_VERSION,DOCUMENTED_UNICODE_RECONCILIATION_NOT_BYTE_EXTRACTED_2013,JUCHITAN_HISTORICAL_SOURCE,STRUCTURED_BACKFILL_V0_1
PICKETT-ZE-2272,tubiza,tubiza,tubiza,tubiza,"[""tubiza""]",ENTRY,,,,un año,tubiza un año,,41,55,1,ZAPOTECO_ESPAÑOL,BIB003_PICKETT_VOCABULARIO,2007_FIFTH_ELECTRONIC,2013_FIFTH_ELECTRONIC_SECOND_VERSION,DOCUMENTED_UNICODE_RECONCILIATION_NOT_BYTE_EXTRACTED_2013,JUCHITAN_HISTORICAL_SOURCE,STRUCTURED_BACKFILL_V0_1
PICKETT-ZE-2273,tuudxi,tuudxi,tuudxi,tuudxi,"[""tuudxi""]",ENTRY,,,[b.a],un poco,tuudxi [b.a] un poco,,41,55,1,ZAPOTECO_ESPAÑOL,BIB003_PICKETT_VOCABULARIO,2007_FIFTH_ELECTRONIC,2013_FIFTH_ELECTRONIC_SECOND_VERSION,DOCUMENTED_UNICODE_RECONCILIATION_NOT_BYTE_EXTRACTED_2013,JUCHITAN_HISTORICAL_SOURCE,STRUCTURED_BACKFILL_V0_1
PICKETT-ZE-2274,tutiisi,tutiisi,tutiisi,tutiisi,"[""tutiisi""]",ENTRY,,,[b.a.a],"quienquiera, cualquiera (persona o animal)","tutiisi [b.a.a] quienquiera, cualquiera",(persona o animal),41,55,1,ZAPOTECO_ESPAÑOL,BIB003_PICKETT_VOCABULARIO,2007_FIFTH_ELECTRONIC,2013_FIFTH_ELECTRONIC_SECOND_VERSION,DOCUMENTED_UNICODE_RECONCILIATION_NOT_BYTE_EXTRACTED_2013,JUCHITAN_HISTORICAL_SOURCE,STRUCTURED_BACKFILL_V0_1
PICKETT-ZE-2275,tuuxa,tuuxa,tuuxa,tuuxa,"[""tuuxa""]",ENTRY,,,[a],"alguien, alguna, una persona importante","tuuxa [a] alguien, alguna, una persona",importante,41,55,1,ZAPOTECO_ESPAÑOL,BIB003_PICKETT_VOCABULARIO,2007_FIFTH_ELECTRONIC,2013_FIFTH_ELECTRONIC_SECOND_VERSION,DOCUMENTED_UNICODE_RECONCILIATION_NOT_BYTE_EXTRACTED_2013,JUCHITAN_HISTORICAL_SOURCE,STRUCTURED_BACKFILL_V0_1
PICKETT-ZE-2276,"ubá, gubá","ubá, gubá","ubá, gubá",ubá,"[""ubá"", ""gubá""]",ENTRY,,,[b.a],"vapor, hálito, vaho; reuma","ubá, gubá [b.a] vapor, hálito, vaho; reuma",,41,55,1,ZAPOTECO_ESPAÑOL,BIB003_PICKETT_VOCABULARIO,2007_FIFTH_ELECTRONIC,2013_FIFTH_ELECTRONIC_SECOND_VERSION,DOCUMENTED_UNICODE_RECONCILIATION_NOT_BYTE_EXTRACTED_2013,JUCHITAN_HISTORICAL_SOURCE,STRUCTURED_BACKFILL_V0_1
PICKETT-ZE-2277,"ubaguí, gubaguí","ubaguí, gubaguí","ubaguí, gubaguí",ubaguí,"[""ubaguí"", ""gubaguí""]",ENTRY,,,[b.b.al],carrizo,"ubaguí, gubaguí [b.b.al] carrizo",,41,55,1,ZAPOTECO_ESPAÑOL,BIB003_PICKETT_VOCABULARIO,2007_FIFTH_ELECTRONIC,2013_FIFTH_ELECTRONIC_SECOND_VERSION,DOCUMENTED_UNICODE_RECONCILIATION_NOT_BYTE_EXTRACTED_2013,JUCHITAN_HISTORICAL_SOURCE,STRUCTURED_BACKFILL_V0_1
PICKETT-ZE-2278,"ubaana’, gubaana’","ubaana’, gubaana’","ubaanaꞌ, gubaanaꞌ",ubaanaꞌ,"[""ubaanaꞌ"", ""gubaanaꞌ""]",ENTRY,,,,ladrón,"ubaana’, gubaana’ ladrón",,41,55,1,ZAPOTECO_ESPAÑOL,BIB003_PICKETT_VOCABULARIO,2007_FIFTH_ELECTRONIC,2013_FIFTH_ELECTRONIC_SECOND_VERSION,DOCUMENTED_UNICODE_RECONCILIATION_NOT_BYTE_EXTRACTED_2013,JUCHITAN_HISTORICAL_SOURCE,STRUCTURED_BACKFILL_V0_1
PICKETT-ZE-2279,"ubidxa, gubidxa","ubidxa, gubidxa","ubidxa, gubidxa",ubidxa,"[""ubidxa"", ""gubidxa""]",ENTRY,,,,sol; días (con numerales),"ubidxa, gubidxa sol; días (con numerales)",,41,55,1,ZAPOTECO_ESPAÑOL,BIB003_PICKETT_VOCABULARIO,2007_FIFTH_ELECTRONIC,2013_FIFTH_ELECTRONIC_SECOND_VERSION,DOCUMENTED_UNICODE_RECONCILIATION_NOT_BYTE_EXTRACTED_2013,JUCHITAN_HISTORICAL_SOURCE,STRUCTURED_BACKFILL_V0_1
PICKETT-ZE-2280,"ubiga’, gubiga’","ubiga’, gubiga’","ubigaꞌ, gubigaꞌ",ubigaꞌ,"[""ubigaꞌ"", ""gubigaꞌ""]",ENTRY,,,[b.b.al],bogavante de río (crustáceo),"ubiga’, gubiga’ [b.b.al] bogavante de río",(crustáceo),41,55,1,ZAPOTECO_ESPAÑOL,BIB003_PICKETT_VOCABULARIO,2007_FIFTH_ELECTRONIC,2013_FIFTH_ELECTRONIC_SECOND_VERSION,DOCUMENTED_UNICODE_RECONCILIATION_NOT_BYTE_EXTRACTED_2013,JUCHITAN_HISTORICAL_SOURCE,STRUCTURED_BACKFILL_V0_1
PICKETT-ZE-2281,"ubiña, gubiña","ubiña, gubiña","ubiña, gubiña",ubiña,"[""ubiña"", ""gubiña""]",ENTRY,,,,"escasez , sequía","ubiña, gubiña escasez , sequía",,41,55,1,ZAPOTECO_ESPAÑOL,BIB003_PICKETT_VOCABULARIO,2007_FIFTH_ELECTRONIC,2013_FIFTH_ELECTRONIC_SECOND_VERSION,DOCUMENTED_UNICODE_RECONCILIATION_NOT_BYTE_EXTRACTED_2013,JUCHITAN_HISTORICAL_SOURCE,STRUCTURED_BACKFILL_V0_1
PICKETT-ZE-2282,"ubiña, gubiña","ubiña, gubiña","ubiña, gubiña",ubiña,"[""ubiña"", ""gubiña""]",ENTRY,,,[b.a.b],gente de Unión Hidalgo,"ubiña, gubiña [b.a.b] gente de Unión",Hidalgo,41,55,2,ZAPOTECO_ESPAÑOL,BIB003_PICKETT_VOCABULARIO,2007_FIFTH_ELECTRONIC,2013_FIFTH_ELECTRONIC_SECOND_VERSION,DOCUMENTED_UNICODE_RECONCILIATION_NOT_BYTE_EXTRACTED_2013,JUCHITAN_HISTORICAL_SOURCE,STRUCTURED_BACKFILL_V0_1
PICKETT-ZE-2283,"udubiza, gudubiza","udubiza, gudubiza","udubiza, gudubiza",udubiza,"[""udubiza"", ""gudubiza""]",ENTRY,,,,año pasado,"udubiza, gudubiza año pasado",,41,55,2,ZAPOTECO_ESPAÑOL,BIB003_PICKETT_VOCABULARIO,2007_FIFTH_ELECTRONIC,2013_FIFTH_ELECTRONIC_SECOND_VERSION,DOCUMENTED_UNICODE_RECONCILIATION_NOT_BYTE_EXTRACTED_2013,JUCHITAN_HISTORICAL_SOURCE,STRUCTURED_BACKFILL_V0_1
PICKETT-ZE-2284,"udxara, gudxara","udxara, gudxara","udxara, gudxara",udxara,"[""udxara"", ""gudxara""]",ENTRY,,,[b.a.b],cuchara,"udxara, gudxara [b.a.b] cuchara",,41,55,2,ZAPOTECO_ESPAÑOL,BIB003_PICKETT_VOCABULARIO,2007_FIFTH_ELECTRONIC,2013_FIFTH_ELECTRONIC_SECOND_VERSION,DOCUMENTED_UNICODE_RECONCILIATION_NOT_BYTE_EXTRACTED_2013,JUCHITAN_HISTORICAL_SOURCE,STRUCTURED_BACKFILL_V0_1
PICKETT-ZE-2285,"udxíu, gudxíu","udxíu, gudxíu","udxíu, gudxíu",udxíu,"[""udxíu"", ""gudxíu""]",ENTRY,,,[b.al],cuchillo,"udxíu, gudxíu [b.al] cuchillo",,41,55,2,ZAPOTECO_ESPAÑOL,BIB003_PICKETT_VOCABULARIO,2007_FIFTH_ELECTRONIC,2013_FIFTH_ELECTRONIC_SECOND_VERSION,DOCUMENTED_UNICODE_RECONCILIATION_NOT_BYTE_EXTRACTED_2013,JUCHITAN_HISTORICAL_SOURCE,STRUCTURED_BACKFILL_V0_1
PICKETT-ZE-2286,"uná’, guná’","uná’, guná’","unáꞌ, gunáꞌ",unáꞌ,"[""unáꞌ"", ""gunáꞌ""]",ENTRY,,,[b.a],¿cuál?,"uná’, guná’ [b.a] ¿cuál?",,41,55,2,ZAPOTECO_ESPAÑOL,BIB003_PICKETT_VOCABULARIO,2007_FIFTH_ELECTRONIC,2013_FIFTH_ELECTRONIC_SECOND_VERSION,DOCUMENTED_UNICODE_RECONCILIATION_NOT_BYTE_EXTRACTED_2013,JUCHITAN_HISTORICAL_SOURCE,STRUCTURED_BACKFILL_V0_1
PICKETT-ZE-2287,"unaa, gunaa","unaa, gunaa","unaa, gunaa",unaa,"[""unaa"", ""gunaa""]",ENTRY,,,,mujer,"unaa, gunaa mujer",,41,55,2,ZAPOTECO_ESPAÑOL,BIB003_PICKETT_VOCABULARIO,2007_FIFTH_ELECTRONIC,2013_FIFTH_ELECTRONIC_SECOND_VERSION,DOCUMENTED_UNICODE_RECONCILIATION_NOT_BYTE_EXTRACTED_2013,JUCHITAN_HISTORICAL_SOURCE,STRUCTURED_BACKFILL_V0_1
PICKETT-ZE-2288,"unixhi’, gunixhi’","unixhi’, gunixhi’","unixhiꞌ, gunixhiꞌ",unixhiꞌ,"[""unixhiꞌ"", ""gunixhiꞌ""]",ENTRY,,,[b.b.al],varejón (usado para construir casas),"unixhi’, gunixhi’ [b.b.al] varejón (usado",para construir casas),41,55,2,ZAPOTECO_ESPAÑOL,BIB003_PICKETT_VOCABULARIO,2007_FIFTH_ELECTRONIC,2013_FIFTH_ELECTRONIC_SECOND_VERSION,DOCUMENTED_UNICODE_RECONCILIATION_NOT_BYTE_EXTRACTED_2013,JUCHITAN_HISTORICAL_SOURCE,STRUCTURED_BACKFILL_V0_1
PICKETT-ZE-2289,"uragu’, guragu’","uragu’, guragu’","uraguꞌ, guraguꞌ",uraguꞌ,"[""uraguꞌ"", ""guraguꞌ""]",ENTRY,,,[b.b.al],lagartija,"uragu’, guragu’ [b.b.al] lagartija",,41,55,2,ZAPOTECO_ESPAÑOL,BIB003_PICKETT_VOCABULARIO,2007_FIFTH_ELECTRONIC,2013_FIFTH_ELECTRONIC_SECOND_VERSION,DOCUMENTED_UNICODE_RECONCILIATION_NOT_BYTE_EXTRACTED_2013,JUCHITAN_HISTORICAL_SOURCE,STRUCTURED_BACKFILL_V0_1
PICKETT-ZE-2290,"uriá, guriá","uriá, guriá","uriá, guriá",uriá,"[""uriá"", ""guriá""]",ENTRY,,,[b.al],orilla,"uriá, guriá [b.al] orilla",,41,55,2,ZAPOTECO_ESPAÑOL,BIB003_PICKETT_VOCABULARIO,2007_FIFTH_ELECTRONIC,2013_FIFTH_ELECTRONIC_SECOND_VERSION,DOCUMENTED_UNICODE_RECONCILIATION_NOT_BYTE_EXTRACTED_2013,JUCHITAN_HISTORICAL_SOURCE,STRUCTURED_BACKFILL_V0_1
PICKETT-ZE-2291,"usibá, gusibá","usibá, gusibá","usibá, gusibá",usibá,"[""usibá"", ""gusibá""]",ENTRY,,,[b.b.a],"invierno, tiempo de secas","usibá, gusibá [b.b.a] invierno, tiempo de",secas,41,55,2,ZAPOTECO_ESPAÑOL,BIB003_PICKETT_VOCABULARIO,2007_FIFTH_ELECTRONIC,2013_FIFTH_ELECTRONIC_SECOND_VERSION,DOCUMENTED_UNICODE_RECONCILIATION_NOT_BYTE_EXTRACTED_2013,JUCHITAN_HISTORICAL_SOURCE,STRUCTURED_BACKFILL_V0_1
PICKETT-ZE-2292,"usiguié, gusiguié","usiguié, gusiguié","usiguié, gusiguié",usiguié,"[""usiguié"", ""gusiguié""]",ENTRY,,,,"verano, tiempo de lluvia","usiguié, gusiguié verano, tiempo de lluvia",,41,55,2,ZAPOTECO_ESPAÑOL,BIB003_PICKETT_VOCABULARIO,2007_FIFTH_ELECTRONIC,2013_FIFTH_ELECTRONIC_SECOND_VERSION,DOCUMENTED_UNICODE_RECONCILIATION_NOT_BYTE_EXTRACTED_2013,JUCHITAN_HISTORICAL_SOURCE,STRUCTURED_BACKFILL_V0_1
PICKETT-ZE-2293,"usú, gusú’","usú, gusú’","usú, gusúꞌ",usú,"[""usú"", ""gusúꞌ""]",ENTRY,,,[b.a],langosta,"usú, gusú’ [b.a] langosta",,41,55,2,ZAPOTECO_ESPAÑOL,BIB003_PICKETT_VOCABULARIO,2007_FIFTH_ELECTRONIC,2013_FIFTH_ELECTRONIC_SECOND_VERSION,DOCUMENTED_UNICODE_RECONCILIATION_NOT_BYTE_EXTRACTED_2013,JUCHITAN_HISTORICAL_SOURCE,STRUCTURED_BACKFILL_V0_1
PICKETT-ZE-2294,"uxaaya, guxaaya","uxaaya, guxaaya","uxaaya, guxaaya",uxaaya,"[""uxaaya"", ""guxaaya""]",ENTRY,,,[b.a.a],lagartija,"uxaaya, guxaaya [b.a.a] lagartija",,41,55,2,ZAPOTECO_ESPAÑOL,BIB003_PICKETT_VOCABULARIO,2007_FIFTH_ELECTRONIC,2013_FIFTH_ELECTRONIC_SECOND_VERSION,DOCUMENTED_UNICODE_RECONCILIATION_NOT_BYTE_EXTRACTED_2013,JUCHITAN_HISTORICAL_SOURCE,STRUCTURED_BACKFILL_V0_1
PICKETT-ZE-2295,"uxharu, guxharu","uxharu, guxharu","uxharu, guxharu",uxharu,"[""uxharu"", ""guxharu""]",ENTRY,,,[b.a.a],chapulín,"uxharu, guxharu [b.a.a] chapulín",,41,55,2,ZAPOTECO_ESPAÑOL,BIB003_PICKETT_VOCABULARIO,2007_FIFTH_ELECTRONIC,2013_FIFTH_ELECTRONIC_SECOND_VERSION,DOCUMENTED_UNICODE_RECONCILIATION_NOT_BYTE_EXTRACTED_2013,JUCHITAN_HISTORICAL_SOURCE,STRUCTURED_BACKFILL_V0_1
PICKETT-ZE-2296,"uzina, guzina","uzina, guzina","uzina, guzina",uzina,"[""uzina"", ""guzina""]",ENTRY,,,[b.a.b],cocina,"uzina, guzina [b.a.b] cocina",,41,55,2,ZAPOTECO_ESPAÑOL,BIB003_PICKETT_VOCABULARIO,2007_FIFTH_ELECTRONIC,2013_FIFTH_ELECTRONIC_SECOND_VERSION,DOCUMENTED_UNICODE_RECONCILIATION_NOT_BYTE_EXTRACTED_2013,JUCHITAN_HISTORICAL_SOURCE,STRUCTURED_BACKFILL_V0_1
PICKETT-ZE-2297,vela,vela,vela,vela,"[""vela""]",ENTRY,,,,sociedad semi-religiosa de las fiestas regionales,vela sociedad semi-religiosa de las fiestas,regionales,41,55,2,ZAPOTECO_ESPAÑOL,BIB003_PICKETT_VOCABULARIO,2007_FIFTH_ELECTRONIC,2013_FIFTH_ELECTRONIC_SECOND_VERSION,DOCUMENTED_UNICODE_RECONCILIATION_NOT_BYTE_EXTRACTED_2013,JUCHITAN_HISTORICAL_SOURCE,STRUCTURED_BACKFILL_V0_1
PICKETT-ZE-2298,Xabizende,Xabizende,Xabizende,Xabizende,"[""Xabizende""]",ENTRY,,,[b.b.a.b],Juchitán,Xabizende [b.b.a.b] Juchitán,,41,55,2,ZAPOTECO_ESPAÑOL,BIB003_PICKETT_VOCABULARIO,2007_FIFTH_ELECTRONIC,2013_FIFTH_ELECTRONIC_SECOND_VERSION,DOCUMENTED_UNICODE_RECONCILIATION_NOT_BYTE_EXTRACTED_2013,JUCHITAN_HISTORICAL_SOURCE,STRUCTURED_BACKFILL_V0_1
PICKETT-ZE-2299,xabú,xabú,xabú,xabú,"[""xabú""]",ENTRY,,,[b.al],jabón,xabú [b.al] jabón,,41,55,2,ZAPOTECO_ESPAÑOL,BIB003_PICKETT_VOCABULARIO,2007_FIFTH_ELECTRONIC,2013_FIFTH_ELECTRONIC_SECOND_VERSION,DOCUMENTED_UNICODE_RECONCILIATION_NOT_BYTE_EXTRACTED_2013,JUCHITAN_HISTORICAL_SOURCE,STRUCTURED_BACKFILL_V0_1
PICKETT-ZE-2300,xacodo ná’,xacodo ná’,xacodo náꞌ,xacodo náꞌ,"[""xacodo náꞌ""]",ENTRY,,,[b.al.b-a],codo,xacodo ná’ [b.al.b-a] codo,,41,55,2,ZAPOTECO_ESPAÑOL,BIB003_PICKETT_VOCABULARIO,2007_FIFTH_ELECTRONIC,2013_FIFTH_ELECTRONIC_SECOND_VERSION,DOCUMENTED_UNICODE_RECONCILIATION_NOT_BYTE_EXTRACTED_2013,JUCHITAN_HISTORICAL_SOURCE,STRUCTURED_BACKFILL_V0_1
PICKETT-ZE-2301,xachaani’,xachaani’,xachaaniꞌ,xachaaniꞌ,"[""xachaaniꞌ""]",ENTRY,,,,"cojo, coja","xachaani’ cojo, coja",,41,55,2,ZAPOTECO_ESPAÑOL,BIB003_PICKETT_VOCABULARIO,2007_FIFTH_ELECTRONIC,2013_FIFTH_ELECTRONIC_SECOND_VERSION,DOCUMENTED_UNICODE_RECONCILIATION_NOT_BYTE_EXTRACTED_2013,JUCHITAN_HISTORICAL_SOURCE,STRUCTURED_BACKFILL_V0_1
PICKETT-ZE-2302,Xadani,Xadani,Xadani,Xadani,"[""Xadani""]",ENTRY,,,[b.b.a],"Cerrito, Xadani (un pueblo)","Xadani [b.b.a] Cerrito, Xadani (un pueblo)",,41,55,2,ZAPOTECO_ESPAÑOL,BIB003_PICKETT_VOCABULARIO,2007_FIFTH_ELECTRONIC,2013_FIFTH_ELECTRONIC_SECOND_VERSION,DOCUMENTED_UNICODE_RECONCILIATION_NOT_BYTE_EXTRACTED_2013,JUCHITAN_HISTORICAL_SOURCE,STRUCTURED_BACKFILL_V0_1
PICKETT-ZE-2303,xadxí,xadxí,xadxí,xadxí,"[""xadxí""]",ENTRY,,,,largo tiempo,xadxí largo tiempo,,41,55,2,ZAPOTECO_ESPAÑOL,BIB003_PICKETT_VOCABULARIO,2007_FIFTH_ELECTRONIC,2013_FIFTH_ELECTRONIC_SECOND_VERSION,DOCUMENTED_UNICODE_RECONCILIATION_NOT_BYTE_EXTRACTED_2013,JUCHITAN_HISTORICAL_SOURCE,STRUCTURED_BACKFILL_V0_1
PICKETT-ZE-2304,xaguete’,xaguete’,xagueteꞌ,xagueteꞌ,"[""xagueteꞌ""]",ENTRY,,,[b.b.al],"por debajo, abajo","xaguete’ [b.b.al] por debajo, abajo",,41,55,2,ZAPOTECO_ESPAÑOL,BIB003_PICKETT_VOCABULARIO,2007_FIFTH_ELECTRONIC,2013_FIFTH_ELECTRONIC_SECOND_VERSION,DOCUMENTED_UNICODE_RECONCILIATION_NOT_BYTE_EXTRACTED_2013,JUCHITAN_HISTORICAL_SOURCE,STRUCTURED_BACKFILL_V0_1
PICKETT-ZE-2305,xaibá’,xaibá’,xaibáꞌ,xaibáꞌ,"[""xaibáꞌ""]",ENTRY,,,,cielo,xaibá’ cielo,,41,55,2,ZAPOTECO_ESPAÑOL,BIB003_PICKETT_VOCABULARIO,2007_FIFTH_ELECTRONIC,2013_FIFTH_ELECTRONIC_SECOND_VERSION,DOCUMENTED_UNICODE_RECONCILIATION_NOT_BYTE_EXTRACTED_2013,JUCHITAN_HISTORICAL_SOURCE,STRUCTURED_BACKFILL_V0_1
PICKETT-ZE-2306,xaíque,xaíque,xaíque,xaíque,"[""xaíque""]",ENTRY,,,,"jefe, autoridad","xaíque jefe, autoridad",,41,55,2,ZAPOTECO_ESPAÑOL,BIB003_PICKETT_VOCABULARIO,2007_FIFTH_ELECTRONIC,2013_FIFTH_ELECTRONIC_SECOND_VERSION,DOCUMENTED_UNICODE_RECONCILIATION_NOT_BYTE_EXTRACTED_2013,JUCHITAN_HISTORICAL_SOURCE,STRUCTURED_BACKFILL_V0_1
PICKETT-ZE-2307,xa’na’,xa’na’,xaꞌnaꞌ,xaꞌnaꞌ,"[""xaꞌnaꞌ""]",ENTRY,,,,debajo de; nalga,xa’na’ debajo de; nalga,,41,55,2,ZAPOTECO_ESPAÑOL,BIB003_PICKETT_VOCABULARIO,2007_FIFTH_ELECTRONIC,2013_FIFTH_ELECTRONIC_SECOND_VERSION,DOCUMENTED_UNICODE_RECONCILIATION_NOT_BYTE_EXTRACTED_2013,JUCHITAN_HISTORICAL_SOURCE,STRUCTURED_BACKFILL_V0_1
PICKETT-ZE-2308,xandié,xandié,xandié,xandié,"[""xandié""]",ENTRY,,,,sandía,xandié sandía,,41,55,2,ZAPOTECO_ESPAÑOL,BIB003_PICKETT_VOCABULARIO,2007_FIFTH_ELECTRONIC,2013_FIFTH_ELECTRONIC_SECOND_VERSION,DOCUMENTED_UNICODE_RECONCILIATION_NOT_BYTE_EXTRACTED_2013,JUCHITAN_HISTORICAL_SOURCE,STRUCTURED_BACKFILL_V0_1
PICKETT-ZE-2309,Xandu’,Xandu’,Xanduꞌ,Xanduꞌ,"[""Xanduꞌ""]",ENTRY,,,[b.al],Todos Santos,Xandu’ [b.al] Todos Santos,,41,55,2,ZAPOTECO_ESPAÑOL,BIB003_PICKETT_VOCABULARIO,2007_FIFTH_ELECTRONIC,2013_FIFTH_ELECTRONIC_SECOND_VERSION,DOCUMENTED_UNICODE_RECONCILIATION_NOT_BYTE_EXTRACTED_2013,JUCHITAN_HISTORICAL_SOURCE,STRUCTURED_BACKFILL_V0_1
PICKETT-ZE-2310,xañee,xañee,xañee,xañee,"[""xañee""]",ENTRY,,,,"a sus pies, a los pies de él o de ella","xañee a sus pies, a los pies de él o de ella",,41,55,2,ZAPOTECO_ESPAÑOL,BIB003_PICKETT_VOCABULARIO,2007_FIFTH_ELECTRONIC,2013_FIFTH_ELECTRONIC_SECOND_VERSION,DOCUMENTED_UNICODE_RECONCILIATION_NOT_BYTE_EXTRACTED_2013,JUCHITAN_HISTORICAL_SOURCE,STRUCTURED_BACKFILL_V0_1
PICKETT-ZE-2311,xatini,xatini,xatini,xatini,"[""xatini""]",ENTRY,,,,talón del pie,xatini talón del pie,,41,55,2,ZAPOTECO_ESPAÑOL,BIB003_PICKETT_VOCABULARIO,2007_FIFTH_ELECTRONIC,2013_FIFTH_ELECTRONIC_SECOND_VERSION,DOCUMENTED_UNICODE_RECONCILIATION_NOT_BYTE_EXTRACTED_2013,JUCHITAN_HISTORICAL_SOURCE,STRUCTURED_BACKFILL_V0_1
PICKETT-ZE-2312,xayanni,xayanni,xayanni,xayanni,"[""xayanni""]",ENTRY,,,,"cerviz, nuca","xayanni cerviz, nuca",,41,55,2,ZAPOTECO_ESPAÑOL,BIB003_PICKETT_VOCABULARIO,2007_FIFTH_ELECTRONIC,2013_FIFTH_ELECTRONIC_SECOND_VERSION,DOCUMENTED_UNICODE_RECONCILIATION_NOT_BYTE_EXTRACTED_2013,JUCHITAN_HISTORICAL_SOURCE,STRUCTURED_BACKFILL_V0_1
PICKETT-ZE-2313,xcaadxi,xcaadxi,xcaadxi,xcaadxi,"[""xcaadxi""]",ENTRY,,,[a],"otro poco, algo más, un poco más","xcaadxi [a] otro poco, algo más, un poco",más,42,56,1,ZAPOTECO_ESPAÑOL,BIB003_PICKETT_VOCABULARIO,2007_FIFTH_ELECTRONIC,2013_FIFTH_ELECTRONIC_SECOND_VERSION,DOCUMENTED_UNICODE_RECONCILIATION_NOT_BYTE_EXTRACTED_2013,JUCHITAN_HISTORICAL_SOURCE,STRUCTURED_BACKFILL_V0_1
PICKETT-ZE-2314,"xcaanda’, ribee xcaanda’","xcaanda’, ribee xcaanda’","xcaandaꞌ, ribee xcaandaꞌ",xcaandaꞌ,"[""xcaandaꞌ"", ""ribee xcaandaꞌ""]",ENTRY,,,[b-al.b]; [b-al.b],desvelarse,"xcaanda’ [b-al.b], ribee xcaanda’ [b-al.b]",desvelarse,42,56,1,ZAPOTECO_ESPAÑOL,BIB003_PICKETT_VOCABULARIO,2007_FIFTH_ELECTRONIC,2013_FIFTH_ELECTRONIC_SECOND_VERSION,DOCUMENTED_UNICODE_RECONCILIATION_NOT_BYTE_EXTRACTED_2013,JUCHITAN_HISTORICAL_SOURCE,STRUCTURED_BACKFILL_V0_1
PICKETT-ZE-2315,riní’ xcaanda’,riní’ xcaanda’,riníꞌ xcaandaꞌ,riníꞌ xcaandaꞌ,"[""riníꞌ xcaandaꞌ""]",SUBENTRY,"xcaandaꞌ, ribee xcaandaꞌ",,,soñar,riní’ xcaanda’ soñar,,42,56,1,ZAPOTECO_ESPAÑOL,BIB003_PICKETT_VOCABULARIO,2007_FIFTH_ELECTRONIC,2013_FIFTH_ELECTRONIC_SECOND_VERSION,DOCUMENTED_UNICODE_RECONCILIATION_NOT_BYTE_EXTRACTED_2013,JUCHITAN_HISTORICAL_SOURCE,STRUCTURED_BACKFILL_V0_1
PICKETT-ZE-2316,xcaani’,xcaani’,xcaaniꞌ,xcaaniꞌ,"[""xcaaniꞌ""]",ENTRY,,,,"desairado, suceso contrario a lo que uno esperaba","xcaani’ desairado, suceso contrario a lo que",uno esperaba,42,56,1,ZAPOTECO_ESPAÑOL,BIB003_PICKETT_VOCABULARIO,2007_FIFTH_ELECTRONIC,2013_FIFTH_ELECTRONIC_SECOND_VERSION,DOCUMENTED_UNICODE_RECONCILIATION_NOT_BYTE_EXTRACTED_2013,JUCHITAN_HISTORICAL_SOURCE,STRUCTURED_BACKFILL_V0_1
PICKETT-ZE-2317,guca xcaani’,guca xcaani’,guca xcaaniꞌ,guca xcaaniꞌ,"[""guca xcaaniꞌ""]",SUBENTRY,xcaaniꞌ,,,"se chasqueó, se pegó chasco","guca xcaani’ se chasqueó, se pegó",chasco,42,56,1,ZAPOTECO_ESPAÑOL,BIB003_PICKETT_VOCABULARIO,2007_FIFTH_ELECTRONIC,2013_FIFTH_ELECTRONIC_SECOND_VERSION,DOCUMENTED_UNICODE_RECONCILIATION_NOT_BYTE_EXTRACTED_2013,JUCHITAN_HISTORICAL_SOURCE,STRUCTURED_BACKFILL_V0_1
PICKETT-ZE-2318,xcayu,xcayu,xcayu,xcayu,"[""xcayu""]",ENTRY,,,[a.b],su novio,xcayu [a.b] su novio,,42,56,1,ZAPOTECO_ESPAÑOL,BIB003_PICKETT_VOCABULARIO,2007_FIFTH_ELECTRONIC,2013_FIFTH_ELECTRONIC_SECOND_VERSION,DOCUMENTED_UNICODE_RECONCILIATION_NOT_BYTE_EXTRACTED_2013,JUCHITAN_HISTORICAL_SOURCE,STRUCTURED_BACKFILL_V0_1
PICKETT-ZE-2319,xcooco’,xcooco’,xcoocoꞌ,xcoocoꞌ,"[""xcoocoꞌ""]",ENTRY,,,,"gallina clueca, gallina culeca","xcooco’ gallina clueca, gallina culeca",,42,56,1,ZAPOTECO_ESPAÑOL,BIB003_PICKETT_VOCABULARIO,2007_FIFTH_ELECTRONIC,2013_FIFTH_ELECTRONIC_SECOND_VERSION,DOCUMENTED_UNICODE_RECONCILIATION_NOT_BYTE_EXTRACTED_2013,JUCHITAN_HISTORICAL_SOURCE,STRUCTURED_BACKFILL_V0_1
PICKETT-ZE-2320,xcu,xcu,xcu,xcu,"[""xcu""]",ENTRY,,,,raíz,xcu raíz,,42,56,1,ZAPOTECO_ESPAÑOL,BIB003_PICKETT_VOCABULARIO,2007_FIFTH_ELECTRONIC,2013_FIFTH_ELECTRONIC_SECOND_VERSION,DOCUMENTED_UNICODE_RECONCILIATION_NOT_BYTE_EXTRACTED_2013,JUCHITAN_HISTORICAL_SOURCE,STRUCTURED_BACKFILL_V0_1
PICKETT-ZE-2321,xcuagu,xcuagu,xcuagu,xcuagu,"[""xcuagu""]",ENTRY,,,,molleja,xcuagu molleja,,42,56,1,ZAPOTECO_ESPAÑOL,BIB003_PICKETT_VOCABULARIO,2007_FIFTH_ELECTRONIC,2013_FIFTH_ELECTRONIC_SECOND_VERSION,DOCUMENTED_UNICODE_RECONCILIATION_NOT_BYTE_EXTRACTED_2013,JUCHITAN_HISTORICAL_SOURCE,STRUCTURED_BACKFILL_V0_1
PICKETT-ZE-2322,xcuagu,xcuagu,xcuagu,xcuagu,"[""xcuagu""]",ENTRY,,,[a],coscorrón,xcuagu [a] coscorrón,,42,56,1,ZAPOTECO_ESPAÑOL,BIB003_PICKETT_VOCABULARIO,2007_FIFTH_ELECTRONIC,2013_FIFTH_ELECTRONIC_SECOND_VERSION,DOCUMENTED_UNICODE_RECONCILIATION_NOT_BYTE_EXTRACTED_2013,JUCHITAN_HISTORICAL_SOURCE,STRUCTURED_BACKFILL_V0_1
PICKETT-ZE-2323,xcuanabata,xcuanabata,xcuanabata,xcuanabata,"[""xcuanabata""]",ENTRY,,,,machete de hoja ancha,xcuanabata machete de hoja ancha,,42,56,1,ZAPOTECO_ESPAÑOL,BIB003_PICKETT_VOCABULARIO,2007_FIFTH_ELECTRONIC,2013_FIFTH_ELECTRONIC_SECOND_VERSION,DOCUMENTED_UNICODE_RECONCILIATION_NOT_BYTE_EXTRACTED_2013,JUCHITAN_HISTORICAL_SOURCE,STRUCTURED_BACKFILL_V0_1
PICKETT-ZE-2324,xcuasa,xcuasa,xcuasa,xcuasa,"[""xcuasa""]",ENTRY,,,,sien,xcuasa sien,,42,56,1,ZAPOTECO_ESPAÑOL,BIB003_PICKETT_VOCABULARIO,2007_FIFTH_ELECTRONIC,2013_FIFTH_ELECTRONIC_SECOND_VERSION,DOCUMENTED_UNICODE_RECONCILIATION_NOT_BYTE_EXTRACTED_2013,JUCHITAN_HISTORICAL_SOURCE,STRUCTURED_BACKFILL_V0_1
PICKETT-ZE-2325,xcuuchi,xcuuchi,xcuuchi,xcuuchi,"[""xcuuchi""]",ENTRY,,,[b.a],pedúnculo,xcuuchi [b.a] pedúnculo,,42,56,1,ZAPOTECO_ESPAÑOL,BIB003_PICKETT_VOCABULARIO,2007_FIFTH_ELECTRONIC,2013_FIFTH_ELECTRONIC_SECOND_VERSION,DOCUMENTED_UNICODE_RECONCILIATION_NOT_BYTE_EXTRACTED_2013,JUCHITAN_HISTORICAL_SOURCE,STRUCTURED_BACKFILL_V0_1
PICKETT-ZE-2326,xcuidi,xcuidi,xcuidi,xcuidi,"[""xcuidi""]",ENTRY,,,[al.b],"chamaquito, chamaquita","xcuidi [al.b] chamaquito, chamaquita",,42,56,1,ZAPOTECO_ESPAÑOL,BIB003_PICKETT_VOCABULARIO,2007_FIFTH_ELECTRONIC,2013_FIFTH_ELECTRONIC_SECOND_VERSION,DOCUMENTED_UNICODE_RECONCILIATION_NOT_BYTE_EXTRACTED_2013,JUCHITAN_HISTORICAL_SOURCE,STRUCTURED_BACKFILL_V0_1
PICKETT-ZE-2327,xculá’,xculá’,xculáꞌ,xculáꞌ,"[""xculáꞌ""]",ENTRY,,,[b.a],"hiel, bilis","xculá’ [b.a] hiel, bilis",,42,56,1,ZAPOTECO_ESPAÑOL,BIB003_PICKETT_VOCABULARIO,2007_FIFTH_ELECTRONIC,2013_FIFTH_ELECTRONIC_SECOND_VERSION,DOCUMENTED_UNICODE_RECONCILIATION_NOT_BYTE_EXTRACTED_2013,JUCHITAN_HISTORICAL_SOURCE,STRUCTURED_BACKFILL_V0_1
PICKETT-ZE-2328,xcuñeede,xcuñeede,xcuñeede,xcuñeede,"[""xcuñeede""]",ENTRY,,,[b.b.a],"axila, sobaco","xcuñeede [b.b.a] axila, sobaco",,42,56,1,ZAPOTECO_ESPAÑOL,BIB003_PICKETT_VOCABULARIO,2007_FIFTH_ELECTRONIC,2013_FIFTH_ELECTRONIC_SECOND_VERSION,DOCUMENTED_UNICODE_RECONCILIATION_NOT_BYTE_EXTRACTED_2013,JUCHITAN_HISTORICAL_SOURCE,STRUCTURED_BACKFILL_V0_1
PICKETT-ZE-2329,xeedxe’,xeedxe’,xeedxeꞌ,xeedxeꞌ,"[""xeedxeꞌ""]",ENTRY,,,,verdolaga,xeedxe’ verdolaga,,42,56,1,ZAPOTECO_ESPAÑOL,BIB003_PICKETT_VOCABULARIO,2007_FIFTH_ELECTRONIC,2013_FIFTH_ELECTRONIC_SECOND_VERSION,DOCUMENTED_UNICODE_RECONCILIATION_NOT_BYTE_EXTRACTED_2013,JUCHITAN_HISTORICAL_SOURCE,STRUCTURED_BACKFILL_V0_1
PICKETT-ZE-2330,xi,xi,xi,xi,"[""xi""]",ENTRY,,,[a],¿qué?,xi [a] ¿qué?,,42,56,1,ZAPOTECO_ESPAÑOL,BIB003_PICKETT_VOCABULARIO,2007_FIFTH_ELECTRONIC,2013_FIFTH_ELECTRONIC_SECOND_VERSION,DOCUMENTED_UNICODE_RECONCILIATION_NOT_BYTE_EXTRACTED_2013,JUCHITAN_HISTORICAL_SOURCE,STRUCTURED_BACKFILL_V0_1
PICKETT-ZE-2331,xi casi,xi casi,xi casi,xi casi,"[""xi casi""]",SUBENTRY,xi,,,¿cómo?,xi casi [b-a.b] ¿cómo?,,42,56,1,ZAPOTECO_ESPAÑOL,BIB003_PICKETT_VOCABULARIO,2007_FIFTH_ELECTRONIC,2013_FIFTH_ELECTRONIC_SECOND_VERSION,DOCUMENTED_UNICODE_RECONCILIATION_NOT_BYTE_EXTRACTED_2013,JUCHITAN_HISTORICAL_SOURCE,STRUCTURED_BACKFILL_V0_1
PICKETT-ZE-2332,xi laa,xi laa,xi laa,xi laa,"[""xi laa""]",SUBENTRY,xi,,,"¿qué cosa?, ¿qué dices?","xi laa [b-al] ¿qué cosa?, ¿qué dices?",,42,56,1,ZAPOTECO_ESPAÑOL,BIB003_PICKETT_VOCABULARIO,2007_FIFTH_ELECTRONIC,2013_FIFTH_ELECTRONIC_SECOND_VERSION,DOCUMENTED_UNICODE_RECONCILIATION_NOT_BYTE_EXTRACTED_2013,JUCHITAN_HISTORICAL_SOURCE,STRUCTURED_BACKFILL_V0_1
PICKETT-ZE-2333,xi modo,xi modo,xi modo,xi modo,"[""xi modo""]",SUBENTRY,xi,,,¿cómo?,xi modo [b-a.b] ¿cómo?,,42,56,1,ZAPOTECO_ESPAÑOL,BIB003_PICKETT_VOCABULARIO,2007_FIFTH_ELECTRONIC,2013_FIFTH_ELECTRONIC_SECOND_VERSION,DOCUMENTED_UNICODE_RECONCILIATION_NOT_BYTE_EXTRACTED_2013,JUCHITAN_HISTORICAL_SOURCE,STRUCTURED_BACKFILL_V0_1
PICKETT-ZE-2334,xi’,xi’,xiꞌ,xiꞌ,"[""xiꞌ""]",ENTRY,,,[al],ceñido,xi’ [al] ceñido,,42,56,1,ZAPOTECO_ESPAÑOL,BIB003_PICKETT_VOCABULARIO,2007_FIFTH_ELECTRONIC,2013_FIFTH_ELECTRONIC_SECOND_VERSION,DOCUMENTED_UNICODE_RECONCILIATION_NOT_BYTE_EXTRACTED_2013,JUCHITAN_HISTORICAL_SOURCE,STRUCTURED_BACKFILL_V0_1
PICKETT-ZE-2335,xii,xii,xii,xii,"[""xii""]",ENTRY,,,,nariz,xii nariz,,42,56,1,ZAPOTECO_ESPAÑOL,BIB003_PICKETT_VOCABULARIO,2007_FIFTH_ELECTRONIC,2013_FIFTH_ELECTRONIC_SECOND_VERSION,DOCUMENTED_UNICODE_RECONCILIATION_NOT_BYTE_EXTRACTED_2013,JUCHITAN_HISTORICAL_SOURCE,STRUCTURED_BACKFILL_V0_1
PICKETT-ZE-2336,xia,xia,xia,xia,"[""xia""]",ENTRY,,,[a],"sedimento, asiento en un líquido","xia [a] sedimento, asiento en un líquido",,42,56,1,ZAPOTECO_ESPAÑOL,BIB003_PICKETT_VOCABULARIO,2007_FIFTH_ELECTRONIC,2013_FIFTH_ELECTRONIC_SECOND_VERSION,DOCUMENTED_UNICODE_RECONCILIATION_NOT_BYTE_EXTRACTED_2013,JUCHITAN_HISTORICAL_SOURCE,STRUCTURED_BACKFILL_V0_1
PICKETT-ZE-2337,xia,xia,xia,xia,"[""xia""]",ENTRY,,,[al],"montura, silla de montar","xia [al] montura, silla de montar",,42,56,1,ZAPOTECO_ESPAÑOL,BIB003_PICKETT_VOCABULARIO,2007_FIFTH_ELECTRONIC,2013_FIFTH_ELECTRONIC_SECOND_VERSION,DOCUMENTED_UNICODE_RECONCILIATION_NOT_BYTE_EXTRACTED_2013,JUCHITAN_HISTORICAL_SOURCE,STRUCTURED_BACKFILL_V0_1
PICKETT-ZE-2338,xiaa,xiaa,xiaa,xiaa,"[""xiaa""]",ENTRY,,,[a],algodón,xiaa [a] algodón,,42,56,1,ZAPOTECO_ESPAÑOL,BIB003_PICKETT_VOCABULARIO,2007_FIFTH_ELECTRONIC,2013_FIFTH_ELECTRONIC_SECOND_VERSION,DOCUMENTED_UNICODE_RECONCILIATION_NOT_BYTE_EXTRACTED_2013,JUCHITAN_HISTORICAL_SOURCE,STRUCTURED_BACKFILL_V0_1
PICKETT-ZE-2339,xiaga,xiaga,xiaga,xiaga,"[""xiaga""]",ENTRY,,,,nieto,xiaga nieto,,42,56,1,ZAPOTECO_ESPAÑOL,BIB003_PICKETT_VOCABULARIO,2007_FIFTH_ELECTRONIC,2013_FIFTH_ELECTRONIC_SECOND_VERSION,DOCUMENTED_UNICODE_RECONCILIATION_NOT_BYTE_EXTRACTED_2013,JUCHITAN_HISTORICAL_SOURCE,STRUCTURED_BACKFILL_V0_1
PICKETT-ZE-2340,xiana,xiana,xiana,xiana,"[""xiana""]",ENTRY,,,,coraje,xiana coraje,,42,56,1,ZAPOTECO_ESPAÑOL,BIB003_PICKETT_VOCABULARIO,2007_FIFTH_ELECTRONIC,2013_FIFTH_ELECTRONIC_SECOND_VERSION,DOCUMENTED_UNICODE_RECONCILIATION_NOT_BYTE_EXTRACTED_2013,JUCHITAN_HISTORICAL_SOURCE,STRUCTURED_BACKFILL_V0_1
PICKETT-ZE-2341,xibi,xibi,xibi,xibi,"[""xibi""]",ENTRY,,,,rodilla,xibi rodilla,,42,56,1,ZAPOTECO_ESPAÑOL,BIB003_PICKETT_VOCABULARIO,2007_FIFTH_ELECTRONIC,2013_FIFTH_ELECTRONIC_SECOND_VERSION,DOCUMENTED_UNICODE_RECONCILIATION_NOT_BYTE_EXTRACTED_2013,JUCHITAN_HISTORICAL_SOURCE,STRUCTURED_BACKFILL_V0_1
PICKETT-ZE-2342,Xibicudxe,Xibicudxe,Xibicudxe,Xibicudxe,"[""Xibicudxe""]",ENTRY,,,[b.b.a.a],Tlacotepec,Xibicudxe [b.b.a.a] Tlacotepec,,42,56,1,ZAPOTECO_ESPAÑOL,BIB003_PICKETT_VOCABULARIO,2007_FIFTH_ELECTRONIC,2013_FIFTH_ELECTRONIC_SECOND_VERSION,DOCUMENTED_UNICODE_RECONCILIATION_NOT_BYTE_EXTRACTED_2013,JUCHITAN_HISTORICAL_SOURCE,STRUCTURED_BACKFILL_V0_1
PICKETT-ZE-2343,xica’,xica’,xicaꞌ,xicaꞌ,"[""xicaꞌ""]",ENTRY,,,[b.al],ranura,xica’ [b.al] ranura,,42,56,1,ZAPOTECO_ESPAÑOL,BIB003_PICKETT_VOCABULARIO,2007_FIFTH_ELECTRONIC,2013_FIFTH_ELECTRONIC_SECOND_VERSION,DOCUMENTED_UNICODE_RECONCILIATION_NOT_BYTE_EXTRACTED_2013,JUCHITAN_HISTORICAL_SOURCE,STRUCTURED_BACKFILL_V0_1
PICKETT-ZE-2344,xidxaa,xidxaa,xidxaa,xidxaa,"[""xidxaa""]",ENTRY,,,[b.a],calientito,xidxaa [b.a] calientito,,42,56,1,ZAPOTECO_ESPAÑOL,BIB003_PICKETT_VOCABULARIO,2007_FIFTH_ELECTRONIC,2013_FIFTH_ELECTRONIC_SECOND_VERSION,DOCUMENTED_UNICODE_RECONCILIATION_NOT_BYTE_EXTRACTED_2013,JUCHITAN_HISTORICAL_SOURCE,STRUCTURED_BACKFILL_V0_1
PICKETT-ZE-2345,xidxi,xidxi,xidxi,xidxi,"[""xidxi""]",ENTRY,,,,"seno, teta","xidxi seno, teta",,42,56,1,ZAPOTECO_ESPAÑOL,BIB003_PICKETT_VOCABULARIO,2007_FIFTH_ELECTRONIC,2013_FIFTH_ELECTRONIC_SECOND_VERSION,DOCUMENTED_UNICODE_RECONCILIATION_NOT_BYTE_EXTRACTED_2013,JUCHITAN_HISTORICAL_SOURCE,STRUCTURED_BACKFILL_V0_1
PICKETT-ZE-2346,xidxí,xidxí,xidxí,xidxí,"[""xidxí""]",ENTRY,,,,largo tiempo,xidxí largo tiempo,,42,56,1,ZAPOTECO_ESPAÑOL,BIB003_PICKETT_VOCABULARIO,2007_FIFTH_ELECTRONIC,2013_FIFTH_ELECTRONIC_SECOND_VERSION,DOCUMENTED_UNICODE_RECONCILIATION_NOT_BYTE_EXTRACTED_2013,JUCHITAN_HISTORICAL_SOURCE,STRUCTURED_BACKFILL_V0_1
PICKETT-ZE-2347,xie,xie,xie,xie,"[""xie""]",ENTRY,,,,,xie,,42,56,1,ZAPOTECO_ESPAÑOL,BIB003_PICKETT_VOCABULARIO,2007_FIFTH_ELECTRONIC,2013_FIFTH_ELECTRONIC_SECOND_VERSION,DOCUMENTED_UNICODE_RECONCILIATION_NOT_BYTE_EXTRACTED_2013,JUCHITAN_HISTORICAL_SOURCE,STRUCTURED_BACKFILL_V0_1
PICKETT-ZE-2348,xie guœe,xie guḻe,xie guḻe,xie guḻe,"[""xie guḻe""]",SUBENTRY,xie,,,desnudo,xie guœe [b-a] desnudo,,42,56,1,ZAPOTECO_ESPAÑOL,BIB003_PICKETT_VOCABULARIO,2007_FIFTH_ELECTRONIC,2013_FIFTH_ELECTRONIC_SECOND_VERSION,DOCUMENTED_UNICODE_RECONCILIATION_NOT_BYTE_EXTRACTED_2013,JUCHITAN_HISTORICAL_SOURCE,STRUCTURED_BACKFILL_V0_1
PICKETT-ZE-2349,xie guze,xie guze,xie guze,xie guze,"[""xie guze""]",SUBENTRY,xie,,,desnudo,xie guze [b-a.b] desnudo,,42,56,1,ZAPOTECO_ESPAÑOL,BIB003_PICKETT_VOCABULARIO,2007_FIFTH_ELECTRONIC,2013_FIFTH_ELECTRONIC_SECOND_VERSION,DOCUMENTED_UNICODE_RECONCILIATION_NOT_BYTE_EXTRACTED_2013,JUCHITAN_HISTORICAL_SOURCE,STRUCTURED_BACKFILL_V0_1
PICKETT-ZE-2350,xie ladi,xie ladi,xie ladi,xie ladi,"[""xie ladi""]",SUBENTRY,xie,,,"desnudo, despojado de ropa","xie ladi [b-al.b] desnudo, despojado de",ropa,42,56,1,ZAPOTECO_ESPAÑOL,BIB003_PICKETT_VOCABULARIO,2007_FIFTH_ELECTRONIC,2013_FIFTH_ELECTRONIC_SECOND_VERSION,DOCUMENTED_UNICODE_RECONCILIATION_NOT_BYTE_EXTRACTED_2013,JUCHITAN_HISTORICAL_SOURCE,STRUCTURED_BACKFILL_V0_1
PICKETT-ZE-2351,xie ñee,xie ñee,xie ñee,xie ñee,"[""xie ñee""]",ENTRY,,,[b-al],descalzo,xie ñee [b-al] descalzo,,42,56,1,ZAPOTECO_ESPAÑOL,BIB003_PICKETT_VOCABULARIO,2007_FIFTH_ELECTRONIC,2013_FIFTH_ELECTRONIC_SECOND_VERSION,DOCUMENTED_UNICODE_RECONCILIATION_NOT_BYTE_EXTRACTED_2013,JUCHITAN_HISTORICAL_SOURCE,STRUCTURED_BACKFILL_V0_1
PICKETT-ZE-2352,xiga,xiga,xiga,xiga,"[""xiga""]",ENTRY,,,,jícara,xiga jícara,,42,56,2,ZAPOTECO_ESPAÑOL,BIB003_PICKETT_VOCABULARIO,2007_FIFTH_ELECTRONIC,2013_FIFTH_ELECTRONIC_SECOND_VERSION,DOCUMENTED_UNICODE_RECONCILIATION_NOT_BYTE_EXTRACTED_2013,JUCHITAN_HISTORICAL_SOURCE,STRUCTURED_BACKFILL_V0_1
PICKETT-ZE-2353,xiga ba,xiga ba,xiga ba,xiga ba,"[""xiga ba""]",SUBENTRY,xiga,,,bule,xiga ba bule,,42,56,2,ZAPOTECO_ESPAÑOL,BIB003_PICKETT_VOCABULARIO,2007_FIFTH_ELECTRONIC,2013_FIFTH_ELECTRONIC_SECOND_VERSION,DOCUMENTED_UNICODE_RECONCILIATION_NOT_BYTE_EXTRACTED_2013,JUCHITAN_HISTORICAL_SOURCE,STRUCTURED_BACKFILL_V0_1
PICKETT-ZE-2354,xiga bé,xiga bé,xiga bé,xiga bé,"[""xiga bé""]",SUBENTRY,xiga,,,cucharón hecho de jícara,xiga bé cucharón hecho de jícara,,42,56,2,ZAPOTECO_ESPAÑOL,BIB003_PICKETT_VOCABULARIO,2007_FIFTH_ELECTRONIC,2013_FIFTH_ELECTRONIC_SECOND_VERSION,DOCUMENTED_UNICODE_RECONCILIATION_NOT_BYTE_EXTRACTED_2013,JUCHITAN_HISTORICAL_SOURCE,STRUCTURED_BACKFILL_V0_1
PICKETT-ZE-2355,xiga bidxadxa,xiga bidxadxa,xiga bidxadxa,xiga bidxadxa,"[""xiga bidxadxa""]",SUBENTRY,xiga,,,coladera de jícara,xiga bidxadxa [b-b.a.a] coladera de,jícara,42,56,2,ZAPOTECO_ESPAÑOL,BIB003_PICKETT_VOCABULARIO,2007_FIFTH_ELECTRONIC,2013_FIFTH_ELECTRONIC_SECOND_VERSION,DOCUMENTED_UNICODE_RECONCILIATION_NOT_BYTE_EXTRACTED_2013,JUCHITAN_HISTORICAL_SOURCE,STRUCTURED_BACKFILL_V0_1
PICKETT-ZE-2356,xiga bizunu,xiga bizunu,xiga bizunu,xiga bizunu,"[""xiga bizunu""]",SUBENTRY,xiga,,,una especie de trompo hecho de morro,xiga bizunu una especie de trompo,hecho de morro,42,56,2,ZAPOTECO_ESPAÑOL,BIB003_PICKETT_VOCABULARIO,2007_FIFTH_ELECTRONIC,2013_FIFTH_ELECTRONIC_SECOND_VERSION,DOCUMENTED_UNICODE_RECONCILIATION_NOT_BYTE_EXTRACTED_2013,JUCHITAN_HISTORICAL_SOURCE,STRUCTURED_BACKFILL_V0_1
PICKETT-ZE-2357,xiga gueta,xiga gueta,xiga gueta,xiga gueta,"[""xiga gueta""]",SUBENTRY,xiga,,,jicalpestle,xiga gueta jicalpestle,,42,56,2,ZAPOTECO_ESPAÑOL,BIB003_PICKETT_VOCABULARIO,2007_FIFTH_ELECTRONIC,2013_FIFTH_ELECTRONIC_SECOND_VERSION,DOCUMENTED_UNICODE_RECONCILIATION_NOT_BYTE_EXTRACTED_2013,JUCHITAN_HISTORICAL_SOURCE,STRUCTURED_BACKFILL_V0_1
PICKETT-ZE-2358,xiga ique,xiga ique,xiga ique,xiga ique,"[""xiga ique""]",ENTRY,,,,cráneo,xiga ique cráneo,,42,56,2,ZAPOTECO_ESPAÑOL,BIB003_PICKETT_VOCABULARIO,2007_FIFTH_ELECTRONIC,2013_FIFTH_ELECTRONIC_SECOND_VERSION,DOCUMENTED_UNICODE_RECONCILIATION_NOT_BYTE_EXTRACTED_2013,JUCHITAN_HISTORICAL_SOURCE,STRUCTURED_BACKFILL_V0_1
PICKETT-ZE-2359,xiladxi’,xiladxi’,xiladxiꞌ,xiladxiꞌ,"[""xiladxiꞌ""]",ENTRY,,,[b.b.al],,xiladxi’ [b.b.al],,42,56,2,ZAPOTECO_ESPAÑOL,BIB003_PICKETT_VOCABULARIO,2007_FIFTH_ELECTRONIC,2013_FIFTH_ELECTRONIC_SECOND_VERSION,DOCUMENTED_UNICODE_RECONCILIATION_NOT_BYTE_EXTRACTED_2013,JUCHITAN_HISTORICAL_SOURCE,STRUCTURED_BACKFILL_V0_1
PICKETT-ZE-2360,qué gapa xiladxi’,qué gapa xiladxi’,qué gapa xiladxiꞌ,qué gapa xiladxiꞌ,"[""qué gapa xiladxiꞌ""]",SUBENTRY,xiladxiꞌ,,,aclimatarse luego en nuevos lugares (se refiere a una planta que no requiere cuidado o buena tierra para crecer),qué gapa xiladxi’ aclimatarse luego en,nuevos lugares (se refiere a una planta que no requiere cuidado o buena tierra para crecer),42,56,2,ZAPOTECO_ESPAÑOL,BIB003_PICKETT_VOCABULARIO,2007_FIFTH_ELECTRONIC,2013_FIFTH_ELECTRONIC_SECOND_VERSION,DOCUMENTED_UNICODE_RECONCILIATION_NOT_BYTE_EXTRACTED_2013,JUCHITAN_HISTORICAL_SOURCE,STRUCTURED_BACKFILL_V0_1
PICKETT-ZE-2361,xilase,xilase,xilase,xilase,"[""xilase""]",ENTRY,,,,"delgadez, melancolía, tristeza, nostalgia (enfermedades)","xilase delgadez, melancolía, tristeza,",nostalgia (enfermedades),42,56,2,ZAPOTECO_ESPAÑOL,BIB003_PICKETT_VOCABULARIO,2007_FIFTH_ELECTRONIC,2013_FIFTH_ELECTRONIC_SECOND_VERSION,DOCUMENTED_UNICODE_RECONCILIATION_NOT_BYTE_EXTRACTED_2013,JUCHITAN_HISTORICAL_SOURCE,STRUCTURED_BACKFILL_V0_1
PICKETT-ZE-2362,xilué’,xilué’,xiluéꞌ,xiluéꞌ,"[""xiluéꞌ""]",ENTRY,,,[b.a],seca (enfermedad que consiste en la inflamación de una glándula),xilué’ [b.a] seca (enfermedad que consiste,en la inflamación de una glándula),42,56,2,ZAPOTECO_ESPAÑOL,BIB003_PICKETT_VOCABULARIO,2007_FIFTH_ELECTRONIC,2013_FIFTH_ELECTRONIC_SECOND_VERSION,DOCUMENTED_UNICODE_RECONCILIATION_NOT_BYTE_EXTRACTED_2013,JUCHITAN_HISTORICAL_SOURCE,STRUCTURED_BACKFILL_V0_1
PICKETT-ZE-2363,xindxá’,xindxá’,xindxáꞌ,xindxáꞌ,"[""xindxáꞌ""]",ENTRY,,,[b.al],"calentura, fiebre","xindxá’ [b.al] calentura, fiebre",,42,56,2,ZAPOTECO_ESPAÑOL,BIB003_PICKETT_VOCABULARIO,2007_FIFTH_ELECTRONIC,2013_FIFTH_ELECTRONIC_SECOND_VERSION,DOCUMENTED_UNICODE_RECONCILIATION_NOT_BYTE_EXTRACTED_2013,JUCHITAN_HISTORICAL_SOURCE,STRUCTURED_BACKFILL_V0_1
PICKETT-ZE-2364,xindxá’ nanda,xindxá’ nanda,xindxáꞌ nanda,xindxáꞌ nanda,"[""xindxáꞌ nanda""]",SUBENTRY,xindxáꞌ,,,"escalofrío de fiebre, paludismo",xindxá’ nanda [b.al-b] escalofrío de,"fiebre, paludismo",42,56,2,ZAPOTECO_ESPAÑOL,BIB003_PICKETT_VOCABULARIO,2007_FIFTH_ELECTRONIC,2013_FIFTH_ELECTRONIC_SECOND_VERSION,DOCUMENTED_UNICODE_RECONCILIATION_NOT_BYTE_EXTRACTED_2013,JUCHITAN_HISTORICAL_SOURCE,STRUCTURED_BACKFILL_V0_1
PICKETT-ZE-2365,xindxaa,xindxaa,xindxaa,xindxaa,"[""xindxaa""]",ENTRY,,,,óvolo,xindxaa óvolo,,42,56,2,ZAPOTECO_ESPAÑOL,BIB003_PICKETT_VOCABULARIO,2007_FIFTH_ELECTRONIC,2013_FIFTH_ELECTRONIC_SECOND_VERSION,DOCUMENTED_UNICODE_RECONCILIATION_NOT_BYTE_EXTRACTED_2013,JUCHITAN_HISTORICAL_SOURCE,STRUCTURED_BACKFILL_V0_1
PICKETT-ZE-2366,xiñee,xiñee,xiñee,xiñee,"[""xiñee""]",ENTRY,,,[b.al],¿por qué?,xiñee [b.al] ¿por qué?,,42,56,2,ZAPOTECO_ESPAÑOL,BIB003_PICKETT_VOCABULARIO,2007_FIFTH_ELECTRONIC,2013_FIFTH_ELECTRONIC_SECOND_VERSION,DOCUMENTED_UNICODE_RECONCILIATION_NOT_BYTE_EXTRACTED_2013,JUCHITAN_HISTORICAL_SOURCE,STRUCTURED_BACKFILL_V0_1
PICKETT-ZE-2367,xiiñi’,xiiñi’,xiiñiꞌ,xiiñiꞌ,"[""xiiñiꞌ""]",ENTRY,,,,"hijo, hija","xiiñi’ hijo, hija",,42,56,2,ZAPOTECO_ESPAÑOL,BIB003_PICKETT_VOCABULARIO,2007_FIFTH_ELECTRONIC,2013_FIFTH_ELECTRONIC_SECOND_VERSION,DOCUMENTED_UNICODE_RECONCILIATION_NOT_BYTE_EXTRACTED_2013,JUCHITAN_HISTORICAL_SOURCE,STRUCTURED_BACKFILL_V0_1
PICKETT-ZE-2368,xiñi dxaapa,xiñi dxaapa,xiñi dxaapa,xiñi dxaapa,"[""xiñi dxaapa""]",SUBENTRY,xiiñiꞌ,,,hija,xiñi dxaapa [b-b.a] hija,,42,56,2,ZAPOTECO_ESPAÑOL,BIB003_PICKETT_VOCABULARIO,2007_FIFTH_ELECTRONIC,2013_FIFTH_ELECTRONIC_SECOND_VERSION,DOCUMENTED_UNICODE_RECONCILIATION_NOT_BYTE_EXTRACTED_2013,JUCHITAN_HISTORICAL_SOURCE,STRUCTURED_BACKFILL_V0_1
PICKETT-ZE-2369,xiñi gaana,xiñi gaana,xiñi gaana,xiñi gaana,"[""xiñi gaana""]",SUBENTRY,xiiñiꞌ,,,hijo,xiñi gaana [b-b.a] hijo,,42,56,2,ZAPOTECO_ESPAÑOL,BIB003_PICKETT_VOCABULARIO,2007_FIFTH_ELECTRONIC,2013_FIFTH_ELECTRONIC_SECOND_VERSION,DOCUMENTED_UNICODE_RECONCILIATION_NOT_BYTE_EXTRACTED_2013,JUCHITAN_HISTORICAL_SOURCE,STRUCTURED_BACKFILL_V0_1
PICKETT-ZE-2370,xiñi guiiche,xiñi guiiche,xiñi guiiche,xiñi guiiche,"[""xiñi guiiche""]",SUBENTRY,xiiñiꞌ,,,mano del metate,xiñi guiiche [b-b.a] mano del metate,,42,56,2,ZAPOTECO_ESPAÑOL,BIB003_PICKETT_VOCABULARIO,2007_FIFTH_ELECTRONIC,2013_FIFTH_ELECTRONIC_SECOND_VERSION,DOCUMENTED_UNICODE_RECONCILIATION_NOT_BYTE_EXTRACTED_2013,JUCHITAN_HISTORICAL_SOURCE,STRUCTURED_BACKFILL_V0_1
PICKETT-ZE-2371,xiñi gui’xhi’,xiñi gui’xhi’,xiñi guiꞌxhiꞌ,xiñi guiꞌxhiꞌ,"[""xiñi guiꞌxhiꞌ""]",SUBENTRY,xiiñiꞌ,,,"hijo ilegítimo, hija ilegítima","xiñi gui’xhi’ hijo ilegítimo, hija",ilegítima,42,56,2,ZAPOTECO_ESPAÑOL,BIB003_PICKETT_VOCABULARIO,2007_FIFTH_ELECTRONIC,2013_FIFTH_ELECTRONIC_SECOND_VERSION,DOCUMENTED_UNICODE_RECONCILIATION_NOT_BYTE_EXTRACTED_2013,JUCHITAN_HISTORICAL_SOURCE,STRUCTURED_BACKFILL_V0_1
PICKETT-ZE-2372,xiñi yu’du’,xiñi yu’du’,xiñi yuꞌduꞌ,xiñi yuꞌduꞌ,"[""xiñi yuꞌduꞌ""]",SUBENTRY,xiiñiꞌ,,,"ahijado, ahijada","xiñi yu’du’ ahijado, ahijada",,42,56,2,ZAPOTECO_ESPAÑOL,BIB003_PICKETT_VOCABULARIO,2007_FIFTH_ELECTRONIC,2013_FIFTH_ELECTRONIC_SECOND_VERSION,DOCUMENTED_UNICODE_RECONCILIATION_NOT_BYTE_EXTRACTED_2013,JUCHITAN_HISTORICAL_SOURCE,STRUCTURED_BACKFILL_V0_1
PICKETT-ZE-2373,xi’que’,xi’que’,xiꞌqueꞌ,xiꞌqueꞌ,"[""xiꞌqueꞌ""]",ENTRY,,,,hombro,xi’que’ hombro,,42,56,2,ZAPOTECO_ESPAÑOL,BIB003_PICKETT_VOCABULARIO,2007_FIFTH_ELECTRONIC,2013_FIFTH_ELECTRONIC_SECOND_VERSION,DOCUMENTED_UNICODE_RECONCILIATION_NOT_BYTE_EXTRACTED_2013,JUCHITAN_HISTORICAL_SOURCE,STRUCTURED_BACKFILL_V0_1
PICKETT-ZE-2374,xiringa’,xiringa’,xiringaꞌ,xiringaꞌ,"[""xiringaꞌ""]",ENTRY,,,[b.b.al],jeringa,xiringa’ [b.b.al] jeringa,,42,56,2,ZAPOTECO_ESPAÑOL,BIB003_PICKETT_VOCABULARIO,2007_FIFTH_ELECTRONIC,2013_FIFTH_ELECTRONIC_SECOND_VERSION,DOCUMENTED_UNICODE_RECONCILIATION_NOT_BYTE_EXTRACTED_2013,JUCHITAN_HISTORICAL_SOURCE,STRUCTURED_BACKFILL_V0_1
PICKETT-ZE-2375,xirooba’,xirooba’,xiroobaꞌ,xiroobaꞌ,"[""xiroobaꞌ""]",ENTRY,,,,grande en extensión,xirooba’ grande en extensión,,42,56,2,ZAPOTECO_ESPAÑOL,BIB003_PICKETT_VOCABULARIO,2007_FIFTH_ELECTRONIC,2013_FIFTH_ELECTRONIC_SECOND_VERSION,DOCUMENTED_UNICODE_RECONCILIATION_NOT_BYTE_EXTRACTED_2013,JUCHITAN_HISTORICAL_SOURCE,STRUCTURED_BACKFILL_V0_1
PICKETT-ZE-2376,xiixa,xiixa,xiixa,xiixa,"[""xiixa""]",ENTRY,,,[a],algo,xiixa [a] algo,,42,56,2,ZAPOTECO_ESPAÑOL,BIB003_PICKETT_VOCABULARIO,2007_FIFTH_ELECTRONIC,2013_FIFTH_ELECTRONIC_SECOND_VERSION,DOCUMENTED_UNICODE_RECONCILIATION_NOT_BYTE_EXTRACTED_2013,JUCHITAN_HISTORICAL_SOURCE,STRUCTURED_BACKFILL_V0_1
PICKETT-ZE-2377,xluxu,xluxu,xluxu,xluxu,"[""xluxu""]",ENTRY,,,,ixtle,xluxu ixtle,,42,56,2,ZAPOTECO_ESPAÑOL,BIB003_PICKETT_VOCABULARIO,2007_FIFTH_ELECTRONIC,2013_FIFTH_ELECTRONIC_SECOND_VERSION,DOCUMENTED_UNICODE_RECONCILIATION_NOT_BYTE_EXTRACTED_2013,JUCHITAN_HISTORICAL_SOURCE,STRUCTURED_BACKFILL_V0_1
PICKETT-ZE-2378,xneza,xneza,xneza,xneza,"[""xneza""]",ENTRY,,,,"correcto, bien","xneza correcto, bien",,42,56,2,ZAPOTECO_ESPAÑOL,BIB003_PICKETT_VOCABULARIO,2007_FIFTH_ELECTRONIC,2013_FIFTH_ELECTRONIC_SECOND_VERSION,DOCUMENTED_UNICODE_RECONCILIATION_NOT_BYTE_EXTRACTED_2013,JUCHITAN_HISTORICAL_SOURCE,STRUCTURED_BACKFILL_V0_1
PICKETT-ZE-2379,xombre,xombre,xombre,xombre,"[""xombre""]",ENTRY,,(interj),[al.b],¡hombre! (para dar énfasis a una expresión o frase),xombre [al.b] (interj) ¡hombre! (para dar,énfasis a una expresión o frase),42,56,2,ZAPOTECO_ESPAÑOL,BIB003_PICKETT_VOCABULARIO,2007_FIFTH_ELECTRONIC,2013_FIFTH_ELECTRONIC_SECOND_VERSION,DOCUMENTED_UNICODE_RECONCILIATION_NOT_BYTE_EXTRACTED_2013,JUCHITAN_HISTORICAL_SOURCE,STRUCTURED_BACKFILL_V0_1
PICKETT-ZE-2380,xpacheeza’,xpacheeza’,xpacheezaꞌ,xpacheezaꞌ,"[""xpacheezaꞌ""]",ENTRY,,,,lugar de su cita,xpacheeza’ lugar de su cita,,43,57,1,ZAPOTECO_ESPAÑOL,BIB003_PICKETT_VOCABULARIO,2007_FIFTH_ELECTRONIC,2013_FIFTH_ELECTRONIC_SECOND_VERSION,DOCUMENTED_UNICODE_RECONCILIATION_NOT_BYTE_EXTRACTED_2013,JUCHITAN_HISTORICAL_SOURCE,STRUCTURED_BACKFILL_V0_1
PICKETT-ZE-2381,xpa’du’,xpa’du’,xpaꞌduꞌ,xpaꞌduꞌ,"[""xpaꞌduꞌ""]",ENTRY,,,,"su novio, su novia","xpa’du’ su novio, su novia",,43,57,1,ZAPOTECO_ESPAÑOL,BIB003_PICKETT_VOCABULARIO,2007_FIFTH_ELECTRONIC,2013_FIFTH_ELECTRONIC_SECOND_VERSION,DOCUMENTED_UNICODE_RECONCILIATION_NOT_BYTE_EXTRACTED_2013,JUCHITAN_HISTORICAL_SOURCE,STRUCTURED_BACKFILL_V0_1
PICKETT-ZE-2382,xpata,xpata,xpata,xpata,"[""xpata""]",ENTRY,,,,penca,xpata penca,,43,57,1,ZAPOTECO_ESPAÑOL,BIB003_PICKETT_VOCABULARIO,2007_FIFTH_ELECTRONIC,2013_FIFTH_ELECTRONIC_SECOND_VERSION,DOCUMENTED_UNICODE_RECONCILIATION_NOT_BYTE_EXTRACTED_2013,JUCHITAN_HISTORICAL_SOURCE,STRUCTURED_BACKFILL_V0_1
PICKETT-ZE-2383,xpeeñe’,xpeeñe’,xpeeñeꞌ,xpeeñeꞌ,"[""xpeeñeꞌ""]",ENTRY,,,,"poso, sedimento","xpeeñe’ poso, sedimento",,43,57,1,ZAPOTECO_ESPAÑOL,BIB003_PICKETT_VOCABULARIO,2007_FIFTH_ELECTRONIC,2013_FIFTH_ELECTRONIC_SECOND_VERSION,DOCUMENTED_UNICODE_RECONCILIATION_NOT_BYTE_EXTRACTED_2013,JUCHITAN_HISTORICAL_SOURCE,STRUCTURED_BACKFILL_V0_1
PICKETT-ZE-2384,xpestidu,xpestidu,xpestidu,xpestidu,"[""xpestidu""]",ENTRY,,,[b.a.b],su vestido,xpestidu [b.a.b] su vestido,,43,57,1,ZAPOTECO_ESPAÑOL,BIB003_PICKETT_VOCABULARIO,2007_FIFTH_ELECTRONIC,2013_FIFTH_ELECTRONIC_SECOND_VERSION,DOCUMENTED_UNICODE_RECONCILIATION_NOT_BYTE_EXTRACTED_2013,JUCHITAN_HISTORICAL_SOURCE,STRUCTURED_BACKFILL_V0_1
PICKETT-ZE-2385,xpia’,xpia’,xpiaꞌ,xpiaꞌ,"[""xpiaꞌ""]",ENTRY,,,,"su manera de ser, su costumbre, su genio, su maña","xpia’ su manera de ser, su costumbre, su","genio, su maña",43,57,1,ZAPOTECO_ESPAÑOL,BIB003_PICKETT_VOCABULARIO,2007_FIFTH_ELECTRONIC,2013_FIFTH_ELECTRONIC_SECOND_VERSION,DOCUMENTED_UNICODE_RECONCILIATION_NOT_BYTE_EXTRACTED_2013,JUCHITAN_HISTORICAL_SOURCE,STRUCTURED_BACKFILL_V0_1
PICKETT-ZE-2386,xpiini’,xpiini’,xpiiniꞌ,xpiiniꞌ,"[""xpiiniꞌ""]",ENTRY,,,,"criada, servidumbre","xpiini’ criada, servidumbre",,43,57,1,ZAPOTECO_ESPAÑOL,BIB003_PICKETT_VOCABULARIO,2007_FIFTH_ELECTRONIC,2013_FIFTH_ELECTRONIC_SECOND_VERSION,DOCUMENTED_UNICODE_RECONCILIATION_NOT_BYTE_EXTRACTED_2013,JUCHITAN_HISTORICAL_SOURCE,STRUCTURED_BACKFILL_V0_1
PICKETT-ZE-2387,xpinni,xpinni,xpinni,xpinni,"[""xpinni""]",ENTRY,,,[b.a],"su partidario, su correligionario","xpinni [b.a] su partidario, su",correligionario,43,57,1,ZAPOTECO_ESPAÑOL,BIB003_PICKETT_VOCABULARIO,2007_FIFTH_ELECTRONIC,2013_FIFTH_ELECTRONIC_SECOND_VERSION,DOCUMENTED_UNICODE_RECONCILIATION_NOT_BYTE_EXTRACTED_2013,JUCHITAN_HISTORICAL_SOURCE,STRUCTURED_BACKFILL_V0_1
PICKETT-ZE-2388,xpixuaana’,xpixuaana’,xpixuaanaꞌ,xpixuaanaꞌ,"[""xpixuaanaꞌ""]",ENTRY,,,,"su patrón, su dueño, su jefe","xpixuaana’ su patrón, su dueño, su jefe",,43,57,1,ZAPOTECO_ESPAÑOL,BIB003_PICKETT_VOCABULARIO,2007_FIFTH_ELECTRONIC,2013_FIFTH_ELECTRONIC_SECOND_VERSION,DOCUMENTED_UNICODE_RECONCILIATION_NOT_BYTE_EXTRACTED_2013,JUCHITAN_HISTORICAL_SOURCE,STRUCTURED_BACKFILL_V0_1
PICKETT-ZE-2389,xpuyu’,xpuyu’,xpuyuꞌ,xpuyuꞌ,"[""xpuyuꞌ""]",ENTRY,,,[b.al],su pollo; su novio,xpuyu’ [b.al] su pollo; su novio,,43,57,1,ZAPOTECO_ESPAÑOL,BIB003_PICKETT_VOCABULARIO,2007_FIFTH_ELECTRONIC,2013_FIFTH_ELECTRONIC_SECOND_VERSION,DOCUMENTED_UNICODE_RECONCILIATION_NOT_BYTE_EXTRACTED_2013,JUCHITAN_HISTORICAL_SOURCE,STRUCTURED_BACKFILL_V0_1
PICKETT-ZE-2390,xquenda,xquenda,xquenda,xquenda,"[""xquenda""]",ENTRY,,,,"su característica, su nagual, su virtud","xquenda su característica, su nagual, su",virtud,43,57,1,ZAPOTECO_ESPAÑOL,BIB003_PICKETT_VOCABULARIO,2007_FIFTH_ELECTRONIC,2013_FIFTH_ELECTRONIC_SECOND_VERSION,DOCUMENTED_UNICODE_RECONCILIATION_NOT_BYTE_EXTRACTED_2013,JUCHITAN_HISTORICAL_SOURCE,STRUCTURED_BACKFILL_V0_1
PICKETT-ZE-2391,xquesadó,xquesadó,xquesadó,xquesadó,"[""xquesadó""]",ENTRY,,,[b.b.al],su fontanela,xquesadó [b.b.al] su fontanela,,43,57,1,ZAPOTECO_ESPAÑOL,BIB003_PICKETT_VOCABULARIO,2007_FIFTH_ELECTRONIC,2013_FIFTH_ELECTRONIC_SECOND_VERSION,DOCUMENTED_UNICODE_RECONCILIATION_NOT_BYTE_EXTRACTED_2013,JUCHITAN_HISTORICAL_SOURCE,STRUCTURED_BACKFILL_V0_1
PICKETT-ZE-2392,xquipi’,xquipi’,xquipiꞌ,xquipiꞌ,"[""xquipiꞌ""]",ENTRY,,,[b.al],su ombligo,xquipi’ [b.al] su ombligo,,43,57,1,ZAPOTECO_ESPAÑOL,BIB003_PICKETT_VOCABULARIO,2007_FIFTH_ELECTRONIC,2013_FIFTH_ELECTRONIC_SECOND_VERSION,DOCUMENTED_UNICODE_RECONCILIATION_NOT_BYTE_EXTRACTED_2013,JUCHITAN_HISTORICAL_SOURCE,STRUCTURED_BACKFILL_V0_1
PICKETT-ZE-2393,xquitegubidxa,xquitegubidxa,xquitegubidxa,xquitegubidxa,"[""xquitegubidxa""]",ENTRY,,,[b.b.al.b.b],juguete del sol (pájaro),xquitegubidxa [b.b.al.b.b] juguete del sol,(pájaro),43,57,1,ZAPOTECO_ESPAÑOL,BIB003_PICKETT_VOCABULARIO,2007_FIFTH_ELECTRONIC,2013_FIFTH_ELECTRONIC_SECOND_VERSION,DOCUMENTED_UNICODE_RECONCILIATION_NOT_BYTE_EXTRACTED_2013,JUCHITAN_HISTORICAL_SOURCE,STRUCTURED_BACKFILL_V0_1
PICKETT-ZE-2394,xquixhimani’,xquixhimani’,xquixhimaniꞌ,xquixhimaniꞌ,"[""xquixhimaniꞌ""]",ENTRY,,,[b.al.al.al],hongo venenoso,xquixhimani’ [b.al.al.al] hongo venenoso,,43,57,1,ZAPOTECO_ESPAÑOL,BIB003_PICKETT_VOCABULARIO,2007_FIFTH_ELECTRONIC,2013_FIFTH_ELECTRONIC_SECOND_VERSION,DOCUMENTED_UNICODE_RECONCILIATION_NOT_BYTE_EXTRACTED_2013,JUCHITAN_HISTORICAL_SOURCE,STRUCTURED_BACKFILL_V0_1
PICKETT-ZE-2395,xtaani,xtaani,xtaani,xtaani,"[""xtaani""]",ENTRY,,,[b.b.a],su huipil,xtaani [b.b.a] su huipil,,43,57,1,ZAPOTECO_ESPAÑOL,BIB003_PICKETT_VOCABULARIO,2007_FIFTH_ELECTRONIC,2013_FIFTH_ELECTRONIC_SECOND_VERSION,DOCUMENTED_UNICODE_RECONCILIATION_NOT_BYTE_EXTRACTED_2013,JUCHITAN_HISTORICAL_SOURCE,STRUCTURED_BACKFILL_V0_1
PICKETT-ZE-2396,"xti’, sti’","xti’, sti’","xtiꞌ, stiꞌ",xtiꞌ,"[""xtiꞌ"", ""stiꞌ""]",ENTRY,,,[a],de (forma general de indicar la posesión),"xti’, sti’ [a] de (forma general de indicar la",posesión),43,57,1,ZAPOTECO_ESPAÑOL,BIB003_PICKETT_VOCABULARIO,2007_FIFTH_ELECTRONIC,2013_FIFTH_ELECTRONIC_SECOND_VERSION,DOCUMENTED_UNICODE_RECONCILIATION_NOT_BYTE_EXTRACTED_2013,JUCHITAN_HISTORICAL_SOURCE,STRUCTURED_BACKFILL_V0_1
PICKETT-ZE-2397,"xtibe, stibe","xtibe, stibe","xtibe, stibe",xtibe,"[""xtibe"", ""stibe""]",SUBENTRY,"xtiꞌ, stiꞌ",,,"suyo, de él o de ella (refiriéndose a personas)","xtibe, stibe [a] suyo, de él o de ella",(refiriéndose a personas),43,57,1,ZAPOTECO_ESPAÑOL,BIB003_PICKETT_VOCABULARIO,2007_FIFTH_ELECTRONIC,2013_FIFTH_ELECTRONIC_SECOND_VERSION,DOCUMENTED_UNICODE_RECONCILIATION_NOT_BYTE_EXTRACTED_2013,JUCHITAN_HISTORICAL_SOURCE,STRUCTURED_BACKFILL_V0_1
PICKETT-ZE-2398,"xtica’, stica’","xtica’, stica’","xticaꞌ, sticaꞌ",xticaꞌ,"[""xticaꞌ"", ""sticaꞌ""]",SUBENTRY,"xtiꞌ, stiꞌ",,,"suyo, de ellos o de ellas (refiriéndose a personas)","xtica’, stica’ [a.b] suyo, de ellos o de",ellas (refiriéndose a personas),43,57,1,ZAPOTECO_ESPAÑOL,BIB003_PICKETT_VOCABULARIO,2007_FIFTH_ELECTRONIC,2013_FIFTH_ELECTRONIC_SECOND_VERSION,DOCUMENTED_UNICODE_RECONCILIATION_NOT_BYTE_EXTRACTED_2013,JUCHITAN_HISTORICAL_SOURCE,STRUCTURED_BACKFILL_V0_1
PICKETT-ZE-2399,"xtícabe, stícabe","xtícabe, stícabe","xtícabe, stícabe",xtícabe,"[""xtícabe"", ""stícabe""]",SUBENTRY,"xtiꞌ, stiꞌ",,,"suyo, de ellos o de ellas (refiriéndose a personas)","xtícabe, stícabe [a.b.a] suyo, de ellos o",de ellas (refiriéndose a personas),43,57,1,ZAPOTECO_ESPAÑOL,BIB003_PICKETT_VOCABULARIO,2007_FIFTH_ELECTRONIC,2013_FIFTH_ELECTRONIC_SECOND_VERSION,DOCUMENTED_UNICODE_RECONCILIATION_NOT_BYTE_EXTRACTED_2013,JUCHITAN_HISTORICAL_SOURCE,STRUCTURED_BACKFILL_V0_1
PICKETT-ZE-2400,"xtícame, stícame","xtícame, stícame","xtícame, stícame",xtícame,"[""xtícame"", ""stícame""]",SUBENTRY,"xtiꞌ, stiꞌ",,,"suyo, de ellos o de ellas (refiriéndose a animales)","xtícame, stícame [a.b.a] suyo, de ellos",o de ellas (refiriéndose a animales),43,57,1,ZAPOTECO_ESPAÑOL,BIB003_PICKETT_VOCABULARIO,2007_FIFTH_ELECTRONIC,2013_FIFTH_ELECTRONIC_SECOND_VERSION,DOCUMENTED_UNICODE_RECONCILIATION_NOT_BYTE_EXTRACTED_2013,JUCHITAN_HISTORICAL_SOURCE,STRUCTURED_BACKFILL_V0_1
PICKETT-ZE-2401,"xtícani, stícani","xtícani, stícani","xtícani, stícani",xtícani,"[""xtícani"", ""stícani""]",SUBENTRY,"xtiꞌ, stiꞌ",,,"suyo, de ellos o de ellas (refiriéndose a objetos)","xtícani, stícani [a.b.a] suyo, de ellos o",de ellas (refiriéndose a objetos),43,57,1,ZAPOTECO_ESPAÑOL,BIB003_PICKETT_VOCABULARIO,2007_FIFTH_ELECTRONIC,2013_FIFTH_ELECTRONIC_SECOND_VERSION,DOCUMENTED_UNICODE_RECONCILIATION_NOT_BYTE_EXTRACTED_2013,JUCHITAN_HISTORICAL_SOURCE,STRUCTURED_BACKFILL_V0_1
PICKETT-ZE-2402,"xtícanu, stícanu","xtícanu, stícanu","xtícanu, stícanu",xtícanu,"[""xtícanu"", ""stícanu""]",SUBENTRY,"xtiꞌ, stiꞌ",,,"nuestro, nuestra (incluye a las personas con quienes se está hablando)","xtícanu, stícanu [a.b.a] nuestro, nuestra",(incluye a las personas con quienes se está hablando),43,57,1,ZAPOTECO_ESPAÑOL,BIB003_PICKETT_VOCABULARIO,2007_FIFTH_ELECTRONIC,2013_FIFTH_ELECTRONIC_SECOND_VERSION,DOCUMENTED_UNICODE_RECONCILIATION_NOT_BYTE_EXTRACTED_2013,JUCHITAN_HISTORICAL_SOURCE,STRUCTURED_BACKFILL_V0_1
PICKETT-ZE-2403,"xtidu, stidu","xtidu, stidu","xtidu, stidu",xtidu,"[""xtidu"", ""stidu""]",SUBENTRY,"xtiꞌ, stiꞌ",,,"nuestro, nuestra (no incluye a las personas con quienes se está hablando)","xtidu, stidu [a] nuestro, nuestra (no",incluye a las personas con quienes se está hablando),43,57,1,ZAPOTECO_ESPAÑOL,BIB003_PICKETT_VOCABULARIO,2007_FIFTH_ELECTRONIC,2013_FIFTH_ELECTRONIC_SECOND_VERSION,DOCUMENTED_UNICODE_RECONCILIATION_NOT_BYTE_EXTRACTED_2013,JUCHITAN_HISTORICAL_SOURCE,STRUCTURED_BACKFILL_V0_1
PICKETT-ZE-2404,"xtilu’, stilu’","xtilu’, stilu’","xtiluꞌ, stiluꞌ",xtiluꞌ,"[""xtiluꞌ"", ""stiluꞌ""]",SUBENTRY,,,,"tuyo, suyo, de usted","xtilu’, stilu’ [a.b] tuyo, suyo, de usted",,43,57,2,ZAPOTECO_ESPAÑOL,BIB003_PICKETT_VOCABULARIO,2007_FIFTH_ELECTRONIC,2013_FIFTH_ELECTRONIC_SECOND_VERSION,DOCUMENTED_UNICODE_RECONCILIATION_NOT_BYTE_EXTRACTED_2013,JUCHITAN_HISTORICAL_SOURCE,STRUCTURED_BACKFILL_V0_1
PICKETT-ZE-2405,"xtime, stime","xtime, stime","xtime, stime",xtime,"[""xtime"", ""stime""]",SUBENTRY,,,,"suyo, de él o de ella (refiriéndose a animales)","xtime, stime [a] suyo, de él o de ella",(refiriéndose a animales),43,57,2,ZAPOTECO_ESPAÑOL,BIB003_PICKETT_VOCABULARIO,2007_FIFTH_ELECTRONIC,2013_FIFTH_ELECTRONIC_SECOND_VERSION,DOCUMENTED_UNICODE_RECONCILIATION_NOT_BYTE_EXTRACTED_2013,JUCHITAN_HISTORICAL_SOURCE,STRUCTURED_BACKFILL_V0_1
PICKETT-ZE-2406,"xtini, stini","xtini, stini","xtini, stini",xtini,"[""xtini"", ""stini""]",ENTRY,,,,"suyo, de él o de ella (refiriéndose a objetos)","xtini, stini [a] suyo, de él o de ella",(refiriéndose a objetos),43,57,2,ZAPOTECO_ESPAÑOL,BIB003_PICKETT_VOCABULARIO,2007_FIFTH_ELECTRONIC,2013_FIFTH_ELECTRONIC_SECOND_VERSION,DOCUMENTED_UNICODE_RECONCILIATION_NOT_BYTE_EXTRACTED_2013,JUCHITAN_HISTORICAL_SOURCE,STRUCTURED_BACKFILL_V0_1
PICKETT-ZE-2407,"xtini’, stini’","xtini’, stini’","xtiniꞌ, stiniꞌ",xtiniꞌ,"[""xtiniꞌ"", ""stiniꞌ""]",ENTRY,,,,"suyo, de él o de ella (refiriéndose a personas, conmiserativamente)","xtini’, stini’ [a.b] suyo, de él o de ella","(refiriéndose a personas, conmiserativamente)",43,57,2,ZAPOTECO_ESPAÑOL,BIB003_PICKETT_VOCABULARIO,2007_FIFTH_ELECTRONIC,2013_FIFTH_ELECTRONIC_SECOND_VERSION,DOCUMENTED_UNICODE_RECONCILIATION_NOT_BYTE_EXTRACTED_2013,JUCHITAN_HISTORICAL_SOURCE,STRUCTURED_BACKFILL_V0_1
PICKETT-ZE-2408,"xtinu, stinu","xtinu, stinu","xtinu, stinu",xtinu,"[""xtinu"", ""stinu""]",ENTRY,,,,"nuestro, nuestra (incluye a las personas con quienes se está hablando)","xtinu, stinu [a] nuestro, nuestra (incluye",a las personas con quienes se está hablando),43,57,2,ZAPOTECO_ESPAÑOL,BIB003_PICKETT_VOCABULARIO,2007_FIFTH_ELECTRONIC,2013_FIFTH_ELECTRONIC_SECOND_VERSION,DOCUMENTED_UNICODE_RECONCILIATION_NOT_BYTE_EXTRACTED_2013,JUCHITAN_HISTORICAL_SOURCE,STRUCTURED_BACKFILL_V0_1
PICKETT-ZE-2409,"xtinne’, stinne’","xtinne’, stinne’","xtinneꞌ, stinneꞌ",xtinneꞌ,"[""xtinneꞌ"", ""stinneꞌ""]",ENTRY,,,,"mío, mía","xtinne’, stinne’ [b.al] mío, mía",,43,57,2,ZAPOTECO_ESPAÑOL,BIB003_PICKETT_VOCABULARIO,2007_FIFTH_ELECTRONIC,2013_FIFTH_ELECTRONIC_SECOND_VERSION,DOCUMENTED_UNICODE_RECONCILIATION_NOT_BYTE_EXTRACTED_2013,JUCHITAN_HISTORICAL_SOURCE,STRUCTURED_BACKFILL_V0_1
PICKETT-ZE-2410,"xtitu, stitu","xtitu, stitu","xtitu, stitu",xtitu,"[""xtitu"", ""stitu""]",ENTRY,,,,"suyo, de ustedes","xtitu, stitu [a] suyo, de ustedes",,43,57,2,ZAPOTECO_ESPAÑOL,BIB003_PICKETT_VOCABULARIO,2007_FIFTH_ELECTRONIC,2013_FIFTH_ELECTRONIC_SECOND_VERSION,DOCUMENTED_UNICODE_RECONCILIATION_NOT_BYTE_EXTRACTED_2013,JUCHITAN_HISTORICAL_SOURCE,STRUCTURED_BACKFILL_V0_1
PICKETT-ZE-2411,"xtiu’, stiu’","xtiu’, stiu’","xtiuꞌ, stiuꞌ",xtiuꞌ,"[""xtiuꞌ"", ""stiuꞌ""]",SUBENTRY,"xtitu, stitu",,,"tuyo, suyo, de usted","xtiu’, stiu’ [al] tuyo, suyo, de usted",,43,57,2,ZAPOTECO_ESPAÑOL,BIB003_PICKETT_VOCABULARIO,2007_FIFTH_ELECTRONIC,2013_FIFTH_ELECTRONIC_SECOND_VERSION,DOCUMENTED_UNICODE_RECONCILIATION_NOT_BYTE_EXTRACTED_2013,JUCHITAN_HISTORICAL_SOURCE,STRUCTURED_BACKFILL_V0_1
PICKETT-ZE-2412,"xtixe, stixe","xtixe, stixe","xtixe, stixe",xtixe,"[""xtixe"", ""stixe""]",SUBENTRY,"xtitu, stitu",,,"suyo (refiriéndose a niños, arc.)","xtixe, stixe [a] suyo (refiriéndose a","niños, arc.)",43,57,2,ZAPOTECO_ESPAÑOL,BIB003_PICKETT_VOCABULARIO,2007_FIFTH_ELECTRONIC,2013_FIFTH_ELECTRONIC_SECOND_VERSION,DOCUMENTED_UNICODE_RECONCILIATION_NOT_BYTE_EXTRACTED_2013,JUCHITAN_HISTORICAL_SOURCE,STRUCTURED_BACKFILL_V0_1
PICKETT-ZE-2413,xtiipi,xtiipi,xtiipi,xtiipi,"[""xtiipi""]",ENTRY,,,[a],silbido,xtiipi [a] silbido,,43,57,2,ZAPOTECO_ESPAÑOL,BIB003_PICKETT_VOCABULARIO,2007_FIFTH_ELECTRONIC,2013_FIFTH_ELECTRONIC_SECOND_VERSION,DOCUMENTED_UNICODE_RECONCILIATION_NOT_BYTE_EXTRACTED_2013,JUCHITAN_HISTORICAL_SOURCE,STRUCTURED_BACKFILL_V0_1
PICKETT-ZE-2414,xtuxhu,xtuxhu,xtuxhu,xtuxhu,"[""xtuxhu""]",ENTRY,,,[al.b],"resplandor, rayo o brillo de sol o de luz; filo del cuchillo","xtuxhu [al.b] resplandor, rayo o brillo de",sol o de luz; filo del cuchillo,43,57,2,ZAPOTECO_ESPAÑOL,BIB003_PICKETT_VOCABULARIO,2007_FIFTH_ELECTRONIC,2013_FIFTH_ELECTRONIC_SECOND_VERSION,DOCUMENTED_UNICODE_RECONCILIATION_NOT_BYTE_EXTRACTED_2013,JUCHITAN_HISTORICAL_SOURCE,STRUCTURED_BACKFILL_V0_1
PICKETT-ZE-2415,xu,xu,xu,xu,"[""xu""]",ENTRY,,,,temblor,xu temblor,,43,57,2,ZAPOTECO_ESPAÑOL,BIB003_PICKETT_VOCABULARIO,2007_FIFTH_ELECTRONIC,2013_FIFTH_ELECTRONIC_SECOND_VERSION,DOCUMENTED_UNICODE_RECONCILIATION_NOT_BYTE_EXTRACTED_2013,JUCHITAN_HISTORICAL_SOURCE,STRUCTURED_BACKFILL_V0_1
PICKETT-ZE-2416,"xuaalidxi, xhuaalidxi","xuaalidxi, xhuaalidxi","xuaalidxi, xhuaalidxi",xuaalidxi,"[""xuaalidxi"", ""xhuaalidxi""]",ENTRY,,,,nuera,"xuaalidxi, xhuaalidxi nuera",,43,57,2,ZAPOTECO_ESPAÑOL,BIB003_PICKETT_VOCABULARIO,2007_FIFTH_ELECTRONIC,2013_FIFTH_ELECTRONIC_SECOND_VERSION,DOCUMENTED_UNICODE_RECONCILIATION_NOT_BYTE_EXTRACTED_2013,JUCHITAN_HISTORICAL_SOURCE,STRUCTURED_BACKFILL_V0_1
PICKETT-ZE-2417,xuaana’ (gola),xuaana’ (gola),xuaanaꞌ (gola),xuaanaꞌ (gola),"[""xuaanaꞌ (gola)""]",ENTRY,,,[b-a.b],persona que dirige las ceremonias del casamiento,xuaana’ (gola) [b-a.b] persona que dirige,las ceremonias del casamiento,43,57,2,ZAPOTECO_ESPAÑOL,BIB003_PICKETT_VOCABULARIO,2007_FIFTH_ELECTRONIC,2013_FIFTH_ELECTRONIC_SECOND_VERSION,DOCUMENTED_UNICODE_RECONCILIATION_NOT_BYTE_EXTRACTED_2013,JUCHITAN_HISTORICAL_SOURCE,STRUCTURED_BACKFILL_V0_1
PICKETT-ZE-2418,xuba’,xuba’,xubaꞌ,xubaꞌ,"[""xubaꞌ""]",ENTRY,,,[b.al],maíz,xuba’ [b.al] maíz,,43,57,2,ZAPOTECO_ESPAÑOL,BIB003_PICKETT_VOCABULARIO,2007_FIFTH_ELECTRONIC,2013_FIFTH_ELECTRONIC_SECOND_VERSION,DOCUMENTED_UNICODE_RECONCILIATION_NOT_BYTE_EXTRACTED_2013,JUCHITAN_HISTORICAL_SOURCE,STRUCTURED_BACKFILL_V0_1
PICKETT-ZE-2419,xubaande’,xubaande’,xubaandeꞌ,xubaandeꞌ,"[""xubaandeꞌ""]",SUBENTRY,xubaꞌ,,,maíz cocido para pozol,xubaande’ [b.al.b] maíz cocido para,pozol,43,57,2,ZAPOTECO_ESPAÑOL,BIB003_PICKETT_VOCABULARIO,2007_FIFTH_ELECTRONIC,2013_FIFTH_ELECTRONIC_SECOND_VERSION,DOCUMENTED_UNICODE_RECONCILIATION_NOT_BYTE_EXTRACTED_2013,JUCHITAN_HISTORICAL_SOURCE,STRUCTURED_BACKFILL_V0_1
PICKETT-ZE-2420,xubaniaa,xubaniaa,xubaniaa,xubaniaa,"[""xubaniaa""]",SUBENTRY,xubaꞌ,,,"maíz cocido, nixtamal","xubaniaa [b.al.a] maíz cocido, nixtamal",,43,57,2,ZAPOTECO_ESPAÑOL,BIB003_PICKETT_VOCABULARIO,2007_FIFTH_ELECTRONIC,2013_FIFTH_ELECTRONIC_SECOND_VERSION,DOCUMENTED_UNICODE_RECONCILIATION_NOT_BYTE_EXTRACTED_2013,JUCHITAN_HISTORICAL_SOURCE,STRUCTURED_BACKFILL_V0_1
PICKETT-ZE-2421,xu’ba’,xu’ba’,xuꞌbaꞌ,xuꞌbaꞌ,"[""xuꞌbaꞌ""]",ENTRY,,,[al.b],flotando; empollando,xu’ba’ [al.b] flotando; empollando,,43,57,2,ZAPOTECO_ESPAÑOL,BIB003_PICKETT_VOCABULARIO,2007_FIFTH_ELECTRONIC,2013_FIFTH_ELECTRONIC_SECOND_VERSION,DOCUMENTED_UNICODE_RECONCILIATION_NOT_BYTE_EXTRACTED_2013,JUCHITAN_HISTORICAL_SOURCE,STRUCTURED_BACKFILL_V0_1
PICKETT-ZE-2422,xumale,xumale,xumale,xumale,"[""xumale""]",ENTRY,,,[b.a.b],su comadre,xumale [b.a.b] su comadre,,43,57,2,ZAPOTECO_ESPAÑOL,BIB003_PICKETT_VOCABULARIO,2007_FIFTH_ELECTRONIC,2013_FIFTH_ELECTRONIC_SECOND_VERSION,DOCUMENTED_UNICODE_RECONCILIATION_NOT_BYTE_EXTRACTED_2013,JUCHITAN_HISTORICAL_SOURCE,STRUCTURED_BACKFILL_V0_1
PICKETT-ZE-2423,xumbale,xumbale,xumbale,xumbale,"[""xumbale""]",ENTRY,,,[b.a.b],su compadre,xumbale [b.a.b] su compadre,,43,57,2,ZAPOTECO_ESPAÑOL,BIB003_PICKETT_VOCABULARIO,2007_FIFTH_ELECTRONIC,2013_FIFTH_ELECTRONIC_SECOND_VERSION,DOCUMENTED_UNICODE_RECONCILIATION_NOT_BYTE_EXTRACTED_2013,JUCHITAN_HISTORICAL_SOURCE,STRUCTURED_BACKFILL_V0_1
PICKETT-ZE-2424,xumbe’,xumbe’,xumbeꞌ,xumbeꞌ,"[""xumbeꞌ""]",ENTRY,,,[al.b],garza,xumbe’ [al.b] garza,,43,57,2,ZAPOTECO_ESPAÑOL,BIB003_PICKETT_VOCABULARIO,2007_FIFTH_ELECTRONIC,2013_FIFTH_ELECTRONIC_SECOND_VERSION,DOCUMENTED_UNICODE_RECONCILIATION_NOT_BYTE_EXTRACTED_2013,JUCHITAN_HISTORICAL_SOURCE,STRUCTURED_BACKFILL_V0_1
PICKETT-ZE-2425,xhaba,xhaba,xhaba,xhaba,"[""xhaba""]",ENTRY,,,,"su ropa, su vestido","xhaba su ropa, su vestido",,43,57,2,ZAPOTECO_ESPAÑOL,BIB003_PICKETT_VOCABULARIO,2007_FIFTH_ELECTRONIC,2013_FIFTH_ELECTRONIC_SECOND_VERSION,DOCUMENTED_UNICODE_RECONCILIATION_NOT_BYTE_EXTRACTED_2013,JUCHITAN_HISTORICAL_SOURCE,STRUCTURED_BACKFILL_V0_1
PICKETT-ZE-2426,xha’ca’,xha’ca’,xhaꞌcaꞌ,xhaꞌcaꞌ,"[""xhaꞌcaꞌ""]",ENTRY,,,,su novio,xha’ca’ su novio,,43,57,2,ZAPOTECO_ESPAÑOL,BIB003_PICKETT_VOCABULARIO,2007_FIFTH_ELECTRONIC,2013_FIFTH_ELECTRONIC_SECOND_VERSION,DOCUMENTED_UNICODE_RECONCILIATION_NOT_BYTE_EXTRACTED_2013,JUCHITAN_HISTORICAL_SOURCE,STRUCTURED_BACKFILL_V0_1
PICKETT-ZE-2427,xhadxi,xhadxi,xhadxi,xhadxi,"[""xhadxi""]",ENTRY,,,,cacarizo,xhadxi cacarizo,,43,57,2,ZAPOTECO_ESPAÑOL,BIB003_PICKETT_VOCABULARIO,2007_FIFTH_ELECTRONIC,2013_FIFTH_ELECTRONIC_SECOND_VERSION,DOCUMENTED_UNICODE_RECONCILIATION_NOT_BYTE_EXTRACTED_2013,JUCHITAN_HISTORICAL_SOURCE,STRUCTURED_BACKFILL_V0_1
PICKETT-ZE-2428,xhaga,xhaga,xhaga,xhaga,"[""xhaga""]",ENTRY,,,,"cachete, mejilla","xhaga cachete, mejilla",,43,57,2,ZAPOTECO_ESPAÑOL,BIB003_PICKETT_VOCABULARIO,2007_FIFTH_ELECTRONIC,2013_FIFTH_ELECTRONIC_SECOND_VERSION,DOCUMENTED_UNICODE_RECONCILIATION_NOT_BYTE_EXTRACTED_2013,JUCHITAN_HISTORICAL_SOURCE,STRUCTURED_BACKFILL_V0_1
PICKETT-ZE-2429,xhaga puupu’,xhaga puupu’,xhaga puupuꞌ,xhaga puupuꞌ,"[""xhaga puupuꞌ""]",SUBENTRY,xhaga,,,cachetón,xhaga puupu’ cachetón,,43,57,2,ZAPOTECO_ESPAÑOL,BIB003_PICKETT_VOCABULARIO,2007_FIFTH_ELECTRONIC,2013_FIFTH_ELECTRONIC_SECOND_VERSION,DOCUMENTED_UNICODE_RECONCILIATION_NOT_BYTE_EXTRACTED_2013,JUCHITAN_HISTORICAL_SOURCE,STRUCTURED_BACKFILL_V0_1
PICKETT-ZE-2430,xhagalá,xhagalá,xhagalá,xhagalá,"[""xhagalá""]",ENTRY,,,,cascalote (árbol),xhagalá cascalote (árbol),,43,57,2,ZAPOTECO_ESPAÑOL,BIB003_PICKETT_VOCABULARIO,2007_FIFTH_ELECTRONIC,2013_FIFTH_ELECTRONIC_SECOND_VERSION,DOCUMENTED_UNICODE_RECONCILIATION_NOT_BYTE_EXTRACTED_2013,JUCHITAN_HISTORICAL_SOURCE,STRUCTURED_BACKFILL_V0_1
PICKETT-ZE-2431,xhahuela’,xhahuela’,xhahuelaꞌ,xhahuelaꞌ,"[""xhahuelaꞌ""]",ENTRY,,,[b.b.al],abuela,xhahuela’ [b.b.al] abuela,,43,57,2,ZAPOTECO_ESPAÑOL,BIB003_PICKETT_VOCABULARIO,2007_FIFTH_ELECTRONIC,2013_FIFTH_ELECTRONIC_SECOND_VERSION,DOCUMENTED_UNICODE_RECONCILIATION_NOT_BYTE_EXTRACTED_2013,JUCHITAN_HISTORICAL_SOURCE,STRUCTURED_BACKFILL_V0_1
PICKETT-ZE-2432,xhaapa’,xhaapa’,xhaapaꞌ,xhaapaꞌ,"[""xhaapaꞌ""]",ENTRY,,,,su novia,xhaapa’ su novia,,43,57,2,ZAPOTECO_ESPAÑOL,BIB003_PICKETT_VOCABULARIO,2007_FIFTH_ELECTRONIC,2013_FIFTH_ELECTRONIC_SECOND_VERSION,DOCUMENTED_UNICODE_RECONCILIATION_NOT_BYTE_EXTRACTED_2013,JUCHITAN_HISTORICAL_SOURCE,STRUCTURED_BACKFILL_V0_1
PICKETT-ZE-2433,xhaata’,xhaata’,xhaataꞌ,xhaataꞌ,"[""xhaataꞌ""]",ENTRY,,,,"demasiado, en exceso, propasado (partícula que sigue al verbo)","xhaata’ demasiado, en exceso, propasado",(partícula que sigue al verbo),44,58,1,ZAPOTECO_ESPAÑOL,BIB003_PICKETT_VOCABULARIO,2007_FIFTH_ELECTRONIC,2013_FIFTH_ELECTRONIC_SECOND_VERSION,DOCUMENTED_UNICODE_RECONCILIATION_NOT_BYTE_EXTRACTED_2013,JUCHITAN_HISTORICAL_SOURCE,STRUCTURED_BACKFILL_V0_1
PICKETT-ZE-2434,xheela’,xheela’,xheelaꞌ,xheelaꞌ,"[""xheelaꞌ""]",ENTRY,,,,"esposo, esposa","xheela’ esposo, esposa",,44,58,1,ZAPOTECO_ESPAÑOL,BIB003_PICKETT_VOCABULARIO,2007_FIFTH_ELECTRONIC,2013_FIFTH_ELECTRONIC_SECOND_VERSION,DOCUMENTED_UNICODE_RECONCILIATION_NOT_BYTE_EXTRACTED_2013,JUCHITAN_HISTORICAL_SOURCE,STRUCTURED_BACKFILL_V0_1
PICKETT-ZE-2435,xhiaa,xhiaa,xhiaa,xhiaa,"[""xhiaa""]",ENTRY,,,,ala,xhiaa ala,,44,58,1,ZAPOTECO_ESPAÑOL,BIB003_PICKETT_VOCABULARIO,2007_FIFTH_ELECTRONIC,2013_FIFTH_ELECTRONIC_SECOND_VERSION,DOCUMENTED_UNICODE_RECONCILIATION_NOT_BYTE_EXTRACTED_2013,JUCHITAN_HISTORICAL_SOURCE,STRUCTURED_BACKFILL_V0_1
PICKETT-ZE-2436,xhiee,xhiee,xhiee,xhiee,"[""xhiee""]",ENTRY,,,,respiración,xhiee respiración,,44,58,1,ZAPOTECO_ESPAÑOL,BIB003_PICKETT_VOCABULARIO,2007_FIFTH_ELECTRONIC,2013_FIFTH_ELECTRONIC_SECOND_VERSION,DOCUMENTED_UNICODE_RECONCILIATION_NOT_BYTE_EXTRACTED_2013,JUCHITAN_HISTORICAL_SOURCE,STRUCTURED_BACKFILL_V0_1
PICKETT-ZE-2437,xhiga,xhiga,xhiga,xhiga,"[""xhiga""]",ENTRY,,,,"agüero, visión, espanto, fantasma","xhiga agüero, visión, espanto, fantasma",,44,58,1,ZAPOTECO_ESPAÑOL,BIB003_PICKETT_VOCABULARIO,2007_FIFTH_ELECTRONIC,2013_FIFTH_ELECTRONIC_SECOND_VERSION,DOCUMENTED_UNICODE_RECONCILIATION_NOT_BYTE_EXTRACTED_2013,JUCHITAN_HISTORICAL_SOURCE,STRUCTURED_BACKFILL_V0_1
PICKETT-ZE-2438,xhiga,xhiga,xhiga,xhiga,"[""xhiga""]",ENTRY,,,[a.b],chachalaca,xhiga [a.b] chachalaca,,44,58,1,ZAPOTECO_ESPAÑOL,BIB003_PICKETT_VOCABULARIO,2007_FIFTH_ELECTRONIC,2013_FIFTH_ELECTRONIC_SECOND_VERSION,DOCUMENTED_UNICODE_RECONCILIATION_NOT_BYTE_EXTRACTED_2013,JUCHITAN_HISTORICAL_SOURCE,STRUCTURED_BACKFILL_V0_1
PICKETT-ZE-2439,xhigui,xhigui,xhigui,xhigui,"[""xhigui""]",ENTRY,,,,"barba, mentón","xhigui barba, mentón",,44,58,1,ZAPOTECO_ESPAÑOL,BIB003_PICKETT_VOCABULARIO,2007_FIFTH_ELECTRONIC,2013_FIFTH_ELECTRONIC_SECOND_VERSION,DOCUMENTED_UNICODE_RECONCILIATION_NOT_BYTE_EXTRACTED_2013,JUCHITAN_HISTORICAL_SOURCE,STRUCTURED_BACKFILL_V0_1
PICKETT-ZE-2440,xhiihui’,xhiihui’,xhiihuiꞌ,xhiihuiꞌ,"[""xhiihuiꞌ""]",ENTRY,,,,"demasiado, en exceso, propasado (partícula que sigue al verbo)","xhiihui’ demasiado, en exceso, propasado",(partícula que sigue al verbo),44,58,1,ZAPOTECO_ESPAÑOL,BIB003_PICKETT_VOCABULARIO,2007_FIFTH_ELECTRONIC,2013_FIFTH_ELECTRONIC_SECOND_VERSION,DOCUMENTED_UNICODE_RECONCILIATION_NOT_BYTE_EXTRACTED_2013,JUCHITAN_HISTORICAL_SOURCE,STRUCTURED_BACKFILL_V0_1
PICKETT-ZE-2441,xho’,xho’,xhoꞌ,xhoꞌ,"[""xhoꞌ""]",ENTRY,,,,olor,xho’ olor,,44,58,1,ZAPOTECO_ESPAÑOL,BIB003_PICKETT_VOCABULARIO,2007_FIFTH_ELECTRONIC,2013_FIFTH_ELECTRONIC_SECOND_VERSION,DOCUMENTED_UNICODE_RECONCILIATION_NOT_BYTE_EXTRACTED_2013,JUCHITAN_HISTORICAL_SOURCE,STRUCTURED_BACKFILL_V0_1
PICKETT-ZE-2442,xhono,xhono,xhono,xhono,"[""xhono""]",ENTRY,,,[b.a],ocho,xhono [b.a] ocho,,44,58,1,ZAPOTECO_ESPAÑOL,BIB003_PICKETT_VOCABULARIO,2007_FIFTH_ELECTRONIC,2013_FIFTH_ELECTRONIC_SECOND_VERSION,DOCUMENTED_UNICODE_RECONCILIATION_NOT_BYTE_EXTRACTED_2013,JUCHITAN_HISTORICAL_SOURCE,STRUCTURED_BACKFILL_V0_1
PICKETT-ZE-2443,xhono gubidxa,xhono gubidxa,xhono gubidxa,xhono gubidxa,"[""xhono gubidxa""]",SUBENTRY,xhono,,,una semana,xhono gubidxa [b-al.b.b] una semana,,44,58,1,ZAPOTECO_ESPAÑOL,BIB003_PICKETT_VOCABULARIO,2007_FIFTH_ELECTRONIC,2013_FIFTH_ELECTRONIC_SECOND_VERSION,DOCUMENTED_UNICODE_RECONCILIATION_NOT_BYTE_EXTRACTED_2013,JUCHITAN_HISTORICAL_SOURCE,STRUCTURED_BACKFILL_V0_1
PICKETT-ZE-2444,xhoopa’,xhoopa’,xhoopaꞌ,xhoopaꞌ,"[""xhoopaꞌ""]",ENTRY,,,,seis,xhoopa’ seis,,44,58,1,ZAPOTECO_ESPAÑOL,BIB003_PICKETT_VOCABULARIO,2007_FIFTH_ELECTRONIC,2013_FIFTH_ELECTRONIC_SECOND_VERSION,DOCUMENTED_UNICODE_RECONCILIATION_NOT_BYTE_EXTRACTED_2013,JUCHITAN_HISTORICAL_SOURCE,STRUCTURED_BACKFILL_V0_1
PICKETT-ZE-2445,xhoopa domi’,xhoopa domi’,xhoopa domiꞌ,xhoopa domiꞌ,"[""xhoopa domiꞌ""]",SUBENTRY,xhoopaꞌ,,,"seis reales, 75¢","xhoopa domi’ [b-b.al] seis reales, 75¢",,44,58,1,ZAPOTECO_ESPAÑOL,BIB003_PICKETT_VOCABULARIO,2007_FIFTH_ELECTRONIC,2013_FIFTH_ELECTRONIC_SECOND_VERSION,DOCUMENTED_UNICODE_RECONCILIATION_NOT_BYTE_EXTRACTED_2013,JUCHITAN_HISTORICAL_SOURCE,STRUCTURED_BACKFILL_V0_1
PICKETT-ZE-2446,"xhuaalidxi, xuaalidxi","xhuaalidxi, xuaalidxi","xhuaalidxi, xuaalidxi",xhuaalidxi,"[""xhuaalidxi"", ""xuaalidxi""]",ENTRY,,,,nuera,"xhuaalidxi, xuaalidxi nuera",,44,58,1,ZAPOTECO_ESPAÑOL,BIB003_PICKETT_VOCABULARIO,2007_FIFTH_ELECTRONIC,2013_FIFTH_ELECTRONIC_SECOND_VERSION,DOCUMENTED_UNICODE_RECONCILIATION_NOT_BYTE_EXTRACTED_2013,JUCHITAN_HISTORICAL_SOURCE,STRUCTURED_BACKFILL_V0_1
PICKETT-ZE-2447,xhudxi,xhudxi,xhudxi,xhudxi,"[""xhudxi""]",ENTRY,,,[a.b],"borracho, borracha","xhudxi [a.b] borracho, borracha",,44,58,1,ZAPOTECO_ESPAÑOL,BIB003_PICKETT_VOCABULARIO,2007_FIFTH_ELECTRONIC,2013_FIFTH_ELECTRONIC_SECOND_VERSION,DOCUMENTED_UNICODE_RECONCILIATION_NOT_BYTE_EXTRACTED_2013,JUCHITAN_HISTORICAL_SOURCE,STRUCTURED_BACKFILL_V0_1
PICKETT-ZE-2448,xhuga,xhuga,xhuga,xhuga,"[""xhuga""]",ENTRY,,,[a],"rasguño, arañazo, rascadura, araño que se hace con uña; garra","xhuga [a] rasguño, arañazo, rascadura,",araño que se hace con uña; garra,44,58,1,ZAPOTECO_ESPAÑOL,BIB003_PICKETT_VOCABULARIO,2007_FIFTH_ELECTRONIC,2013_FIFTH_ELECTRONIC_SECOND_VERSION,DOCUMENTED_UNICODE_RECONCILIATION_NOT_BYTE_EXTRACTED_2013,JUCHITAN_HISTORICAL_SOURCE,STRUCTURED_BACKFILL_V0_1
PICKETT-ZE-2449,xhuuga’,xhuuga’,xhuugaꞌ,xhuugaꞌ,"[""xhuugaꞌ""]",ENTRY,,,,pico,xhuuga’ pico,,44,58,1,ZAPOTECO_ESPAÑOL,BIB003_PICKETT_VOCABULARIO,2007_FIFTH_ELECTRONIC,2013_FIFTH_ELECTRONIC_SECOND_VERSION,DOCUMENTED_UNICODE_RECONCILIATION_NOT_BYTE_EXTRACTED_2013,JUCHITAN_HISTORICAL_SOURCE,STRUCTURED_BACKFILL_V0_1
PICKETT-ZE-2450,"xhumpirinisa, sumpirinisa","xhumpirinisa, sumpirinisa","xhumpirinisa, sumpirinisa",xhumpirinisa,"[""xhumpirinisa"", ""sumpirinisa""]",ENTRY,,,[a.al.al.al.b],"caballito del diablo, libélula","xhumpirinisa, sumpirinisa [a.al.al.al.b]","caballito del diablo, libélula",44,58,1,ZAPOTECO_ESPAÑOL,BIB003_PICKETT_VOCABULARIO,2007_FIFTH_ELECTRONIC,2013_FIFTH_ELECTRONIC_SECOND_VERSION,DOCUMENTED_UNICODE_RECONCILIATION_NOT_BYTE_EXTRACTED_2013,JUCHITAN_HISTORICAL_SOURCE,STRUCTURED_BACKFILL_V0_1
PICKETT-ZE-2451,xhuncu,xhuncu,xhuncu,xhuncu,"[""xhuncu""]",ENTRY,,,[a.b],"hijo o hija menor, benjamín; pobrecito (término cariñoso de piedad); señorita (en poesía)","xhuncu [a.b] hijo o hija menor, benjamín;",pobrecito (término cariñoso de piedad); señorita (en poesía),44,58,1,ZAPOTECO_ESPAÑOL,BIB003_PICKETT_VOCABULARIO,2007_FIFTH_ELECTRONIC,2013_FIFTH_ELECTRONIC_SECOND_VERSION,DOCUMENTED_UNICODE_RECONCILIATION_NOT_BYTE_EXTRACTED_2013,JUCHITAN_HISTORICAL_SOURCE,STRUCTURED_BACKFILL_V0_1
PICKETT-ZE-2452,xhuze,xhuze,xhuze,xhuze,"[""xhuze""]",ENTRY,,,[al.b],consuegro,xhuze [al.b] consuegro,,44,58,1,ZAPOTECO_ESPAÑOL,BIB003_PICKETT_VOCABULARIO,2007_FIFTH_ELECTRONIC,2013_FIFTH_ELECTRONIC_SECOND_VERSION,DOCUMENTED_UNICODE_RECONCILIATION_NOT_BYTE_EXTRACTED_2013,JUCHITAN_HISTORICAL_SOURCE,STRUCTURED_BACKFILL_V0_1
PICKETT-ZE-2453,ya,ya,ya,ya,"[""ya""]",ENTRY,,,,sí,ya sí,,44,58,2,ZAPOTECO_ESPAÑOL,BIB003_PICKETT_VOCABULARIO,2007_FIFTH_ELECTRONIC,2013_FIFTH_ELECTRONIC_SECOND_VERSION,DOCUMENTED_UNICODE_RECONCILIATION_NOT_BYTE_EXTRACTED_2013,JUCHITAN_HISTORICAL_SOURCE,STRUCTURED_BACKFILL_V0_1
PICKETT-ZE-2454,yaga,yaga,yaga,yaga,"[""yaga""]",ENTRY,,,,"árbol, madera, leña, planta, palo, arbusto","yaga árbol, madera, leña, planta, palo,",arbusto,44,58,2,ZAPOTECO_ESPAÑOL,BIB003_PICKETT_VOCABULARIO,2007_FIFTH_ELECTRONIC,2013_FIFTH_ELECTRONIC_SECOND_VERSION,DOCUMENTED_UNICODE_RECONCILIATION_NOT_BYTE_EXTRACTED_2013,JUCHITAN_HISTORICAL_SOURCE,STRUCTURED_BACKFILL_V0_1
PICKETT-ZE-2455,yaga guie’,yaga guie’,yaga guieꞌ,yaga guieꞌ,"[""yaga guieꞌ""]",SUBENTRY,yaga,,,planta de ornato,yaga guie’ planta de ornato,,44,58,2,ZAPOTECO_ESPAÑOL,BIB003_PICKETT_VOCABULARIO,2007_FIFTH_ELECTRONIC,2013_FIFTH_ELECTRONIC_SECOND_VERSION,DOCUMENTED_UNICODE_RECONCILIATION_NOT_BYTE_EXTRACTED_2013,JUCHITAN_HISTORICAL_SOURCE,STRUCTURED_BACKFILL_V0_1
PICKETT-ZE-2456,yaga ñee,yaga ñee,yaga ñee,yaga ñee,"[""yaga ñee""]",SUBENTRY,yaga,,,horcón,yaga ñee horcón,,44,58,2,ZAPOTECO_ESPAÑOL,BIB003_PICKETT_VOCABULARIO,2007_FIFTH_ELECTRONIC,2013_FIFTH_ELECTRONIC_SECOND_VERSION,DOCUMENTED_UNICODE_RECONCILIATION_NOT_BYTE_EXTRACTED_2013,JUCHITAN_HISTORICAL_SOURCE,STRUCTURED_BACKFILL_V0_1
PICKETT-ZE-2457,yaga ruaa,yaga ruaa,yaga ruaa,yaga ruaa,"[""yaga ruaa""]",SUBENTRY,yaga,,,viga,yaga ruaa viga,,44,58,2,ZAPOTECO_ESPAÑOL,BIB003_PICKETT_VOCABULARIO,2007_FIFTH_ELECTRONIC,2013_FIFTH_ELECTRONIC_SECOND_VERSION,DOCUMENTED_UNICODE_RECONCILIATION_NOT_BYTE_EXTRACTED_2013,JUCHITAN_HISTORICAL_SOURCE,STRUCTURED_BACKFILL_V0_1
PICKETT-ZE-2458,yaala,yaala,yaala,yaala,"[""yaala""]",ENTRY,,,[b.a],chicle,yaala [b.a] chicle,,44,58,2,ZAPOTECO_ESPAÑOL,BIB003_PICKETT_VOCABULARIO,2007_FIFTH_ELECTRONIC,2013_FIFTH_ELECTRONIC_SECOND_VERSION,DOCUMENTED_UNICODE_RECONCILIATION_NOT_BYTE_EXTRACTED_2013,JUCHITAN_HISTORICAL_SOURCE,STRUCTURED_BACKFILL_V0_1
PICKETT-ZE-2459,yaala guitu,yaala guitu,yaala guitu,yaala guitu,"[""yaala guitu""]",SUBENTRY,yaala,,,palo mulato,yaala guitu [b-al.b] palo mulato,,44,58,2,ZAPOTECO_ESPAÑOL,BIB003_PICKETT_VOCABULARIO,2007_FIFTH_ELECTRONIC,2013_FIFTH_ELECTRONIC_SECOND_VERSION,DOCUMENTED_UNICODE_RECONCILIATION_NOT_BYTE_EXTRACTED_2013,JUCHITAN_HISTORICAL_SOURCE,STRUCTURED_BACKFILL_V0_1
PICKETT-ZE-2460,yaana’,yaana’,yaanaꞌ,yaanaꞌ,"[""yaanaꞌ""]",ENTRY,,,,olote,yaana’ olote,,44,58,2,ZAPOTECO_ESPAÑOL,BIB003_PICKETT_VOCABULARIO,2007_FIFTH_ELECTRONIC,2013_FIFTH_ELECTRONIC_SECOND_VERSION,DOCUMENTED_UNICODE_RECONCILIATION_NOT_BYTE_EXTRACTED_2013,JUCHITAN_HISTORICAL_SOURCE,STRUCTURED_BACKFILL_V0_1
PICKETT-ZE-2461,yangacaa,yangacaa,yangacaa,yangacaa,"[""yangacaa""]",ENTRY,,,[a.al.b],¿será cierto?,yangacaa [a.al.b] ¿será cierto?,,44,58,2,ZAPOTECO_ESPAÑOL,BIB003_PICKETT_VOCABULARIO,2007_FIFTH_ELECTRONIC,2013_FIFTH_ELECTRONIC_SECOND_VERSION,DOCUMENTED_UNICODE_RECONCILIATION_NOT_BYTE_EXTRACTED_2013,JUCHITAN_HISTORICAL_SOURCE,STRUCTURED_BACKFILL_V0_1
PICKETT-ZE-2462,ya’ni’,ya’ni’,yaꞌniꞌ,yaꞌniꞌ,"[""yaꞌniꞌ""]",ENTRY,,,[al.b],"recargado, oprimido","ya’ni’ [al.b] recargado, oprimido",,44,58,2,ZAPOTECO_ESPAÑOL,BIB003_PICKETT_VOCABULARIO,2007_FIFTH_ELECTRONIC,2013_FIFTH_ELECTRONIC_SECOND_VERSION,DOCUMENTED_UNICODE_RECONCILIATION_NOT_BYTE_EXTRACTED_2013,JUCHITAN_HISTORICAL_SOURCE,STRUCTURED_BACKFILL_V0_1
PICKETT-ZE-2463,yanna,yanna,yanna,yanna,"[""yanna""]",ENTRY,,,,"ahora, actualmente","yanna ahora, actualmente",,44,58,2,ZAPOTECO_ESPAÑOL,BIB003_PICKETT_VOCABULARIO,2007_FIFTH_ELECTRONIC,2013_FIFTH_ELECTRONIC_SECOND_VERSION,DOCUMENTED_UNICODE_RECONCILIATION_NOT_BYTE_EXTRACTED_2013,JUCHITAN_HISTORICAL_SOURCE,STRUCTURED_BACKFILL_V0_1
PICKETT-ZE-2464,yannadxí,yannadxí,yannadxí,yannadxí,"[""yannadxí""]",SUBENTRY,yanna,,,hoy,yannadxí hoy,,44,58,2,ZAPOTECO_ESPAÑOL,BIB003_PICKETT_VOCABULARIO,2007_FIFTH_ELECTRONIC,2013_FIFTH_ELECTRONIC_SECOND_VERSION,DOCUMENTED_UNICODE_RECONCILIATION_NOT_BYTE_EXTRACTED_2013,JUCHITAN_HISTORICAL_SOURCE,STRUCTURED_BACKFILL_V0_1
PICKETT-ZE-2465,de yanna,de yanna,de yanna,de yanna,"[""de yanna""]",SUBENTRY,yanna,,,"todavía, hasta ahora","de yanna todavía, hasta ahora",,44,58,2,ZAPOTECO_ESPAÑOL,BIB003_PICKETT_VOCABULARIO,2007_FIFTH_ELECTRONIC,2013_FIFTH_ELECTRONIC_SECOND_VERSION,DOCUMENTED_UNICODE_RECONCILIATION_NOT_BYTE_EXTRACTED_2013,JUCHITAN_HISTORICAL_SOURCE,STRUCTURED_BACKFILL_V0_1
PICKETT-ZE-2466,yanna ri’,yanna ri’,yanna riꞌ,yanna riꞌ,"[""yanna riꞌ""]",SUBENTRY,yanna,,,actualmente,yanna ri’ [b-al] actualmente,,44,58,2,ZAPOTECO_ESPAÑOL,BIB003_PICKETT_VOCABULARIO,2007_FIFTH_ELECTRONIC,2013_FIFTH_ELECTRONIC_SECOND_VERSION,DOCUMENTED_UNICODE_RECONCILIATION_NOT_BYTE_EXTRACTED_2013,JUCHITAN_HISTORICAL_SOURCE,STRUCTURED_BACKFILL_V0_1
PICKETT-ZE-2467,yanni,yanni,yanni,yanni,"[""yanni""]",ENTRY,,,,"garganta, cuello, pescuezo","yanni garganta, cuello, pescuezo",,44,58,2,ZAPOTECO_ESPAÑOL,BIB003_PICKETT_VOCABULARIO,2007_FIFTH_ELECTRONIC,2013_FIFTH_ELECTRONIC_SECOND_VERSION,DOCUMENTED_UNICODE_RECONCILIATION_NOT_BYTE_EXTRACTED_2013,JUCHITAN_HISTORICAL_SOURCE,STRUCTURED_BACKFILL_V0_1
PICKETT-ZE-2468,yanniná’,yanniná’,yannináꞌ,yannináꞌ,"[""yannináꞌ""]",SUBENTRY,yanni,,,muñeca de la mano,yanniná’ [b.b.a] muñeca de la mano,,44,58,2,ZAPOTECO_ESPAÑOL,BIB003_PICKETT_VOCABULARIO,2007_FIFTH_ELECTRONIC,2013_FIFTH_ELECTRONIC_SECOND_VERSION,DOCUMENTED_UNICODE_RECONCILIATION_NOT_BYTE_EXTRACTED_2013,JUCHITAN_HISTORICAL_SOURCE,STRUCTURED_BACKFILL_V0_1
PICKETT-ZE-2469,yanniñee,yanniñee,yanniñee,yanniñee,"[""yanniñee""]",SUBENTRY,yanni,,,tobillo,yanniñee tobillo,,44,58,2,ZAPOTECO_ESPAÑOL,BIB003_PICKETT_VOCABULARIO,2007_FIFTH_ELECTRONIC,2013_FIFTH_ELECTRONIC_SECOND_VERSION,DOCUMENTED_UNICODE_RECONCILIATION_NOT_BYTE_EXTRACTED_2013,JUCHITAN_HISTORICAL_SOURCE,STRUCTURED_BACKFILL_V0_1
PICKETT-ZE-2470,yape,yape,yape,yape,"[""yape""]",ENTRY,,,,chayote,yape chayote,,44,58,2,ZAPOTECO_ESPAÑOL,BIB003_PICKETT_VOCABULARIO,2007_FIFTH_ELECTRONIC,2013_FIFTH_ELECTRONIC_SECOND_VERSION,DOCUMENTED_UNICODE_RECONCILIATION_NOT_BYTE_EXTRACTED_2013,JUCHITAN_HISTORICAL_SOURCE,STRUCTURED_BACKFILL_V0_1
PICKETT-ZE-2471,ya’se’,ya’se’,yaꞌseꞌ,yaꞌseꞌ,"[""yaꞌseꞌ""]",ENTRY,,,[al.b],"negro, prieto (persona)","ya’se’ [al.b] negro, prieto (persona)",,44,58,2,ZAPOTECO_ESPAÑOL,BIB003_PICKETT_VOCABULARIO,2007_FIFTH_ELECTRONIC,2013_FIFTH_ELECTRONIC_SECOND_VERSION,DOCUMENTED_UNICODE_RECONCILIATION_NOT_BYTE_EXTRACTED_2013,JUCHITAN_HISTORICAL_SOURCE,STRUCTURED_BACKFILL_V0_1
PICKETT-ZE-2472,yaxhu,yaxhu,yaxhu,yaxhu,"[""yaxhu""]",ENTRY,,,,aguacate,yaxhu aguacate,,44,58,2,ZAPOTECO_ESPAÑOL,BIB003_PICKETT_VOCABULARIO,2007_FIFTH_ELECTRONIC,2013_FIFTH_ELECTRONIC_SECOND_VERSION,DOCUMENTED_UNICODE_RECONCILIATION_NOT_BYTE_EXTRACTED_2013,JUCHITAN_HISTORICAL_SOURCE,STRUCTURED_BACKFILL_V0_1
PICKETT-ZE-2473,yaza,yaza,yaza,yaza,"[""yaza""]",ENTRY,,,,hoja de papel,yaza hoja de papel,,44,58,2,ZAPOTECO_ESPAÑOL,BIB003_PICKETT_VOCABULARIO,2007_FIFTH_ELECTRONIC,2013_FIFTH_ELECTRONIC_SECOND_VERSION,DOCUMENTED_UNICODE_RECONCILIATION_NOT_BYTE_EXTRACTED_2013,JUCHITAN_HISTORICAL_SOURCE,STRUCTURED_BACKFILL_V0_1
PICKETT-ZE-2474,ya’zi’,ya’zi’,yaꞌziꞌ,yaꞌziꞌ,"[""yaꞌziꞌ""]",ENTRY,,,[al.b],metido,ya’zi’ [al.b] metido,,44,58,2,ZAPOTECO_ESPAÑOL,BIB003_PICKETT_VOCABULARIO,2007_FIFTH_ELECTRONIC,2013_FIFTH_ELECTRONIC_SECOND_VERSION,DOCUMENTED_UNICODE_RECONCILIATION_NOT_BYTE_EXTRACTED_2013,JUCHITAN_HISTORICAL_SOURCE,STRUCTURED_BACKFILL_V0_1
PICKETT-ZE-2475,ye’chu’,ye’chu’,yeꞌchuꞌ,yeꞌchuꞌ,"[""yeꞌchuꞌ""]",ENTRY,,,[al.b],doblado,ye’chu’ [al.b] doblado,,44,58,2,ZAPOTECO_ESPAÑOL,BIB003_PICKETT_VOCABULARIO,2007_FIFTH_ELECTRONIC,2013_FIFTH_ELECTRONIC_SECOND_VERSION,DOCUMENTED_UNICODE_RECONCILIATION_NOT_BYTE_EXTRACTED_2013,JUCHITAN_HISTORICAL_SOURCE,STRUCTURED_BACKFILL_V0_1
PICKETT-ZE-2476,"ye’gu’, de’gu’, da’gu’","ye’gu’, de’gu’, da’gu’","yeꞌguꞌ, deꞌguꞌ, daꞌguꞌ",yeꞌguꞌ,"[""yeꞌguꞌ"", ""deꞌguꞌ"", ""daꞌguꞌ""]",ENTRY,,,[al.b],cerrado; privado,"ye’gu’, de’gu’, da’gu’ [al.b] cerrado;",privado,44,58,2,ZAPOTECO_ESPAÑOL,BIB003_PICKETT_VOCABULARIO,2007_FIFTH_ELECTRONIC,2013_FIFTH_ELECTRONIC_SECOND_VERSION,DOCUMENTED_UNICODE_RECONCILIATION_NOT_BYTE_EXTRACTED_2013,JUCHITAN_HISTORICAL_SOURCE,STRUCTURED_BACKFILL_V0_1
PICKETT-ZE-2477,yeeta,yeeta,yeeta,yeeta,"[""yeeta""]",ENTRY,,,[a],lagartija,yeeta [a] lagartija,,45,59,1,ZAPOTECO_ESPAÑOL,BIB003_PICKETT_VOCABULARIO,2007_FIFTH_ELECTRONIC,2013_FIFTH_ELECTRONIC_SECOND_VERSION,DOCUMENTED_UNICODE_RECONCILIATION_NOT_BYTE_EXTRACTED_2013,JUCHITAN_HISTORICAL_SOURCE,STRUCTURED_BACKFILL_V0_1
PICKETT-ZE-2478,yo,yo,yo,yo,"[""yo""]",ENTRY,,(interj),[a],"bueno, está bien, sí","yo [a] (interj) bueno, está bien, sí",,45,59,1,ZAPOTECO_ESPAÑOL,BIB003_PICKETT_VOCABULARIO,2007_FIFTH_ELECTRONIC,2013_FIFTH_ELECTRONIC_SECOND_VERSION,DOCUMENTED_UNICODE_RECONCILIATION_NOT_BYTE_EXTRACTED_2013,JUCHITAN_HISTORICAL_SOURCE,STRUCTURED_BACKFILL_V0_1
PICKETT-ZE-2479,yoo,yoo,yoo,yoo,"[""yoo""]",ENTRY,,,,"casa, edificio","yoo casa, edificio",,45,59,1,ZAPOTECO_ESPAÑOL,BIB003_PICKETT_VOCABULARIO,2007_FIFTH_ELECTRONIC,2013_FIFTH_ELECTRONIC_SECOND_VERSION,DOCUMENTED_UNICODE_RECONCILIATION_NOT_BYTE_EXTRACTED_2013,JUCHITAN_HISTORICAL_SOURCE,STRUCTURED_BACKFILL_V0_1
PICKETT-ZE-2480,yoo dexa,yoo dexa,yoo dexa,yoo dexa,"[""yoo dexa""]",SUBENTRY,yoo,,,casa de material con techo de teja,yoo dexa [b-a.b] casa de material con,techo de teja,45,59,1,ZAPOTECO_ESPAÑOL,BIB003_PICKETT_VOCABULARIO,2007_FIFTH_ELECTRONIC,2013_FIFTH_ELECTRONIC_SECOND_VERSION,DOCUMENTED_UNICODE_RECONCILIATION_NOT_BYTE_EXTRACTED_2013,JUCHITAN_HISTORICAL_SOURCE,STRUCTURED_BACKFILL_V0_1
PICKETT-ZE-2481,yoo scueœa,yoo scueḻa,yoo scueḻa,yoo scueḻa,"[""yoo scueḻa""]",SUBENTRY,yoo,,,edificio de una escuela,yoo scueœa [b-a.b] edificio de una,escuela,45,59,1,ZAPOTECO_ESPAÑOL,BIB003_PICKETT_VOCABULARIO,2007_FIFTH_ELECTRONIC,2013_FIFTH_ELECTRONIC_SECOND_VERSION,DOCUMENTED_UNICODE_RECONCILIATION_NOT_BYTE_EXTRACTED_2013,JUCHITAN_HISTORICAL_SOURCE,STRUCTURED_BACKFILL_V0_1
PICKETT-ZE-2482,yoo ziña,yoo ziña,yoo ziña,yoo ziña,"[""yoo ziña""]",SUBENTRY,yoo,,,jacal,yoo ziña jacal,,45,59,1,ZAPOTECO_ESPAÑOL,BIB003_PICKETT_VOCABULARIO,2007_FIFTH_ELECTRONIC,2013_FIFTH_ELECTRONIC_SECOND_VERSION,DOCUMENTED_UNICODE_RECONCILIATION_NOT_BYTE_EXTRACTED_2013,JUCHITAN_HISTORICAL_SOURCE,STRUCTURED_BACKFILL_V0_1
PICKETT-ZE-2483,yo’xho’,yo’xho’,yoꞌxhoꞌ,yoꞌxhoꞌ,"[""yoꞌxhoꞌ""]",ENTRY,,(s),[al.b],viejo,yo’xho’ [al.b] (s) viejo,,45,59,1,ZAPOTECO_ESPAÑOL,BIB003_PICKETT_VOCABULARIO,2007_FIFTH_ELECTRONIC,2013_FIFTH_ELECTRONIC_SECOND_VERSION,DOCUMENTED_UNICODE_RECONCILIATION_NOT_BYTE_EXTRACTED_2013,JUCHITAN_HISTORICAL_SOURCE,STRUCTURED_BACKFILL_V0_1
PICKETT-ZE-2484,yu,yu,yu,yu,"[""yu""]",ENTRY,,,,tierra,yu tierra,,45,59,1,ZAPOTECO_ESPAÑOL,BIB003_PICKETT_VOCABULARIO,2007_FIFTH_ELECTRONIC,2013_FIFTH_ELECTRONIC_SECOND_VERSION,DOCUMENTED_UNICODE_RECONCILIATION_NOT_BYTE_EXTRACTED_2013,JUCHITAN_HISTORICAL_SOURCE,STRUCTURED_BACKFILL_V0_1
PICKETT-ZE-2485,yu cue’la’,yu cue’la’,yu cueꞌlaꞌ,yu cueꞌlaꞌ,"[""yu cueꞌlaꞌ""]",SUBENTRY,yu,,,tierra buena (usada para sembrar o plantar),yu cue’la’ tierra buena (usada para,sembrar o plantar),45,59,1,ZAPOTECO_ESPAÑOL,BIB003_PICKETT_VOCABULARIO,2007_FIFTH_ELECTRONIC,2013_FIFTH_ELECTRONIC_SECOND_VERSION,DOCUMENTED_UNICODE_RECONCILIATION_NOT_BYTE_EXTRACTED_2013,JUCHITAN_HISTORICAL_SOURCE,STRUCTURED_BACKFILL_V0_1
PICKETT-ZE-2486,yu dé,yu dé,yu dé,yu dé,"[""yu dé""]",SUBENTRY,yu,,,polvo (asentado en la tierra o sobre algo),yu dé polvo (asentado en la tierra o,sobre algo),45,59,1,ZAPOTECO_ESPAÑOL,BIB003_PICKETT_VOCABULARIO,2007_FIFTH_ELECTRONIC,2013_FIFTH_ELECTRONIC_SECOND_VERSION,DOCUMENTED_UNICODE_RECONCILIATION_NOT_BYTE_EXTRACTED_2013,JUCHITAN_HISTORICAL_SOURCE,STRUCTURED_BACKFILL_V0_1
PICKETT-ZE-2487,yuba,yuba,yuba,yuba,"[""yuba""]",ENTRY,,,,"sesos, cerebro","yuba sesos, cerebro",,45,59,1,ZAPOTECO_ESPAÑOL,BIB003_PICKETT_VOCABULARIO,2007_FIFTH_ELECTRONIC,2013_FIFTH_ELECTRONIC_SECOND_VERSION,DOCUMENTED_UNICODE_RECONCILIATION_NOT_BYTE_EXTRACTED_2013,JUCHITAN_HISTORICAL_SOURCE,STRUCTURED_BACKFILL_V0_1
PICKETT-ZE-2488,yu’ba’,yu’ba’,yuꞌbaꞌ,yuꞌbaꞌ,"[""yuꞌbaꞌ""]",ENTRY,,,,"hidrofobia, rabia","yu’ba’ hidrofobia, rabia",,45,59,1,ZAPOTECO_ESPAÑOL,BIB003_PICKETT_VOCABULARIO,2007_FIFTH_ELECTRONIC,2013_FIFTH_ELECTRONIC_SECOND_VERSION,DOCUMENTED_UNICODE_RECONCILIATION_NOT_BYTE_EXTRACTED_2013,JUCHITAN_HISTORICAL_SOURCE,STRUCTURED_BACKFILL_V0_1
PICKETT-ZE-2489,yuuba’,yuuba’,yuubaꞌ,yuubaꞌ,"[""yuubaꞌ""]",ENTRY,,,,dolor,yuuba’ dolor,,45,59,1,ZAPOTECO_ESPAÑOL,BIB003_PICKETT_VOCABULARIO,2007_FIFTH_ELECTRONIC,2013_FIFTH_ELECTRONIC_SECOND_VERSION,DOCUMENTED_UNICODE_RECONCILIATION_NOT_BYTE_EXTRACTED_2013,JUCHITAN_HISTORICAL_SOURCE,STRUCTURED_BACKFILL_V0_1
PICKETT-ZE-2490,yuba ndaani’,yuba ndaani’,yuba ndaaniꞌ,yuba ndaaniꞌ,"[""yuba ndaaniꞌ""]",SUBENTRY,yuubaꞌ,,,diarrea,yuba ndaani’ diarrea,,45,59,1,ZAPOTECO_ESPAÑOL,BIB003_PICKETT_VOCABULARIO,2007_FIFTH_ELECTRONIC,2013_FIFTH_ELECTRONIC_SECOND_VERSION,DOCUMENTED_UNICODE_RECONCILIATION_NOT_BYTE_EXTRACTED_2013,JUCHITAN_HISTORICAL_SOURCE,STRUCTURED_BACKFILL_V0_1
PICKETT-ZE-2491,yuba yaa,yuba yaa,yuba yaa,yuba yaa,"[""yuba yaa""]",SUBENTRY,yuubaꞌ,,,calambre,yuba yaa calambre,,45,59,1,ZAPOTECO_ESPAÑOL,BIB003_PICKETT_VOCABULARIO,2007_FIFTH_ELECTRONIC,2013_FIFTH_ELECTRONIC_SECOND_VERSION,DOCUMENTED_UNICODE_RECONCILIATION_NOT_BYTE_EXTRACTED_2013,JUCHITAN_HISTORICAL_SOURCE,STRUCTURED_BACKFILL_V0_1
PICKETT-ZE-2492,yuba yati,yuba yati,yuba yati,yuba yati,"[""yuba yati""]",SUBENTRY,yuubaꞌ,,,dolor leve persistente,yuba yati [b-b.a] dolor leve persistente,,45,59,1,ZAPOTECO_ESPAÑOL,BIB003_PICKETT_VOCABULARIO,2007_FIFTH_ELECTRONIC,2013_FIFTH_ELECTRONIC_SECOND_VERSION,DOCUMENTED_UNICODE_RECONCILIATION_NOT_BYTE_EXTRACTED_2013,JUCHITAN_HISTORICAL_SOURCE,STRUCTURED_BACKFILL_V0_1
PICKETT-ZE-2493,yu’du’,yu’du’,yuꞌduꞌ,yuꞌduꞌ,"[""yuꞌduꞌ""]",ENTRY,,,,iglesia,yu’du’ iglesia,,45,59,1,ZAPOTECO_ESPAÑOL,BIB003_PICKETT_VOCABULARIO,2007_FIFTH_ELECTRONIC,2013_FIFTH_ELECTRONIC_SECOND_VERSION,DOCUMENTED_UNICODE_RECONCILIATION_NOT_BYTE_EXTRACTED_2013,JUCHITAN_HISTORICAL_SOURCE,STRUCTURED_BACKFILL_V0_1
PICKETT-ZE-2494,Yudxi,Yudxi,Yudxi,Yudxi,"[""Yudxi""]",ENTRY,,,[b.a],Jalapa del Marqués,Yudxi [b.a] Jalapa del Marqués,,45,59,1,ZAPOTECO_ESPAÑOL,BIB003_PICKETT_VOCABULARIO,2007_FIFTH_ELECTRONIC,2013_FIFTH_ELECTRONIC_SECOND_VERSION,DOCUMENTED_UNICODE_RECONCILIATION_NOT_BYTE_EXTRACTED_2013,JUCHITAN_HISTORICAL_SOURCE,STRUCTURED_BACKFILL_V0_1
PICKETT-ZE-2495,yudxi,yudxi,yudxi,yudxi,"[""yudxi""]",ENTRY,,,[b.a],(planta ) maguey de mezcal,yudxi [b.a] (planta ) maguey de mezcal,,45,59,1,ZAPOTECO_ESPAÑOL,BIB003_PICKETT_VOCABULARIO,2007_FIFTH_ELECTRONIC,2013_FIFTH_ELECTRONIC_SECOND_VERSION,DOCUMENTED_UNICODE_RECONCILIATION_NOT_BYTE_EXTRACTED_2013,JUCHITAN_HISTORICAL_SOURCE,STRUCTURED_BACKFILL_V0_1
PICKETT-ZE-2496,yuxi,yuxi,yuxi,yuxi,"[""yuxi""]",ENTRY,,,,arena,yuxi arena,,45,59,1,ZAPOTECO_ESPAÑOL,BIB003_PICKETT_VOCABULARIO,2007_FIFTH_ELECTRONIC,2013_FIFTH_ELECTRONIC_SECOND_VERSION,DOCUMENTED_UNICODE_RECONCILIATION_NOT_BYTE_EXTRACTED_2013,JUCHITAN_HISTORICAL_SOURCE,STRUCTURED_BACKFILL_V0_1
PICKETT-ZE-2497,yuxiguié,yuxiguié,yuxiguié,yuxiguié,"[""yuxiguié""]",SUBENTRY,yuxi,,,grava,yuxiguié grava,,45,59,1,ZAPOTECO_ESPAÑOL,BIB003_PICKETT_VOCABULARIO,2007_FIFTH_ELECTRONIC,2013_FIFTH_ELECTRONIC_SECOND_VERSION,DOCUMENTED_UNICODE_RECONCILIATION_NOT_BYTE_EXTRACTED_2013,JUCHITAN_HISTORICAL_SOURCE,STRUCTURED_BACKFILL_V0_1
PICKETT-ZE-2498,yuxhu’,yuxhu’,yuxhuꞌ,yuxhuꞌ,"[""yuxhuꞌ""]",ENTRY,,,[b.al],"envoltorio, bulto de ropa","yuxhu’ [b.al] envoltorio, bulto de ropa",,45,59,1,ZAPOTECO_ESPAÑOL,BIB003_PICKETT_VOCABULARIO,2007_FIFTH_ELECTRONIC,2013_FIFTH_ELECTRONIC_SECOND_VERSION,DOCUMENTED_UNICODE_RECONCILIATION_NOT_BYTE_EXTRACTED_2013,JUCHITAN_HISTORICAL_SOURCE,STRUCTURED_BACKFILL_V0_1
PICKETT-ZE-2499,yuya,yuya,yuya,yuya,"[""yuya""]",ENTRY,,,[b.a],tiza,yuya [b.a] tiza,,45,59,1,ZAPOTECO_ESPAÑOL,BIB003_PICKETT_VOCABULARIO,2007_FIFTH_ELECTRONIC,2013_FIFTH_ELECTRONIC_SECOND_VERSION,DOCUMENTED_UNICODE_RECONCILIATION_NOT_BYTE_EXTRACTED_2013,JUCHITAN_HISTORICAL_SOURCE,STRUCTURED_BACKFILL_V0_1
PICKETT-ZE-2500,yuze,yuze,yuze,yuze,"[""yuze""]",ENTRY,,,[a],"ganado, buey, toro","yuze [a] ganado, buey, toro",,45,59,1,ZAPOTECO_ESPAÑOL,BIB003_PICKETT_VOCABULARIO,2007_FIFTH_ELECTRONIC,2013_FIFTH_ELECTRONIC_SECOND_VERSION,DOCUMENTED_UNICODE_RECONCILIATION_NOT_BYTE_EXTRACTED_2013,JUCHITAN_HISTORICAL_SOURCE,STRUCTURED_BACKFILL_V0_1
PICKETT-ZE-2501,yuze daa,yuze daa,yuze daa,yuze daa,"[""yuze daa""]",SUBENTRY,yuze,,,torito encohetado,yuze daa [a.al-al] torito encohetado,,45,59,1,ZAPOTECO_ESPAÑOL,BIB003_PICKETT_VOCABULARIO,2007_FIFTH_ELECTRONIC,2013_FIFTH_ELECTRONIC_SECOND_VERSION,DOCUMENTED_UNICODE_RECONCILIATION_NOT_BYTE_EXTRACTED_2013,JUCHITAN_HISTORICAL_SOURCE,STRUCTURED_BACKFILL_V0_1
PICKETT-ZE-2502,yuze huiini’,yuze huiini’,yuze huiiniꞌ,yuze huiiniꞌ,"[""yuze huiiniꞌ""]",SUBENTRY,yuze,,,becerro,yuze huiini’ [a.al-al.b] becerro,,45,59,1,ZAPOTECO_ESPAÑOL,BIB003_PICKETT_VOCABULARIO,2007_FIFTH_ELECTRONIC,2013_FIFTH_ELECTRONIC_SECOND_VERSION,DOCUMENTED_UNICODE_RECONCILIATION_NOT_BYTE_EXTRACTED_2013,JUCHITAN_HISTORICAL_SOURCE,STRUCTURED_BACKFILL_V0_1
PICKETT-ZE-2503,Za,Za,Za,Za,"[""Za""]",ENTRY,,,,"lengua zapoteca, raza zapoteca (el nombre primitivo, arc.)","Za lengua zapoteca, raza zapoteca (el","nombre primitivo, arc.)",45,59,1,ZAPOTECO_ESPAÑOL,BIB003_PICKETT_VOCABULARIO,2007_FIFTH_ELECTRONIC,2013_FIFTH_ELECTRONIC_SECOND_VERSION,DOCUMENTED_UNICODE_RECONCILIATION_NOT_BYTE_EXTRACTED_2013,JUCHITAN_HISTORICAL_SOURCE,STRUCTURED_BACKFILL_V0_1
PICKETT-ZE-2504,za,za,za,za,"[""za""]",ENTRY,,,,manteca; nube en el cielo,za manteca; nube en el cielo,,45,59,1,ZAPOTECO_ESPAÑOL,BIB003_PICKETT_VOCABULARIO,2007_FIFTH_ELECTRONIC,2013_FIFTH_ELECTRONIC_SECOND_VERSION,DOCUMENTED_UNICODE_RECONCILIATION_NOT_BYTE_EXTRACTED_2013,JUCHITAN_HISTORICAL_SOURCE,STRUCTURED_BACKFILL_V0_1
PICKETT-ZE-2505,za,za,za,za,"[""za""]",ENTRY,,,[a],"provenir, descender","za [a] provenir, descender",,45,59,2,ZAPOTECO_ESPAÑOL,BIB003_PICKETT_VOCABULARIO,2007_FIFTH_ELECTRONIC,2013_FIFTH_ELECTRONIC_SECOND_VERSION,DOCUMENTED_UNICODE_RECONCILIATION_NOT_BYTE_EXTRACTED_2013,JUCHITAN_HISTORICAL_SOURCE,STRUCTURED_BACKFILL_V0_1
PICKETT-ZE-2506,zaa,zaa,zaa,zaa,"[""zaa""]",ENTRY,,,[a],"no le hace, no importa, no hay problema","zaa [a] no le hace, no importa, no hay",problema,45,59,2,ZAPOTECO_ESPAÑOL,BIB003_PICKETT_VOCABULARIO,2007_FIFTH_ELECTRONIC,2013_FIFTH_ELECTRONIC_SECOND_VERSION,DOCUMENTED_UNICODE_RECONCILIATION_NOT_BYTE_EXTRACTED_2013,JUCHITAN_HISTORICAL_SOURCE,STRUCTURED_BACKFILL_V0_1
PICKETT-ZE-2507,zabigaa,zabigaa,zabigaa,zabigaa,"[""zabigaa""]",ENTRY,,,[al.b.a],"inclinado, colgado; en peligro de ser aprehendido","zabigaa [al.b.a] inclinado, colgado; en",peligro de ser aprehendido,45,59,2,ZAPOTECO_ESPAÑOL,BIB003_PICKETT_VOCABULARIO,2007_FIFTH_ELECTRONIC,2013_FIFTH_ELECTRONIC_SECOND_VERSION,DOCUMENTED_UNICODE_RECONCILIATION_NOT_BYTE_EXTRACTED_2013,JUCHITAN_HISTORICAL_SOURCE,STRUCTURED_BACKFILL_V0_1
PICKETT-ZE-2508,zacá,zacá,zacá,zacá,"[""zacá""]",ENTRY,,,[b.a],"así, de esa manera","zacá [b.a] así, de esa manera",,45,59,2,ZAPOTECO_ESPAÑOL,BIB003_PICKETT_VOCABULARIO,2007_FIFTH_ELECTRONIC,2013_FIFTH_ELECTRONIC_SECOND_VERSION,DOCUMENTED_UNICODE_RECONCILIATION_NOT_BYTE_EXTRACTED_2013,JUCHITAN_HISTORICAL_SOURCE,STRUCTURED_BACKFILL_V0_1
PICKETT-ZE-2509,zacaca,zacaca,zacaca,zacaca,"[""zacaca""]",ENTRY,,,[b.a.a],así mismo,zacaca [b.a.a] así mismo,,45,59,2,ZAPOTECO_ESPAÑOL,BIB003_PICKETT_VOCABULARIO,2007_FIFTH_ELECTRONIC,2013_FIFTH_ELECTRONIC_SECOND_VERSION,DOCUMENTED_UNICODE_RECONCILIATION_NOT_BYTE_EXTRACTED_2013,JUCHITAN_HISTORICAL_SOURCE,STRUCTURED_BACKFILL_V0_1
PICKETT-ZE-2510,zácaxa,zácaxa,zácaxa,zácaxa,"[""zácaxa""]",ENTRY,,,[b.b.a],suponer,zácaxa [b.b.a] suponer,,45,59,2,ZAPOTECO_ESPAÑOL,BIB003_PICKETT_VOCABULARIO,2007_FIFTH_ELECTRONIC,2013_FIFTH_ELECTRONIC_SECOND_VERSION,DOCUMENTED_UNICODE_RECONCILIATION_NOT_BYTE_EXTRACTED_2013,JUCHITAN_HISTORICAL_SOURCE,STRUCTURED_BACKFILL_V0_1
PICKETT-ZE-2511,zanda,zanda,zanda,zanda,"[""zanda""]",ENTRY,,,[b.a],poderse,zanda [b.a] poderse,,45,59,2,ZAPOTECO_ESPAÑOL,BIB003_PICKETT_VOCABULARIO,2007_FIFTH_ELECTRONIC,2013_FIFTH_ELECTRONIC_SECOND_VERSION,DOCUMENTED_UNICODE_RECONCILIATION_NOT_BYTE_EXTRACTED_2013,JUCHITAN_HISTORICAL_SOURCE,STRUCTURED_BACKFILL_V0_1
PICKETT-ZE-2512,zanda ca,zanda ca,zanda ca,zanda ca,"[""zanda ca""]",ENTRY,,,[b-a],"quizá, quizás, tal vez","zanda ca [b-a] quizá, quizás, tal vez",,45,59,2,ZAPOTECO_ESPAÑOL,BIB003_PICKETT_VOCABULARIO,2007_FIFTH_ELECTRONIC,2013_FIFTH_ELECTRONIC_SECOND_VERSION,DOCUMENTED_UNICODE_RECONCILIATION_NOT_BYTE_EXTRACTED_2013,JUCHITAN_HISTORICAL_SOURCE,STRUCTURED_BACKFILL_V0_1
PICKETT-ZE-2513,zapatu,zapatu,zapatu,zapatu,"[""zapatu""]",ENTRY,,,[b.a.b],zapato,zapatu [b.a.b] zapato,,45,59,2,ZAPOTECO_ESPAÑOL,BIB003_PICKETT_VOCABULARIO,2007_FIFTH_ELECTRONIC,2013_FIFTH_ELECTRONIC_SECOND_VERSION,DOCUMENTED_UNICODE_RECONCILIATION_NOT_BYTE_EXTRACTED_2013,JUCHITAN_HISTORICAL_SOURCE,STRUCTURED_BACKFILL_V0_1
PICKETT-ZE-2514,zaqué,zaqué,zaqué,zaqué,"[""zaqué""]",ENTRY,,,[b.a],"así, de esa manera","zaqué [b.a] así, de esa manera",,45,59,2,ZAPOTECO_ESPAÑOL,BIB003_PICKETT_VOCABULARIO,2007_FIFTH_ELECTRONIC,2013_FIFTH_ELECTRONIC_SECOND_VERSION,DOCUMENTED_UNICODE_RECONCILIATION_NOT_BYTE_EXTRACTED_2013,JUCHITAN_HISTORICAL_SOURCE,STRUCTURED_BACKFILL_V0_1
PICKETT-ZE-2515,zaqueca,zaqueca,zaqueca,zaqueca,"[""zaqueca""]",ENTRY,,,[b.a.a],"así mismo, igual","zaqueca [b.a.a] así mismo, igual",,45,59,2,ZAPOTECO_ESPAÑOL,BIB003_PICKETT_VOCABULARIO,2007_FIFTH_ELECTRONIC,2013_FIFTH_ELECTRONIC_SECOND_VERSION,DOCUMENTED_UNICODE_RECONCILIATION_NOT_BYTE_EXTRACTED_2013,JUCHITAN_HISTORICAL_SOURCE,STRUCTURED_BACKFILL_V0_1
PICKETT-ZE-2516,zee,zee,zee,zee,"[""zee""]",ENTRY,,,,elote,zee elote,,45,59,2,ZAPOTECO_ESPAÑOL,BIB003_PICKETT_VOCABULARIO,2007_FIFTH_ELECTRONIC,2013_FIFTH_ELECTRONIC_SECOND_VERSION,DOCUMENTED_UNICODE_RECONCILIATION_NOT_BYTE_EXTRACTED_2013,JUCHITAN_HISTORICAL_SOURCE,STRUCTURED_BACKFILL_V0_1
PICKETT-ZE-2517,ze canda,ze canda,ze canda,ze canda,"[""ze canda""]",ENTRY,,,[a-b.a],"empieza a oscurecer, estar entrando la noche","ze canda [a-b.a] empieza a oscurecer, estar",entrando la noche,45,59,2,ZAPOTECO_ESPAÑOL,BIB003_PICKETT_VOCABULARIO,2007_FIFTH_ELECTRONIC,2013_FIFTH_ELECTRONIC_SECOND_VERSION,DOCUMENTED_UNICODE_RECONCILIATION_NOT_BYTE_EXTRACTED_2013,JUCHITAN_HISTORICAL_SOURCE,STRUCTURED_BACKFILL_V0_1
PICKETT-ZE-2518,zeda irá gueela’,zeda irá gueela’,zeda irá gueelaꞌ,zeda irá gueelaꞌ,"[""zeda irá gueelaꞌ""]",ENTRY,,,[b.al-b-b],"amanecer, aurora, alba","zeda irá gueela’ [b.al-b-b] amanecer,","aurora, alba",45,59,2,ZAPOTECO_ESPAÑOL,BIB003_PICKETT_VOCABULARIO,2007_FIFTH_ELECTRONIC,2013_FIFTH_ELECTRONIC_SECOND_VERSION,DOCUMENTED_UNICODE_RECONCILIATION_NOT_BYTE_EXTRACTED_2013,JUCHITAN_HISTORICAL_SOURCE,STRUCTURED_BACKFILL_V0_1
PICKETT-ZE-2519,zí’,zí’,zíꞌ,zíꞌ,"[""zíꞌ""]",ENTRY,,,[a],miserable,zí’ [a] miserable,,45,59,2,ZAPOTECO_ESPAÑOL,BIB003_PICKETT_VOCABULARIO,2007_FIFTH_ELECTRONIC,2013_FIFTH_ELECTRONIC_SECOND_VERSION,DOCUMENTED_UNICODE_RECONCILIATION_NOT_BYTE_EXTRACTED_2013,JUCHITAN_HISTORICAL_SOURCE,STRUCTURED_BACKFILL_V0_1
PICKETT-ZE-2520,zia’,zia’,ziaꞌ,ziaꞌ,"[""ziaꞌ""]",ENTRY,,,,mucho (se aplica a líquidos),zia’ mucho (se aplica a líquidos),,45,59,2,ZAPOTECO_ESPAÑOL,BIB003_PICKETT_VOCABULARIO,2007_FIFTH_ELECTRONIC,2013_FIFTH_ELECTRONIC_SECOND_VERSION,DOCUMENTED_UNICODE_RECONCILIATION_NOT_BYTE_EXTRACTED_2013,JUCHITAN_HISTORICAL_SOURCE,STRUCTURED_BACKFILL_V0_1
PICKETT-ZE-2521,zicanda,zicanda,zicanda,zicanda,"[""zicanda""]",ENTRY,,,[al.b.a],entrando la noche,zicanda [al.b.a] entrando la noche,,45,59,2,ZAPOTECO_ESPAÑOL,BIB003_PICKETT_VOCABULARIO,2007_FIFTH_ELECTRONIC,2013_FIFTH_ELECTRONIC_SECOND_VERSION,DOCUMENTED_UNICODE_RECONCILIATION_NOT_BYTE_EXTRACTED_2013,JUCHITAN_HISTORICAL_SOURCE,STRUCTURED_BACKFILL_V0_1
PICKETT-ZE-2522,zidi,zidi,zidi,zidi,"[""zidi""]",ENTRY,,,,sal,zidi sal,,45,59,2,ZAPOTECO_ESPAÑOL,BIB003_PICKETT_VOCABULARIO,2007_FIFTH_ELECTRONIC,2013_FIFTH_ELECTRONIC_SECOND_VERSION,DOCUMENTED_UNICODE_RECONCILIATION_NOT_BYTE_EXTRACTED_2013,JUCHITAN_HISTORICAL_SOURCE,STRUCTURED_BACKFILL_V0_1
PICKETT-ZE-2523,ziña,ziña,ziña,ziña,"[""ziña""]",ENTRY,,,,palma (árbol),ziña palma (árbol),,45,59,2,ZAPOTECO_ESPAÑOL,BIB003_PICKETT_VOCABULARIO,2007_FIFTH_ELECTRONIC,2013_FIFTH_ELECTRONIC_SECOND_VERSION,DOCUMENTED_UNICODE_RECONCILIATION_NOT_BYTE_EXTRACTED_2013,JUCHITAN_HISTORICAL_SOURCE,STRUCTURED_BACKFILL_V0_1
PICKETT-ZE-2524,zitu,zitu,zitu,zitu,"[""zitu""]",ENTRY,,,,lejos,zitu lejos,,45,59,2,ZAPOTECO_ESPAÑOL,BIB003_PICKETT_VOCABULARIO,2007_FIFTH_ELECTRONIC,2013_FIFTH_ELECTRONIC_SECOND_VERSION,DOCUMENTED_UNICODE_RECONCILIATION_NOT_BYTE_EXTRACTED_2013,JUCHITAN_HISTORICAL_SOURCE,STRUCTURED_BACKFILL_V0_1
PICKETT-ZE-2525,ziuula’,ziuula’,ziuulaꞌ,ziuulaꞌ,"[""ziuulaꞌ""]",ENTRY,,,,largo,ziuula’ largo,,45,59,2,ZAPOTECO_ESPAÑOL,BIB003_PICKETT_VOCABULARIO,2007_FIFTH_ELECTRONIC,2013_FIFTH_ELECTRONIC_SECOND_VERSION,DOCUMENTED_UNICODE_RECONCILIATION_NOT_BYTE_EXTRACTED_2013,JUCHITAN_HISTORICAL_SOURCE,STRUCTURED_BACKFILL_V0_1
PICKETT-ZE-2526,ziizi,ziizi,ziizi,ziizi,"[""ziizi""]",ENTRY,,,[a],olor a perfume,ziizi [a] olor a perfume,,45,59,2,ZAPOTECO_ESPAÑOL,BIB003_PICKETT_VOCABULARIO,2007_FIFTH_ELECTRONIC,2013_FIFTH_ELECTRONIC_SECOND_VERSION,DOCUMENTED_UNICODE_RECONCILIATION_NOT_BYTE_EXTRACTED_2013,JUCHITAN_HISTORICAL_SOURCE,STRUCTURED_BACKFILL_V0_1
PICKETT-ZE-2527,zuba,zuba,zuba,zuba,"[""zuba""]",ENTRY,,,[b.a],sentado,zuba [b.a] sentado,,45,59,2,ZAPOTECO_ESPAÑOL,BIB003_PICKETT_VOCABULARIO,2007_FIFTH_ELECTRONIC,2013_FIFTH_ELECTRONIC_SECOND_VERSION,DOCUMENTED_UNICODE_RECONCILIATION_NOT_BYTE_EXTRACTED_2013,JUCHITAN_HISTORICAL_SOURCE,STRUCTURED_BACKFILL_V0_1
PICKETT-ZE-2528,zucá,zucá,zucá,zucá,"[""zucá""]",ENTRY,,,[al.a],entrecerrado; recargado sobre un objeto que lo sostiene,zucá [al.a] entrecerrado; recargado sobre,un objeto que lo sostiene,45,59,2,ZAPOTECO_ESPAÑOL,BIB003_PICKETT_VOCABULARIO,2007_FIFTH_ELECTRONIC,2013_FIFTH_ELECTRONIC_SECOND_VERSION,DOCUMENTED_UNICODE_RECONCILIATION_NOT_BYTE_EXTRACTED_2013,JUCHITAN_HISTORICAL_SOURCE,STRUCTURED_BACKFILL_V0_1
PICKETT-ZE-2529,zuchaahui’,zuchaahui’,zuchaahuiꞌ,zuchaahuiꞌ,"[""zuchaahuiꞌ""]",ENTRY,,,[al.b.b],"arreglado, adornado","zuchaahui’ [al.b.b] arreglado, adornado",,45,59,2,ZAPOTECO_ESPAÑOL,BIB003_PICKETT_VOCABULARIO,2007_FIFTH_ELECTRONIC,2013_FIFTH_ELECTRONIC_SECOND_VERSION,DOCUMENTED_UNICODE_RECONCILIATION_NOT_BYTE_EXTRACTED_2013,JUCHITAN_HISTORICAL_SOURCE,STRUCTURED_BACKFILL_V0_1
PICKETT-ZE-2530,"zuguaa, zuhuaa","zuguaa, zuhuaa","zuguaa, zuhuaa",zuguaa,"[""zuguaa"", ""zuhuaa""]",ENTRY,,,[al.b],parado,"zuguaa, zuhuaa [al.b] parado",,45,59,2,ZAPOTECO_ESPAÑOL,BIB003_PICKETT_VOCABULARIO,2007_FIFTH_ELECTRONIC,2013_FIFTH_ELECTRONIC_SECOND_VERSION,DOCUMENTED_UNICODE_RECONCILIATION_NOT_BYTE_EXTRACTED_2013,JUCHITAN_HISTORICAL_SOURCE,STRUCTURED_BACKFILL_V0_1
PICKETT-ZE-2531,zugueda,zugueda,zugueda,zugueda,"[""zugueda""]",ENTRY,,,[al.b.b],amontonado,zugueda [al.b.b] amontonado,,45,59,2,ZAPOTECO_ESPAÑOL,BIB003_PICKETT_VOCABULARIO,2007_FIFTH_ELECTRONIC,2013_FIFTH_ELECTRONIC_SECOND_VERSION,DOCUMENTED_UNICODE_RECONCILIATION_NOT_BYTE_EXTRACTED_2013,JUCHITAN_HISTORICAL_SOURCE,STRUCTURED_BACKFILL_V0_1
PICKETT-ZE-2532,zuquii,zuquii,zuquii,zuquii,"[""zuquii""]",ENTRY,,,[b.a],horno especial que sirve para hacer cierta clase de tortillas,zuquii [b.a] horno especial que sirve para,hacer cierta clase de tortillas,45,59,2,ZAPOTECO_ESPAÑOL,BIB003_PICKETT_VOCABULARIO,2007_FIFTH_ELECTRONIC,2013_FIFTH_ELECTRONIC_SECOND_VERSION,DOCUMENTED_UNICODE_RECONCILIATION_NOT_BYTE_EXTRACTED_2013,JUCHITAN_HISTORICAL_SOURCE,STRUCTURED_BACKFILL_V0_1
PICKETT-ZE-2533,zutipa,zutipa,zutipa,zutipa,"[""zutipa""]",ENTRY,,,[al.b.b],"templado, tenso, muy estirado","zutipa [al.b.b] templado, tenso, muy",estirado,45,59,2,ZAPOTECO_ESPAÑOL,BIB003_PICKETT_VOCABULARIO,2007_FIFTH_ELECTRONIC,2013_FIFTH_ELECTRONIC_SECOND_VERSION,DOCUMENTED_UNICODE_RECONCILIATION_NOT_BYTE_EXTRACTED_2013,JUCHITAN_HISTORICAL_SOURCE,STRUCTURED_BACKFILL_V0_1
PICKETT-ZE-2534,"zuxaœe’, zuxeœe’","zuxaḻe’, zuxeḻe’","zuxaḻeꞌ, zuxeḻeꞌ",zuxaḻeꞌ,"[""zuxaḻeꞌ"", ""zuxeḻeꞌ""]",ENTRY,,,[al],abierto (se trata de objetos que tienen puerta),"zuxaœe’, zuxeœe’ [al] abierto (se trata de",objetos que tienen puerta),45,59,2,ZAPOTECO_ESPAÑOL,BIB003_PICKETT_VOCABULARIO,2007_FIFTH_ELECTRONIC,2013_FIFTH_ELECTRONIC_SECOND_VERSION,DOCUMENTED_UNICODE_RECONCILIATION_NOT_BYTE_EXTRACTED_2013,JUCHITAN_HISTORICAL_SOURCE,STRUCTURED_BACKFILL_V0_1
